2025-09-21 23:35:46,087 INFO: Đã insert thành công 200000 product_id vào bảng products trong crawl.db
2025-09-21 23:35:46,138 INFO: Bắt đầu crawl batch 0 (1000 sản phẩm)
2025-09-21 23:35:46,938 WARNING: Lỗi HTTP 429 - product id: 402506, thử lại 1/3
2025-09-21 23:35:47,390 WARNING: Lỗi HTTP 429 - product id: 411668, thử lại 1/3
2025-09-21 23:35:47,800 WARNING: Lỗi HTTP 429 - product id: 415834, thử lại 1/3
2025-09-21 23:35:51,448 WARNING: Lỗi HTTP 429 - product id: 474819, thử lại 1/3
2025-09-21 23:35:51,451 WARNING: Lỗi HTTP 429 - product id: 474858, thử lại 1/3
2025-09-21 23:35:51,598 WARNING: Lỗi HTTP 429 - product id: 477414, thử lại 1/3
2025-09-21 23:35:52,548 WARNING: Lỗi HTTP 429 - product id: 496973, thử lại 1/3
2025-09-21 23:35:52,549 WARNING: Lỗi HTTP 429 - product id: 498083, thử lại 1/3
2025-09-21 23:35:52,694 WARNING: Lỗi HTTP 429 - product id: 503633, thử lại 1/3
2025-09-21 23:35:53,051 WARNING: Lỗi HTTP 429 - product id: 510506, thử lại 1/3
2025-09-21 23:35:53,150 WARNING: Lỗi HTTP 429 - product id: 510954, thử lại 1/3
2025-09-21 23:35:53,389 WARNING: Lỗi HTTP 429 - product id: 511440, thử lại 1/3
2025-09-21 23:35:53,390 WARNING: Lỗi HTTP 429 - product id: 511490, thử lại 1/3
2025-09-21 23:35:53,399 WARNING: Lỗi HTTP 429 - product id: 511907, thử lại 1/3
2025-09-21 23:35:53,456 WARNING: Lỗi HTTP 429 - product id: 514656, thử lại 1/3
2025-09-21 23:35:53,484 WARNING: Lỗi HTTP 429 - product id: 515213, thử lại 1/3
2025-09-21 23:35:53,546 WARNING: Lỗi HTTP 429 - product id: 516058, thử lại 1/3
2025-09-21 23:35:53,548 WARNING: Lỗi HTTP 429 - product id: 516248, thử lại 1/3
2025-09-21 23:35:53,634 WARNING: Lỗi HTTP 429 - product id: 518318, thử lại 1/3
2025-09-21 23:35:53,639 WARNING: Lỗi HTTP 429 - product id: 518390, thử lại 1/3
2025-09-21 23:35:53,695 WARNING: Lỗi HTTP 429 - product id: 520946, thử lại 1/3
2025-09-21 23:35:53,790 WARNING: Lỗi HTTP 429 - product id: 521430, thử lại 1/3
2025-09-21 23:35:53,943 WARNING: Lỗi HTTP 429 - product id: 522664, thử lại 1/3
2025-09-21 23:35:54,699 WARNING: Lỗi HTTP 429 - product id: 545579, thử lại 1/3
2025-09-21 23:35:55,201 WARNING: Lỗi HTTP 429 - product id: 552675, thử lại 1/3
2025-09-21 23:35:55,853 WARNING: Lỗi HTTP 429 - product id: 559039, thử lại 1/3
2025-09-21 23:35:56,036 WARNING: Lỗi HTTP 429 - product id: 562248, thử lại 1/3
2025-09-21 23:35:56,040 WARNING: Lỗi HTTP 429 - product id: 563600, thử lại 1/3
2025-09-21 23:35:56,186 WARNING: Lỗi HTTP 429 - product id: 564671, thử lại 1/3
2025-09-21 23:35:56,989 WARNING: Lỗi HTTP 429 - product id: 521430, thử lại 2/3
2025-09-21 23:35:57,083 WARNING: Lỗi HTTP 429 - product id: 613061, thử lại 1/3
2025-09-21 23:35:57,090 WARNING: Lỗi HTTP 429 - product id: 622371, thử lại 1/3
2025-09-21 23:35:57,232 WARNING: Lỗi HTTP 429 - product id: 631964, thử lại 1/3
2025-09-21 23:35:58,446 WARNING: Lỗi HTTP 429 - product id: 658087, thử lại 1/3
2025-09-21 23:35:59,086 WARNING: Lỗi HTTP 429 - product id: 694838, thử lại 1/3
2025-09-21 23:35:59,187 WARNING: Lỗi HTTP 429 - product id: 694858, thử lại 1/3
2025-09-21 23:36:01,485 WARNING: Lỗi HTTP 429 - product id: 755392, thử lại 1/3
2025-09-21 23:36:02,294 WARNING: Lỗi HTTP 429 - product id: 790865, thử lại 1/3
2025-09-21 23:36:05,404 INFO: Đã commit batch 0 (1000 sản phẩm)
2025-09-21 23:36:05,442 INFO: Đã ghi 1000 sản phẩm vào file /home/quannh/projects_de/project_2/output/products_batch_0_1000_ids.csv
2025-09-21 23:36:05,486 INFO: Bắt đầu crawl batch 1 (1000 sản phẩm)
2025-09-21 23:36:08,937 WARNING: Lỗi HTTP 429 - product id: 956537, thử lại 1/3
2025-09-21 23:36:09,136 WARNING: Lỗi HTTP 429 - product id: 959368, thử lại 1/3
2025-09-21 23:36:09,202 WARNING: Lỗi HTTP 429 - product id: 961799, thử lại 1/3
2025-09-21 23:36:09,344 WARNING: Lỗi HTTP 429 - product id: 967457, thử lại 1/3
2025-09-21 23:36:09,383 WARNING: Lỗi HTTP 429 - product id: 969024, thử lại 1/3
2025-09-21 23:36:09,394 WARNING: Lỗi HTTP 429 - product id: 973564, thử lại 1/3
2025-09-21 23:36:10,539 WARNING: Lỗi HTTP 429 - product id: 1022911, thử lại 1/3
2025-09-21 23:36:10,541 WARNING: Lỗi HTTP 429 - product id: 1022909, thử lại 1/3
2025-09-21 23:36:10,588 WARNING: Lỗi HTTP 429 - product id: 1022997, thử lại 1/3
2025-09-21 23:36:10,588 WARNING: Lỗi HTTP 429 - product id: 1022975, thử lại 1/3
2025-09-21 23:36:10,683 WARNING: Lỗi HTTP 429 - product id: 1037604, thử lại 1/3
2025-09-21 23:36:10,689 WARNING: Lỗi HTTP 429 - product id: 1038236, thử lại 1/3
2025-09-21 23:36:10,749 WARNING: Lỗi HTTP 429 - product id: 1040784, thử lại 1/3
2025-09-21 23:36:10,811 WARNING: Lỗi HTTP 429 - product id: 1041830, thử lại 1/3
2025-09-21 23:36:10,833 WARNING: Lỗi HTTP 429 - product id: 1041834, thử lại 1/3
2025-09-21 23:36:11,146 WARNING: Lỗi HTTP 429 - product id: 1042634, thử lại 1/3
2025-09-21 23:36:11,147 WARNING: Lỗi HTTP 429 - product id: 1042640, thử lại 1/3
2025-09-21 23:36:11,435 WARNING: Lỗi HTTP 429 - product id: 1042728, thử lại 1/3
2025-09-21 23:36:11,487 WARNING: Lỗi HTTP 429 - product id: 1042742, thử lại 1/3
2025-09-21 23:36:12,085 WARNING: Lỗi HTTP 429 - product id: 1058858, thử lại 1/3
2025-09-21 23:36:12,085 WARNING: Lỗi HTTP 429 - product id: 1058860, thử lại 1/3
2025-09-21 23:36:12,286 WARNING: Lỗi HTTP 429 - product id: 1063814, thử lại 1/3
2025-09-21 23:36:12,331 WARNING: Lỗi HTTP 429 - product id: 1066052, thử lại 1/3
2025-09-21 23:36:12,332 WARNING: Lỗi HTTP 429 - product id: 1066106, thử lại 1/3
2025-09-21 23:36:13,088 WARNING: Lỗi HTTP 429 - product id: 1194209, thử lại 1/3
2025-09-21 23:36:13,143 WARNING: Lỗi HTTP 429 - product id: 1197177, thử lại 1/3
2025-09-21 23:36:15,485 WARNING: Lỗi HTTP 429 - product id: 1522711, thử lại 1/3
2025-09-21 23:36:15,635 WARNING: Lỗi HTTP 429 - product id: 1524449, thử lại 1/3
2025-09-21 23:36:15,643 WARNING: Lỗi HTTP 429 - product id: 1524451, thử lại 1/3
2025-09-21 23:36:15,698 WARNING: Lỗi HTTP 429 - product id: 1533119, thử lại 1/3
2025-09-21 23:36:15,736 WARNING: Lỗi HTTP 429 - product id: 1534473, thử lại 1/3
2025-09-21 23:36:15,738 WARNING: Lỗi HTTP 429 - product id: 1534467, thử lại 1/3
2025-09-21 23:36:15,787 WARNING: Lỗi HTTP 429 - product id: 1535109, thử lại 1/3
2025-09-21 23:36:15,796 WARNING: Lỗi HTTP 429 - product id: 1535135, thử lại 1/3
2025-09-21 23:36:15,834 WARNING: Lỗi HTTP 429 - product id: 1536287, thử lại 1/3
2025-09-21 23:36:15,834 WARNING: Lỗi HTTP 429 - product id: 1552075, thử lại 1/3
2025-09-21 23:36:15,893 WARNING: Lỗi HTTP 429 - product id: 1579671, thử lại 1/3
2025-09-21 23:36:15,943 WARNING: Lỗi HTTP 429 - product id: 1581121, thử lại 1/3
2025-09-21 23:36:16,899 WARNING: Lỗi HTTP 429 - product id: 1675811, thử lại 1/3
2025-09-21 23:36:17,158 WARNING: Lỗi HTTP 429 - product id: 1692113, thử lại 1/3
2025-09-21 23:36:17,189 WARNING: Lỗi HTTP 429 - product id: 1692217, thử lại 1/3
2025-09-21 23:36:17,722 WARNING: Lỗi HTTP 429 - product id: 1730803, thử lại 1/3
2025-09-21 23:36:17,737 WARNING: Lỗi HTTP 429 - product id: 1733025, thử lại 1/3
2025-09-21 23:36:17,797 WARNING: Lỗi HTTP 429 - product id: 1733769, thử lại 1/3
2025-09-21 23:36:17,882 WARNING: Lỗi HTTP 429 - product id: 1734977, thử lại 1/3
2025-09-21 23:36:18,787 WARNING: Lỗi HTTP 429 - product id: 1819009, thử lại 1/3
2025-09-21 23:36:18,940 WARNING: Lỗi HTTP 429 - product id: 1860525, thử lại 1/3
2025-09-21 23:36:19,033 WARNING: Lỗi HTTP 429 - product id: 1910521, thử lại 1/3
2025-09-21 23:36:19,086 WARNING: Lỗi HTTP 429 - product id: 1917115, thử lại 1/3
2025-09-21 23:36:19,090 WARNING: Lỗi HTTP 429 - product id: 1913729, thử lại 1/3
2025-09-21 23:36:19,157 WARNING: Lỗi HTTP 429 - product id: 1939187, thử lại 1/3
2025-09-21 23:36:19,182 WARNING: Lỗi HTTP 429 - product id: 1945397, thử lại 1/3
2025-09-21 23:36:19,803 WARNING: Lỗi HTTP 429 - product id: 1994535, thử lại 1/3
2025-09-21 23:36:19,938 WARNING: Lỗi HTTP 429 - product id: 1994569, thử lại 1/3
2025-09-21 23:36:20,195 WARNING: Lỗi HTTP 429 - product id: 1994641, thử lại 1/3
2025-09-21 23:36:20,296 WARNING: Lỗi HTTP 429 - product id: 1994661, thử lại 1/3
2025-09-21 23:36:20,610 WARNING: Lỗi HTTP 429 - product id: 2000271, thử lại 1/3
2025-09-21 23:36:20,880 WARNING: Lỗi HTTP 429 - product id: 2005943, thử lại 1/3
2025-09-21 23:36:20,912 WARNING: Lỗi HTTP 429 - product id: 2006329, thử lại 1/3
2025-09-21 23:36:20,975 WARNING: Lỗi HTTP 429 - product id: 2008991, thử lại 1/3
2025-09-21 23:36:21,120 WARNING: Lỗi HTTP 429 - product id: 2009039, thử lại 1/3
2025-09-21 23:36:24,240 INFO: Đã commit batch 1 (1000 sản phẩm)
2025-09-21 23:36:24,270 INFO: Đã ghi 1000 sản phẩm vào file /home/quannh/projects_de/project_2/output/products_batch_1_1000_ids.csv
2025-09-21 23:36:24,312 INFO: Bắt đầu crawl batch 2 (1000 sản phẩm)
2025-09-21 23:36:25,510 WARNING: Lỗi HTTP 429 - product id: 2089883, thử lại 1/3
2025-09-21 23:36:25,535 WARNING: Lỗi HTTP 404: Không tim thấy product id - product id: 2069457
2025-09-21 23:36:25,668 WARNING: Lỗi HTTP 429 - product id: 2099219, thử lại 1/3
2025-09-21 23:36:25,736 WARNING: Lỗi HTTP 429 - product id: 2108105, thử lại 1/3
2025-09-21 23:36:25,757 WARNING: Lỗi HTTP 429 - product id: 2108233, thử lại 1/3
2025-09-21 23:36:25,862 WARNING: Lỗi HTTP 429 - product id: 2123017, thử lại 1/3
2025-09-21 23:36:26,283 WARNING: Lỗi HTTP 404: Không tim thấy product id - product id: 2152895
2025-09-21 23:36:26,615 WARNING: Lỗi HTTP 429 - product id: 2216127, thử lại 1/3
2025-09-21 23:36:26,660 WARNING: Lỗi HTTP 429 - product id: 2224929, thử lại 1/3
2025-09-21 23:36:26,715 WARNING: Lỗi HTTP 429 - product id: 2229677, thử lại 1/3
2025-09-21 23:36:26,723 WARNING: Lỗi HTTP 429 - product id: 2229681, thử lại 1/3
2025-09-21 23:36:27,069 WARNING: Lỗi HTTP 429 - product id: 2264839, thử lại 1/3
2025-09-21 23:36:27,260 WARNING: Lỗi HTTP 429 - product id: 2288229, thử lại 1/3
2025-09-21 23:36:27,322 WARNING: Lỗi HTTP 429 - product id: 2301451, thử lại 1/3
2025-09-21 23:36:27,369 WARNING: Lỗi HTTP 429 - product id: 2301923, thử lại 1/3
2025-09-21 23:36:27,370 WARNING: Lỗi HTTP 429 - product id: 2302095, thử lại 1/3
2025-09-21 23:36:27,512 WARNING: Lỗi HTTP 429 - product id: 2340533, thử lại 1/3
2025-09-21 23:36:27,520 WARNING: Lỗi HTTP 429 - product id: 2340603, thử lại 1/3
2025-09-21 23:36:27,521 WARNING: Lỗi HTTP 429 - product id: 2340639, thử lại 1/3
2025-09-21 23:36:27,565 WARNING: Lỗi HTTP 429 - product id: 2340693, thử lại 1/3
2025-09-21 23:36:27,573 WARNING: Lỗi HTTP 429 - product id: 2340767, thử lại 1/3
2025-09-21 23:36:27,903 WARNING: Lỗi HTTP 429 - product id: 2365729, thử lại 1/3
2025-09-21 23:36:27,967 WARNING: Lỗi HTTP 429 - product id: 2365849, thử lại 1/3
2025-09-21 23:36:28,736 WARNING: Lỗi HTTP 429 - product id: 2415057, thử lại 1/3
2025-09-21 23:36:29,284 WARNING: Lỗi HTTP 404: Không tim thấy product id - product id: 2386945
2025-09-21 23:36:29,316 WARNING: Lỗi HTTP 429 - product id: 2501329, thử lại 1/3
2025-09-21 23:36:29,352 WARNING: Lỗi HTTP 429 - product id: 2523347, thử lại 1/3
2025-09-21 23:36:29,375 WARNING: Lỗi HTTP 429 - product id: 2523777, thử lại 1/3
2025-09-21 23:36:29,413 WARNING: Lỗi HTTP 429 - product id: 2534177, thử lại 1/3
2025-09-21 23:36:29,820 WARNING: Lỗi HTTP 429 - product id: 2563983, thử lại 1/3
2025-09-21 23:36:30,269 WARNING: Lỗi HTTP 429 - product id: 2582185, thử lại 1/3
2025-09-21 23:36:32,625 WARNING: Lỗi HTTP 429 - product id: 2696577, thử lại 1/3
2025-09-21 23:36:32,727 WARNING: Lỗi HTTP 429 - product id: 2701441, thử lại 1/3
2025-09-21 23:36:32,773 WARNING: Lỗi HTTP 429 - product id: 2736479, thử lại 1/3
2025-09-21 23:36:32,865 WARNING: Lỗi HTTP 429 - product id: 2749117, thử lại 1/3
2025-09-21 23:36:32,871 WARNING: Lỗi HTTP 429 - product id: 2749265, thử lại 1/3
2025-09-21 23:36:33,077 WARNING: Lỗi HTTP 429 - product id: 2749327, thử lại 1/3
2025-09-21 23:36:35,012 WARNING: Lỗi HTTP 429 - product id: 2869351, thử lại 1/3
2025-09-21 23:36:35,265 WARNING: Lỗi HTTP 429 - product id: 2918853, thử lại 1/3
2025-09-21 23:36:35,519 WARNING: Lỗi HTTP 429 - product id: 3004571, thử lại 1/3
2025-09-21 23:36:35,771 WARNING: Lỗi HTTP 429 - product id: 2696577, thử lại 2/3
2025-09-21 23:36:35,775 WARNING: Lỗi HTTP 429 - product id: 3035487, thử lại 1/3
2025-09-21 23:36:35,846 WARNING: Lỗi HTTP 429 - product id: 3041841, thử lại 1/3
2025-09-21 23:36:35,915 WARNING: Lỗi HTTP 429 - product id: 3045329, thử lại 1/3
2025-09-21 23:36:35,917 WARNING: Lỗi HTTP 429 - product id: 2736479, thử lại 2/3
2025-09-21 23:36:35,973 WARNING: Lỗi HTTP 429 - product id: 3045351, thử lại 1/3
2025-09-21 23:36:35,982 WARNING: Lỗi HTTP 429 - product id: 3045399, thử lại 1/3
2025-09-21 23:36:36,017 WARNING: Lỗi HTTP 429 - product id: 3045405, thử lại 1/3
2025-09-21 23:36:36,047 WARNING: Lỗi HTTP 429 - product id: 3045413, thử lại 1/3
2025-09-21 23:36:36,065 WARNING: Lỗi HTTP 429 - product id: 3045417, thử lại 1/3
2025-09-21 23:36:36,072 WARNING: Lỗi HTTP 429 - product id: 3045421, thử lại 1/3
2025-09-21 23:36:36,165 WARNING: Lỗi HTTP 429 - product id: 2749327, thử lại 2/3
2025-09-21 23:36:36,172 WARNING: Lỗi HTTP 429 - product id: 3045489, thử lại 1/3
2025-09-21 23:36:36,560 WARNING: Lỗi HTTP 429 - product id: 3052193, thử lại 1/3
2025-09-21 23:36:36,561 WARNING: Lỗi HTTP 429 - product id: 3052181, thử lại 1/3
2025-09-21 23:36:37,113 WARNING: Lỗi HTTP 429 - product id: 3056255, thử lại 1/3
2025-09-21 23:36:42,279 INFO: Đã commit batch 2 (1000 sản phẩm)
2025-09-21 23:36:42,310 INFO: Đã ghi 997 sản phẩm vào file /home/quannh/projects_de/project_2/output/products_batch_2_997_ids.csv
2025-09-21 23:36:42,352 INFO: Bắt đầu crawl batch 3 (1000 sản phẩm)
2025-09-21 23:36:45,658 WARNING: Lỗi HTTP 429 - product id: 3714775, thử lại 1/3
2025-09-21 23:36:46,057 WARNING: Lỗi HTTP 429 - product id: 3724495, thử lại 1/3
2025-09-21 23:36:47,937 WARNING: Lỗi HTTP 429 - product id: 3933679, thử lại 1/3
2025-09-21 23:36:47,960 WARNING: Lỗi HTTP 429 - product id: 3940953, thử lại 1/3
2025-09-21 23:36:48,014 WARNING: Lỗi HTTP 429 - product id: 3950287, thử lại 1/3
2025-09-21 23:36:48,560 WARNING: Lỗi HTTP 429 - product id: 3998697, thử lại 1/3
2025-09-21 23:36:49,555 WARNING: Lỗi HTTP 429 - product id: 4115549, thử lại 1/3
2025-09-21 23:36:50,314 WARNING: Lỗi HTTP 429 - product id: 4210909, thử lại 1/3
2025-09-21 23:36:50,407 WARNING: Lỗi HTTP 429 - product id: 4213917, thử lại 1/3
2025-09-21 23:36:50,472 WARNING: Lỗi HTTP 429 - product id: 4247127, thử lại 1/3
2025-09-21 23:36:50,558 WARNING: Lỗi HTTP 429 - product id: 4266205, thử lại 1/3
2025-09-21 23:36:50,660 WARNING: Lỗi HTTP 429 - product id: 4273119, thử lại 1/3
2025-09-21 23:36:50,661 WARNING: Lỗi HTTP 429 - product id: 4278325, thử lại 1/3
2025-09-21 23:36:50,765 WARNING: Lỗi HTTP 429 - product id: 4301529, thử lại 1/3
2025-09-21 23:36:51,108 WARNING: Lỗi HTTP 429 - product id: 3940953, thử lại 2/3
2025-09-21 23:36:52,807 WARNING: Lỗi HTTP 429 - product id: 4586309, thử lại 1/3
2025-09-21 23:36:52,856 WARNING: Lỗi HTTP 429 - product id: 4586773, thử lại 1/3
2025-09-21 23:36:52,921 WARNING: Lỗi HTTP 429 - product id: 4598437, thử lại 1/3
2025-09-21 23:36:52,970 WARNING: Lỗi HTTP 429 - product id: 4615459, thử lại 1/3
2025-09-21 23:36:53,007 WARNING: Lỗi HTTP 429 - product id: 4616527, thử lại 1/3
2025-09-21 23:36:53,708 WARNING: Lỗi HTTP 429 - product id: 4266205, thử lại 2/3
2025-09-21 23:36:53,756 WARNING: Lỗi HTTP 429 - product id: 4786121, thử lại 1/3
2025-09-21 23:36:53,811 WARNING: Lỗi HTTP 429 - product id: 4822967, thử lại 1/3
2025-09-21 23:36:53,864 WARNING: Lỗi HTTP 429 - product id: 4895279, thử lại 1/3
2025-09-21 23:36:53,899 WARNING: Lỗi HTTP 429 - product id: 4898363, thử lại 1/3
2025-09-21 23:36:53,905 WARNING: Lỗi HTTP 429 - product id: 4898413, thử lại 1/3
2025-09-21 23:36:54,069 WARNING: Lỗi HTTP 429 - product id: 4938621, thử lại 1/3
2025-09-21 23:36:54,363 WARNING: Lỗi HTTP 429 - product id: 4982469, thử lại 1/3
2025-09-21 23:36:56,056 WARNING: Lỗi HTTP 429 - product id: 5164377, thử lại 1/3
2025-09-21 23:36:56,058 WARNING: Lỗi HTTP 429 - product id: 5173827, thử lại 1/3
2025-09-21 23:36:57,666 WARNING: Lỗi HTTP 429 - product id: 5491301, thử lại 1/3
2025-09-21 23:36:57,706 WARNING: Lỗi HTTP 429 - product id: 5501123, thử lại 1/3
2025-09-21 23:36:57,804 WARNING: Lỗi HTTP 429 - product id: 5511351, thử lại 1/3
2025-09-21 23:36:57,806 WARNING: Lỗi HTTP 429 - product id: 5515607, thử lại 1/3
2025-09-21 23:37:00,948 INFO: Đã commit batch 3 (1000 sản phẩm)
2025-09-21 23:37:00,977 INFO: Đã ghi 1000 sản phẩm vào file /home/quannh/projects_de/project_2/output/products_batch_3_1000_ids.csv
2025-09-21 23:37:01,019 INFO: Bắt đầu crawl batch 4 (1000 sản phẩm)
2025-09-21 23:37:02,170 WARNING: Lỗi HTTP 429 - product id: 5977505, thử lại 1/3
2025-09-21 23:37:02,522 WARNING: Lỗi HTTP 429 - product id: 6073507, thử lại 1/3
2025-09-21 23:37:02,619 WARNING: Lỗi HTTP 429 - product id: 6088315, thử lại 1/3
2025-09-21 23:37:02,865 WARNING: Lỗi HTTP 429 - product id: 6139579, thử lại 1/3
2025-09-21 23:37:04,579 WARNING: Lỗi HTTP 429 - product id: 6398301, thử lại 1/3
2025-09-21 23:37:04,784 WARNING: Lỗi HTTP 429 - product id: 6419325, thử lại 1/3
2025-09-21 23:37:04,875 WARNING: Lỗi HTTP 429 - product id: 6468703, thử lại 1/3
2025-09-21 23:37:05,031 WARNING: Lỗi HTTP 429 - product id: 6474505, thử lại 1/3
2025-09-21 23:37:05,668 WARNING: Lỗi HTTP 429 - product id: 6618607, thử lại 1/3
2025-09-21 23:37:05,929 WARNING: Lỗi HTTP 429 - product id: 6639457, thử lại 1/3
2025-09-21 23:37:05,968 WARNING: Lỗi HTTP 429 - product id: 6641569, thử lại 1/3
2025-09-21 23:37:06,073 WARNING: Lỗi HTTP 429 - product id: 6707617, thử lại 1/3
2025-09-21 23:37:06,175 WARNING: Lỗi HTTP 429 - product id: 6714885, thử lại 1/3
2025-09-21 23:37:06,221 WARNING: Lỗi HTTP 429 - product id: 6715877, thử lại 1/3
2025-09-21 23:37:06,286 WARNING: Lỗi HTTP 404: Không tim thấy product id - product id: 6528635
2025-09-21 23:37:06,471 WARNING: Lỗi HTTP 429 - product id: 6765501, thử lại 1/3
2025-09-21 23:37:08,051 WARNING: Lỗi HTTP 429 - product id: 6468703, thử lại 2/3
2025-09-21 23:37:08,244 WARNING: Lỗi HTTP 429 - product id: 7025003, thử lại 1/3
2025-09-21 23:37:09,026 WARNING: Lỗi HTTP 429 - product id: 7101629, thử lại 1/3
2025-09-21 23:37:09,123 WARNING: Lỗi HTTP 429 - product id: 7101669, thử lại 1/3
2025-09-21 23:37:10,714 WARNING: Lỗi HTTP 429 - product id: 7208395, thử lại 1/3
2025-09-21 23:37:10,864 WARNING: Lỗi HTTP 429 - product id: 7221439, thử lại 1/3
2025-09-21 23:37:10,875 WARNING: Lỗi HTTP 429 - product id: 7221515, thử lại 1/3
2025-09-21 23:37:10,879 WARNING: Lỗi HTTP 429 - product id: 7221953, thử lại 1/3
2025-09-21 23:37:11,474 WARNING: Lỗi HTTP 429 - product id: 7269797, thử lại 1/3
2025-09-21 23:37:11,524 WARNING: Lỗi HTTP 429 - product id: 7278189, thử lại 1/3
2025-09-21 23:37:11,524 WARNING: Lỗi HTTP 429 - product id: 7276491, thử lại 1/3
2025-09-21 23:37:11,939 WARNING: Lỗi HTTP 404: Không tim thấy product id - product id: 7253439
2025-09-21 23:37:14,922 WARNING: Lỗi HTTP 429 - product id: 7697437, thử lại 1/3
2025-09-21 23:37:14,986 WARNING: Lỗi HTTP 429 - product id: 7706720, thử lại 1/3
2025-09-21 23:37:19,575 INFO: Đã commit batch 4 (1000 sản phẩm)
2025-09-21 23:37:19,604 INFO: Đã ghi 998 sản phẩm vào file /home/quannh/projects_de/project_2/output/products_batch_4_998_ids.csv
2025-09-21 23:37:19,647 INFO: Bắt đầu crawl batch 5 (1000 sản phẩm)
2025-09-21 23:37:23,245 WARNING: Lỗi HTTP 429 - product id: 8293946, thử lại 1/3
2025-09-21 23:37:23,454 WARNING: Lỗi HTTP 429 - product id: 8309538, thử lại 1/3
2025-09-21 23:37:23,525 WARNING: Lỗi HTTP 429 - product id: 8311918, thử lại 1/3
2025-09-21 23:37:23,525 WARNING: Lỗi HTTP 429 - product id: 8313521, thử lại 1/3
2025-09-21 23:37:24,359 WARNING: Lỗi HTTP 429 - product id: 8407818, thử lại 1/3
2025-09-21 23:37:25,445 WARNING: Lỗi HTTP 429 - product id: 8548951, thử lại 1/3
2025-09-21 23:37:25,500 WARNING: Lỗi HTTP 429 - product id: 8557074, thử lại 1/3
2025-09-21 23:37:25,505 WARNING: Lỗi HTTP 429 - product id: 8557109, thử lại 1/3
2025-09-21 23:37:25,549 WARNING: Lỗi HTTP 429 - product id: 8557214, thử lại 1/3
2025-09-21 23:37:26,856 WARNING: Lỗi HTTP 429 - product id: 8887383, thử lại 1/3
2025-09-21 23:37:27,509 WARNING: Lỗi HTTP 429 - product id: 8950585, thử lại 1/3
2025-09-21 23:37:27,898 WARNING: Lỗi HTTP 429 - product id: 9359573, thử lại 1/3
2025-09-21 23:37:28,004 WARNING: Lỗi HTTP 429 - product id: 9362751, thử lại 1/3
2025-09-21 23:37:29,653 WARNING: Lỗi HTTP 429 - product id: 9477210, thử lại 1/3
2025-09-21 23:37:31,916 WARNING: Lỗi HTTP 429 - product id: 9858772, thử lại 1/3
2025-09-21 23:37:32,201 WARNING: Lỗi HTTP 429 - product id: 9882302, thử lại 1/3
2025-09-21 23:37:32,250 WARNING: Lỗi HTTP 429 - product id: 9882333, thử lại 1/3
2025-09-21 23:37:32,261 WARNING: Lỗi HTTP 429 - product id: 9882341, thử lại 1/3
2025-09-21 23:37:32,549 WARNING: Lỗi HTTP 429 - product id: 9882617, thử lại 1/3
2025-09-21 23:37:32,561 WARNING: Lỗi HTTP 429 - product id: 9882658, thử lại 1/3
2025-09-21 23:37:32,675 WARNING: Lỗi HTTP 429 - product id: 9946436, thử lại 1/3
2025-09-21 23:37:32,814 WARNING: Lỗi HTTP 429 - product id: 9967096, thử lại 1/3
2025-09-21 23:37:33,667 WARNING: Lỗi HTTP 404: Không tim thấy product id - product id: 9969307
2025-09-21 23:37:35,012 WARNING: Lỗi HTTP 429 - product id: 10069642, thử lại 1/3
2025-09-21 23:37:35,499 WARNING: Lỗi HTTP 429 - product id: 10104787, thử lại 1/3
2025-09-21 23:37:35,560 WARNING: Lỗi HTTP 429 - product id: 10105800, thử lại 1/3
2025-09-21 23:37:36,221 WARNING: Lỗi HTTP 404: Không tim thấy product id - product id: 10102128
2025-09-21 23:37:38,667 INFO: Đã commit batch 5 (1000 sản phẩm)
2025-09-21 23:37:38,696 INFO: Đã ghi 998 sản phẩm vào file /home/quannh/projects_de/project_2/output/products_batch_5_998_ids.csv
2025-09-21 23:37:38,739 INFO: Bắt đầu crawl batch 6 (1000 sản phẩm)
2025-09-21 23:37:38,815 WARNING: Lỗi HTTP 429 - product id: 10157390, thử lại 1/3
2025-09-21 23:37:38,941 WARNING: Lỗi HTTP 429 - product id: 10160440, thử lại 1/3
2025-09-21 23:37:38,990 WARNING: Lỗi HTTP 429 - product id: 10161874, thử lại 1/3
2025-09-21 23:37:39,096 WARNING: Lỗi HTTP 429 - product id: 10164574, thử lại 1/3
2025-09-21 23:37:39,197 WARNING: Lỗi HTTP 429 - product id: 10172806, thử lại 1/3
2025-09-21 23:37:39,240 WARNING: Lỗi HTTP 429 - product id: 10172970, thử lại 1/3
2025-09-21 23:37:39,244 WARNING: Lỗi HTTP 429 - product id: 10173249, thử lại 1/3
2025-09-21 23:37:39,295 WARNING: Lỗi HTTP 429 - product id: 10173282, thử lại 1/3
2025-09-21 23:37:39,355 WARNING: Lỗi HTTP 429 - product id: 10173442, thử lại 1/3
2025-09-21 23:37:39,391 WARNING: Lỗi HTTP 429 - product id: 10177200, thử lại 1/3
2025-09-21 23:37:39,661 WARNING: Lỗi HTTP 404: Không tim thấy product id - product id: 10170131
2025-09-21 23:37:40,089 WARNING: Lỗi HTTP 429 - product id: 10283086, thử lại 1/3
2025-09-21 23:37:40,139 WARNING: Lỗi HTTP 429 - product id: 10284113, thử lại 1/3
2025-09-21 23:37:40,140 WARNING: Lỗi HTTP 429 - product id: 10284114, thử lại 1/3
2025-09-21 23:37:40,150 WARNING: Lỗi HTTP 429 - product id: 10284115, thử lại 1/3
2025-09-21 23:37:40,200 WARNING: Lỗi HTTP 429 - product id: 10285680, thử lại 1/3
2025-09-21 23:37:40,951 WARNING: Lỗi HTTP 429 - product id: 10377107, thử lại 1/3
2025-09-21 23:37:40,952 WARNING: Lỗi HTTP 429 - product id: 10377550, thử lại 1/3
2025-09-21 23:37:41,038 WARNING: Lỗi HTTP 429 - product id: 10379795, thử lại 1/3
2025-09-21 23:37:41,212 WARNING: Lỗi HTTP 404: Không tim thấy product id - product id: 10297936
2025-09-21 23:37:41,244 WARNING: Lỗi HTTP 429 - product id: 10387224, thử lại 1/3
2025-09-21 23:37:41,544 WARNING: Lỗi HTTP 429 - product id: 10398636, thử lại 1/3
2025-09-21 23:37:41,935 WARNING: Lỗi HTTP 429 - product id: 10409232, thử lại 1/3
2025-09-21 23:37:42,045 WARNING: Lỗi HTTP 429 - product id: 10409240, thử lại 1/3
2025-09-21 23:37:42,307 WARNING: Lỗi HTTP 429 - product id: 10172970, thử lại 2/3
2025-09-21 23:37:42,341 WARNING: Lỗi HTTP 429 - product id: 10490186, thử lại 1/3
2025-09-21 23:37:42,846 WARNING: Lỗi HTTP 429 - product id: 10575130, thử lại 1/3
2025-09-21 23:37:42,995 WARNING: Lỗi HTTP 429 - product id: 10585376, thử lại 1/3
2025-09-21 23:37:42,998 WARNING: Lỗi HTTP 429 - product id: 10585287, thử lại 1/3
2025-09-21 23:37:43,148 WARNING: Lỗi HTTP 429 - product id: 10603374, thử lại 1/3
2025-09-21 23:37:43,791 WARNING: Lỗi HTTP 429 - product id: 10680944, thử lại 1/3
2025-09-21 23:37:43,854 WARNING: Lỗi HTTP 429 - product id: 10683681, thử lại 1/3
2025-09-21 23:37:43,929 WARNING: Lỗi HTTP 429 - product id: 10685316, thử lại 1/3
2025-09-21 23:37:43,944 WARNING: Lỗi HTTP 429 - product id: 10685335, thử lại 1/3
2025-09-21 23:37:43,953 WARNING: Lỗi HTTP 429 - product id: 10686361, thử lại 1/3
2025-09-21 23:37:43,994 WARNING: Lỗi HTTP 429 - product id: 10687655, thử lại 1/3
2025-09-21 23:37:45,147 WARNING: Lỗi HTTP 429 - product id: 10747530, thử lại 1/3
2025-09-21 23:37:45,250 WARNING: Lỗi HTTP 429 - product id: 10759404, thử lại 1/3
2025-09-21 23:37:45,296 WARNING: Lỗi HTTP 429 - product id: 10759422, thử lại 1/3
2025-09-21 23:37:45,451 WARNING: Lỗi HTTP 429 - product id: 10768313, thử lại 1/3
2025-09-21 23:37:45,494 WARNING: Lỗi HTTP 429 - product id: 10768959, thử lại 1/3
2025-09-21 23:37:45,998 WARNING: Lỗi HTTP 429 - product id: 10790790, thử lại 1/3
2025-09-21 23:37:46,202 WARNING: Lỗi HTTP 429 - product id: 10795800, thử lại 1/3
2025-09-21 23:37:46,244 WARNING: Lỗi HTTP 429 - product id: 10603374, thử lại 2/3
2025-09-21 23:37:46,253 WARNING: Lỗi HTTP 429 - product id: 10801182, thử lại 1/3
2025-09-21 23:37:46,349 WARNING: Lỗi HTTP 429 - product id: 10816626, thử lại 1/3
2025-09-21 23:37:46,398 WARNING: Lỗi HTTP 429 - product id: 10817796, thử lại 1/3
2025-09-21 23:37:46,446 WARNING: Lỗi HTTP 429 - product id: 10819506, thử lại 1/3
2025-09-21 23:37:47,862 WARNING: Lỗi HTTP 404: Không tim thấy product id - product id: 10686361
2025-09-21 23:37:48,610 WARNING: Lỗi HTTP 404: Không tim thấy product id - product id: 11078812
2025-09-21 23:37:48,965 WARNING: Lỗi HTTP 404: Không tim thấy product id - product id: 11119985
2025-09-21 23:37:55,529 INFO: Đã commit batch 6 (1000 sản phẩm)
2025-09-21 23:37:55,558 INFO: Đã ghi 995 sản phẩm vào file /home/quannh/projects_de/project_2/output/products_batch_6_995_ids.csv
2025-09-21 23:37:55,601 INFO: Bắt đầu crawl batch 7 (1000 sản phẩm)
2025-09-21 23:37:56,055 WARNING: Lỗi HTTP 429 - product id: 11873367, thử lại 1/3
2025-09-21 23:37:56,101 WARNING: Lỗi HTTP 429 - product id: 11873538, thử lại 1/3
2025-09-21 23:37:56,111 WARNING: Lỗi HTTP 429 - product id: 11875027, thử lại 1/3
2025-09-21 23:37:56,697 WARNING: Lỗi HTTP 429 - product id: 11907222, thử lại 1/3
2025-09-21 23:37:56,756 WARNING: Lỗi HTTP 429 - product id: 11907239, thử lại 1/3
2025-09-21 23:37:56,852 WARNING: Lỗi HTTP 429 - product id: 11920015, thử lại 1/3
2025-09-21 23:37:56,916 WARNING: Lỗi HTTP 429 - product id: 11956113, thử lại 1/3
2025-09-21 23:37:57,062 WARNING: Lỗi HTTP 429 - product id: 11973450, thử lại 1/3
2025-09-21 23:37:57,113 WARNING: Lỗi HTTP 429 - product id: 11976032, thử lại 1/3
2025-09-21 23:37:57,159 WARNING: Lỗi HTTP 429 - product id: 11980226, thử lại 1/3
2025-09-21 23:37:57,160 WARNING: Lỗi HTTP 429 - product id: 11976924, thử lại 1/3
2025-09-21 23:37:57,253 WARNING: Lỗi HTTP 429 - product id: 11992429, thử lại 1/3
2025-09-21 23:37:57,264 WARNING: Lỗi HTTP 429 - product id: 11992494, thử lại 1/3
2025-09-21 23:37:57,265 WARNING: Lỗi HTTP 429 - product id: 11998288, thử lại 1/3
2025-09-21 23:37:57,308 WARNING: Lỗi HTTP 429 - product id: 12005384, thử lại 1/3
2025-09-21 23:37:57,406 WARNING: Lỗi HTTP 429 - product id: 12031381, thử lại 1/3
2025-09-21 23:37:58,174 WARNING: Lỗi HTTP 404: Không tim thấy product id - product id: 12023133
2025-09-21 23:37:59,377 WARNING: Lỗi HTTP 404: Không tim thấy product id - product id: 12107818
2025-09-21 23:38:01,106 WARNING: Lỗi HTTP 429 - product id: 12295251, thử lại 1/3
2025-09-21 23:38:01,108 WARNING: Lỗi HTTP 429 - product id: 12295374, thử lại 1/3
2025-09-21 23:38:01,513 WARNING: Lỗi HTTP 429 - product id: 12343343, thử lại 1/3
2025-09-21 23:38:01,563 WARNING: Lỗi HTTP 429 - product id: 12343403, thử lại 1/3
2025-09-21 23:38:01,628 WARNING: Lỗi HTTP 429 - product id: 12347785, thử lại 1/3
2025-09-21 23:38:01,635 WARNING: Lỗi HTTP 404: Không tim thấy product id - product id: 12316293
2025-09-21 23:38:01,665 WARNING: Lỗi HTTP 429 - product id: 12354438, thử lại 1/3
2025-09-21 23:38:04,673 WARNING: Lỗi HTTP 404: Không tim thấy product id - product id: 12671823
2025-09-21 23:38:05,202 WARNING: Lỗi HTTP 429 - product id: 12739927, thử lại 1/3
2025-09-21 23:38:05,724 WARNING: Lỗi HTTP 404: Không tim thấy product id - product id: 12354438
2025-09-21 23:38:10,256 WARNING: Lỗi HTTP 429 - product id: 13525592, thử lại 1/3
2025-09-21 23:38:10,563 WARNING: Lỗi HTTP 429 - product id: 13559656, thử lại 1/3
2025-09-21 23:38:11,047 WARNING: Lỗi HTTP 429 - product id: 13597709, thử lại 1/3
2025-09-21 23:38:11,058 WARNING: Lỗi HTTP 429 - product id: 13602866, thử lại 1/3
2025-09-21 23:38:11,212 WARNING: Lỗi HTTP 429 - product id: 13608580, thử lại 1/3
2025-09-21 23:38:11,508 WARNING: Lỗi HTTP 429 - product id: 13626657, thử lại 1/3
2025-09-21 23:38:14,618 INFO: Đã commit batch 7 (1000 sản phẩm)
2025-09-21 23:38:14,645 INFO: Đã ghi 995 sản phẩm vào file /home/quannh/projects_de/project_2/output/products_batch_7_995_ids.csv
2025-09-21 23:38:14,687 INFO: Bắt đầu crawl batch 8 (1000 sản phẩm)
2025-09-21 23:38:14,960 WARNING: Lỗi HTTP 404: Không tim thấy product id - product id: 13635619
2025-09-21 23:38:15,793 WARNING: Lỗi HTTP 429 - product id: 13766282, thử lại 1/3
2025-09-21 23:38:15,845 WARNING: Lỗi HTTP 429 - product id: 13771535, thử lại 1/3
2025-09-21 23:38:15,946 WARNING: Lỗi HTTP 429 - product id: 13777344, thử lại 1/3
2025-09-21 23:38:15,958 WARNING: Lỗi HTTP 404: Không tim thấy product id - product id: 13763748
2025-09-21 23:38:16,009 WARNING: Lỗi HTTP 429 - product id: 13778069, thử lại 1/3
2025-09-21 23:38:16,036 WARNING: Lỗi HTTP 429 - product id: 13779102, thử lại 1/3
2025-09-21 23:38:16,043 WARNING: Lỗi HTTP 429 - product id: 13779382, thử lại 1/3
2025-09-21 23:38:17,395 WARNING: Lỗi HTTP 429 - product id: 13883028, thử lại 1/3
2025-09-21 23:38:17,741 WARNING: Lỗi HTTP 429 - product id: 13898952, thử lại 1/3
2025-09-21 23:38:17,745 WARNING: Lỗi HTTP 429 - product id: 13900137, thử lại 1/3
2025-09-21 23:38:17,797 WARNING: Lỗi HTTP 429 - product id: 13901182, thử lại 1/3
2025-09-21 23:38:17,903 WARNING: Lỗi HTTP 429 - product id: 13934379, thử lại 1/3
2025-09-21 23:38:17,990 WARNING: Lỗi HTTP 429 - product id: 13943717, thử lại 1/3
2025-09-21 23:38:17,993 WARNING: Lỗi HTTP 429 - product id: 13951669, thử lại 1/3
2025-09-21 23:38:18,099 WARNING: Lỗi HTTP 429 - product id: 13969209, thử lại 1/3
2025-09-21 23:38:18,444 WARNING: Lỗi HTTP 429 - product id: 13997388, thử lại 1/3
2025-09-21 23:38:18,697 WARNING: Lỗi HTTP 429 - product id: 13998165, thử lại 1/3
2025-09-21 23:38:18,888 WARNING: Lỗi HTTP 429 - product id: 14012845, thử lại 1/3
2025-09-21 23:38:18,962 WARNING: Lỗi HTTP 404: Không tim thấy product id - product id: 13940547
2025-09-21 23:38:20,185 WARNING: Lỗi HTTP 429 - product id: 14111143, thử lại 1/3
2025-09-21 23:38:20,312 WARNING: Lỗi HTTP 404: Không tim thấy product id - product id: 14054194
2025-09-21 23:38:20,497 WARNING: Lỗi HTTP 429 - product id: 14145319, thử lại 1/3
2025-09-21 23:38:20,587 WARNING: Lỗi HTTP 429 - product id: 14147703, thử lại 1/3
2025-09-21 23:38:20,651 WARNING: Lỗi HTTP 429 - product id: 14165835, thử lại 1/3
2025-09-21 23:38:20,911 WARNING: Lỗi HTTP 404: Không tim thấy product id - product id: 14083682
2025-09-21 23:38:22,241 WARNING: Lỗi HTTP 429 - product id: 14305228, thử lại 1/3
2025-09-21 23:38:22,329 WARNING: Lỗi HTTP 429 - product id: 14310067, thử lại 1/3
2025-09-21 23:38:22,451 WARNING: Lỗi HTTP 429 - product id: 14319929, thử lại 1/3
2025-09-21 23:38:22,955 WARNING: Lỗi HTTP 429 - product id: 14346779, thử lại 1/3
2025-09-21 23:38:23,340 WARNING: Lỗi HTTP 429 - product id: 14378329, thử lại 1/3
2025-09-21 23:38:23,389 WARNING: Lỗi HTTP 429 - product id: 14378380, thử lại 1/3
2025-09-21 23:38:23,435 WARNING: Lỗi HTTP 429 - product id: 14379990, thử lại 1/3
2025-09-21 23:38:23,438 WARNING: Lỗi HTTP 429 - product id: 14384866, thử lại 1/3
2025-09-21 23:38:23,497 WARNING: Lỗi HTTP 429 - product id: 14397844, thử lại 1/3
2025-09-21 23:38:23,610 WARNING: Lỗi HTTP 429 - product id: 14421894, thử lại 1/3
2025-09-21 23:38:24,009 WARNING: Lỗi HTTP 404: Không tim thấy product id - product id: 14348102
2025-09-21 23:38:24,048 WARNING: Lỗi HTTP 429 - product id: 14437177, thử lại 1/3
2025-09-21 23:38:24,075 WARNING: Lỗi HTTP 429 - product id: 14437465, thử lại 1/3
2025-09-21 23:38:24,188 WARNING: Lỗi HTTP 429 - product id: 14448322, thử lại 1/3
2025-09-21 23:38:24,595 WARNING: Lỗi HTTP 429 - product id: 14499685, thử lại 1/3
2025-09-21 23:38:24,636 WARNING: Lỗi HTTP 429 - product id: 14499792, thử lại 1/3
2025-09-21 23:38:24,684 WARNING: Lỗi HTTP 429 - product id: 14505711, thử lại 1/3
2025-09-21 23:38:24,993 WARNING: Lỗi HTTP 429 - product id: 14536883, thử lại 1/3
2025-09-21 23:38:25,098 WARNING: Lỗi HTTP 429 - product id: 14544556, thử lại 1/3
2025-09-21 23:38:25,336 WARNING: Lỗi HTTP 429 - product id: 14598660, thử lại 1/3
2025-09-21 23:38:25,391 WARNING: Lỗi HTTP 429 - product id: 14310067, thử lại 2/3
2025-09-21 23:38:25,398 WARNING: Lỗi HTTP 429 - product id: 14605094, thử lại 1/3
2025-09-21 23:38:25,438 WARNING: Lỗi HTTP 429 - product id: 14607858, thử lại 1/3
2025-09-21 23:38:25,540 WARNING: Lỗi HTTP 429 - product id: 14614541, thử lại 1/3
2025-09-21 23:38:25,542 WARNING: Lỗi HTTP 429 - product id: 14615679, thử lại 1/3
2025-09-21 23:38:28,844 WARNING: Lỗi HTTP 429 - product id: 14615679, thử lại 2/3
2025-09-21 23:38:28,887 WARNING: Lỗi HTTP 429 - product id: 14861266, thử lại 1/3
2025-09-21 23:38:34,985 INFO: Đã commit batch 8 (1000 sản phẩm)
2025-09-21 23:38:35,014 INFO: Đã ghi 994 sản phẩm vào file /home/quannh/projects_de/project_2/output/products_batch_8_994_ids.csv
2025-09-21 23:38:35,056 INFO: Bắt đầu crawl batch 9 (1000 sản phẩm)
2025-09-21 23:38:37,306 WARNING: Lỗi HTTP 429 - product id: 15256754, thử lại 1/3
2025-09-21 23:38:37,350 WARNING: Lỗi HTTP 429 - product id: 15257218, thử lại 1/3
2025-09-21 23:38:37,371 WARNING: Lỗi HTTP 429 - product id: 15257630, thử lại 1/3
2025-09-21 23:38:39,451 WARNING: Lỗi HTTP 429 - product id: 15397125, thử lại 1/3
2025-09-21 23:38:39,459 WARNING: Lỗi HTTP 429 - product id: 15398443, thử lại 1/3
2025-09-21 23:38:40,359 WARNING: Lỗi HTTP 429 - product id: 15496164, thử lại 1/3
2025-09-21 23:38:40,560 WARNING: Lỗi HTTP 429 - product id: 15256754, thử lại 2/3
2025-09-21 23:38:40,616 WARNING: Lỗi HTTP 429 - product id: 15257630, thử lại 2/3
2025-09-21 23:38:40,704 WARNING: Lỗi HTTP 429 - product id: 15532425, thử lại 1/3
2025-09-21 23:38:40,714 WARNING: Lỗi HTTP 429 - product id: 15533180, thử lại 1/3
2025-09-21 23:38:42,117 WARNING: Lỗi HTTP 429 - product id: 15638945, thử lại 1/3
2025-09-21 23:38:42,620 WARNING: Lỗi HTTP 429 - product id: 15692698, thử lại 1/3
2025-09-21 23:38:42,961 WARNING: Lỗi HTTP 429 - product id: 15725598, thử lại 1/3
2025-09-21 23:38:43,053 WARNING: Lỗi HTTP 429 - product id: 15728884, thử lại 1/3
2025-09-21 23:38:43,097 WARNING: Lỗi HTTP 429 - product id: 15730079, thử lại 1/3
2025-09-21 23:38:43,109 WARNING: Lỗi HTTP 429 - product id: 15733562, thử lại 1/3
2025-09-21 23:38:43,171 WARNING: Lỗi HTTP 429 - product id: 15736758, thử lại 1/3
2025-09-21 23:38:43,470 WARNING: Lỗi HTTP 429 - product id: 15496164, thử lại 2/3
2025-09-21 23:38:43,822 WARNING: Lỗi HTTP 429 - product id: 15532425, thử lại 2/3
2025-09-21 23:38:43,908 WARNING: Lỗi HTTP 429 - product id: 15855022, thử lại 1/3
2025-09-21 23:38:46,252 WARNING: Lỗi HTTP 429 - product id: 16095857, thử lại 1/3
2025-09-21 23:38:46,911 WARNING: Lỗi HTTP 429 - product id: 16107258, thử lại 1/3
2025-09-21 23:38:46,966 WARNING: Lỗi HTTP 429 - product id: 16107895, thử lại 1/3
2025-09-21 23:38:49,034 WARNING: Lỗi HTTP 404: Không tim thấy product id - product id: 16197757
2025-09-21 23:38:49,414 WARNING: Lỗi HTTP 429 - product id: 16287940, thử lại 1/3
2025-09-21 23:38:49,450 WARNING: Lỗi HTTP 429 - product id: 16294554, thử lại 1/3
2025-09-21 23:38:49,772 WARNING: Lỗi HTTP 429 - product id: 16325601, thử lại 1/3
2025-09-21 23:38:52,945 INFO: Đã commit batch 9 (1000 sản phẩm)
2025-09-21 23:38:52,971 INFO: Đã ghi 999 sản phẩm vào file /home/quannh/projects_de/project_2/output/products_batch_9_999_ids.csv
2025-09-21 23:38:53,012 INFO: Bắt đầu crawl batch 10 (1000 sản phẩm)
2025-09-21 23:38:55,642 WARNING: Lỗi HTTP 429 - product id: 16755923, thử lại 1/3
2025-09-21 23:38:56,187 WARNING: Lỗi HTTP 429 - product id: 16838066, thử lại 1/3
2025-09-21 23:38:56,500 WARNING: Lỗi HTTP 429 - product id: 16863204, thử lại 1/3
2025-09-21 23:38:56,510 WARNING: Lỗi HTTP 404: Không tim thấy product id - product id: 16753510
2025-09-21 23:38:56,750 WARNING: Lỗi HTTP 429 - product id: 16872744, thử lại 1/3
2025-09-21 23:38:56,793 WARNING: Lỗi HTTP 429 - product id: 16873913, thử lại 1/3
2025-09-21 23:38:56,991 WARNING: Lỗi HTTP 429 - product id: 16882430, thử lại 1/3
2025-09-21 23:38:56,999 WARNING: Lỗi HTTP 429 - product id: 16883129, thử lại 1/3
2025-09-21 23:38:57,096 WARNING: Lỗi HTTP 429 - product id: 16919743, thử lại 1/3
2025-09-21 23:38:57,299 WARNING: Lỗi HTTP 429 - product id: 16937885, thử lại 1/3
2025-09-21 23:38:57,361 WARNING: Lỗi HTTP 429 - product id: 16946049, thử lại 1/3
2025-09-21 23:38:57,503 WARNING: Lỗi HTTP 429 - product id: 16964215, thử lại 1/3
2025-09-21 23:38:57,630 WARNING: Lỗi HTTP 429 - product id: 16991626, thử lại 1/3
2025-09-21 23:38:57,638 WARNING: Lỗi HTTP 429 - product id: 16991882, thử lại 1/3
2025-09-21 23:38:57,692 WARNING: Lỗi HTTP 429 - product id: 16992297, thử lại 1/3
2025-09-21 23:38:57,744 WARNING: Lỗi HTTP 429 - product id: 16993743, thử lại 1/3
2025-09-21 23:38:57,748 WARNING: Lỗi HTTP 429 - product id: 16997689, thử lại 1/3
2025-09-21 23:38:57,890 WARNING: Lỗi HTTP 429 - product id: 17003708, thử lại 1/3
2025-09-21 23:38:58,339 WARNING: Lỗi HTTP 429 - product id: 17031165, thử lại 1/3
2025-09-21 23:38:59,392 WARNING: Lỗi HTTP 429 - product id: 17466029, thử lại 1/3
2025-09-21 23:38:59,491 WARNING: Lỗi HTTP 429 - product id: 17472813, thử lại 1/3
2025-09-21 23:38:59,594 WARNING: Lỗi HTTP 429 - product id: 17477307, thử lại 1/3
2025-09-21 23:38:59,689 WARNING: Lỗi HTTP 429 - product id: 17489474, thử lại 1/3
2025-09-21 23:38:59,903 WARNING: Lỗi HTTP 429 - product id: 17495076, thử lại 1/3
2025-09-21 23:39:02,862 WARNING: Lỗi HTTP 404: Không tim thấy product id - product id: 17928527
2025-09-21 23:39:02,895 WARNING: Lỗi HTTP 429 - product id: 18006721, thử lại 1/3
2025-09-21 23:39:02,997 WARNING: Lỗi HTTP 429 - product id: 18008334, thử lại 1/3
2025-09-21 23:39:03,538 WARNING: Lỗi HTTP 429 - product id: 19246492, thử lại 1/3
2025-09-21 23:39:03,634 WARNING: Lỗi HTTP 429 - product id: 19253672, thử lại 1/3
2025-09-21 23:39:03,700 WARNING: Lỗi HTTP 429 - product id: 19255917, thử lại 1/3
2025-09-21 23:39:03,949 WARNING: Lỗi HTTP 429 - product id: 19273074, thử lại 1/3
2025-09-21 23:39:04,203 WARNING: Lỗi HTTP 429 - product id: 19293734, thử lại 1/3
2025-09-21 23:39:04,237 WARNING: Lỗi HTTP 429 - product id: 19293945, thử lại 1/3
2025-09-21 23:39:04,243 WARNING: Lỗi HTTP 429 - product id: 19295837, thử lại 1/3
2025-09-21 23:39:04,298 WARNING: Lỗi HTTP 429 - product id: 19298027, thử lại 1/3
2025-09-21 23:39:04,389 WARNING: Lỗi HTTP 429 - product id: 19330847, thử lại 1/3
2025-09-21 23:39:04,395 WARNING: Lỗi HTTP 429 - product id: 19332227, thử lại 1/3
2025-09-21 23:39:04,487 WARNING: Lỗi HTTP 429 - product id: 19340175, thử lại 1/3
2025-09-21 23:39:04,538 WARNING: Lỗi HTTP 429 - product id: 19342948, thử lại 1/3
2025-09-21 23:39:04,626 WARNING: Lỗi HTTP 429 - product id: 19345406, thử lại 1/3
2025-09-21 23:39:05,234 WARNING: Lỗi HTTP 429 - product id: 19393873, thử lại 1/3
2025-09-21 23:39:05,504 WARNING: Lỗi HTTP 429 - product id: 19395524, thử lại 1/3
2025-09-21 23:39:07,294 WARNING: Lỗi HTTP 429 - product id: 19585560, thử lại 1/3
2025-09-21 23:39:07,541 WARNING: Lỗi HTTP 404: Không tim thấy product id - product id: 19562427
2025-09-21 23:39:07,582 WARNING: Lỗi HTTP 429 - product id: 19330847, thử lại 2/3
2025-09-21 23:39:07,600 WARNING: Lỗi HTTP 429 - product id: 19332227, thử lại 2/3
2025-09-21 23:39:07,602 WARNING: Lỗi HTTP 429 - product id: 19605823, thử lại 1/3
2025-09-21 23:39:07,647 WARNING: Lỗi HTTP 429 - product id: 19605847, thử lại 1/3
2025-09-21 23:39:07,651 WARNING: Lỗi HTTP 429 - product id: 19606347, thử lại 1/3
2025-09-21 23:39:07,690 WARNING: Lỗi HTTP 429 - product id: 19607442, thử lại 1/3
2025-09-21 23:39:07,789 WARNING: Lỗi HTTP 429 - product id: 19345406, thử lại 2/3
2025-09-21 23:39:08,036 WARNING: Lỗi HTTP 429 - product id: 19638575, thử lại 1/3
2025-09-21 23:39:08,083 WARNING: Lỗi HTTP 429 - product id: 19638792, thử lại 1/3
2025-09-21 23:39:13,898 INFO: Đã commit batch 10 (1000 sản phẩm)
2025-09-21 23:39:13,927 INFO: Đã ghi 997 sản phẩm vào file /home/quannh/projects_de/project_2/output/products_batch_10_997_ids.csv
2025-09-21 23:39:13,969 INFO: Bắt đầu crawl batch 11 (1000 sản phẩm)
2025-09-21 23:39:19,468 WARNING: Lỗi HTTP 429 - product id: 20076125, thử lại 1/3
2025-09-21 23:39:21,590 WARNING: Lỗi HTTP 404: Không tim thấy product id - product id: 20150585
2025-09-21 23:39:25,221 WARNING: Lỗi HTTP 429 - product id: 20576552, thử lại 1/3
2025-09-21 23:39:25,469 WARNING: Lỗi HTTP 429 - product id: 20587802, thử lại 1/3
2025-09-21 23:39:25,522 WARNING: Lỗi HTTP 429 - product id: 20590783, thử lại 1/3
2025-09-21 23:39:25,523 WARNING: Lỗi HTTP 429 - product id: 20590777, thử lại 1/3
2025-09-21 23:39:25,583 WARNING: Lỗi HTTP 429 - product id: 20597476, thử lại 1/3
2025-09-21 23:39:25,866 WARNING: Lỗi HTTP 429 - product id: 20627434, thử lại 1/3
2025-09-21 23:39:26,078 WARNING: Lỗi HTTP 429 - product id: 20647348, thử lại 1/3
2025-09-21 23:39:28,815 WARNING: Lỗi HTTP 429 - product id: 20825191, thử lại 1/3
2025-09-21 23:39:28,929 WARNING: Lỗi HTTP 429 - product id: 20834992, thử lại 1/3
2025-09-21 23:39:28,970 WARNING: Lỗi HTTP 429 - product id: 20838846, thử lại 1/3
2025-09-21 23:39:29,025 WARNING: Lỗi HTTP 429 - product id: 20841123, thử lại 1/3
2025-09-21 23:39:29,170 WARNING: Lỗi HTTP 429 - product id: 20855157, thử lại 1/3
2025-09-21 23:39:29,220 WARNING: Lỗi HTTP 429 - product id: 20855177, thử lại 1/3
2025-09-21 23:39:29,718 WARNING: Lỗi HTTP 429 - product id: 20883779, thử lại 1/3
2025-09-21 23:39:29,774 WARNING: Lỗi HTTP 429 - product id: 20884701, thử lại 1/3
2025-09-21 23:39:29,819 WARNING: Lỗi HTTP 429 - product id: 20889241, thử lại 1/3
2025-09-21 23:39:29,830 WARNING: Lỗi HTTP 429 - product id: 20889261, thử lại 1/3
2025-09-21 23:39:33,910 INFO: Đã commit batch 11 (1000 sản phẩm)
2025-09-21 23:39:33,938 INFO: Đã ghi 999 sản phẩm vào file /home/quannh/projects_de/project_2/output/products_batch_11_999_ids.csv
2025-09-21 23:39:33,979 INFO: Bắt đầu crawl batch 12 (1000 sản phẩm)
2025-09-21 23:39:35,954 WARNING: Lỗi HTTP 429 - product id: 21091087, thử lại 1/3
2025-09-21 23:39:35,987 WARNING: Lỗi HTTP 429 - product id: 21093546, thử lại 1/3
2025-09-21 23:39:36,006 WARNING: Lỗi HTTP 429 - product id: 21095654, thử lại 1/3
2025-09-21 23:39:36,280 WARNING: Lỗi HTTP 429 - product id: 21128203, thử lại 1/3
2025-09-21 23:39:36,341 WARNING: Lỗi HTTP 429 - product id: 21145847, thử lại 1/3
2025-09-21 23:39:36,346 WARNING: Lỗi HTTP 429 - product id: 21142004, thử lại 1/3
2025-09-21 23:39:36,491 WARNING: Lỗi HTTP 429 - product id: 21148091, thử lại 1/3
2025-09-21 23:39:36,556 WARNING: Lỗi HTTP 429 - product id: 21152991, thử lại 1/3
2025-09-21 23:39:37,840 WARNING: Lỗi HTTP 429 - product id: 21276719, thử lại 1/3
2025-09-21 23:39:38,111 WARNING: Lỗi HTTP 404: Không tim thấy product id - product id: 21284912
2025-09-21 23:39:38,696 WARNING: Lỗi HTTP 429 - product id: 21380307, thử lại 1/3
2025-09-21 23:39:39,293 WARNING: Lỗi HTTP 429 - product id: 21429755, thử lại 1/3
2025-09-21 23:39:40,243 WARNING: Lỗi HTTP 429 - product id: 21553216, thử lại 1/3
2025-09-21 23:39:40,346 WARNING: Lỗi HTTP 429 - product id: 21572327, thử lại 1/3
2025-09-21 23:39:40,409 WARNING: Lỗi HTTP 429 - product id: 21575209, thử lại 1/3
2025-09-21 23:39:40,410 WARNING: Lỗi HTTP 429 - product id: 21576217, thử lại 1/3
2025-09-21 23:39:40,749 WARNING: Lỗi HTTP 429 - product id: 21608000, thử lại 1/3
2025-09-21 23:39:41,129 WARNING: Lỗi HTTP 429 - product id: 21615417, thử lại 1/3
2025-09-21 23:39:41,148 WARNING: Lỗi HTTP 429 - product id: 21635350, thử lại 1/3
2025-09-21 23:39:41,491 WARNING: Lỗi HTTP 429 - product id: 21730972, thử lại 1/3
2025-09-21 23:39:41,708 WARNING: Lỗi HTTP 429 - product id: 21745743, thử lại 1/3
2025-09-21 23:39:41,854 WARNING: Lỗi HTTP 429 - product id: 21759166, thử lại 1/3
2025-09-21 23:39:41,894 WARNING: Lỗi HTTP 429 - product id: 21761212, thử lại 1/3
2025-09-21 23:39:41,904 WARNING: Lỗi HTTP 429 - product id: 21761312, thử lại 1/3
2025-09-21 23:39:41,904 WARNING: Lỗi HTTP 429 - product id: 21761333, thử lại 1/3
2025-09-21 23:39:41,982 WARNING: Lỗi HTTP 429 - product id: 21818798, thử lại 1/3
2025-09-21 23:39:41,996 WARNING: Lỗi HTTP 429 - product id: 21819957, thử lại 1/3
2025-09-21 23:39:42,188 WARNING: Lỗi HTTP 429 - product id: 21860064, thử lại 1/3
2025-09-21 23:39:42,240 WARNING: Lỗi HTTP 429 - product id: 21866144, thử lại 1/3
2025-09-21 23:39:42,427 WARNING: Lỗi HTTP 429 - product id: 21915616, thử lại 1/3
2025-09-21 23:39:42,450 WARNING: Lỗi HTTP 429 - product id: 21916220, thử lại 1/3
2025-09-21 23:39:45,943 WARNING: Lỗi HTTP 429 - product id: 22254812, thử lại 1/3
2025-09-21 23:39:46,053 WARNING: Lỗi HTTP 429 - product id: 22293001, thử lại 1/3
2025-09-21 23:39:46,055 WARNING: Lỗi HTTP 429 - product id: 22293956, thử lại 1/3
2025-09-21 23:39:46,203 WARNING: Lỗi HTTP 429 - product id: 22362860, thử lại 1/3
2025-09-21 23:39:46,284 WARNING: Lỗi HTTP 429 - product id: 22365428, thử lại 1/3
2025-09-21 23:39:46,339 WARNING: Lỗi HTTP 429 - product id: 22368547, thử lại 1/3
2025-09-21 23:39:46,740 WARNING: Lỗi HTTP 429 - product id: 22399840, thử lại 1/3
2025-09-21 23:39:46,997 WARNING: Lỗi HTTP 429 - product id: 22448364, thử lại 1/3
2025-09-21 23:39:47,005 WARNING: Lỗi HTTP 429 - product id: 22448851, thử lại 1/3
2025-09-21 23:39:47,993 WARNING: Lỗi HTTP 429 - product id: 22604689, thử lại 1/3
2025-09-21 23:39:48,198 WARNING: Lỗi HTTP 429 - product id: 22613462, thử lại 1/3
2025-09-21 23:39:48,596 WARNING: Lỗi HTTP 429 - product id: 22631801, thử lại 1/3
2025-09-21 23:39:48,797 WARNING: Lỗi HTTP 429 - product id: 22671266, thử lại 1/3
2025-09-21 23:39:49,102 WARNING: Lỗi HTTP 429 - product id: 22762023, thử lại 1/3
2025-09-21 23:39:52,280 INFO: Đã commit batch 12 (1000 sản phẩm)
2025-09-21 23:39:52,309 INFO: Đã ghi 999 sản phẩm vào file /home/quannh/projects_de/project_2/output/products_batch_12_999_ids.csv
2025-09-21 23:39:52,351 INFO: Bắt đầu crawl batch 13 (1000 sản phẩm)
2025-09-21 23:39:52,426 WARNING: Lỗi HTTP 429 - product id: 22967484, thử lại 1/3
2025-09-21 23:39:54,142 WARNING: Lỗi HTTP 429 - product id: 23111312, thử lại 1/3
2025-09-21 23:39:54,163 WARNING: Lỗi HTTP 429 - product id: 23122276, thử lại 1/3
2025-09-21 23:39:54,262 WARNING: Lỗi HTTP 429 - product id: 23154961, thử lại 1/3
2025-09-21 23:39:54,301 WARNING: Lỗi HTTP 429 - product id: 23172740, thử lại 1/3
2025-09-21 23:39:54,311 WARNING: Lỗi HTTP 429 - product id: 23176795, thử lại 1/3
2025-09-21 23:39:54,459 WARNING: Lỗi HTTP 429 - product id: 23198860, thử lại 1/3
2025-09-21 23:39:54,544 WARNING: Lỗi HTTP 429 - product id: 23212531, thử lại 1/3
2025-09-21 23:39:54,608 WARNING: Lỗi HTTP 429 - product id: 23230977, thử lại 1/3
2025-09-21 23:39:55,755 WARNING: Lỗi HTTP 429 - product id: 23381106, thử lại 1/3
2025-09-21 23:39:56,772 WARNING: Lỗi HTTP 404: Không tim thấy product id - product id: 23383685
2025-09-21 23:39:58,271 WARNING: Lỗi HTTP 404: Không tim thấy product id - product id: 23569151
2025-09-21 23:39:59,298 WARNING: Lỗi HTTP 429 - product id: 23911609, thử lại 1/3
2025-09-21 23:39:59,302 WARNING: Lỗi HTTP 429 - product id: 23923582, thử lại 1/3
2025-09-21 23:39:59,348 WARNING: Lỗi HTTP 429 - product id: 23924533, thử lại 1/3
2025-09-21 23:39:59,365 WARNING: Lỗi HTTP 429 - product id: 23938153, thử lại 1/3
2025-09-21 23:39:59,400 WARNING: Lỗi HTTP 429 - product id: 23939942, thử lại 1/3
2025-09-21 23:39:59,402 WARNING: Lỗi HTTP 429 - product id: 23940340, thử lại 1/3
2025-09-21 23:39:59,559 WARNING: Lỗi HTTP 429 - product id: 23959468, thử lại 1/3
2025-09-21 23:39:59,620 WARNING: Lỗi HTTP 429 - product id: 23974633, thử lại 1/3
2025-09-21 23:39:59,716 WARNING: Lỗi HTTP 429 - product id: 24004187, thử lại 1/3
2025-09-21 23:40:01,308 WARNING: Lỗi HTTP 429 - product id: 24133043, thử lại 1/3
2025-09-21 23:40:01,456 WARNING: Lỗi HTTP 429 - product id: 24161151, thử lại 1/3
2025-09-21 23:40:02,257 WARNING: Lỗi HTTP 429 - product id: 24262912, thử lại 1/3
2025-09-21 23:40:02,323 WARNING: Lỗi HTTP 429 - product id: 24267390, thử lại 1/3
2025-09-21 23:40:02,359 WARNING: Lỗi HTTP 429 - product id: 24267412, thử lại 1/3
2025-09-21 23:40:02,405 WARNING: Lỗi HTTP 429 - product id: 24271579, thử lại 1/3
2025-09-21 23:40:02,425 WARNING: Lỗi HTTP 429 - product id: 23923582, thử lại 2/3
2025-09-21 23:40:02,439 WARNING: Lỗi HTTP 429 - product id: 24273332, thử lại 1/3
2025-09-21 23:40:02,471 WARNING: Lỗi HTTP 404: Không tim thấy product id - product id: 24243874
2025-09-21 23:40:02,482 WARNING: Lỗi HTTP 429 - product id: 23938153, thử lại 2/3
2025-09-21 23:40:02,493 WARNING: Lỗi HTTP 429 - product id: 24280493, thử lại 1/3
2025-09-21 23:40:02,494 WARNING: Lỗi HTTP 429 - product id: 23939942, thử lại 2/3
2025-09-21 23:40:04,814 WARNING: Lỗi HTTP 429 - product id: 24692323, thử lại 1/3
2025-09-21 23:40:04,863 WARNING: Lỗi HTTP 429 - product id: 24730168, thử lại 1/3
2025-09-21 23:40:04,955 WARNING: Lỗi HTTP 429 - product id: 24742457, thử lại 1/3
2025-09-21 23:40:05,047 WARNING: Lỗi HTTP 429 - product id: 24744992, thử lại 1/3
2025-09-21 23:40:05,907 WARNING: Lỗi HTTP 429 - product id: 24864933, thử lại 1/3
2025-09-21 23:40:06,455 WARNING: Lỗi HTTP 429 - product id: 24984248, thử lại 1/3
2025-09-21 23:40:06,550 WARNING: Lỗi HTTP 429 - product id: 25000131, thử lại 1/3
2025-09-21 23:40:06,551 WARNING: Lỗi HTTP 429 - product id: 25000378, thử lại 1/3
2025-09-21 23:40:07,049 WARNING: Lỗi HTTP 429 - product id: 25062312, thử lại 1/3
2025-09-21 23:40:07,151 WARNING: Lỗi HTTP 429 - product id: 25080115, thử lại 1/3
2025-09-21 23:40:07,158 WARNING: Lỗi HTTP 429 - product id: 25080796, thử lại 1/3
2025-09-21 23:40:07,211 WARNING: Lỗi HTTP 429 - product id: 25083594, thử lại 1/3
2025-09-21 23:40:07,223 WARNING: Lỗi HTTP 429 - product id: 25092865, thử lại 1/3
2025-09-21 23:40:07,308 WARNING: Lỗi HTTP 429 - product id: 25108315, thử lại 1/3
2025-09-21 23:40:07,389 WARNING: Lỗi HTTP 429 - product id: 25122356, thử lại 1/3
2025-09-21 23:40:07,551 WARNING: Lỗi HTTP 429 - product id: 25140433, thử lại 1/3
2025-09-21 23:40:07,607 WARNING: Lỗi HTTP 429 - product id: 25144103, thử lại 1/3
2025-09-21 23:40:10,692 INFO: Đã commit batch 13 (1000 sản phẩm)
2025-09-21 23:40:10,725 INFO: Đã ghi 997 sản phẩm vào file /home/quannh/projects_de/project_2/output/products_batch_13_997_ids.csv
2025-09-21 23:40:10,766 INFO: Bắt đầu crawl batch 14 (1000 sản phẩm)
2025-09-21 23:40:11,791 WARNING: Lỗi HTTP 404: Không tim thấy product id - product id: 25293276
2025-09-21 23:40:15,816 WARNING: Lỗi HTTP 429 - product id: 25766401, thử lại 1/3
2025-09-21 23:40:16,568 WARNING: Lỗi HTTP 429 - product id: 25742241, thử lại 1/3
2025-09-21 23:40:16,873 WARNING: Lỗi HTTP 429 - product id: 25979280, thử lại 1/3
2025-09-21 23:40:16,978 WARNING: Lỗi HTTP 429 - product id: 25982512, thử lại 1/3
2025-09-21 23:40:17,055 WARNING: Lỗi HTTP 429 - product id: 25983846, thử lại 1/3
2025-09-21 23:40:17,063 WARNING: Lỗi HTTP 429 - product id: 25984350, thử lại 1/3
2025-09-21 23:40:17,065 WARNING: Lỗi HTTP 429 - product id: 25984321, thử lại 1/3
2025-09-21 23:40:17,119 WARNING: Lỗi HTTP 429 - product id: 25986669, thử lại 1/3
2025-09-21 23:40:17,125 WARNING: Lỗi HTTP 429 - product id: 25988101, thử lại 1/3
2025-09-21 23:40:17,217 WARNING: Lỗi HTTP 429 - product id: 26022879, thử lại 1/3
2025-09-21 23:40:17,219 WARNING: Lỗi HTTP 429 - product id: 26024411, thử lại 1/3
2025-09-21 23:40:17,677 WARNING: Lỗi HTTP 429 - product id: 26073427, thử lại 1/3
2025-09-21 23:40:18,578 WARNING: Lỗi HTTP 429 - product id: 26146692, thử lại 1/3
2025-09-21 23:40:19,638 WARNING: Lỗi HTTP 404: Không tim thấy product id - product id: 26162099
2025-09-21 23:40:21,119 WARNING: Lỗi HTTP 429 - product id: 26483489, thử lại 1/3
2025-09-21 23:40:21,126 WARNING: Lỗi HTTP 429 - product id: 26483839, thử lại 1/3
2025-09-21 23:40:22,467 WARNING: Lỗi HTTP 429 - product id: 26738362, thử lại 1/3
2025-09-21 23:40:22,533 WARNING: Lỗi HTTP 429 - product id: 26745380, thử lại 1/3
2025-09-21 23:40:23,610 WARNING: Lỗi HTTP 429 - product id: 27644852, thử lại 1/3
2025-09-21 23:40:23,670 WARNING: Lỗi HTTP 429 - product id: 27658389, thử lại 1/3
2025-09-21 23:40:23,671 WARNING: Lỗi HTTP 429 - product id: 27659196, thử lại 1/3
2025-09-21 23:40:23,923 WARNING: Lỗi HTTP 429 - product id: 27730878, thử lại 1/3
2025-09-21 23:40:24,571 WARNING: Lỗi HTTP 429 - product id: 27858875, thử lại 1/3
2025-09-21 23:40:25,325 WARNING: Lỗi HTTP 429 - product id: 28077199, thử lại 1/3
2025-09-21 23:40:26,320 WARNING: Lỗi HTTP 429 - product id: 28349642, thử lại 1/3
2025-09-21 23:40:29,424 INFO: Đã commit batch 14 (1000 sản phẩm)
2025-09-21 23:40:29,457 INFO: Đã ghi 998 sản phẩm vào file /home/quannh/projects_de/project_2/output/products_batch_14_998_ids.csv
2025-09-21 23:40:29,498 INFO: Bắt đầu crawl batch 15 (1000 sản phẩm)
2025-09-21 23:40:32,443 WARNING: Lỗi HTTP 429 - product id: 29566926, thử lại 1/3
2025-09-21 23:40:32,506 WARNING: Lỗi HTTP 429 - product id: 29569049, thử lại 1/3
2025-09-21 23:40:33,157 WARNING: Lỗi HTTP 429 - product id: 29825389, thử lại 1/3
2025-09-21 23:40:33,199 WARNING: Lỗi HTTP 429 - product id: 29825392, thử lại 1/3
2025-09-21 23:40:33,244 WARNING: Lỗi HTTP 429 - product id: 29827227, thử lại 1/3
2025-09-21 23:40:33,305 WARNING: Lỗi HTTP 429 - product id: 29829799, thử lại 1/3
2025-09-21 23:40:33,604 WARNING: Lỗi HTTP 429 - product id: 29914657, thử lại 1/3
2025-09-21 23:40:33,662 WARNING: Lỗi HTTP 429 - product id: 29915007, thử lại 1/3
2025-09-21 23:40:33,695 WARNING: Lỗi HTTP 429 - product id: 29933092, thử lại 1/3
2025-09-21 23:40:33,701 WARNING: Lỗi HTTP 429 - product id: 29936776, thử lại 1/3
2025-09-21 23:40:34,054 WARNING: Lỗi HTTP 429 - product id: 30049329, thử lại 1/3
2025-09-21 23:40:34,341 WARNING: Lỗi HTTP 429 - product id: 30691347, thử lại 1/3
2025-09-21 23:40:34,411 WARNING: Lỗi HTTP 429 - product id: 30695280, thử lại 1/3
2025-09-21 23:40:34,591 WARNING: Lỗi HTTP 429 - product id: 30763661, thử lại 1/3
2025-09-21 23:40:34,709 WARNING: Lỗi HTTP 429 - product id: 30806818, thử lại 1/3
2025-09-21 23:40:34,747 WARNING: Lỗi HTTP 429 - product id: 30886679, thử lại 1/3
2025-09-21 23:40:34,851 WARNING: Lỗi HTTP 429 - product id: 30950442, thử lại 1/3
2025-09-21 23:40:35,253 WARNING: Lỗi HTTP 429 - product id: 31123986, thử lại 1/3
2025-09-21 23:40:35,302 WARNING: Lỗi HTTP 429 - product id: 31128302, thử lại 1/3
2025-09-21 23:40:35,444 WARNING: Lỗi HTTP 429 - product id: 31140867, thử lại 1/3
2025-09-21 23:40:35,597 WARNING: Lỗi HTTP 429 - product id: 31142817, thử lại 1/3
2025-09-21 23:40:35,609 WARNING: Lỗi HTTP 429 - product id: 31144228, thử lại 1/3
2025-09-21 23:40:35,874 WARNING: Lỗi HTTP 429 - product id: 31204322, thử lại 1/3
2025-09-21 23:40:35,900 WARNING: Lỗi HTTP 429 - product id: 31204373, thử lại 1/3
2025-09-21 23:40:36,692 WARNING: Lỗi HTTP 429 - product id: 31253501, thử lại 1/3
2025-09-21 23:40:36,791 WARNING: Lỗi HTTP 429 - product id: 31264586, thử lại 1/3
2025-09-21 23:40:36,843 WARNING: Lỗi HTTP 429 - product id: 31264930, thử lại 1/3
2025-09-21 23:40:39,455 WARNING: Lỗi HTTP 429 - product id: 31612822, thử lại 1/3
2025-09-21 23:40:39,597 WARNING: Lỗi HTTP 429 - product id: 31625661, thử lại 1/3
2025-09-21 23:40:41,798 WARNING: Lỗi HTTP 429 - product id: 31901947, thử lại 1/3
2025-09-21 23:40:41,818 WARNING: Lỗi HTTP 404: Không tim thấy product id - product id: 31855083
2025-09-21 23:40:42,270 WARNING: Lỗi HTTP 404: Không tim thấy product id - product id: 31908911
2025-09-21 23:40:42,321 WARNING: Lỗi HTTP 404: Không tim thấy product id - product id: 31909260
2025-09-21 23:40:46,433 INFO: Đã commit batch 15 (1000 sản phẩm)
2025-09-21 23:40:46,461 INFO: Đã ghi 997 sản phẩm vào file /home/quannh/projects_de/project_2/output/products_batch_15_997_ids.csv
2025-09-21 23:40:46,502 INFO: Bắt đầu crawl batch 16 (1000 sản phẩm)
2025-09-21 23:40:46,916 WARNING: Lỗi HTTP 429 - product id: 32574578, thử lại 1/3
2025-09-21 23:40:47,157 WARNING: Lỗi HTTP 429 - product id: 32592433, thử lại 1/3
2025-09-21 23:40:47,250 WARNING: Lỗi HTTP 429 - product id: 32629470, thử lại 1/3
2025-09-21 23:40:47,866 WARNING: Lỗi HTTP 429 - product id: 32711332, thử lại 1/3
2025-09-21 23:40:48,008 WARNING: Lỗi HTTP 429 - product id: 32740543, thử lại 1/3
2025-09-21 23:40:48,307 WARNING: Lỗi HTTP 429 - product id: 32787200, thử lại 1/3
2025-09-21 23:40:48,404 WARNING: Lỗi HTTP 429 - product id: 32805406, thử lại 1/3
2025-09-21 23:40:48,700 WARNING: Lỗi HTTP 429 - product id: 32855868, thử lại 1/3
2025-09-21 23:40:48,762 WARNING: Lỗi HTTP 429 - product id: 32864419, thử lại 1/3
2025-09-21 23:40:50,924 WARNING: Lỗi HTTP 404: Không tim thấy product id - product id: 33065672
2025-09-21 23:40:53,226 WARNING: Lỗi HTTP 404: Không tim thấy product id - product id: 33564005
2025-09-21 23:40:57,654 WARNING: Lỗi HTTP 429 - product id: 34576489, thử lại 1/3
2025-09-21 23:40:57,754 WARNING: Lỗi HTTP 429 - product id: 34579715, thử lại 1/3
2025-09-21 23:40:57,859 WARNING: Lỗi HTTP 429 - product id: 34611639, thử lại 1/3
2025-09-21 23:40:57,917 WARNING: Lỗi HTTP 429 - product id: 34618355, thử lại 1/3
2025-09-21 23:40:58,014 WARNING: Lỗi HTTP 429 - product id: 34636432, thử lại 1/3
2025-09-21 23:40:58,068 WARNING: Lỗi HTTP 429 - product id: 34638139, thử lại 1/3
2025-09-21 23:40:58,202 WARNING: Lỗi HTTP 429 - product id: 34669331, thử lại 1/3
2025-09-21 23:40:58,710 WARNING: Lỗi HTTP 429 - product id: 34710448, thử lại 1/3
2025-09-21 23:40:59,324 WARNING: Lỗi HTTP 404: Không tim thấy product id - product id: 34725666
2025-09-21 23:40:59,563 WARNING: Lỗi HTTP 429 - product id: 34789842, thử lại 1/3
2025-09-21 23:40:59,667 WARNING: Lỗi HTTP 429 - product id: 34811502, thử lại 1/3
2025-09-21 23:40:59,823 WARNING: Lỗi HTTP 404: Không tim thấy product id - product id: 34723602
2025-09-21 23:41:00,256 WARNING: Lỗi HTTP 429 - product id: 34954563, thử lại 1/3
2025-09-21 23:41:01,346 WARNING: Lỗi HTTP 429 - product id: 35188651, thử lại 1/3
2025-09-21 23:41:02,455 WARNING: Lỗi HTTP 429 - product id: 35235373, thử lại 1/3
2025-09-21 23:41:02,884 WARNING: Lỗi HTTP 404: Không tim thấy product id - product id: 35227126
2025-09-21 23:41:05,569 INFO: Đã commit batch 16 (1000 sản phẩm)
2025-09-21 23:41:05,598 INFO: Đã ghi 995 sản phẩm vào file /home/quannh/projects_de/project_2/output/products_batch_16_995_ids.csv
2025-09-21 23:41:05,639 INFO: Bắt đầu crawl batch 17 (1000 sản phẩm)
2025-09-21 23:41:06,010 WARNING: Lỗi HTTP 404: Không tim thấy product id - product id: 35251478
2025-09-21 23:41:09,504 WARNING: Lỗi HTTP 429 - product id: 35576766, thử lại 1/3
2025-09-21 23:41:09,543 WARNING: Lỗi HTTP 429 - product id: 35577834, thử lại 1/3
2025-09-21 23:41:09,548 WARNING: Lỗi HTTP 429 - product id: 35577838, thử lại 1/3
2025-09-21 23:41:09,592 WARNING: Lỗi HTTP 429 - product id: 35578392, thử lại 1/3
2025-09-21 23:41:09,783 WARNING: Lỗi HTTP 429 - product id: 35594360, thử lại 1/3
2025-09-21 23:41:10,441 WARNING: Lỗi HTTP 429 - product id: 35701341, thử lại 1/3
2025-09-21 23:41:10,504 WARNING: Lỗi HTTP 429 - product id: 35720843, thử lại 1/3
2025-09-21 23:41:10,561 WARNING: Lỗi HTTP 404: Không tim thấy product id - product id: 35723368
2025-09-21 23:41:10,581 WARNING: Lỗi HTTP 429 - product id: 35730320, thử lại 1/3
2025-09-21 23:41:10,645 WARNING: Lỗi HTTP 429 - product id: 35733016, thử lại 1/3
2025-09-21 23:41:10,694 WARNING: Lỗi HTTP 429 - product id: 35734953, thử lại 1/3
2025-09-21 23:41:10,734 WARNING: Lỗi HTTP 429 - product id: 35735602, thử lại 1/3
2025-09-21 23:41:10,800 WARNING: Lỗi HTTP 429 - product id: 35749762, thử lại 1/3
2025-09-21 23:41:11,089 WARNING: Lỗi HTTP 429 - product id: 35801534, thử lại 1/3
2025-09-21 23:41:11,152 WARNING: Lỗi HTTP 429 - product id: 35817265, thử lại 1/3
2025-09-21 23:41:11,248 WARNING: Lỗi HTTP 429 - product id: 35821340, thử lại 1/3
2025-09-21 23:41:11,335 WARNING: Lỗi HTTP 429 - product id: 35845284, thử lại 1/3
2025-09-21 23:41:11,338 WARNING: Lỗi HTTP 429 - product id: 35847168, thử lại 1/3
2025-09-21 23:41:11,396 WARNING: Lỗi HTTP 429 - product id: 35854531, thử lại 1/3
2025-09-21 23:41:11,513 WARNING: Lỗi HTTP 404: Không tim thấy product id - product id: 35723131
2025-09-21 23:41:11,753 WARNING: Lỗi HTTP 404: Không tim thấy product id - product id: 35865497
2025-09-21 23:41:11,984 WARNING: Lỗi HTTP 429 - product id: 35889725, thử lại 1/3
2025-09-21 23:41:12,089 WARNING: Lỗi HTTP 429 - product id: 35909204, thử lại 1/3
2025-09-21 23:41:12,202 WARNING: Lỗi HTTP 429 - product id: 35912694, thử lại 1/3
2025-09-21 23:41:13,392 WARNING: Lỗi HTTP 429 - product id: 36060614, thử lại 1/3
2025-09-21 23:41:13,544 WARNING: Lỗi HTTP 429 - product id: 36083942, thử lại 1/3
2025-09-21 23:41:13,713 WARNING: Lỗi HTTP 404: Không tim thấy product id - product id: 36023947
2025-09-21 23:41:14,348 WARNING: Lỗi HTTP 429 - product id: 36227064, thử lại 1/3
2025-09-21 23:41:14,863 WARNING: Lỗi HTTP 404: Không tim thấy product id - product id: 36188812
2025-09-21 23:41:19,162 WARNING: Lỗi HTTP 404: Không tim thấy product id - product id: 36740931
2025-09-21 23:41:19,718 WARNING: Lỗi HTTP 404: Không tim thấy product id - product id: 36767996
2025-09-21 23:41:19,842 WARNING: Lỗi HTTP 429 - product id: 36835878, thử lại 1/3
2025-09-21 23:41:20,568 WARNING: Lỗi HTTP 404: Không tim thấy product id - product id: 36869362
2025-09-21 23:41:20,744 WARNING: Lỗi HTTP 429 - product id: 37070416, thử lại 1/3
2025-09-21 23:41:20,899 WARNING: Lỗi HTTP 429 - product id: 37118107, thử lại 1/3
2025-09-21 23:41:21,264 WARNING: Lỗi HTTP 404: Không tim thấy product id - product id: 36995833
2025-09-21 23:41:24,033 INFO: Đã commit batch 17 (1000 sản phẩm)
2025-09-21 23:41:24,063 INFO: Đã ghi 990 sản phẩm vào file /home/quannh/projects_de/project_2/output/products_batch_17_990_ids.csv
2025-09-21 23:41:24,106 INFO: Bắt đầu crawl batch 18 (1000 sản phẩm)
2025-09-21 23:41:26,209 WARNING: Lỗi HTTP 429 - product id: 37684194, thử lại 1/3
2025-09-21 23:41:26,253 WARNING: Lỗi HTTP 429 - product id: 37687597, thử lại 1/3
2025-09-21 23:41:26,805 WARNING: Lỗi HTTP 429 - product id: 37748787, thử lại 1/3
2025-09-21 23:41:27,502 WARNING: Lỗi HTTP 429 - product id: 37826637, thử lại 1/3
2025-09-21 23:41:27,855 WARNING: Lỗi HTTP 429 - product id: 37869991, thử lại 1/3
2025-09-21 23:41:27,900 WARNING: Lỗi HTTP 429 - product id: 37870206, thử lại 1/3
2025-09-21 23:41:27,918 WARNING: Lỗi HTTP 429 - product id: 37870225, thử lại 1/3
2025-09-21 23:41:27,959 WARNING: Lỗi HTTP 429 - product id: 37871189, thử lại 1/3
2025-09-21 23:41:30,562 WARNING: Lỗi HTTP 429 - product id: 37952355, thử lại 1/3
2025-09-21 23:41:30,761 WARNING: Lỗi HTTP 429 - product id: 37961231, thử lại 1/3
2025-09-21 23:41:31,106 WARNING: Lỗi HTTP 429 - product id: 37976265, thử lại 1/3
2025-09-21 23:41:31,503 WARNING: Lỗi HTTP 429 - product id: 38041827, thử lại 1/3
2025-09-21 23:41:31,603 WARNING: Lỗi HTTP 429 - product id: 38042146, thử lại 1/3
2025-09-21 23:41:31,632 WARNING: Lỗi HTTP 404: Không tim thấy product id - product id: 37961414
2025-09-21 23:41:31,764 WARNING: Lỗi HTTP 429 - product id: 38042565, thử lại 1/3
2025-09-21 23:41:33,774 WARNING: Lỗi HTTP 404: Không tim thấy product id - product id: 38208053
2025-09-21 23:41:35,111 WARNING: Lỗi HTTP 429 - product id: 38413302, thử lại 1/3
2025-09-21 23:41:35,253 WARNING: Lỗi HTTP 429 - product id: 38417376, thử lại 1/3
2025-09-21 23:41:36,229 WARNING: Lỗi HTTP 404: Không tim thấy product id - product id: 38495219
2025-09-21 23:41:36,428 WARNING: Lỗi HTTP 404: Không tim thấy product id - product id: 38467919
2025-09-21 23:41:36,997 WARNING: Lỗi HTTP 429 - product id: 38933437, thử lại 1/3
2025-09-21 23:41:37,002 WARNING: Lỗi HTTP 429 - product id: 38935033, thử lại 1/3
2025-09-21 23:41:40,975 WARNING: Lỗi HTTP 404: Không tim thấy product id - product id: 39951047
2025-09-21 23:41:41,042 INFO: Đã commit batch 18 (1000 sản phẩm)
2025-09-21 23:41:41,069 INFO: Đã ghi 995 sản phẩm vào file /home/quannh/projects_de/project_2/output/products_batch_18_995_ids.csv
2025-09-21 23:41:41,110 INFO: Bắt đầu crawl batch 19 (1000 sản phẩm)
2025-09-21 23:41:41,260 WARNING: Lỗi HTTP 429 - product id: 40369312, thử lại 1/3
2025-09-21 23:41:41,480 WARNING: Lỗi HTTP 404: Không tim thấy product id - product id: 40184664
2025-09-21 23:41:41,958 WARNING: Lỗi HTTP 429 - product id: 40543501, thử lại 1/3
2025-09-21 23:41:42,027 WARNING: Lỗi HTTP 429 - product id: 40579706, thử lại 1/3
2025-09-21 23:41:42,027 WARNING: Lỗi HTTP 429 - product id: 40574033, thử lại 1/3
2025-09-21 23:41:42,171 WARNING: Lỗi HTTP 429 - product id: 40640458, thử lại 1/3
2025-09-21 23:41:42,211 WARNING: Lỗi HTTP 429 - product id: 40640471, thử lại 1/3
2025-09-21 23:41:42,264 WARNING: Lỗi HTTP 429 - product id: 40650377, thử lại 1/3
2025-09-21 23:41:42,272 WARNING: Lỗi HTTP 429 - product id: 40651160, thử lại 1/3
2025-09-21 23:41:42,565 WARNING: Lỗi HTTP 429 - product id: 40742274, thử lại 1/3
2025-09-21 23:41:44,513 WARNING: Lỗi HTTP 429 - product id: 40980760, thử lại 1/3
2025-09-21 23:41:47,679 WARNING: Lỗi HTTP 404: Không tim thấy product id - product id: 41293717
2025-09-21 23:41:48,180 WARNING: Lỗi HTTP 404: Không tim thấy product id - product id: 41321260
2025-09-21 23:41:48,881 WARNING: Lỗi HTTP 404: Không tim thấy product id - product id: 41343279
2025-09-21 23:41:50,365 WARNING: Lỗi HTTP 429 - product id: 41683346, thử lại 1/3
2025-09-21 23:41:52,374 WARNING: Lỗi HTTP 429 - product id: 42258950, thử lại 1/3
2025-09-21 23:41:52,412 WARNING: Lỗi HTTP 429 - product id: 42260653, thử lại 1/3
2025-09-21 23:41:52,455 WARNING: Lỗi HTTP 429 - product id: 42267365, thử lại 1/3
2025-09-21 23:41:52,462 WARNING: Lỗi HTTP 429 - product id: 42273147, thử lại 1/3
2025-09-21 23:41:52,505 WARNING: Lỗi HTTP 429 - product id: 42279777, thử lại 1/3
2025-09-21 23:41:52,658 WARNING: Lỗi HTTP 429 - product id: 42325720, thử lại 1/3
2025-09-21 23:41:52,710 WARNING: Lỗi HTTP 429 - product id: 42336973, thử lại 1/3
2025-09-21 23:41:52,712 WARNING: Lỗi HTTP 429 - product id: 42326658, thử lại 1/3
2025-09-21 23:41:52,764 WARNING: Lỗi HTTP 429 - product id: 42342017, thử lại 1/3
2025-09-21 23:41:52,918 WARNING: Lỗi HTTP 429 - product id: 42365702, thử lại 1/3
2025-09-21 23:41:53,500 WARNING: Lỗi HTTP 429 - product id: 41683346, thử lại 2/3
2025-09-21 23:41:53,667 WARNING: Lỗi HTTP 429 - product id: 42492757, thử lại 1/3
2025-09-21 23:41:54,355 WARNING: Lỗi HTTP 429 - product id: 42587157, thử lại 1/3
2025-09-21 23:41:54,369 WARNING: Lỗi HTTP 429 - product id: 42594878, thử lại 1/3
2025-09-21 23:41:54,380 WARNING: Lỗi HTTP 404: Không tim thấy product id - product id: 42496586
2025-09-21 23:41:59,623 INFO: Đã commit batch 19 (1000 sản phẩm)
2025-09-21 23:41:59,647 INFO: Đã ghi 995 sản phẩm vào file /home/quannh/projects_de/project_2/output/products_batch_19_995_ids.csv
2025-09-21 23:41:59,688 INFO: Bắt đầu crawl batch 20 (1000 sản phẩm)
2025-09-21 23:42:05,144 WARNING: Lỗi HTTP 429 - product id: 43723351, thử lại 1/3
2025-09-21 23:42:05,189 WARNING: Lỗi HTTP 429 - product id: 43733178, thử lại 1/3
2025-09-21 23:42:05,239 WARNING: Lỗi HTTP 429 - product id: 43741018, thử lại 1/3
2025-09-21 23:42:06,291 WARNING: Lỗi HTTP 429 - product id: 43831935, thử lại 1/3
2025-09-21 23:42:06,295 WARNING: Lỗi HTTP 429 - product id: 43833863, thử lại 1/3
2025-09-21 23:42:06,392 WARNING: Lỗi HTTP 429 - product id: 43837345, thử lại 1/3
2025-09-21 23:42:06,602 WARNING: Lỗi HTTP 429 - product id: 43845963, thử lại 1/3
2025-09-21 23:42:06,688 WARNING: Lỗi HTTP 429 - product id: 43849380, thử lại 1/3
2025-09-21 23:42:06,696 WARNING: Lỗi HTTP 429 - product id: 43849498, thử lại 1/3
2025-09-21 23:42:06,936 WARNING: Lỗi HTTP 429 - product id: 43859793, thử lại 1/3
2025-09-21 23:42:07,188 WARNING: Lỗi HTTP 429 - product id: 43869018, thử lại 1/3
2025-09-21 23:42:07,239 WARNING: Lỗi HTTP 429 - product id: 43869998, thử lại 1/3
2025-09-21 23:42:07,240 WARNING: Lỗi HTTP 429 - product id: 43869469, thử lại 1/3
2025-09-21 23:42:07,292 WARNING: Lỗi HTTP 429 - product id: 43871264, thử lại 1/3
2025-09-21 23:42:07,302 WARNING: Lỗi HTTP 429 - product id: 43874246, thử lại 1/3
2025-09-21 23:42:07,638 WARNING: Lỗi HTTP 429 - product id: 43914860, thử lại 1/3
2025-09-21 23:42:07,639 WARNING: Lỗi HTTP 429 - product id: 43921791, thử lại 1/3
2025-09-21 23:42:07,640 WARNING: Lỗi HTTP 429 - product id: 43916067, thử lại 1/3
2025-09-21 23:42:07,685 WARNING: Lỗi HTTP 429 - product id: 43927750, thử lại 1/3
2025-09-21 23:42:07,749 WARNING: Lỗi HTTP 429 - product id: 43932058, thử lại 1/3
2025-09-21 23:42:07,797 WARNING: Lỗi HTTP 429 - product id: 43934093, thử lại 1/3
2025-09-21 23:42:08,005 WARNING: Lỗi HTTP 429 - product id: 43979945, thử lại 1/3
2025-09-21 23:42:08,140 WARNING: Lỗi HTTP 429 - product id: 43993009, thử lại 1/3
2025-09-21 23:42:08,238 WARNING: Lỗi HTTP 429 - product id: 44007523, thử lại 1/3
2025-09-21 23:42:08,444 WARNING: Lỗi HTTP 429 - product id: 44017252, thử lại 1/3
2025-09-21 23:42:09,761 WARNING: Lỗi HTTP 429 - product id: 44120310, thử lại 1/3
2025-09-21 23:42:09,888 WARNING: Lỗi HTTP 429 - product id: 44123155, thử lại 1/3
2025-09-21 23:42:09,939 WARNING: Lỗi HTTP 429 - product id: 44143287, thử lại 1/3
2025-09-21 23:42:10,184 WARNING: Lỗi HTTP 429 - product id: 44155794, thử lại 1/3
2025-09-21 23:42:10,250 WARNING: Lỗi HTTP 429 - product id: 43869018, thử lại 2/3
2025-09-21 23:42:10,367 WARNING: Lỗi HTTP 429 - product id: 43874246, thử lại 2/3
2025-09-21 23:42:10,382 WARNING: Lỗi HTTP 429 - product id: 44183726, thử lại 1/3
2025-09-21 23:42:10,739 WARNING: Lỗi HTTP 429 - product id: 44233599, thử lại 1/3
2025-09-21 23:42:10,748 WARNING: Lỗi HTTP 429 - product id: 44235803, thử lại 1/3
2025-09-21 23:42:10,804 WARNING: Lỗi HTTP 429 - product id: 44241842, thử lại 1/3
2025-09-21 23:42:13,788 WARNING: Lỗi HTTP 429 - product id: 44777008, thử lại 1/3
2025-09-21 23:42:13,888 WARNING: Lỗi HTTP 429 - product id: 44800367, thử lại 1/3
2025-09-21 23:42:13,890 WARNING: Lỗi HTTP 429 - product id: 44800329, thử lại 1/3
2025-09-21 23:42:14,147 WARNING: Lỗi HTTP 404: Không tim thấy product id - product id: 44778879
2025-09-21 23:42:14,986 WARNING: Lỗi HTTP 429 - product id: 44866885, thử lại 1/3
2025-09-21 23:42:15,047 WARNING: Lỗi HTTP 429 - product id: 44872642, thử lại 1/3
2025-09-21 23:42:15,106 WARNING: Lỗi HTTP 429 - product id: 44876573, thử lại 1/3
2025-09-21 23:42:15,126 WARNING: Lỗi HTTP 429 - product id: 44877672, thử lại 1/3
2025-09-21 23:42:15,335 WARNING: Lỗi HTTP 429 - product id: 44885577, thử lại 1/3
2025-09-21 23:42:15,340 WARNING: Lỗi HTTP 429 - product id: 44887595, thử lại 1/3
2025-09-21 23:42:15,384 WARNING: Lỗi HTTP 429 - product id: 44887738, thử lại 1/3
2025-09-21 23:42:15,389 WARNING: Lỗi HTTP 429 - product id: 44888516, thử lại 1/3
2025-09-21 23:42:15,435 WARNING: Lỗi HTTP 429 - product id: 44895544, thử lại 1/3
2025-09-21 23:42:15,463 WARNING: Lỗi HTTP 429 - product id: 44899019, thử lại 1/3
2025-09-21 23:42:15,506 WARNING: Lỗi HTTP 429 - product id: 44899602, thử lại 1/3
2025-09-21 23:42:18,614 INFO: Đã commit batch 20 (1000 sản phẩm)
2025-09-21 23:42:18,640 INFO: Đã ghi 999 sản phẩm vào file /home/quannh/projects_de/project_2/output/products_batch_20_999_ids.csv
2025-09-21 23:42:18,680 INFO: Bắt đầu crawl batch 21 (1000 sản phẩm)
2025-09-21 23:42:19,527 WARNING: Lỗi HTTP 429 - product id: 45116727, thử lại 1/3
2025-09-21 23:42:19,686 WARNING: Lỗi HTTP 429 - product id: 45151333, thử lại 1/3
2025-09-21 23:42:19,878 WARNING: Lỗi HTTP 429 - product id: 45169432, thử lại 1/3
2025-09-21 23:42:19,980 WARNING: Lỗi HTTP 429 - product id: 45205793, thử lại 1/3
2025-09-21 23:42:19,989 WARNING: Lỗi HTTP 429 - product id: 45207232, thử lại 1/3
2025-09-21 23:42:20,301 WARNING: Lỗi HTTP 404: Không tim thấy product id - product id: 45244396
2025-09-21 23:42:20,584 WARNING: Lỗi HTTP 429 - product id: 45334993, thử lại 1/3
2025-09-21 23:42:20,681 WARNING: Lỗi HTTP 429 - product id: 45347399, thử lại 1/3
2025-09-21 23:42:20,839 WARNING: Lỗi HTTP 429 - product id: 45382423, thử lại 1/3
2025-09-21 23:42:20,935 WARNING: Lỗi HTTP 429 - product id: 45410498, thử lại 1/3
2025-09-21 23:42:21,906 WARNING: Lỗi HTTP 404: Không tim thấy product id - product id: 45463834
2025-09-21 23:42:23,529 WARNING: Lỗi HTTP 429 - product id: 45818119, thử lại 1/3
2025-09-21 23:42:24,126 WARNING: Lỗi HTTP 429 - product id: 45870057, thử lại 1/3
2025-09-21 23:42:24,187 WARNING: Lỗi HTTP 429 - product id: 45410498, thử lại 2/3
2025-09-21 23:42:24,501 WARNING: Lỗi HTTP 404: Không tim thấy product id - product id: 45832109
2025-09-21 23:42:24,545 WARNING: Lỗi HTTP 429 - product id: 46006547, thử lại 1/3
2025-09-21 23:42:24,576 WARNING: Lỗi HTTP 429 - product id: 46033627, thử lại 1/3
2025-09-21 23:42:24,632 WARNING: Lỗi HTTP 429 - product id: 46054441, thử lại 1/3
2025-09-21 23:42:24,683 WARNING: Lỗi HTTP 429 - product id: 46061015, thử lại 1/3
2025-09-21 23:42:24,748 WARNING: Lỗi HTTP 429 - product id: 46099432, thử lại 1/3
2025-09-21 23:42:24,750 WARNING: Lỗi HTTP 429 - product id: 46102598, thử lại 1/3
2025-09-21 23:42:24,771 WARNING: Lỗi HTTP 429 - product id: 46105126, thử lại 1/3
2025-09-21 23:42:24,772 WARNING: Lỗi HTTP 429 - product id: 46105601, thử lại 1/3
2025-09-21 23:42:25,028 WARNING: Lỗi HTTP 429 - product id: 46123272, thử lại 1/3
2025-09-21 23:42:25,080 WARNING: Lỗi HTTP 429 - product id: 46128438, thử lại 1/3
2025-09-21 23:42:28,695 WARNING: Lỗi HTTP 429 - product id: 46599897, thử lại 1/3
2025-09-21 23:42:30,453 WARNING: Lỗi HTTP 404: Không tim thấy product id - product id: 46655824
2025-09-21 23:42:31,612 WARNING: Lỗi HTTP 404: Không tim thấy product id - product id: 46732905
2025-09-21 23:42:35,527 INFO: Đã commit batch 21 (1000 sản phẩm)
2025-09-21 23:42:35,554 INFO: Đã ghi 995 sản phẩm vào file /home/quannh/projects_de/project_2/output/products_batch_21_995_ids.csv
2025-09-21 23:42:35,596 INFO: Bắt đầu crawl batch 22 (1000 sản phẩm)
2025-09-21 23:42:37,539 WARNING: Lỗi HTTP 429 - product id: 48014253, thử lại 1/3
2025-09-21 23:42:38,437 WARNING: Lỗi HTTP 429 - product id: 48059879, thử lại 1/3
2025-09-21 23:42:38,444 WARNING: Lỗi HTTP 429 - product id: 48060190, thử lại 1/3
2025-09-21 23:42:38,452 WARNING: Lỗi HTTP 429 - product id: 48060435, thử lại 1/3
2025-09-21 23:42:38,947 WARNING: Lỗi HTTP 429 - product id: 48100017, thử lại 1/3
2025-09-21 23:42:38,959 WARNING: Lỗi HTTP 429 - product id: 48100675, thử lại 1/3
2025-09-21 23:42:39,199 WARNING: Lỗi HTTP 429 - product id: 48117903, thử lại 1/3
2025-09-21 23:42:39,289 WARNING: Lỗi HTTP 429 - product id: 48122917, thử lại 1/3
2025-09-21 23:42:39,295 WARNING: Lỗi HTTP 429 - product id: 48124799, thử lại 1/3
2025-09-21 23:42:39,448 WARNING: Lỗi HTTP 429 - product id: 48135998, thử lại 1/3
2025-09-21 23:42:39,905 WARNING: Lỗi HTTP 429 - product id: 48188170, thử lại 1/3
2025-09-21 23:42:39,990 WARNING: Lỗi HTTP 429 - product id: 48213529, thử lại 1/3
2025-09-21 23:42:39,998 WARNING: Lỗi HTTP 429 - product id: 48213542, thử lại 1/3
2025-09-21 23:42:40,110 WARNING: Lỗi HTTP 429 - product id: 48213634, thử lại 1/3
2025-09-21 23:42:40,196 WARNING: Lỗi HTTP 429 - product id: 48223389, thử lại 1/3
2025-09-21 23:42:40,244 WARNING: Lỗi HTTP 429 - product id: 48229491, thử lại 1/3
2025-09-21 23:42:40,351 WARNING: Lỗi HTTP 429 - product id: 48252464, thử lại 1/3
2025-09-21 23:42:41,341 WARNING: Lỗi HTTP 429 - product id: 48302851, thử lại 1/3
2025-09-21 23:42:41,445 WARNING: Lỗi HTTP 429 - product id: 48309730, thử lại 1/3
2025-09-21 23:42:41,509 WARNING: Lỗi HTTP 429 - product id: 48060190, thử lại 2/3
2025-09-21 23:42:41,639 WARNING: Lỗi HTTP 429 - product id: 48315654, thử lại 1/3
2025-09-21 23:42:41,640 WARNING: Lỗi HTTP 429 - product id: 48315458, thử lại 1/3
2025-09-21 23:42:42,845 WARNING: Lỗi HTTP 429 - product id: 48418870, thử lại 1/3
2025-09-21 23:42:42,911 WARNING: Lỗi HTTP 429 - product id: 48436325, thử lại 1/3
2025-09-21 23:42:42,944 WARNING: Lỗi HTTP 429 - product id: 48438681, thử lại 1/3
2025-09-21 23:42:43,000 WARNING: Lỗi HTTP 429 - product id: 48444631, thử lại 1/3
2025-09-21 23:42:43,104 WARNING: Lỗi HTTP 429 - product id: 48453934, thử lại 1/3
2025-09-21 23:42:43,345 WARNING: Lỗi HTTP 429 - product id: 48229491, thử lại 2/3
2025-09-21 23:42:43,394 WARNING: Lỗi HTTP 429 - product id: 48461717, thử lại 1/3
2025-09-21 23:42:43,397 WARNING: Lỗi HTTP 429 - product id: 48462342, thử lại 1/3
2025-09-21 23:42:43,410 WARNING: Lỗi HTTP 429 - product id: 48462951, thử lại 1/3
2025-09-21 23:42:43,458 WARNING: Lỗi HTTP 429 - product id: 48252464, thử lại 2/3
2025-09-21 23:42:43,459 WARNING: Lỗi HTTP 429 - product id: 48475965, thử lại 1/3
2025-09-21 23:42:44,053 WARNING: Lỗi HTTP 429 - product id: 48512228, thử lại 1/3
2025-09-21 23:42:44,108 WARNING: Lỗi HTTP 429 - product id: 48515181, thử lại 1/3
2025-09-21 23:42:44,312 WARNING: Lỗi HTTP 429 - product id: 48519625, thử lại 1/3
2025-09-21 23:42:47,352 WARNING: Lỗi HTTP 429 - product id: 48658198, thử lại 1/3
2025-09-21 23:42:51,350 WARNING: Lỗi HTTP 429 - product id: 49031038, thử lại 1/3
2025-09-21 23:42:51,393 WARNING: Lỗi HTTP 429 - product id: 49031919, thử lại 1/3
2025-09-21 23:42:51,602 WARNING: Lỗi HTTP 429 - product id: 49062214, thử lại 1/3
2025-09-21 23:42:54,809 INFO: Đã commit batch 22 (1000 sản phẩm)
2025-09-21 23:42:54,837 INFO: Đã ghi 1000 sản phẩm vào file /home/quannh/projects_de/project_2/output/products_batch_22_1000_ids.csv
2025-09-21 23:42:54,878 INFO: Bắt đầu crawl batch 23 (1000 sản phẩm)
2025-09-21 23:42:56,723 WARNING: Lỗi HTTP 429 - product id: 49251823, thử lại 1/3
2025-09-21 23:42:56,725 WARNING: Lỗi HTTP 429 - product id: 49251853, thử lại 1/3
2025-09-21 23:42:56,882 WARNING: Lỗi HTTP 429 - product id: 49267297, thử lại 1/3
2025-09-21 23:42:57,351 WARNING: Lỗi HTTP 404: Không tim thấy product id - product id: 49250760
2025-09-21 23:42:58,135 WARNING: Lỗi HTTP 429 - product id: 49379549, thử lại 1/3
2025-09-21 23:43:03,390 WARNING: Lỗi HTTP 429 - product id: 50025482, thử lại 1/3
2025-09-21 23:43:03,678 WARNING: Lỗi HTTP 429 - product id: 50090784, thử lại 1/3
2025-09-21 23:43:03,774 WARNING: Lỗi HTTP 429 - product id: 50097769, thử lại 1/3
2025-09-21 23:43:03,775 WARNING: Lỗi HTTP 429 - product id: 50097707, thử lại 1/3
2025-09-21 23:43:03,777 WARNING: Lỗi HTTP 429 - product id: 50110477, thử lại 1/3
2025-09-21 23:43:04,979 WARNING: Lỗi HTTP 429 - product id: 50257073, thử lại 1/3
2025-09-21 23:43:05,672 WARNING: Lỗi HTTP 429 - product id: 50315616, thử lại 1/3
2025-09-21 23:43:05,673 WARNING: Lỗi HTTP 429 - product id: 50312548, thử lại 1/3
2025-09-21 23:43:05,730 WARNING: Lỗi HTTP 429 - product id: 50323161, thử lại 1/3
2025-09-21 23:43:07,024 WARNING: Lỗi HTTP 429 - product id: 50377676, thử lại 1/3
2025-09-21 23:43:07,229 WARNING: Lỗi HTTP 429 - product id: 50387273, thử lại 1/3
2025-09-21 23:43:07,286 WARNING: Lỗi HTTP 429 - product id: 50394718, thử lại 1/3
2025-09-21 23:43:07,374 WARNING: Lỗi HTTP 429 - product id: 50397647, thử lại 1/3
2025-09-21 23:43:07,382 WARNING: Lỗi HTTP 429 - product id: 50397729, thử lại 1/3
2025-09-21 23:43:07,437 WARNING: Lỗi HTTP 429 - product id: 50403232, thử lại 1/3
2025-09-21 23:43:07,472 WARNING: Lỗi HTTP 429 - product id: 50404522, thử lại 1/3
2025-09-21 23:43:07,533 WARNING: Lỗi HTTP 429 - product id: 50407638, thử lại 1/3
2025-09-21 23:43:07,549 WARNING: Lỗi HTTP 429 - product id: 50407899, thử lại 1/3
2025-09-21 23:43:07,602 WARNING: Lỗi HTTP 429 - product id: 50413183, thử lại 1/3
2025-09-21 23:43:07,725 WARNING: Lỗi HTTP 429 - product id: 50422426, thử lại 1/3
2025-09-21 23:43:07,727 WARNING: Lỗi HTTP 429 - product id: 50422430, thử lại 1/3
2025-09-21 23:43:10,650 WARNING: Lỗi HTTP 429 - product id: 50724102, thử lại 1/3
2025-09-21 23:43:10,834 WARNING: Lỗi HTTP 429 - product id: 50730953, thử lại 1/3
2025-09-21 23:43:10,836 WARNING: Lỗi HTTP 429 - product id: 50413183, thử lại 2/3
2025-09-21 23:43:16,985 INFO: Đã commit batch 23 (1000 sản phẩm)
2025-09-21 23:43:17,014 INFO: Đã ghi 999 sản phẩm vào file /home/quannh/projects_de/project_2/output/products_batch_23_999_ids.csv
2025-09-21 23:43:17,055 INFO: Bắt đầu crawl batch 24 (1000 sản phẩm)
2025-09-21 23:43:18,516 WARNING: Lỗi HTTP 429 - product id: 51046273, thử lại 1/3
2025-09-21 23:43:18,600 WARNING: Lỗi HTTP 429 - product id: 51053523, thử lại 1/3
2025-09-21 23:43:18,604 WARNING: Lỗi HTTP 429 - product id: 51053532, thử lại 1/3
2025-09-21 23:43:18,812 WARNING: Lỗi HTTP 429 - product id: 51063241, thử lại 1/3
2025-09-21 23:43:18,858 WARNING: Lỗi HTTP 429 - product id: 51063972, thử lại 1/3
2025-09-21 23:43:18,899 WARNING: Lỗi HTTP 429 - product id: 51069112, thử lại 1/3
2025-09-21 23:43:18,906 WARNING: Lỗi HTTP 429 - product id: 51069370, thử lại 1/3
2025-09-21 23:43:19,259 WARNING: Lỗi HTTP 429 - product id: 51102838, thử lại 1/3
2025-09-21 23:43:20,555 WARNING: Lỗi HTTP 429 - product id: 51270429, thử lại 1/3
2025-09-21 23:43:20,606 WARNING: Lỗi HTTP 429 - product id: 51280936, thử lại 1/3
2025-09-21 23:43:20,616 WARNING: Lỗi HTTP 429 - product id: 51283606, thử lại 1/3
2025-09-21 23:43:20,708 WARNING: Lỗi HTTP 429 - product id: 51284170, thử lại 1/3
2025-09-21 23:43:20,709 WARNING: Lỗi HTTP 429 - product id: 51284435, thử lại 1/3
2025-09-21 23:43:20,757 WARNING: Lỗi HTTP 429 - product id: 51284573, thử lại 1/3
2025-09-21 23:43:20,809 WARNING: Lỗi HTTP 429 - product id: 51287540, thử lại 1/3
2025-09-21 23:43:20,811 WARNING: Lỗi HTTP 429 - product id: 51288229, thử lại 1/3
2025-09-21 23:43:21,701 WARNING: Lỗi HTTP 429 - product id: 51053532, thử lại 2/3
2025-09-21 23:43:21,755 WARNING: Lỗi HTTP 429 - product id: 51373824, thử lại 1/3
2025-09-21 23:43:22,111 WARNING: Lỗi HTTP 429 - product id: 51419444, thử lại 1/3
2025-09-21 23:43:22,702 WARNING: Lỗi HTTP 429 - product id: 51474888, thử lại 1/3
2025-09-21 23:43:22,709 WARNING: Lỗi HTTP 429 - product id: 51476435, thử lại 1/3
2025-09-21 23:43:27,161 WARNING: Lỗi HTTP 429 - product id: 51954783, thử lại 1/3
2025-09-21 23:43:27,306 WARNING: Lỗi HTTP 429 - product id: 51958087, thử lại 1/3
2025-09-21 23:43:27,356 WARNING: Lỗi HTTP 429 - product id: 51964192, thử lại 1/3
2025-09-21 23:43:27,448 WARNING: Lỗi HTTP 429 - product id: 51968886, thử lại 1/3
2025-09-21 23:43:27,510 WARNING: Lỗi HTTP 429 - product id: 51971479, thử lại 1/3
2025-09-21 23:43:27,561 WARNING: Lỗi HTTP 429 - product id: 51982458, thử lại 1/3
2025-09-21 23:43:27,603 WARNING: Lỗi HTTP 429 - product id: 51982903, thử lại 1/3
2025-09-21 23:43:27,610 WARNING: Lỗi HTTP 429 - product id: 51983159, thử lại 1/3
2025-09-21 23:43:27,611 WARNING: Lỗi HTTP 429 - product id: 51983692, thử lại 1/3
2025-09-21 23:43:27,666 WARNING: Lỗi HTTP 429 - product id: 51987604, thử lại 1/3
2025-09-21 23:43:27,749 WARNING: Lỗi HTTP 429 - product id: 51988151, thử lại 1/3
2025-09-21 23:43:27,761 WARNING: Lỗi HTTP 429 - product id: 51988162, thử lại 1/3
2025-09-21 23:43:27,803 WARNING: Lỗi HTTP 429 - product id: 51988177, thử lại 1/3
2025-09-21 23:43:27,894 WARNING: Lỗi HTTP 429 - product id: 51988252, thử lại 1/3
2025-09-21 23:43:27,953 WARNING: Lỗi HTTP 429 - product id: 51988260, thử lại 1/3
2025-09-21 23:43:27,955 WARNING: Lỗi HTTP 429 - product id: 51988336, thử lại 1/3
2025-09-21 23:43:28,019 WARNING: Lỗi HTTP 429 - product id: 51989468, thử lại 1/3
2025-09-21 23:43:28,556 WARNING: Lỗi HTTP 429 - product id: 52050267, thử lại 1/3
2025-09-21 23:43:29,756 WARNING: Lỗi HTTP 429 - product id: 52107204, thử lại 1/3
2025-09-21 23:43:30,053 WARNING: Lỗi HTTP 429 - product id: 52110442, thử lại 1/3
2025-09-21 23:43:30,154 WARNING: Lỗi HTTP 429 - product id: 52111342, thử lại 1/3
2025-09-21 23:43:30,478 WARNING: Lỗi HTTP 404: Không tim thấy product id - product id: 52112865
2025-09-21 23:43:30,694 WARNING: Lỗi HTTP 429 - product id: 51983159, thử lại 2/3
2025-09-21 23:43:30,754 WARNING: Lỗi HTTP 429 - product id: 51987604, thử lại 2/3
2025-09-21 23:43:30,859 WARNING: Lỗi HTTP 429 - product id: 51988162, thử lại 2/3
2025-09-21 23:43:30,902 WARNING: Lỗi HTTP 429 - product id: 52133933, thử lại 1/3
2025-09-21 23:43:36,947 INFO: Đã commit batch 24 (1000 sản phẩm)
2025-09-21 23:43:36,975 INFO: Đã ghi 999 sản phẩm vào file /home/quannh/projects_de/project_2/output/products_batch_24_999_ids.csv
2025-09-21 23:43:37,016 INFO: Bắt đầu crawl batch 25 (1000 sản phẩm)
2025-09-21 23:43:37,866 WARNING: Lỗi HTTP 429 - product id: 52290353, thử lại 1/3
2025-09-21 23:43:37,915 WARNING: Lỗi HTTP 429 - product id: 52293689, thử lại 1/3
2025-09-21 23:43:37,930 WARNING: Lỗi HTTP 429 - product id: 52294064, thử lại 1/3
2025-09-21 23:43:37,977 WARNING: Lỗi HTTP 429 - product id: 52297123, thử lại 1/3
2025-09-21 23:43:38,069 WARNING: Lỗi HTTP 429 - product id: 52309135, thử lại 1/3
2025-09-21 23:43:38,442 WARNING: Lỗi HTTP 404: Không tim thấy product id - product id: 52277277
2025-09-21 23:43:38,919 WARNING: Lỗi HTTP 429 - product id: 52372935, thử lại 1/3
2025-09-21 23:43:40,717 WARNING: Lỗi HTTP 429 - product id: 52449308, thử lại 1/3
2025-09-21 23:43:41,788 WARNING: Lỗi HTTP 404: Không tim thấy product id - product id: 52484184
2025-09-21 23:43:43,366 WARNING: Lỗi HTTP 429 - product id: 52657560, thử lại 1/3
2025-09-21 23:43:43,535 WARNING: Lỗi HTTP 404: Không tim thấy product id - product id: 52649551
2025-09-21 23:43:43,588 WARNING: Lỗi HTTP 404: Không tim thấy product id - product id: 52649555
2025-09-21 23:43:43,723 WARNING: Lỗi HTTP 429 - product id: 52670551, thử lại 1/3
2025-09-21 23:43:43,988 WARNING: Lỗi HTTP 404: Không tim thấy product id - product id: 52649533
2025-09-21 23:43:43,991 WARNING: Lỗi HTTP 404: Không tim thấy product id - product id: 52659820
2025-09-21 23:43:44,038 WARNING: Lỗi HTTP 404: Không tim thấy product id - product id: 52659824
2025-09-21 23:43:44,038 WARNING: Lỗi HTTP 404: Không tim thấy product id - product id: 52649547
2025-09-21 23:43:44,087 WARNING: Lỗi HTTP 404: Không tim thấy product id - product id: 52649564
2025-09-21 23:43:46,327 WARNING: Lỗi HTTP 429 - product id: 52889640, thử lại 1/3
2025-09-21 23:43:46,411 WARNING: Lỗi HTTP 429 - product id: 52893995, thử lại 1/3
2025-09-21 23:43:46,464 WARNING: Lỗi HTTP 429 - product id: 52911393, thử lại 1/3
2025-09-21 23:43:51,019 WARNING: Lỗi HTTP 429 - product id: 53513980, thử lại 1/3
2025-09-21 23:43:51,637 WARNING: Lỗi HTTP 404: Không tim thấy product id - product id: 53492237
2025-09-21 23:43:54,108 INFO: Đã commit batch 25 (1000 sản phẩm)
2025-09-21 23:43:54,141 INFO: Đã ghi 990 sản phẩm vào file /home/quannh/projects_de/project_2/output/products_batch_25_990_ids.csv
2025-09-21 23:43:54,182 INFO: Bắt đầu crawl batch 26 (1000 sản phẩm)
2025-09-21 23:43:54,853 WARNING: Lỗi HTTP 404: Không tim thấy product id - product id: 53836822
2025-09-21 23:43:54,959 WARNING: Lỗi HTTP 404: Không tim thấy product id - product id: 53837414
2025-09-21 23:43:55,004 WARNING: Lỗi HTTP 404: Không tim thấy product id - product id: 53837553
2025-09-21 23:43:55,007 WARNING: Lỗi HTTP 404: Không tim thấy product id - product id: 53839583
2025-09-21 23:43:55,056 WARNING: Lỗi HTTP 404: Không tim thấy product id - product id: 53838886
2025-09-21 23:43:55,058 WARNING: Lỗi HTTP 404: Không tim thấy product id - product id: 53839813
2025-09-21 23:43:55,104 WARNING: Lỗi HTTP 404: Không tim thấy product id - product id: 53840242
2025-09-21 23:43:55,491 WARNING: Lỗi HTTP 429 - product id: 53977891, thử lại 1/3
2025-09-21 23:43:56,187 WARNING: Lỗi HTTP 429 - product id: 54006228, thử lại 1/3
2025-09-21 23:43:56,233 WARNING: Lỗi HTTP 429 - product id: 54008651, thử lại 1/3
2025-09-21 23:43:56,249 WARNING: Lỗi HTTP 429 - product id: 54009006, thử lại 1/3
2025-09-21 23:43:56,294 WARNING: Lỗi HTTP 429 - product id: 54014706, thử lại 1/3
2025-09-21 23:43:57,186 WARNING: Lỗi HTTP 429 - product id: 54072571, thử lại 1/3
2025-09-21 23:43:57,233 WARNING: Lỗi HTTP 429 - product id: 54076078, thử lại 1/3
2025-09-21 23:43:57,249 WARNING: Lỗi HTTP 429 - product id: 54080141, thử lại 1/3
2025-09-21 23:43:58,685 WARNING: Lỗi HTTP 429 - product id: 54346510, thử lại 1/3
2025-09-21 23:43:58,745 WARNING: Lỗi HTTP 429 - product id: 54346543, thử lại 1/3
2025-09-21 23:43:58,834 WARNING: Lỗi HTTP 429 - product id: 54350186, thử lại 1/3
2025-09-21 23:43:59,085 WARNING: Lỗi HTTP 429 - product id: 54361495, thử lại 1/3
2025-09-21 23:43:59,150 WARNING: Lỗi HTTP 429 - product id: 54362756, thử lại 1/3
2025-09-21 23:43:59,226 WARNING: Lỗi HTTP 429 - product id: 54368341, thử lại 1/3
2025-09-21 23:43:59,233 WARNING: Lỗi HTTP 429 - product id: 54368748, thử lại 1/3
2025-09-21 23:43:59,296 WARNING: Lỗi HTTP 429 - product id: 54006228, thử lại 2/3
2025-09-21 23:43:59,483 WARNING: Lỗi HTTP 429 - product id: 54383631, thử lại 1/3
2025-09-21 23:43:59,594 WARNING: Lỗi HTTP 429 - product id: 54387203, thử lại 1/3
2025-09-21 23:43:59,786 WARNING: Lỗi HTTP 429 - product id: 54389052, thử lại 1/3
2025-09-21 23:43:59,838 WARNING: Lỗi HTTP 429 - product id: 54389074, thử lại 1/3
2025-09-21 23:43:59,891 WARNING: Lỗi HTTP 429 - product id: 54389097, thử lại 1/3
2025-09-21 23:44:00,405 WARNING: Lỗi HTTP 404: Không tim thấy product id - product id: 54383608
2025-09-21 23:44:00,457 WARNING: Lỗi HTTP 404: Không tim thấy product id - product id: 54393674
2025-09-21 23:44:01,210 WARNING: Lỗi HTTP 404: Không tim thấy product id - product id: 54393642
2025-09-21 23:44:01,213 WARNING: Lỗi HTTP 404: Không tim thấy product id - product id: 54393657
2025-09-21 23:44:01,255 WARNING: Lỗi HTTP 404: Không tim thấy product id - product id: 54393665
2025-09-21 23:44:01,499 WARNING: Lỗi HTTP 429 - product id: 54441580, thử lại 1/3
2025-09-21 23:44:01,501 WARNING: Lỗi HTTP 429 - product id: 54440884, thử lại 1/3
2025-09-21 23:44:01,531 WARNING: Lỗi HTTP 429 - product id: 54442551, thử lại 1/3
2025-09-21 23:44:01,558 WARNING: Lỗi HTTP 404: Không tim thấy product id - product id: 54442554
2025-09-21 23:44:01,567 WARNING: Lỗi HTTP 429 - product id: 54442732, thử lại 1/3
2025-09-21 23:44:01,584 WARNING: Lỗi HTTP 429 - product id: 54443295, thử lại 1/3
2025-09-21 23:44:01,844 WARNING: Lỗi HTTP 429 - product id: 54456659, thử lại 1/3
2025-09-21 23:44:01,898 WARNING: Lỗi HTTP 429 - product id: 54350186, thử lại 2/3
2025-09-21 23:44:01,933 WARNING: Lỗi HTTP 429 - product id: 54460620, thử lại 1/3
2025-09-21 23:44:02,150 WARNING: Lỗi HTTP 429 - product id: 54473237, thử lại 1/3
2025-09-21 23:44:02,198 WARNING: Lỗi HTTP 429 - product id: 54475299, thử lại 1/3
2025-09-21 23:44:02,227 WARNING: Lỗi HTTP 429 - product id: 54476449, thử lại 1/3
2025-09-21 23:44:02,238 WARNING: Lỗi HTTP 429 - product id: 54476638, thử lại 1/3
2025-09-21 23:44:02,339 WARNING: Lỗi HTTP 429 - product id: 54479385, thử lại 1/3
2025-09-21 23:44:02,557 WARNING: Lỗi HTTP 404: Không tim thấy product id - product id: 54442572
2025-09-21 23:44:02,596 WARNING: Lỗi HTTP 429 - product id: 54497778, thử lại 1/3
2025-09-21 23:44:02,879 WARNING: Lỗi HTTP 429 - product id: 54563618, thử lại 1/3
2025-09-21 23:44:03,036 WARNING: Lỗi HTTP 429 - product id: 54582119, thử lại 1/3
2025-09-21 23:44:03,210 WARNING: Lỗi HTTP 404: Không tim thấy product id - product id: 54383631
2025-09-21 23:44:03,255 WARNING: Lỗi HTTP 404: Không tim thấy product id - product id: 54368341
2025-09-21 23:44:03,733 WARNING: Lỗi HTTP 429 - product id: 54623353, thử lại 1/3
2025-09-21 23:44:03,738 WARNING: Lỗi HTTP 429 - product id: 54623357, thử lại 1/3
2025-09-21 23:44:03,906 WARNING: Lỗi HTTP 404: Không tim thấy product id - product id: 54583105
2025-09-21 23:44:04,426 WARNING: Lỗi HTTP 429 - product id: 54651174, thử lại 1/3
2025-09-21 23:44:04,686 WARNING: Lỗi HTTP 429 - product id: 54674975, thử lại 1/3
2025-09-21 23:44:04,692 WARNING: Lỗi HTTP 429 - product id: 54675056, thử lại 1/3
2025-09-21 23:44:04,943 WARNING: Lỗi HTTP 429 - product id: 54692916, thử lại 1/3
2025-09-21 23:44:04,999 WARNING: Lỗi HTTP 429 - product id: 54460620, thử lại 2/3
2025-09-21 23:44:05,156 WARNING: Lỗi HTTP 404: Không tim thấy product id - product id: 54442551
2025-09-21 23:44:05,760 WARNING: Lỗi HTTP 404: Không tim thấy product id - product id: 54683588
2025-09-21 23:44:06,210 WARNING: Lỗi HTTP 404: Không tim thấy product id - product id: 54745696
2025-09-21 23:44:07,984 WARNING: Lỗi HTTP 429 - product id: 54929901, thử lại 1/3
2025-09-21 23:44:08,086 WARNING: Lỗi HTTP 429 - product id: 54929964, thử lại 1/3
2025-09-21 23:44:08,097 WARNING: Lỗi HTTP 429 - product id: 54929975, thử lại 1/3
2025-09-21 23:44:08,147 WARNING: Lỗi HTTP 429 - product id: 54930038, thử lại 1/3
2025-09-21 23:44:08,186 WARNING: Lỗi HTTP 429 - product id: 54930056, thử lại 1/3
2025-09-21 23:44:08,234 WARNING: Lỗi HTTP 429 - product id: 54931043, thử lại 1/3
2025-09-21 23:44:08,238 WARNING: Lỗi HTTP 429 - product id: 54931316, thử lại 1/3
2025-09-21 23:44:09,732 WARNING: Lỗi HTTP 429 - product id: 55102305, thử lại 1/3
2025-09-21 23:44:09,735 WARNING: Lỗi HTTP 429 - product id: 55102260, thử lại 1/3
2025-09-21 23:44:09,794 WARNING: Lỗi HTTP 429 - product id: 55105689, thử lại 1/3
2025-09-21 23:44:09,800 WARNING: Lỗi HTTP 429 - product id: 55108911, thử lại 1/3
2025-09-21 23:44:12,929 INFO: Đã commit batch 26 (1000 sản phẩm)
2025-09-21 23:44:12,960 INFO: Đã ghi 980 sản phẩm vào file /home/quannh/projects_de/project_2/output/products_batch_26_980_ids.csv
2025-09-21 23:44:13,001 INFO: Bắt đầu crawl batch 27 (1000 sản phẩm)
2025-09-21 23:44:13,156 WARNING: Lỗi HTTP 429 - product id: 55208392, thử lại 1/3
2025-09-21 23:44:19,563 WARNING: Lỗi HTTP 429 - product id: 55787927, thử lại 1/3
2025-09-21 23:44:19,648 WARNING: Lỗi HTTP 429 - product id: 55790714, thử lại 1/3
2025-09-21 23:44:19,652 WARNING: Lỗi HTTP 429 - product id: 55791363, thử lại 1/3
2025-09-21 23:44:19,716 WARNING: Lỗi HTTP 429 - product id: 55805070, thử lại 1/3
2025-09-21 23:44:19,948 WARNING: Lỗi HTTP 429 - product id: 55884371, thử lại 1/3
2025-09-21 23:44:20,049 WARNING: Lỗi HTTP 429 - product id: 55892441, thử lại 1/3
2025-09-21 23:44:20,100 WARNING: Lỗi HTTP 429 - product id: 55893759, thử lại 1/3
2025-09-21 23:44:20,400 WARNING: Lỗi HTTP 429 - product id: 55952720, thử lại 1/3
2025-09-21 23:44:20,460 WARNING: Lỗi HTTP 429 - product id: 55955810, thử lại 1/3
2025-09-21 23:44:20,460 WARNING: Lỗi HTTP 429 - product id: 55956693, thử lại 1/3
2025-09-21 23:44:20,553 WARNING: Lỗi HTTP 429 - product id: 55958737, thử lại 1/3
2025-09-21 23:44:20,659 WARNING: Lỗi HTTP 429 - product id: 55982947, thử lại 1/3
2025-09-21 23:44:20,675 WARNING: Lỗi HTTP 404: Không tim thấy product id - product id: 55886475
2025-09-21 23:44:20,712 WARNING: Lỗi HTTP 429 - product id: 55985410, thử lại 1/3
2025-09-21 23:44:20,794 WARNING: Lỗi HTTP 429 - product id: 55989284, thử lại 1/3
2025-09-21 23:44:21,095 WARNING: Lỗi HTTP 429 - product id: 56015020, thử lại 1/3
2025-09-21 23:44:21,410 WARNING: Lỗi HTTP 429 - product id: 56032795, thử lại 1/3
2025-09-21 23:44:21,464 WARNING: Lỗi HTTP 429 - product id: 56033576, thử lại 1/3
2025-09-21 23:44:21,695 WARNING: Lỗi HTTP 429 - product id: 56048729, thử lại 1/3
2025-09-21 23:44:21,798 WARNING: Lỗi HTTP 429 - product id: 56067997, thử lại 1/3
2025-09-21 23:44:21,802 WARNING: Lỗi HTTP 429 - product id: 56072420, thử lại 1/3
2025-09-21 23:44:22,052 WARNING: Lỗi HTTP 429 - product id: 56090047, thử lại 1/3
2025-09-21 23:44:22,152 WARNING: Lỗi HTTP 429 - product id: 56092024, thử lại 1/3
2025-09-21 23:44:22,213 WARNING: Lỗi HTTP 429 - product id: 56094931, thử lại 1/3
2025-09-21 23:44:22,308 WARNING: Lỗi HTTP 429 - product id: 56099588, thử lại 1/3
2025-09-21 23:44:28,766 WARNING: Lỗi HTTP 429 - product id: 56812879, thử lại 1/3
2025-09-21 23:44:28,850 WARNING: Lỗi HTTP 429 - product id: 56830887, thử lại 1/3
2025-09-21 23:44:28,916 WARNING: Lỗi HTTP 429 - product id: 56836520, thử lại 1/3
2025-09-21 23:44:28,956 WARNING: Lỗi HTTP 429 - product id: 56836981, thử lại 1/3
2025-09-21 23:44:32,039 INFO: Đã commit batch 27 (1000 sản phẩm)
2025-09-21 23:44:32,070 INFO: Đã ghi 999 sản phẩm vào file /home/quannh/projects_de/project_2/output/products_batch_27_999_ids.csv
2025-09-21 23:44:32,110 INFO: Bắt đầu crawl batch 28 (1000 sản phẩm)
2025-09-21 23:44:32,188 WARNING: Lỗi HTTP 429 - product id: 56917245, thử lại 1/3
2025-09-21 23:44:32,266 WARNING: Lỗi HTTP 429 - product id: 56920667, thử lại 1/3
2025-09-21 23:44:32,360 WARNING: Lỗi HTTP 429 - product id: 56946109, thử lại 1/3
2025-09-21 23:44:33,212 WARNING: Lỗi HTTP 429 - product id: 57000887, thử lại 1/3
2025-09-21 23:44:33,275 WARNING: Lỗi HTTP 429 - product id: 57003788, thử lại 1/3
2025-09-21 23:44:33,521 WARNING: Lỗi HTTP 429 - product id: 57043546, thử lại 1/3
2025-09-21 23:44:33,664 WARNING: Lỗi HTTP 429 - product id: 57060858, thử lại 1/3
2025-09-21 23:44:36,666 WARNING: Lỗi HTTP 429 - product id: 57449702, thử lại 1/3
2025-09-21 23:44:37,007 WARNING: Lỗi HTTP 429 - product id: 57470419, thử lại 1/3
2025-09-21 23:44:38,659 WARNING: Lỗi HTTP 429 - product id: 57665760, thử lại 1/3
2025-09-21 23:44:38,756 WARNING: Lỗi HTTP 429 - product id: 57677601, thử lại 1/3
2025-09-21 23:44:38,866 WARNING: Lỗi HTTP 429 - product id: 57680170, thử lại 1/3
2025-09-21 23:44:38,881 WARNING: Lỗi HTTP 404: Không tim thấy product id - product id: 57522629
2025-09-21 23:44:41,985 WARNING: Lỗi HTTP 404: Không tim thấy product id - product id: 57763788
2025-09-21 23:44:43,958 WARNING: Lỗi HTTP 429 - product id: 57877027, thử lại 1/3
2025-09-21 23:44:43,964 WARNING: Lỗi HTTP 429 - product id: 57877636, thử lại 1/3
2025-09-21 23:44:44,019 WARNING: Lỗi HTTP 429 - product id: 57882778, thử lại 1/3
2025-09-21 23:44:44,021 WARNING: Lỗi HTTP 429 - product id: 57882652, thử lại 1/3
2025-09-21 23:44:44,064 WARNING: Lỗi HTTP 429 - product id: 57884016, thử lại 1/3
2025-09-21 23:44:44,114 WARNING: Lỗi HTTP 429 - product id: 57885567, thử lại 1/3
2025-09-21 23:44:44,209 WARNING: Lỗi HTTP 429 - product id: 57893472, thử lại 1/3
2025-09-21 23:44:45,363 WARNING: Lỗi HTTP 429 - product id: 57965461, thử lại 1/3
2025-09-21 23:44:45,368 WARNING: Lỗi HTTP 429 - product id: 57964953, thử lại 1/3
2025-09-21 23:44:45,413 WARNING: Lỗi HTTP 429 - product id: 57968684, thử lại 1/3
2025-09-21 23:44:45,477 WARNING: Lỗi HTTP 429 - product id: 57971581, thử lại 1/3
2025-09-21 23:44:45,560 WARNING: Lỗi HTTP 429 - product id: 57980811, thử lại 1/3
2025-09-21 23:44:45,722 WARNING: Lỗi HTTP 429 - product id: 57989407, thử lại 1/3
2025-09-21 23:44:45,806 WARNING: Lỗi HTTP 429 - product id: 57995368, thử lại 1/3
2025-09-21 23:44:45,870 WARNING: Lỗi HTTP 429 - product id: 57998205, thử lại 1/3
2025-09-21 23:44:46,000 WARNING: Lỗi HTTP 429 - product id: 58002781, thử lại 1/3
2025-09-21 23:44:46,063 WARNING: Lỗi HTTP 429 - product id: 58009763, thử lại 1/3
2025-09-21 23:44:46,102 WARNING: Lỗi HTTP 429 - product id: 58010477, thử lại 1/3
2025-09-21 23:44:46,105 WARNING: Lỗi HTTP 429 - product id: 58010598, thử lại 1/3
2025-09-21 23:44:47,004 WARNING: Lỗi HTTP 429 - product id: 58086482, thử lại 1/3
2025-09-21 23:44:47,057 WARNING: Lỗi HTTP 429 - product id: 58105526, thử lại 1/3
2025-09-21 23:44:47,085 WARNING: Lỗi HTTP 429 - product id: 57882778, thử lại 2/3
2025-09-21 23:44:53,210 INFO: Đã commit batch 28 (1000 sản phẩm)
2025-09-21 23:44:53,238 INFO: Đã ghi 998 sản phẩm vào file /home/quannh/projects_de/project_2/output/products_batch_28_998_ids.csv
2025-09-21 23:44:53,280 INFO: Bắt đầu crawl batch 29 (1000 sản phẩm)
2025-09-21 23:44:53,485 WARNING: Lỗi HTTP 429 - product id: 58216966, thử lại 1/3
2025-09-21 23:44:54,820 WARNING: Lỗi HTTP 429 - product id: 58291977, thử lại 1/3
2025-09-21 23:44:54,824 WARNING: Lỗi HTTP 429 - product id: 58292142, thử lại 1/3
2025-09-21 23:44:54,885 WARNING: Lỗi HTTP 429 - product id: 58293393, thử lại 1/3
2025-09-21 23:44:55,034 WARNING: Lỗi HTTP 429 - product id: 58298835, thử lại 1/3
2025-09-21 23:44:55,338 WARNING: Lỗi HTTP 429 - product id: 58311568, thử lại 1/3
2025-09-21 23:44:55,642 WARNING: Lỗi HTTP 429 - product id: 58330940, thử lại 1/3
2025-09-21 23:44:55,695 WARNING: Lỗi HTTP 429 - product id: 58338072, thử lại 1/3
2025-09-21 23:44:58,334 WARNING: Lỗi HTTP 429 - product id: 58491445, thử lại 1/3
2025-09-21 23:44:58,428 WARNING: Lỗi HTTP 429 - product id: 58493257, thử lại 1/3
2025-09-21 23:44:58,475 WARNING: Lỗi HTTP 429 - product id: 58495490, thử lại 1/3
2025-09-21 23:44:58,495 WARNING: Lỗi HTTP 429 - product id: 58496784, thử lại 1/3
2025-09-21 23:44:58,574 WARNING: Lỗi HTTP 429 - product id: 58510250, thử lại 1/3
2025-09-21 23:44:59,890 WARNING: Lỗi HTTP 429 - product id: 58599763, thử lại 1/3
2025-09-21 23:45:00,035 WARNING: Lỗi HTTP 429 - product id: 58612820, thử lại 1/3
2025-09-21 23:45:00,044 WARNING: Lỗi HTTP 429 - product id: 58612563, thử lại 1/3
2025-09-21 23:45:00,136 WARNING: Lỗi HTTP 429 - product id: 58621380, thử lại 1/3
2025-09-21 23:45:00,528 WARNING: Lỗi HTTP 429 - product id: 58669121, thử lại 1/3
2025-09-21 23:45:00,592 WARNING: Lỗi HTTP 429 - product id: 58671166, thử lại 1/3
2025-09-21 23:45:00,592 WARNING: Lỗi HTTP 429 - product id: 58672740, thử lại 1/3
2025-09-21 23:45:02,389 WARNING: Lỗi HTTP 429 - product id: 58814720, thử lại 1/3
2025-09-21 23:45:02,728 WARNING: Lỗi HTTP 429 - product id: 58840937, thử lại 1/3
2025-09-21 23:45:02,792 WARNING: Lỗi HTTP 429 - product id: 58851170, thử lại 1/3
2025-09-21 23:45:02,837 WARNING: Lỗi HTTP 429 - product id: 58853740, thử lại 1/3
2025-09-21 23:45:06,339 WARNING: Lỗi HTTP 429 - product id: 59077454, thử lại 1/3
2025-09-21 23:45:06,845 WARNING: Lỗi HTTP 429 - product id: 59115791, thử lại 1/3
2025-09-21 23:45:07,332 WARNING: Lỗi HTTP 429 - product id: 59152288, thử lại 1/3
2025-09-21 23:45:07,389 WARNING: Lỗi HTTP 429 - product id: 59153598, thử lại 1/3
2025-09-21 23:45:07,477 WARNING: Lỗi HTTP 429 - product id: 59163032, thử lại 1/3
2025-09-21 23:45:10,559 INFO: Đã commit batch 29 (1000 sản phẩm)
2025-09-21 23:45:10,596 INFO: Đã ghi 1000 sản phẩm vào file /home/quannh/projects_de/project_2/output/products_batch_29_1000_ids.csv
2025-09-21 23:45:10,636 INFO: Bắt đầu crawl batch 30 (1000 sản phẩm)
2025-09-21 23:45:11,913 WARNING: Lỗi HTTP 429 - product id: 59423813, thử lại 1/3
2025-09-21 23:45:12,105 WARNING: Lỗi HTTP 429 - product id: 59429253, thử lại 1/3
2025-09-21 23:45:12,306 WARNING: Lỗi HTTP 429 - product id: 59445714, thử lại 1/3
2025-09-21 23:45:13,460 WARNING: Lỗi HTTP 429 - product id: 59494129, thử lại 1/3
2025-09-21 23:45:13,566 WARNING: Lỗi HTTP 429 - product id: 59497568, thử lại 1/3
2025-09-21 23:45:13,862 WARNING: Lỗi HTTP 429 - product id: 59500454, thử lại 1/3
2025-09-21 23:45:13,881 WARNING: Lỗi HTTP 404: Không tim thấy product id - product id: 59478772
2025-09-21 23:45:13,955 WARNING: Lỗi HTTP 429 - product id: 59504557, thử lại 1/3
2025-09-21 23:45:13,961 WARNING: Lỗi HTTP 429 - product id: 59504701, thử lại 1/3
2025-09-21 23:45:14,312 WARNING: Lỗi HTTP 429 - product id: 59522792, thử lại 1/3
2025-09-21 23:45:14,364 WARNING: Lỗi HTTP 429 - product id: 59524337, thử lại 1/3
2025-09-21 23:45:14,373 WARNING: Lỗi HTTP 429 - product id: 59524676, thử lại 1/3
2025-09-21 23:45:14,566 WARNING: Lỗi HTTP 429 - product id: 59527744, thử lại 1/3
2025-09-21 23:45:21,476 WARNING: Lỗi HTTP 404: Không tim thấy product id - product id: 63507919
2025-09-21 23:45:21,876 WARNING: Lỗi HTTP 404: Không tim thấy product id - product id: 63548262
2025-09-21 23:45:21,925 WARNING: Lỗi HTTP 429 - product id: 63699292, thử lại 1/3
2025-09-21 23:45:22,027 WARNING: Lỗi HTTP 404: Không tim thấy product id - product id: 63595377
2025-09-21 23:45:22,125 WARNING: Lỗi HTTP 429 - product id: 63847441, thử lại 1/3
2025-09-21 23:45:22,128 WARNING: Lỗi HTTP 404: Không tim thấy product id - product id: 63600586
2025-09-21 23:45:22,202 WARNING: Lỗi HTTP 429 - product id: 63859261, thử lại 1/3
2025-09-21 23:45:22,297 WARNING: Lỗi HTTP 429 - product id: 63895641, thử lại 1/3
2025-09-21 23:45:22,481 WARNING: Lỗi HTTP 404: Không tim thấy product id - product id: 63582317
2025-09-21 23:45:22,528 WARNING: Lỗi HTTP 404: Không tim thấy product id - product id: 63598759
2025-09-21 23:45:22,720 WARNING: Lỗi HTTP 429 - product id: 63951032, thử lại 1/3
2025-09-21 23:45:22,755 WARNING: Lỗi HTTP 429 - product id: 63960058, thử lại 1/3
2025-09-21 23:45:22,762 WARNING: Lỗi HTTP 429 - product id: 63965696, thử lại 1/3
2025-09-21 23:45:22,853 WARNING: Lỗi HTTP 429 - product id: 64008050, thử lại 1/3
2025-09-21 23:45:22,916 WARNING: Lỗi HTTP 429 - product id: 64101110, thử lại 1/3
2025-09-21 23:45:23,164 WARNING: Lỗi HTTP 429 - product id: 64257950, thử lại 1/3
2025-09-21 23:45:23,173 WARNING: Lỗi HTTP 429 - product id: 64259511, thử lại 1/3
2025-09-21 23:45:23,174 WARNING: Lỗi HTTP 429 - product id: 64259831, thử lại 1/3
2025-09-21 23:45:23,274 WARNING: Lỗi HTTP 429 - product id: 64266412, thử lại 1/3
2025-09-21 23:45:23,362 WARNING: Lỗi HTTP 429 - product id: 64311001, thử lại 1/3
2025-09-21 23:45:24,061 WARNING: Lỗi HTTP 429 - product id: 64731425, thử lại 1/3
2025-09-21 23:45:24,098 WARNING: Lỗi HTTP 429 - product id: 64759362, thử lại 1/3
2025-09-21 23:45:24,157 WARNING: Lỗi HTTP 429 - product id: 64976839, thử lại 1/3
2025-09-21 23:45:24,249 WARNING: Lỗi HTTP 429 - product id: 65002444, thử lại 1/3
2025-09-21 23:45:24,255 WARNING: Lỗi HTTP 429 - product id: 65003830, thử lại 1/3
2025-09-21 23:45:24,259 WARNING: Lỗi HTTP 429 - product id: 65023938, thử lại 1/3
2025-09-21 23:45:24,712 WARNING: Lỗi HTTP 429 - product id: 65123158, thử lại 1/3
2025-09-21 23:45:26,008 WARNING: Lỗi HTTP 429 - product id: 66107132, thử lại 1/3
2025-09-21 23:45:26,072 WARNING: Lỗi HTTP 429 - product id: 66107819, thử lại 1/3
2025-09-21 23:45:26,150 WARNING: Lỗi HTTP 429 - product id: 66109673, thử lại 1/3
2025-09-21 23:45:26,165 WARNING: Lỗi HTTP 429 - product id: 66113130, thử lại 1/3
2025-09-21 23:45:26,207 WARNING: Lỗi HTTP 429 - product id: 66114698, thử lại 1/3
2025-09-21 23:45:29,290 INFO: Đã commit batch 30 (1000 sản phẩm)
2025-09-21 23:45:29,320 INFO: Đã ghi 993 sản phẩm vào file /home/quannh/projects_de/project_2/output/products_batch_30_993_ids.csv
2025-09-21 23:45:29,360 INFO: Bắt đầu crawl batch 31 (1000 sản phẩm)
2025-09-21 23:45:34,086 WARNING: Lỗi HTTP 429 - product id: 67059442, thử lại 1/3
2025-09-21 23:45:35,677 WARNING: Lỗi HTTP 429 - product id: 67232037, thử lại 1/3
2025-09-21 23:45:35,736 WARNING: Lỗi HTTP 429 - product id: 67237259, thử lại 1/3
2025-09-21 23:45:35,737 WARNING: Lỗi HTTP 429 - product id: 67235402, thử lại 1/3
2025-09-21 23:45:35,886 WARNING: Lỗi HTTP 429 - product id: 67247448, thử lại 1/3
2025-09-21 23:45:36,981 WARNING: Lỗi HTTP 429 - product id: 67282015, thử lại 1/3
2025-09-21 23:45:37,077 WARNING: Lỗi HTTP 429 - product id: 67316755, thử lại 1/3
2025-09-21 23:45:37,079 WARNING: Lỗi HTTP 429 - product id: 67316300, thử lại 1/3
2025-09-21 23:45:37,132 WARNING: Lỗi HTTP 429 - product id: 67320212, thử lại 1/3
2025-09-21 23:45:37,138 WARNING: Lỗi HTTP 429 - product id: 67320867, thử lại 1/3
2025-09-21 23:45:37,281 WARNING: Lỗi HTTP 429 - product id: 67349003, thử lại 1/3
2025-09-21 23:45:37,646 WARNING: Lỗi HTTP 429 - product id: 67429110, thử lại 1/3
2025-09-21 23:45:37,754 WARNING: Lỗi HTTP 429 - product id: 67443594, thử lại 1/3
2025-09-21 23:45:37,931 WARNING: Lỗi HTTP 429 - product id: 67461346, thử lại 1/3
2025-09-21 23:45:38,030 WARNING: Lỗi HTTP 429 - product id: 67473147, thử lại 1/3
2025-09-21 23:45:38,035 WARNING: Lỗi HTTP 429 - product id: 67473478, thử lại 1/3
2025-09-21 23:45:38,094 WARNING: Lỗi HTTP 429 - product id: 67473613, thử lại 1/3
2025-09-21 23:45:38,483 WARNING: Lỗi HTTP 429 - product id: 67491436, thử lại 1/3
2025-09-21 23:45:38,528 WARNING: Lỗi HTTP 429 - product id: 67495733, thử lại 1/3
2025-09-21 23:45:38,634 WARNING: Lỗi HTTP 429 - product id: 67501779, thử lại 1/3
2025-09-21 23:45:38,984 WARNING: Lỗi HTTP 429 - product id: 67536401, thử lại 1/3
2025-09-21 23:45:39,734 WARNING: Lỗi HTTP 429 - product id: 67607504, thử lại 1/3
2025-09-21 23:45:39,984 WARNING: Lỗi HTTP 429 - product id: 67651985, thử lại 1/3
2025-09-21 23:45:40,144 WARNING: Lỗi HTTP 429 - product id: 67316755, thử lại 2/3
2025-09-21 23:45:40,377 WARNING: Lỗi HTTP 429 - product id: 67349003, thử lại 2/3
2025-09-21 23:45:40,437 WARNING: Lỗi HTTP 429 - product id: 67693705, thử lại 1/3
2025-09-21 23:45:40,492 WARNING: Lỗi HTTP 429 - product id: 67704633, thử lại 1/3
2025-09-21 23:45:40,575 WARNING: Lỗi HTTP 429 - product id: 67716809, thử lại 1/3
2025-09-21 23:45:40,640 WARNING: Lỗi HTTP 429 - product id: 67722580, thử lại 1/3
2025-09-21 23:45:40,722 WARNING: Lỗi HTTP 429 - product id: 67729376, thử lại 1/3
2025-09-21 23:45:40,725 WARNING: Lỗi HTTP 429 - product id: 67730250, thử lại 1/3
2025-09-21 23:45:40,728 WARNING: Lỗi HTTP 429 - product id: 67731905, thử lại 1/3
2025-09-21 23:45:40,780 WARNING: Lỗi HTTP 429 - product id: 67733705, thử lại 1/3
2025-09-21 23:45:41,144 WARNING: Lỗi HTTP 429 - product id: 67808389, thử lại 1/3
2025-09-21 23:45:41,292 WARNING: Lỗi HTTP 429 - product id: 67825845, thử lại 1/3
2025-09-21 23:45:41,433 WARNING: Lỗi HTTP 429 - product id: 67844795, thử lại 1/3
2025-09-21 23:45:41,595 WARNING: Lỗi HTTP 429 - product id: 67495733, thử lại 2/3
2025-09-21 23:45:41,944 WARNING: Lỗi HTTP 429 - product id: 67903095, thử lại 1/3
2025-09-21 23:45:45,856 WARNING: Lỗi HTTP 404: Không tim thấy product id - product id: 68139092
2025-09-21 23:45:47,707 INFO: Đã commit batch 31 (1000 sản phẩm)
2025-09-21 23:45:47,736 INFO: Đã ghi 999 sản phẩm vào file /home/quannh/projects_de/project_2/output/products_batch_31_999_ids.csv
2025-09-21 23:45:47,777 INFO: Bắt đầu crawl batch 32 (1000 sản phẩm)
2025-09-21 23:45:49,273 WARNING: Lỗi HTTP 429 - product id: 68354505, thử lại 1/3
2025-09-21 23:45:49,423 WARNING: Lỗi HTTP 429 - product id: 68367824, thử lại 1/3
2025-09-21 23:45:49,433 WARNING: Lỗi HTTP 429 - product id: 68369508, thử lại 1/3
2025-09-21 23:45:49,433 WARNING: Lỗi HTTP 429 - product id: 68369099, thử lại 1/3
2025-09-21 23:45:49,486 WARNING: Lỗi HTTP 429 - product id: 68375047, thử lại 1/3
2025-09-21 23:45:49,497 WARNING: Lỗi HTTP 429 - product id: 68377224, thử lại 1/3
2025-09-21 23:45:49,519 WARNING: Lỗi HTTP 429 - product id: 68379442, thử lại 1/3
2025-09-21 23:45:49,528 WARNING: Lỗi HTTP 429 - product id: 68391192, thử lại 1/3
2025-09-21 23:45:49,561 WARNING: Lỗi HTTP 429 - product id: 68399315, thử lại 1/3
2025-09-21 23:45:49,570 WARNING: Lỗi HTTP 429 - product id: 68400577, thử lại 1/3
2025-09-21 23:45:49,574 WARNING: Lỗi HTTP 429 - product id: 68400582, thử lại 1/3
2025-09-21 23:45:49,586 WARNING: Lỗi HTTP 429 - product id: 68404627, thử lại 1/3
2025-09-21 23:45:49,589 WARNING: Lỗi HTTP 429 - product id: 68404880, thử lại 1/3
2025-09-21 23:45:49,641 WARNING: Lỗi HTTP 429 - product id: 68417770, thử lại 1/3
2025-09-21 23:45:49,677 WARNING: Lỗi HTTP 429 - product id: 68421384, thử lại 1/3
2025-09-21 23:45:49,677 WARNING: Lỗi HTTP 429 - product id: 68420402, thử lại 1/3
2025-09-21 23:45:49,730 WARNING: Lỗi HTTP 429 - product id: 68440936, thử lại 1/3
2025-09-21 23:45:49,733 WARNING: Lỗi HTTP 429 - product id: 68434978, thử lại 1/3
2025-09-21 23:45:49,976 WARNING: Lỗi HTTP 429 - product id: 68459200, thử lại 1/3
2025-09-21 23:45:53,577 WARNING: Lỗi HTTP 429 - product id: 68608842, thử lại 1/3
2025-09-21 23:45:53,672 WARNING: Lỗi HTTP 429 - product id: 68610828, thử lại 1/3
2025-09-21 23:45:53,982 WARNING: Lỗi HTTP 429 - product id: 68628597, thử lại 1/3
2025-09-21 23:45:54,028 WARNING: Lỗi HTTP 429 - product id: 68630195, thử lại 1/3
2025-09-21 23:45:54,069 WARNING: Lỗi HTTP 429 - product id: 68643607, thử lại 1/3
2025-09-21 23:45:54,119 WARNING: Lỗi HTTP 429 - product id: 68647061, thử lại 1/3
2025-09-21 23:45:54,129 WARNING: Lỗi HTTP 429 - product id: 68655739, thử lại 1/3
2025-09-21 23:45:56,377 WARNING: Lỗi HTTP 429 - product id: 68825537, thử lại 1/3
2025-09-21 23:45:56,424 WARNING: Lỗi HTTP 429 - product id: 68828509, thử lại 1/3
2025-09-21 23:45:56,425 WARNING: Lỗi HTTP 429 - product id: 68827057, thử lại 1/3
2025-09-21 23:45:56,488 WARNING: Lỗi HTTP 429 - product id: 68832406, thử lại 1/3
2025-09-21 23:45:56,492 WARNING: Lỗi HTTP 429 - product id: 68832521, thử lại 1/3
2025-09-21 23:45:56,675 WARNING: Lỗi HTTP 429 - product id: 68842545, thử lại 1/3
2025-09-21 23:45:56,927 WARNING: Lỗi HTTP 429 - product id: 68850159, thử lại 1/3
2025-09-21 23:45:57,018 WARNING: Lỗi HTTP 429 - product id: 68852034, thử lại 1/3
2025-09-21 23:46:00,755 WARNING: Lỗi HTTP 404: Không tim thấy product id - product id: 69090355
2025-09-21 23:46:00,820 WARNING: Lỗi HTTP 429 - product id: 69210408, thử lại 1/3
2025-09-21 23:46:00,970 WARNING: Lỗi HTTP 429 - product id: 69237726, thử lại 1/3
2025-09-21 23:46:01,033 WARNING: Lỗi HTTP 429 - product id: 69244505, thử lại 1/3
2025-09-21 23:46:04,682 INFO: Đã commit batch 32 (1000 sản phẩm)
2025-09-21 23:46:04,710 INFO: Đã ghi 999 sản phẩm vào file /home/quannh/projects_de/project_2/output/products_batch_32_999_ids.csv
2025-09-21 23:46:04,750 INFO: Bắt đầu crawl batch 33 (1000 sản phẩm)
2025-09-21 23:46:06,700 WARNING: Lỗi HTTP 429 - product id: 70331117, thử lại 1/3
2025-09-21 23:46:07,105 WARNING: Lỗi HTTP 429 - product id: 70505004, thử lại 1/3
2025-09-21 23:46:07,505 WARNING: Lỗi HTTP 429 - product id: 70528419, thử lại 1/3
2025-09-21 23:46:07,587 WARNING: Lỗi HTTP 429 - product id: 70542586, thử lại 1/3
2025-09-21 23:46:07,594 WARNING: Lỗi HTTP 429 - product id: 70544386, thử lại 1/3
2025-09-21 23:46:07,658 WARNING: Lỗi HTTP 429 - product id: 70547575, thử lại 1/3
2025-09-21 23:46:07,665 WARNING: Lỗi HTTP 429 - product id: 70551130, thử lại 1/3
2025-09-21 23:46:07,956 WARNING: Lỗi HTTP 429 - product id: 70601638, thử lại 1/3
2025-09-21 23:46:08,146 WARNING: Lỗi HTTP 429 - product id: 70628916, thử lại 1/3
2025-09-21 23:46:08,149 WARNING: Lỗi HTTP 429 - product id: 70628706, thử lại 1/3
2025-09-21 23:46:09,360 WARNING: Lỗi HTTP 429 - product id: 70719740, thử lại 1/3
2025-09-21 23:46:09,360 WARNING: Lỗi HTTP 429 - product id: 70721297, thử lại 1/3
2025-09-21 23:46:09,447 WARNING: Lỗi HTTP 429 - product id: 70765147, thử lại 1/3
2025-09-21 23:46:10,718 WARNING: Lỗi HTTP 404: Không tim thấy product id - product id: 70806893
2025-09-21 23:46:10,720 WARNING: Lỗi HTTP 404: Không tim thấy product id - product id: 70880515
2025-09-21 23:46:11,147 WARNING: Lỗi HTTP 429 - product id: 70980983, thử lại 1/3
2025-09-21 23:46:11,208 WARNING: Lỗi HTTP 429 - product id: 71000521, thử lại 1/3
2025-09-21 23:46:11,251 WARNING: Lỗi HTTP 429 - product id: 71005809, thử lại 1/3
2025-09-21 23:46:11,623 WARNING: Lỗi HTTP 404: Không tim thấy product id - product id: 71011303
2025-09-21 23:46:13,625 WARNING: Lỗi HTTP 404: Không tim thấy product id - product id: 71092007
2025-09-21 23:46:14,187 WARNING: Lỗi HTTP 429 - product id: 71206217, thử lại 1/3
2025-09-21 23:46:15,800 WARNING: Lỗi HTTP 429 - product id: 71543367, thử lại 1/3
2025-09-21 23:46:15,802 WARNING: Lỗi HTTP 429 - product id: 71544552, thử lại 1/3
2025-09-21 23:46:15,896 WARNING: Lỗi HTTP 429 - product id: 71560239, thử lại 1/3
2025-09-21 23:46:16,243 WARNING: Lỗi HTTP 429 - product id: 71659506, thử lại 1/3
2025-09-21 23:46:16,312 WARNING: Lỗi HTTP 429 - product id: 71663651, thử lại 1/3
2025-09-21 23:46:16,462 WARNING: Lỗi HTTP 429 - product id: 71671105, thử lại 1/3
2025-09-21 23:46:16,522 WARNING: Lỗi HTTP 429 - product id: 71671679, thử lại 1/3
2025-09-21 23:46:16,614 WARNING: Lỗi HTTP 429 - product id: 71675461, thử lại 1/3
2025-09-21 23:46:18,954 WARNING: Lỗi HTTP 429 - product id: 71938763, thử lại 1/3
2025-09-21 23:46:19,193 WARNING: Lỗi HTTP 429 - product id: 71945873, thử lại 1/3
2025-09-21 23:46:19,196 WARNING: Lỗi HTTP 429 - product id: 71946469, thử lại 1/3
2025-09-21 23:46:19,199 WARNING: Lỗi HTTP 429 - product id: 71947841, thử lại 1/3
2025-09-21 23:46:19,262 WARNING: Lỗi HTTP 429 - product id: 71950133, thử lại 1/3
2025-09-21 23:46:19,499 WARNING: Lỗi HTTP 429 - product id: 71959448, thử lại 1/3
2025-09-21 23:46:19,562 WARNING: Lỗi HTTP 429 - product id: 71960881, thử lại 1/3
2025-09-21 23:46:19,759 WARNING: Lỗi HTTP 429 - product id: 71974159, thử lại 1/3
2025-09-21 23:46:19,848 WARNING: Lỗi HTTP 429 - product id: 71978384, thử lại 1/3
2025-09-21 23:46:19,901 WARNING: Lỗi HTTP 429 - product id: 71978628, thử lại 1/3
2025-09-21 23:46:19,907 WARNING: Lỗi HTTP 429 - product id: 71978991, thử lại 1/3
2025-09-21 23:46:19,912 WARNING: Lỗi HTTP 429 - product id: 71979669, thử lại 1/3
2025-09-21 23:46:19,998 WARNING: Lỗi HTTP 429 - product id: 71986597, thử lại 1/3
2025-09-21 23:46:20,102 WARNING: Lỗi HTTP 429 - product id: 71990320, thử lại 1/3
2025-09-21 23:46:20,164 WARNING: Lỗi HTTP 429 - product id: 71999305, thử lại 1/3
2025-09-21 23:46:20,402 WARNING: Lỗi HTTP 429 - product id: 72008149, thử lại 1/3
2025-09-21 23:46:23,492 INFO: Đã commit batch 33 (1000 sản phẩm)
2025-09-21 23:46:23,519 INFO: Đã ghi 996 sản phẩm vào file /home/quannh/projects_de/project_2/output/products_batch_33_996_ids.csv
2025-09-21 23:46:23,560 INFO: Bắt đầu crawl batch 34 (1000 sản phẩm)
2025-09-21 23:46:25,808 WARNING: Lỗi HTTP 429 - product id: 72133635, thử lại 1/3
2025-09-21 23:46:26,208 WARNING: Lỗi HTTP 429 - product id: 72187093, thử lại 1/3
2025-09-21 23:46:26,558 WARNING: Lỗi HTTP 429 - product id: 72215774, thử lại 1/3
2025-09-21 23:46:26,562 WARNING: Lỗi HTTP 429 - product id: 72216139, thử lại 1/3
2025-09-21 23:46:26,616 WARNING: Lỗi HTTP 429 - product id: 72216482, thử lại 1/3
2025-09-21 23:46:26,630 WARNING: Lỗi HTTP 429 - product id: 72217928, thử lại 1/3
2025-09-21 23:46:27,606 WARNING: Lỗi HTTP 429 - product id: 72308263, thử lại 1/3
2025-09-21 23:46:27,657 WARNING: Lỗi HTTP 429 - product id: 72309053, thử lại 1/3
2025-09-21 23:46:28,272 WARNING: Lỗi HTTP 429 - product id: 72339682, thử lại 1/3
2025-09-21 23:46:28,304 WARNING: Lỗi HTTP 429 - product id: 72341149, thử lại 1/3
2025-09-21 23:46:28,369 WARNING: Lỗi HTTP 429 - product id: 72456197, thử lại 1/3
2025-09-21 23:46:28,458 WARNING: Lỗi HTTP 429 - product id: 72456951, thử lại 1/3
2025-09-21 23:46:28,520 WARNING: Lỗi HTTP 429 - product id: 72459272, thử lại 1/3
2025-09-21 23:46:28,710 WARNING: Lỗi HTTP 429 - product id: 72478963, thử lại 1/3
2025-09-21 23:46:29,216 WARNING: Lỗi HTTP 429 - product id: 72514431, thử lại 1/3
2025-09-21 23:46:29,582 WARNING: Lỗi HTTP 429 - product id: 72518577, thử lại 1/3
2025-09-21 23:46:29,621 WARNING: Lỗi HTTP 429 - product id: 72518946, thử lại 1/3
2025-09-21 23:46:29,671 WARNING: Lỗi HTTP 429 - product id: 72216139, thử lại 2/3
2025-09-21 23:46:29,710 WARNING: Lỗi HTTP 429 - product id: 72519661, thử lại 1/3
2025-09-21 23:46:29,757 WARNING: Lỗi HTTP 429 - product id: 72520272, thử lại 1/3
2025-09-21 23:46:29,860 WARNING: Lỗi HTTP 429 - product id: 72534776, thử lại 1/3
2025-09-21 23:46:29,910 WARNING: Lỗi HTTP 429 - product id: 72536345, thử lại 1/3
2025-09-21 23:46:29,911 WARNING: Lỗi HTTP 429 - product id: 72537078, thử lại 1/3
2025-09-21 23:46:30,563 WARNING: Lỗi HTTP 429 - product id: 72557813, thử lại 1/3
2025-09-21 23:46:30,614 WARNING: Lỗi HTTP 429 - product id: 72558930, thử lại 1/3
2025-09-21 23:46:30,715 WARNING: Lỗi HTTP 429 - product id: 72563639, thử lại 1/3
2025-09-21 23:46:31,360 WARNING: Lỗi HTTP 429 - product id: 72597237, thử lại 1/3
2025-09-21 23:46:31,363 WARNING: Lỗi HTTP 429 - product id: 72597187, thử lại 1/3
2025-09-21 23:46:31,971 WARNING: Lỗi HTTP 429 - product id: 72626583, thử lại 1/3
2025-09-21 23:46:32,009 WARNING: Lỗi HTTP 429 - product id: 72627522, thử lại 1/3
2025-09-21 23:46:32,107 WARNING: Lỗi HTTP 429 - product id: 72634847, thử lại 1/3
2025-09-21 23:46:32,508 WARNING: Lỗi HTTP 429 - product id: 72656219, thử lại 1/3
2025-09-21 23:46:32,510 WARNING: Lỗi HTTP 429 - product id: 72653562, thử lại 1/3
2025-09-21 23:46:32,556 WARNING: Lỗi HTTP 429 - product id: 72658423, thử lại 1/3
2025-09-21 23:46:32,713 WARNING: Lỗi HTTP 429 - product id: 72666542, thử lại 1/3
2025-09-21 23:46:32,774 WARNING: Lỗi HTTP 429 - product id: 72668318, thử lại 1/3
2025-09-21 23:46:32,813 WARNING: Lỗi HTTP 429 - product id: 72669748, thử lại 1/3
2025-09-21 23:46:33,105 WARNING: Lỗi HTTP 429 - product id: 72683948, thử lại 1/3
2025-09-21 23:46:33,367 WARNING: Lỗi HTTP 429 - product id: 72688928, thử lại 1/3
2025-09-21 23:46:35,707 WARNING: Lỗi HTTP 429 - product id: 72774562, thử lại 1/3
2025-09-21 23:46:35,861 WARNING: Lỗi HTTP 429 - product id: 72216139, thử lại 3/3
2025-09-21 23:46:35,861 WARNING: Crawl thất bại sau 3 lần thử lại - product id: 72216139 - Lỗi HTTP 429
2025-09-21 23:46:36,415 WARNING: Lỗi HTTP 429 - product id: 72800659, thử lại 1/3
2025-09-21 23:46:36,418 WARNING: Lỗi HTTP 429 - product id: 72801220, thử lại 1/3
2025-09-21 23:46:36,511 WARNING: Lỗi HTTP 429 - product id: 72802628, thử lại 1/3
2025-09-21 23:46:37,858 WARNING: Lỗi HTTP 429 - product id: 72902606, thử lại 1/3
2025-09-21 23:46:38,161 WARNING: Lỗi HTTP 429 - product id: 72921442, thử lại 1/3
2025-09-21 23:46:38,221 WARNING: Lỗi HTTP 429 - product id: 72925162, thử lại 1/3
2025-09-21 23:46:38,721 WARNING: Lỗi HTTP 429 - product id: 72950219, thử lại 1/3
2025-09-21 23:46:38,767 WARNING: Lỗi HTTP 429 - product id: 72954037, thử lại 1/3
2025-09-21 23:46:38,861 WARNING: Lỗi HTTP 429 - product id: 72957474, thử lại 1/3
2025-09-21 23:46:38,867 WARNING: Lỗi HTTP 429 - product id: 72957915, thử lại 1/3
2025-09-21 23:46:38,950 WARNING: Lỗi HTTP 429 - product id: 72967351, thử lại 1/3
2025-09-21 23:46:39,009 WARNING: Lỗi HTTP 429 - product id: 72968239, thử lại 1/3
2025-09-21 23:46:39,012 WARNING: Lỗi HTTP 429 - product id: 72969820, thử lại 1/3
2025-09-21 23:46:39,074 WARNING: Lỗi HTTP 429 - product id: 72973321, thử lại 1/3
2025-09-21 23:46:39,206 WARNING: Lỗi HTTP 429 - product id: 73089907, thử lại 1/3
2025-09-21 23:46:39,217 WARNING: Lỗi HTTP 429 - product id: 73090178, thử lại 1/3
2025-09-21 23:46:39,265 WARNING: Lỗi HTTP 429 - product id: 73091330, thử lại 1/3
2025-09-21 23:46:39,269 WARNING: Lỗi HTTP 429 - product id: 73091443, thử lại 1/3
2025-09-21 23:46:39,305 WARNING: Lỗi HTTP 429 - product id: 73094846, thử lại 1/3
2025-09-21 23:46:39,481 WARNING: Lỗi HTTP 429 - product id: 72801220, thử lại 2/3
2025-09-21 23:46:45,575 INFO: Đã commit batch 34 (1000 sản phẩm)
2025-09-21 23:46:45,606 INFO: Đã ghi 999 sản phẩm vào file /home/quannh/projects_de/project_2/output/products_batch_34_999_ids.csv
2025-09-21 23:46:45,646 INFO: Bắt đầu crawl batch 35 (1000 sản phẩm)
2025-09-21 23:46:47,046 WARNING: Lỗi HTTP 429 - product id: 73205004, thử lại 1/3
2025-09-21 23:46:47,058 WARNING: Lỗi HTTP 429 - product id: 73205937, thử lại 1/3
2025-09-21 23:46:47,119 WARNING: Lỗi HTTP 429 - product id: 73208440, thử lại 1/3
2025-09-21 23:46:47,192 WARNING: Lỗi HTTP 429 - product id: 73217506, thử lại 1/3
2025-09-21 23:46:47,194 WARNING: Lỗi HTTP 429 - product id: 73218258, thử lại 1/3
2025-09-21 23:46:47,267 WARNING: Lỗi HTTP 429 - product id: 73222965, thử lại 1/3
2025-09-21 23:46:47,268 WARNING: Lỗi HTTP 429 - product id: 73222455, thử lại 1/3
2025-09-21 23:46:47,313 WARNING: Lỗi HTTP 429 - product id: 73223132, thử lại 1/3
2025-09-21 23:46:47,313 WARNING: Lỗi HTTP 429 - product id: 73223516, thử lại 1/3
2025-09-21 23:46:47,344 WARNING: Lỗi HTTP 429 - product id: 73227917, thử lại 1/3
2025-09-21 23:46:47,357 WARNING: Lỗi HTTP 429 - product id: 73227951, thử lại 1/3
2025-09-21 23:46:49,216 WARNING: Lỗi HTTP 429 - product id: 73293906, thử lại 1/3
2025-09-21 23:46:50,994 WARNING: Lỗi HTTP 429 - product id: 73398228, thử lại 1/3
2025-09-21 23:46:54,422 WARNING: Lỗi HTTP 404: Không tim thấy product id - product id: 73544502
2025-09-21 23:46:54,642 WARNING: Lỗi HTTP 429 - product id: 73577851, thử lại 1/3
2025-09-21 23:46:54,642 WARNING: Lỗi HTTP 429 - product id: 73578145, thử lại 1/3
2025-09-21 23:46:54,704 WARNING: Lỗi HTTP 429 - product id: 73579798, thử lại 1/3
2025-09-21 23:46:54,747 WARNING: Lỗi HTTP 429 - product id: 73581349, thử lại 1/3
2025-09-21 23:46:54,844 WARNING: Lỗi HTTP 429 - product id: 73586328, thử lại 1/3
2025-09-21 23:46:54,906 WARNING: Lỗi HTTP 429 - product id: 73588007, thử lại 1/3
2025-09-21 23:46:54,996 WARNING: Lỗi HTTP 429 - product id: 73593975, thử lại 1/3
2025-09-21 23:46:55,512 WARNING: Lỗi HTTP 429 - product id: 73610112, thử lại 1/3
2025-09-21 23:46:55,592 WARNING: Lỗi HTTP 429 - product id: 73610727, thử lại 1/3
2025-09-21 23:46:56,699 WARNING: Lỗi HTTP 429 - product id: 73667758, thử lại 1/3
2025-09-21 23:46:58,732 WARNING: Lỗi HTTP 429 - product id: 73777833, thử lại 1/3
2025-09-21 23:46:58,741 WARNING: Lỗi HTTP 429 - product id: 73781090, thử lại 1/3
2025-09-21 23:46:58,744 WARNING: Lỗi HTTP 429 - product id: 73778062, thử lại 1/3
2025-09-21 23:46:58,747 WARNING: Lỗi HTTP 429 - product id: 73781190, thử lại 1/3
2025-09-21 23:46:58,844 WARNING: Lỗi HTTP 429 - product id: 73785311, thử lại 1/3
2025-09-21 23:46:58,906 WARNING: Lỗi HTTP 429 - product id: 73786805, thử lại 1/3
2025-09-21 23:46:58,944 WARNING: Lỗi HTTP 429 - product id: 73788941, thử lại 1/3
2025-09-21 23:46:58,989 WARNING: Lỗi HTTP 429 - product id: 73791317, thử lại 1/3
2025-09-21 23:46:59,009 WARNING: Lỗi HTTP 429 - product id: 73796014, thử lại 1/3
2025-09-21 23:46:59,050 WARNING: Lỗi HTTP 429 - product id: 73801220, thử lại 1/3
2025-09-21 23:46:59,692 WARNING: Lỗi HTTP 429 - product id: 73825077, thử lại 1/3
2025-09-21 23:46:59,762 WARNING: Lỗi HTTP 429 - product id: 73826598, thử lại 1/3
2025-09-21 23:46:59,789 WARNING: Lỗi HTTP 429 - product id: 73826632, thử lại 1/3
2025-09-21 23:46:59,943 WARNING: Lỗi HTTP 429 - product id: 73826898, thử lại 1/3
2025-09-21 23:47:00,350 WARNING: Lỗi HTTP 429 - product id: 73832991, thử lại 1/3
2025-09-21 23:47:00,395 WARNING: Lỗi HTTP 429 - product id: 73833028, thử lại 1/3
2025-09-21 23:47:00,539 WARNING: Lỗi HTTP 429 - product id: 73833837, thử lại 1/3
2025-09-21 23:47:00,548 WARNING: Lỗi HTTP 429 - product id: 73833917, thử lại 1/3
2025-09-21 23:47:00,743 WARNING: Lỗi HTTP 429 - product id: 73843332, thử lại 1/3
2025-09-21 23:47:01,053 WARNING: Lỗi HTTP 429 - product id: 73854134, thử lại 1/3
2025-09-21 23:47:01,109 WARNING: Lỗi HTTP 429 - product id: 73854786, thử lại 1/3
2025-09-21 23:47:04,210 INFO: Đã commit batch 35 (1000 sản phẩm)
2025-09-21 23:47:04,240 INFO: Đã ghi 999 sản phẩm vào file /home/quannh/projects_de/project_2/output/products_batch_35_999_ids.csv
2025-09-21 23:47:04,280 INFO: Bắt đầu crawl batch 36 (1000 sản phẩm)
2025-09-21 23:47:06,213 WARNING: Lỗi HTTP 429 - product id: 74011742, thử lại 1/3
2025-09-21 23:47:06,276 WARNING: Lỗi HTTP 429 - product id: 74013622, thử lại 1/3
2025-09-21 23:47:06,276 WARNING: Lỗi HTTP 429 - product id: 74019248, thử lại 1/3
2025-09-21 23:47:06,333 WARNING: Lỗi HTTP 429 - product id: 74027101, thử lại 1/3
2025-09-21 23:47:06,335 WARNING: Lỗi HTTP 429 - product id: 74027143, thử lại 1/3
2025-09-21 23:47:06,337 WARNING: Lỗi HTTP 429 - product id: 74028823, thử lại 1/3
2025-09-21 23:47:06,481 WARNING: Lỗi HTTP 429 - product id: 74037780, thử lại 1/3
2025-09-21 23:47:07,184 WARNING: Lỗi HTTP 429 - product id: 74181149, thử lại 1/3
2025-09-21 23:47:07,577 WARNING: Lỗi HTTP 429 - product id: 74201108, thử lại 1/3
2025-09-21 23:47:07,669 WARNING: Lỗi HTTP 429 - product id: 74209246, thử lại 1/3
2025-09-21 23:47:07,682 WARNING: Lỗi HTTP 429 - product id: 74209762, thử lại 1/3
2025-09-21 23:47:08,078 WARNING: Lỗi HTTP 429 - product id: 74233382, thử lại 1/3
2025-09-21 23:47:08,228 WARNING: Lỗi HTTP 429 - product id: 74238088, thử lại 1/3
2025-09-21 23:47:08,475 WARNING: Lỗi HTTP 429 - product id: 74257869, thử lại 1/3
2025-09-21 23:47:08,477 WARNING: Lỗi HTTP 429 - product id: 74257953, thử lại 1/3
2025-09-21 23:47:08,493 WARNING: Lỗi HTTP 429 - product id: 74261410, thử lại 1/3
2025-09-21 23:47:08,542 WARNING: Lỗi HTTP 429 - product id: 74267653, thử lại 1/3
2025-09-21 23:47:08,740 WARNING: Lỗi HTTP 429 - product id: 74279393, thử lại 1/3
2025-09-21 23:47:08,940 WARNING: Lỗi HTTP 429 - product id: 74282158, thử lại 1/3
2025-09-21 23:47:08,940 WARNING: Lỗi HTTP 429 - product id: 74282167, thử lại 1/3
2025-09-21 23:47:08,990 WARNING: Lỗi HTTP 429 - product id: 74282790, thử lại 1/3
2025-09-21 23:47:09,129 WARNING: Lỗi HTTP 429 - product id: 74285708, thử lại 1/3
2025-09-21 23:47:09,135 WARNING: Lỗi HTTP 429 - product id: 74285872, thử lại 1/3
2025-09-21 23:47:09,423 WARNING: Lỗi HTTP 429 - product id: 74309811, thử lại 1/3
2025-09-21 23:47:09,467 WARNING: Lỗi HTTP 429 - product id: 74309815, thử lại 1/3
2025-09-21 23:47:09,475 WARNING: Lỗi HTTP 429 - product id: 74309852, thử lại 1/3
2025-09-21 23:47:09,482 WARNING: Lỗi HTTP 429 - product id: 74311806, thử lại 1/3
2025-09-21 23:47:09,531 WARNING: Lỗi HTTP 429 - product id: 74316318, thử lại 1/3
2025-09-21 23:47:09,590 WARNING: Lỗi HTTP 429 - product id: 74329619, thử lại 1/3
2025-09-21 23:47:10,286 WARNING: Lỗi HTTP 429 - product id: 74349514, thử lại 1/3
2025-09-21 23:47:11,889 WARNING: Lỗi HTTP 404: Không tim thấy product id - product id: 74443873
2025-09-21 23:47:12,299 WARNING: Lỗi HTTP 404: Không tim thấy product id - product id: 74421745
2025-09-21 23:47:12,729 WARNING: Lỗi HTTP 429 - product id: 74498074, thử lại 1/3
2025-09-21 23:47:12,838 WARNING: Lỗi HTTP 429 - product id: 74500542, thử lại 1/3
2025-09-21 23:47:12,869 WARNING: Lỗi HTTP 429 - product id: 74508015, thử lại 1/3
2025-09-21 23:47:12,883 WARNING: Lỗi HTTP 429 - product id: 74508221, thử lại 1/3
2025-09-21 23:47:12,920 WARNING: Lỗi HTTP 429 - product id: 74511165, thử lại 1/3
2025-09-21 23:47:13,027 WARNING: Lỗi HTTP 429 - product id: 74516236, thử lại 1/3
2025-09-21 23:47:13,080 WARNING: Lỗi HTTP 429 - product id: 74528026, thử lại 1/3
2025-09-21 23:47:13,173 WARNING: Lỗi HTTP 429 - product id: 74533667, thử lại 1/3
2025-09-21 23:47:13,277 WARNING: Lỗi HTTP 429 - product id: 74535400, thử lại 1/3
2025-09-21 23:47:13,336 WARNING: Lỗi HTTP 429 - product id: 74538290, thử lại 1/3
2025-09-21 23:47:13,343 WARNING: Lỗi HTTP 429 - product id: 74540154, thử lại 1/3
2025-09-21 23:47:13,475 WARNING: Lỗi HTTP 429 - product id: 74541463, thử lại 1/3
2025-09-21 23:47:13,489 WARNING: Lỗi HTTP 429 - product id: 74541566, thử lại 1/3
2025-09-21 23:47:13,678 WARNING: Lỗi HTTP 429 - product id: 74547418, thử lại 1/3
2025-09-21 23:47:13,731 WARNING: Lỗi HTTP 429 - product id: 74547708, thử lại 1/3
2025-09-21 23:47:13,795 WARNING: Lỗi HTTP 429 - product id: 74549934, thử lại 1/3
2025-09-21 23:47:13,827 WARNING: Lỗi HTTP 429 - product id: 74552993, thử lại 1/3
2025-09-21 23:47:14,105 WARNING: Lỗi HTTP 404: Không tim thấy product id - product id: 74532664
2025-09-21 23:47:14,430 WARNING: Lỗi HTTP 429 - product id: 74568395, thử lại 1/3
2025-09-21 23:47:14,433 WARNING: Lỗi HTTP 429 - product id: 74568523, thử lại 1/3
2025-09-21 23:47:14,728 WARNING: Lỗi HTTP 429 - product id: 74572921, thử lại 1/3
2025-09-21 23:47:15,276 WARNING: Lỗi HTTP 429 - product id: 74599867, thử lại 1/3
2025-09-21 23:47:15,499 WARNING: Lỗi HTTP 404: Không tim thấy product id - product id: 74571640
2025-09-21 23:47:16,284 WARNING: Lỗi HTTP 429 - product id: 74533667, thử lại 2/3
2025-09-21 23:47:18,323 WARNING: Lỗi HTTP 429 - product id: 74816244, thử lại 1/3
2025-09-21 23:47:19,382 WARNING: Lỗi HTTP 429 - product id: 74862980, thử lại 1/3
2025-09-21 23:47:19,495 WARNING: Lỗi HTTP 429 - product id: 74865671, thử lại 1/3
2025-09-21 23:47:19,678 WARNING: Lỗi HTTP 429 - product id: 74880816, thử lại 1/3
2025-09-21 23:47:19,778 WARNING: Lỗi HTTP 429 - product id: 74884061, thử lại 1/3
2025-09-21 23:47:19,842 WARNING: Lỗi HTTP 429 - product id: 74887030, thử lại 1/3
2025-09-21 23:47:22,933 INFO: Đã commit batch 36 (1000 sản phẩm)
2025-09-21 23:47:22,963 INFO: Đã ghi 996 sản phẩm vào file /home/quannh/projects_de/project_2/output/products_batch_36_996_ids.csv
2025-09-21 23:47:23,003 INFO: Bắt đầu crawl batch 37 (1000 sản phẩm)
2025-09-21 23:47:26,353 WARNING: Lỗi HTTP 429 - product id: 75391988, thử lại 1/3
2025-09-21 23:47:26,400 WARNING: Lỗi HTTP 429 - product id: 75392072, thử lại 1/3
2025-09-21 23:47:26,414 WARNING: Lỗi HTTP 429 - product id: 75396159, thử lại 1/3
2025-09-21 23:47:26,606 WARNING: Lỗi HTTP 429 - product id: 75401378, thử lại 1/3
2025-09-21 23:47:26,669 WARNING: Lỗi HTTP 429 - product id: 75402957, thử lại 1/3
2025-09-21 23:47:26,699 WARNING: Lỗi HTTP 429 - product id: 75403352, thử lại 1/3
2025-09-21 23:47:26,752 WARNING: Lỗi HTTP 429 - product id: 75404433, thử lại 1/3
2025-09-21 23:47:26,756 WARNING: Lỗi HTTP 429 - product id: 75404546, thử lại 1/3
2025-09-21 23:47:26,761 WARNING: Lỗi HTTP 429 - product id: 75404554, thử lại 1/3
2025-09-21 23:47:26,849 WARNING: Lỗi HTTP 429 - product id: 75410047, thử lại 1/3
2025-09-21 23:47:26,900 WARNING: Lỗi HTTP 429 - product id: 75410694, thử lại 1/3
2025-09-21 23:47:26,907 WARNING: Lỗi HTTP 429 - product id: 75410940, thử lại 1/3
2025-09-21 23:47:26,911 WARNING: Lỗi HTTP 429 - product id: 75411052, thử lại 1/3
2025-09-21 23:47:26,951 WARNING: Lỗi HTTP 429 - product id: 75413170, thử lại 1/3
2025-09-21 23:47:26,962 WARNING: Lỗi HTTP 429 - product id: 75413221, thử lại 1/3
2025-09-21 23:47:27,014 WARNING: Lỗi HTTP 429 - product id: 75417427, thử lại 1/3
2025-09-21 23:47:27,047 WARNING: Lỗi HTTP 429 - product id: 75419501, thử lại 1/3
2025-09-21 23:47:28,252 WARNING: Lỗi HTTP 429 - product id: 75486565, thử lại 1/3
2025-09-21 23:47:28,344 WARNING: Lỗi HTTP 429 - product id: 75488465, thử lại 1/3
2025-09-21 23:47:28,344 WARNING: Lỗi HTTP 429 - product id: 75488500, thử lại 1/3
2025-09-21 23:47:28,450 WARNING: Lỗi HTTP 429 - product id: 75508423, thử lại 1/3
2025-09-21 23:47:28,452 WARNING: Lỗi HTTP 429 - product id: 75508995, thử lại 1/3
2025-09-21 23:47:28,649 WARNING: Lỗi HTTP 429 - product id: 75512410, thử lại 1/3
2025-09-21 23:47:29,098 WARNING: Lỗi HTTP 429 - product id: 75549245, thử lại 1/3
2025-09-21 23:47:29,100 WARNING: Lỗi HTTP 429 - product id: 75548897, thử lại 1/3
2025-09-21 23:47:32,747 WARNING: Lỗi HTTP 429 - product id: 75718888, thử lại 1/3
2025-09-21 23:47:33,157 WARNING: Lỗi HTTP 429 - product id: 75758983, thử lại 1/3
2025-09-21 23:47:33,206 WARNING: Lỗi HTTP 429 - product id: 75760226, thử lại 1/3
2025-09-21 23:47:33,355 WARNING: Lỗi HTTP 429 - product id: 75769663, thử lại 1/3
2025-09-21 23:47:33,419 WARNING: Lỗi HTTP 429 - product id: 75778267, thử lại 1/3
2025-09-21 23:47:37,327 WARNING: Lỗi HTTP 404: Không tim thấy product id - product id: 75769663
2025-09-21 23:47:39,992 INFO: Đã commit batch 37 (1000 sản phẩm)
2025-09-21 23:47:40,021 INFO: Đã ghi 999 sản phẩm vào file /home/quannh/projects_de/project_2/output/products_batch_37_999_ids.csv
2025-09-21 23:47:40,060 INFO: Bắt đầu crawl batch 38 (1000 sản phẩm)
2025-09-21 23:47:40,654 WARNING: Lỗi HTTP 429 - product id: 76184310, thử lại 1/3
2025-09-21 23:47:41,461 WARNING: Lỗi HTTP 429 - product id: 76215893, thử lại 1/3
2025-09-21 23:47:42,457 WARNING: Lỗi HTTP 429 - product id: 76268877, thử lại 1/3
2025-09-21 23:47:43,413 WARNING: Lỗi HTTP 429 - product id: 76295882, thử lại 1/3
2025-09-21 23:47:44,564 WARNING: Lỗi HTTP 429 - product id: 76388573, thử lại 1/3
2025-09-21 23:47:44,725 WARNING: Lỗi HTTP 429 - product id: 76215893, thử lại 2/3
2025-09-21 23:47:44,880 WARNING: Lỗi HTTP 404: Không tim thấy product id - product id: 76359080
2025-09-21 23:47:44,968 WARNING: Lỗi HTTP 429 - product id: 76401950, thử lại 1/3
2025-09-21 23:47:45,416 WARNING: Lỗi HTTP 429 - product id: 76435839, thử lại 1/3
2025-09-21 23:47:46,958 WARNING: Lỗi HTTP 429 - product id: 76514210, thử lại 1/3
2025-09-21 23:47:46,972 WARNING: Lỗi HTTP 429 - product id: 76514221, thử lại 1/3
2025-09-21 23:47:47,019 WARNING: Lỗi HTTP 429 - product id: 76517930, thử lại 1/3
2025-09-21 23:47:47,054 WARNING: Lỗi HTTP 429 - product id: 76521670, thử lại 1/3
2025-09-21 23:47:49,213 WARNING: Lỗi HTTP 429 - product id: 76726196, thử lại 1/3
2025-09-21 23:47:52,155 WARNING: Lỗi HTTP 429 - product id: 77105858, thử lại 1/3
2025-09-21 23:47:55,910 WARNING: Lỗi HTTP 429 - product id: 77452056, thử lại 1/3
2025-09-21 23:47:59,021 INFO: Đã commit batch 38 (1000 sản phẩm)
2025-09-21 23:47:59,054 INFO: Đã ghi 999 sản phẩm vào file /home/quannh/projects_de/project_2/output/products_batch_38_999_ids.csv
2025-09-21 23:47:59,093 INFO: Bắt đầu crawl batch 39 (1000 sản phẩm)
2025-09-21 23:47:59,397 WARNING: Lỗi HTTP 429 - product id: 77580427, thử lại 1/3
2025-09-21 23:47:59,497 WARNING: Lỗi HTTP 429 - product id: 77580551, thử lại 1/3
2025-09-21 23:47:59,889 WARNING: Lỗi HTTP 429 - product id: 77601273, thử lại 1/3
2025-09-21 23:48:00,149 WARNING: Lỗi HTTP 429 - product id: 77604683, thử lại 1/3
2025-09-21 23:48:00,197 WARNING: Lỗi HTTP 429 - product id: 77604723, thử lại 1/3
2025-09-21 23:48:01,940 WARNING: Lỗi HTTP 429 - product id: 77700341, thử lại 1/3
2025-09-21 23:48:02,043 WARNING: Lỗi HTTP 429 - product id: 77702032, thử lại 1/3
2025-09-21 23:48:02,103 WARNING: Lỗi HTTP 429 - product id: 77704540, thử lại 1/3
2025-09-21 23:48:02,344 WARNING: Lỗi HTTP 429 - product id: 77715424, thử lại 1/3
2025-09-21 23:48:02,443 WARNING: Lỗi HTTP 429 - product id: 77718757, thử lại 1/3
2025-09-21 23:48:02,448 WARNING: Lỗi HTTP 429 - product id: 77718785, thử lại 1/3
2025-09-21 23:48:02,490 WARNING: Lỗi HTTP 429 - product id: 77719358, thử lại 1/3
2025-09-21 23:48:02,800 WARNING: Lỗi HTTP 429 - product id: 77742801, thử lại 1/3
2025-09-21 23:48:02,892 WARNING: Lỗi HTTP 429 - product id: 77748951, thử lại 1/3
2025-09-21 23:48:03,953 WARNING: Lỗi HTTP 429 - product id: 77875677, thử lại 1/3
2025-09-21 23:48:04,044 WARNING: Lỗi HTTP 429 - product id: 77895135, thử lại 1/3
2025-09-21 23:48:04,094 WARNING: Lỗi HTTP 429 - product id: 77896851, thử lại 1/3
2025-09-21 23:48:04,144 WARNING: Lỗi HTTP 429 - product id: 77899295, thử lại 1/3
2025-09-21 23:48:04,167 WARNING: Lỗi HTTP 404: Không tim thấy product id - product id: 77879001
2025-09-21 23:48:04,189 WARNING: Lỗi HTTP 429 - product id: 77910496, thử lại 1/3
2025-09-21 23:48:04,202 WARNING: Lỗi HTTP 429 - product id: 77913734, thử lại 1/3
2025-09-21 23:48:04,233 WARNING: Lỗi HTTP 429 - product id: 77914078, thử lại 1/3
2025-09-21 23:48:04,244 WARNING: Lỗi HTTP 429 - product id: 77914080, thử lại 1/3
2025-09-21 23:48:05,244 WARNING: Lỗi HTTP 429 - product id: 78015200, thử lại 1/3
2025-09-21 23:48:05,852 WARNING: Lỗi HTTP 429 - product id: 78043952, thử lại 1/3
2025-09-21 23:48:05,944 WARNING: Lỗi HTTP 429 - product id: 78044143, thử lại 1/3
2025-09-21 23:48:06,366 WARNING: Lỗi HTTP 404: Không tim thấy product id - product id: 77718785
2025-09-21 23:48:06,435 WARNING: Lỗi HTTP 429 - product id: 78045420, thử lại 1/3
2025-09-21 23:48:06,441 WARNING: Lỗi HTTP 429 - product id: 78045510, thử lại 1/3
2025-09-21 23:48:06,447 WARNING: Lỗi HTTP 429 - product id: 78045566, thử lại 1/3
2025-09-21 23:48:06,506 WARNING: Lỗi HTTP 429 - product id: 78045748, thử lại 1/3
2025-09-21 23:48:16,086 INFO: Đã commit batch 39 (1000 sản phẩm)
2025-09-21 23:48:16,118 INFO: Đã ghi 998 sản phẩm vào file /home/quannh/projects_de/project_2/output/products_batch_39_998_ids.csv
2025-09-21 23:48:16,158 INFO: Bắt đầu crawl batch 40 (1000 sản phẩm)
2025-09-21 23:48:18,579 WARNING: Lỗi HTTP 404: Không tim thấy product id - product id: 80021389
2025-09-21 23:48:20,882 WARNING: Lỗi HTTP 404: Không tim thấy product id - product id: 80665479
2025-09-21 23:48:22,609 WARNING: Lỗi HTTP 429 - product id: 80968229, thử lại 1/3
2025-09-21 23:48:23,003 WARNING: Lỗi HTTP 429 - product id: 80977315, thử lại 1/3
2025-09-21 23:48:23,259 WARNING: Lỗi HTTP 429 - product id: 81074877, thử lại 1/3
2025-09-21 23:48:24,404 WARNING: Lỗi HTTP 429 - product id: 81139915, thử lại 1/3
2025-09-21 23:48:24,602 WARNING: Lỗi HTTP 429 - product id: 81191963, thử lại 1/3
2025-09-21 23:48:25,220 WARNING: Lỗi HTTP 429 - product id: 81223045, thử lại 1/3
2025-09-21 23:48:25,259 WARNING: Lỗi HTTP 429 - product id: 81223105, thử lại 1/3
2025-09-21 23:48:25,301 WARNING: Lỗi HTTP 429 - product id: 81223133, thử lại 1/3
2025-09-21 23:48:25,362 WARNING: Lỗi HTTP 429 - product id: 81223224, thử lại 1/3
2025-09-21 23:48:25,363 WARNING: Lỗi HTTP 429 - product id: 81223230, thử lại 1/3
2025-09-21 23:48:25,403 WARNING: Lỗi HTTP 429 - product id: 81223325, thử lại 1/3
2025-09-21 23:48:27,352 WARNING: Lỗi HTTP 429 - product id: 81549803, thử lại 1/3
2025-09-21 23:48:27,556 WARNING: Lỗi HTTP 429 - product id: 81582761, thử lại 1/3
2025-09-21 23:48:27,654 WARNING: Lỗi HTTP 429 - product id: 81590825, thử lại 1/3
2025-09-21 23:48:27,907 WARNING: Lỗi HTTP 429 - product id: 81639450, thử lại 1/3
2025-09-21 23:48:27,967 WARNING: Lỗi HTTP 429 - product id: 81642136, thử lại 1/3
2025-09-21 23:48:28,011 WARNING: Lỗi HTTP 429 - product id: 81644380, thử lại 1/3
2025-09-21 23:48:28,112 WARNING: Lỗi HTTP 429 - product id: 81645836, thử lại 1/3
2025-09-21 23:48:28,261 WARNING: Lỗi HTTP 429 - product id: 81671670, thử lại 1/3
2025-09-21 23:48:29,057 WARNING: Lỗi HTTP 429 - product id: 81758074, thử lại 1/3
2025-09-21 23:48:29,061 WARNING: Lỗi HTTP 429 - product id: 81758091, thử lại 1/3
2025-09-21 23:48:29,611 WARNING: Lỗi HTTP 429 - product id: 81928271, thử lại 1/3
2025-09-21 23:48:29,859 WARNING: Lỗi HTTP 429 - product id: 81937295, thử lại 1/3
2025-09-21 23:48:31,703 WARNING: Lỗi HTTP 429 - product id: 82189719, thử lại 1/3
2025-09-21 23:48:31,763 WARNING: Lỗi HTTP 429 - product id: 82219668, thử lại 1/3
2025-09-21 23:48:34,850 INFO: Đã commit batch 40 (1000 sản phẩm)
2025-09-21 23:48:34,876 INFO: Đã ghi 998 sản phẩm vào file /home/quannh/projects_de/project_2/output/products_batch_40_998_ids.csv
2025-09-21 23:48:34,915 INFO: Bắt đầu crawl batch 41 (1000 sản phẩm)
2025-09-21 23:48:34,989 WARNING: Lỗi HTTP 429 - product id: 82433623, thử lại 1/3
2025-09-21 23:48:35,865 WARNING: Lỗi HTTP 429 - product id: 82489878, thử lại 1/3
2025-09-21 23:48:35,916 WARNING: Lỗi HTTP 429 - product id: 82496807, thử lại 1/3
2025-09-21 23:48:35,967 WARNING: Lỗi HTTP 429 - product id: 82497967, thử lại 1/3
2025-09-21 23:48:35,978 WARNING: Lỗi HTTP 429 - product id: 82497972, thử lại 1/3
2025-09-21 23:48:36,017 WARNING: Lỗi HTTP 429 - product id: 82499073, thử lại 1/3
2025-09-21 23:48:36,106 WARNING: Lỗi HTTP 429 - product id: 82502506, thử lại 1/3
2025-09-21 23:48:36,109 WARNING: Lỗi HTTP 429 - product id: 82502510, thử lại 1/3
2025-09-21 23:48:36,115 WARNING: Lỗi HTTP 429 - product id: 82502512, thử lại 1/3
2025-09-21 23:48:36,168 WARNING: Lỗi HTTP 429 - product id: 82502521, thử lại 1/3
2025-09-21 23:48:36,367 WARNING: Lỗi HTTP 429 - product id: 82502633, thử lại 1/3
2025-09-21 23:48:37,261 WARNING: Lỗi HTTP 429 - product id: 82503061, thử lại 1/3
2025-09-21 23:48:37,268 WARNING: Lỗi HTTP 429 - product id: 82503068, thử lại 1/3
2025-09-21 23:48:37,324 WARNING: Lỗi HTTP 429 - product id: 82503090, thử lại 1/3
2025-09-21 23:48:37,917 WARNING: Lỗi HTTP 429 - product id: 82503555, thử lại 1/3
2025-09-21 23:48:38,964 WARNING: Lỗi HTTP 429 - product id: 82643416, thử lại 1/3
2025-09-21 23:48:39,216 WARNING: Lỗi HTTP 429 - product id: 82651517, thử lại 1/3
2025-09-21 23:48:39,314 WARNING: Lỗi HTTP 429 - product id: 82665242, thử lại 1/3
2025-09-21 23:48:39,826 WARNING: Lỗi HTTP 429 - product id: 82692576, thử lại 1/3
2025-09-21 23:48:39,862 WARNING: Lỗi HTTP 429 - product id: 82700478, thử lại 1/3
2025-09-21 23:48:40,311 WARNING: Lỗi HTTP 429 - product id: 82755779, thử lại 1/3
2025-09-21 23:48:40,424 WARNING: Lỗi HTTP 429 - product id: 82759692, thử lại 1/3
2025-09-21 23:48:40,475 WARNING: Lỗi HTTP 429 - product id: 82759745, thử lại 1/3
2025-09-21 23:48:40,480 WARNING: Lỗi HTTP 429 - product id: 82759988, thử lại 1/3
2025-09-21 23:48:40,574 WARNING: Lỗi HTTP 429 - product id: 82762235, thử lại 1/3
2025-09-21 23:48:42,125 WARNING: Lỗi HTTP 429 - product id: 82643416, thử lại 2/3
2025-09-21 23:48:44,713 WARNING: Lỗi HTTP 429 - product id: 82911679, thử lại 1/3
2025-09-21 23:48:45,360 WARNING: Lỗi HTTP 429 - product id: 82916248, thử lại 1/3
2025-09-21 23:48:45,459 WARNING: Lỗi HTTP 429 - product id: 82921344, thử lại 1/3
2025-09-21 23:48:45,660 WARNING: Lỗi HTTP 429 - product id: 82940117, thử lại 1/3
2025-09-21 23:48:46,063 WARNING: Lỗi HTTP 429 - product id: 82993711, thử lại 1/3
2025-09-21 23:48:46,065 WARNING: Lỗi HTTP 429 - product id: 82994800, thử lại 1/3
2025-09-21 23:48:46,137 WARNING: Lỗi HTTP 404: Không tim thấy product id - product id: 82921009
2025-09-21 23:48:46,260 WARNING: Lỗi HTTP 429 - product id: 83022143, thử lại 1/3
2025-09-21 23:48:46,308 WARNING: Lỗi HTTP 429 - product id: 83022206, thử lại 1/3
2025-09-21 23:48:46,373 WARNING: Lỗi HTTP 429 - product id: 83034017, thử lại 1/3
2025-09-21 23:48:46,462 WARNING: Lỗi HTTP 429 - product id: 83047493, thử lại 1/3
2025-09-21 23:48:46,822 WARNING: Lỗi HTTP 429 - product id: 83158705, thử lại 1/3
2025-09-21 23:48:46,823 WARNING: Lỗi HTTP 429 - product id: 83158561, thử lại 1/3
2025-09-21 23:48:46,862 WARNING: Lỗi HTTP 429 - product id: 83159018, thử lại 1/3
2025-09-21 23:48:46,911 WARNING: Lỗi HTTP 429 - product id: 83159476, thử lại 1/3
2025-09-21 23:48:46,971 WARNING: Lỗi HTTP 429 - product id: 83160315, thử lại 1/3
2025-09-21 23:48:46,973 WARNING: Lỗi HTTP 429 - product id: 83160886, thử lại 1/3
2025-09-21 23:48:47,619 WARNING: Lỗi HTTP 429 - product id: 83387040, thử lại 1/3
2025-09-21 23:48:48,317 WARNING: Lỗi HTTP 429 - product id: 83508475, thử lại 1/3
2025-09-21 23:48:48,366 WARNING: Lỗi HTTP 429 - product id: 83516715, thử lại 1/3
2025-09-21 23:48:48,770 WARNING: Lỗi HTTP 429 - product id: 83517848, thử lại 1/3
2025-09-21 23:48:48,773 WARNING: Lỗi HTTP 429 - product id: 83517863, thử lại 1/3
2025-09-21 23:48:48,773 WARNING: Lỗi HTTP 429 - product id: 83517890, thử lại 1/3
2025-09-21 23:48:49,127 WARNING: Lỗi HTTP 429 - product id: 83518505, thử lại 1/3
2025-09-21 23:48:49,568 WARNING: Lỗi HTTP 429 - product id: 83531404, thử lại 1/3
2025-09-21 23:48:51,088 WARNING: Lỗi HTTP 404: Không tim thấy product id - product id: 83665733
2025-09-21 23:48:52,676 INFO: Đã commit batch 41 (1000 sản phẩm)
2025-09-21 23:48:52,704 INFO: Đã ghi 998 sản phẩm vào file /home/quannh/projects_de/project_2/output/products_batch_41_998_ids.csv
2025-09-21 23:48:52,743 INFO: Bắt đầu crawl batch 42 (1000 sản phẩm)
2025-09-21 23:48:54,064 WARNING: Lỗi HTTP 404: Không tim thấy product id - product id: 83743179
2025-09-21 23:48:54,864 WARNING: Lỗi HTTP 404: Không tim thấy product id - product id: 83788044
2025-09-21 23:48:55,044 WARNING: Lỗi HTTP 429 - product id: 83927776, thử lại 1/3
2025-09-21 23:48:55,599 WARNING: Lỗi HTTP 429 - product id: 83936463, thử lại 1/3
2025-09-21 23:48:55,664 WARNING: Lỗi HTTP 404: Không tim thấy product id - product id: 83930047
2025-09-21 23:48:55,665 WARNING: Lỗi HTTP 404: Không tim thấy product id - product id: 83910574
2025-09-21 23:48:55,937 WARNING: Lỗi HTTP 429 - product id: 83938549, thử lại 1/3
2025-09-21 23:48:55,993 WARNING: Lỗi HTTP 429 - product id: 83938593, thử lại 1/3
2025-09-21 23:48:56,690 WARNING: Lỗi HTTP 429 - product id: 83939259, thử lại 1/3
2025-09-21 23:48:57,438 WARNING: Lỗi HTTP 429 - product id: 83939804, thử lại 1/3
2025-09-21 23:48:57,644 WARNING: Lỗi HTTP 429 - product id: 83940169, thử lại 1/3
2025-09-21 23:48:57,691 WARNING: Lỗi HTTP 429 - product id: 83940185, thử lại 1/3
2025-09-21 23:48:57,691 WARNING: Lỗi HTTP 429 - product id: 83940180, thử lại 1/3
2025-09-21 23:48:57,788 WARNING: Lỗi HTTP 429 - product id: 83940287, thử lại 1/3
2025-09-21 23:48:57,849 WARNING: Lỗi HTTP 429 - product id: 83940347, thử lại 1/3
2025-09-21 23:48:57,941 WARNING: Lỗi HTTP 429 - product id: 83940448, thử lại 1/3
2025-09-21 23:48:58,005 WARNING: Lỗi HTTP 429 - product id: 83940488, thử lại 1/3
2025-09-21 23:48:58,189 WARNING: Lỗi HTTP 429 - product id: 83940654, thử lại 1/3
2025-09-21 23:49:01,209 WARNING: Lỗi HTTP 429 - product id: 84377443, thử lại 1/3
2025-09-21 23:49:01,395 WARNING: Lỗi HTTP 429 - product id: 84381597, thử lại 1/3
2025-09-21 23:49:01,490 WARNING: Lỗi HTTP 429 - product id: 84416502, thử lại 1/3
2025-09-21 23:49:01,692 WARNING: Lỗi HTTP 429 - product id: 84429542, thử lại 1/3
2025-09-21 23:49:01,740 WARNING: Lỗi HTTP 429 - product id: 84444729, thử lại 1/3
2025-09-21 23:49:01,804 WARNING: Lỗi HTTP 429 - product id: 84446663, thử lại 1/3
2025-09-21 23:49:01,901 WARNING: Lỗi HTTP 429 - product id: 84451864, thử lại 1/3
2025-09-21 23:49:01,902 WARNING: Lỗi HTTP 429 - product id: 84451999, thử lại 1/3
2025-09-21 23:49:02,293 WARNING: Lỗi HTTP 429 - product id: 84462265, thử lại 1/3
2025-09-21 23:49:02,346 WARNING: Lỗi HTTP 429 - product id: 84465467, thử lại 1/3
2025-09-21 23:49:02,440 WARNING: Lỗi HTTP 429 - product id: 84471229, thử lại 1/3
2025-09-21 23:49:02,495 WARNING: Lỗi HTTP 429 - product id: 84471364, thử lại 1/3
2025-09-21 23:49:02,500 WARNING: Lỗi HTTP 429 - product id: 84471535, thử lại 1/3
2025-09-21 23:49:02,500 WARNING: Lỗi HTTP 429 - product id: 84471605, thử lại 1/3
2025-09-21 23:49:02,697 WARNING: Lỗi HTTP 429 - product id: 84487723, thử lại 1/3
2025-09-21 23:49:02,747 WARNING: Lỗi HTTP 429 - product id: 84544002, thử lại 1/3
2025-09-21 23:49:02,942 WARNING: Lỗi HTTP 429 - product id: 84547366, thử lại 1/3
2025-09-21 23:49:02,996 WARNING: Lỗi HTTP 429 - product id: 84547598, thử lại 1/3
2025-09-21 23:49:03,047 WARNING: Lỗi HTTP 429 - product id: 84547626, thử lại 1/3
2025-09-21 23:49:03,109 WARNING: Lỗi HTTP 429 - product id: 84547721, thử lại 1/3
2025-09-21 23:49:03,144 WARNING: Lỗi HTTP 429 - product id: 84547784, thử lại 1/3
2025-09-21 23:49:03,648 WARNING: Lỗi HTTP 429 - product id: 84548636, thử lại 1/3
2025-09-21 23:49:04,814 WARNING: Lỗi HTTP 404: Không tim thấy product id - product id: 84549047
2025-09-21 23:49:05,088 WARNING: Lỗi HTTP 429 - product id: 84591843, thử lại 1/3
2025-09-21 23:49:05,152 WARNING: Lỗi HTTP 429 - product id: 84593232, thử lại 1/3
2025-09-21 23:49:06,504 WARNING: Lỗi HTTP 429 - product id: 84717063, thử lại 1/3
2025-09-21 23:49:06,606 WARNING: Lỗi HTTP 429 - product id: 84722986, thử lại 1/3
2025-09-21 23:49:06,607 WARNING: Lỗi HTTP 429 - product id: 84722899, thử lại 1/3
2025-09-21 23:49:06,742 WARNING: Lỗi HTTP 429 - product id: 84738401, thử lại 1/3
2025-09-21 23:49:06,757 WARNING: Lỗi HTTP 429 - product id: 84738405, thử lại 1/3
2025-09-21 23:49:06,805 WARNING: Lỗi HTTP 429 - product id: 84738417, thử lại 1/3
2025-09-21 23:49:07,204 WARNING: Lỗi HTTP 429 - product id: 84738519, thử lại 1/3
2025-09-21 23:49:08,693 WARNING: Lỗi HTTP 429 - product id: 84765865, thử lại 1/3
2025-09-21 23:49:11,801 INFO: Đã commit batch 42 (1000 sản phẩm)
2025-09-21 23:49:11,827 INFO: Đã ghi 995 sản phẩm vào file /home/quannh/projects_de/project_2/output/products_batch_42_995_ids.csv
2025-09-21 23:49:11,866 INFO: Bắt đầu crawl batch 43 (1000 sản phẩm)
2025-09-21 23:49:12,376 WARNING: Lỗi HTTP 429 - product id: 84870444, thử lại 1/3
2025-09-21 23:49:12,514 WARNING: Lỗi HTTP 429 - product id: 84876066, thử lại 1/3
2025-09-21 23:49:19,579 WARNING: Lỗi HTTP 429 - product id: 85920779, thử lại 1/3
2025-09-21 23:49:19,659 WARNING: Lỗi HTTP 429 - product id: 85964464, thử lại 1/3
2025-09-21 23:49:20,026 WARNING: Lỗi HTTP 429 - product id: 86009979, thử lại 1/3
2025-09-21 23:49:20,089 WARNING: Lỗi HTTP 429 - product id: 86013820, thử lại 1/3
2025-09-21 23:49:20,115 WARNING: Lỗi HTTP 429 - product id: 86016426, thử lại 1/3
2025-09-21 23:49:25,963 WARNING: Lỗi HTTP 429 - product id: 86573600, thử lại 1/3
2025-09-21 23:49:26,010 WARNING: Lỗi HTTP 429 - product id: 86591964, thử lại 1/3
2025-09-21 23:49:26,969 WARNING: Lỗi HTTP 429 - product id: 86866060, thử lại 1/3
2025-09-21 23:49:30,080 INFO: Đã commit batch 43 (1000 sản phẩm)
2025-09-21 23:49:30,107 INFO: Đã ghi 1000 sản phẩm vào file /home/quannh/projects_de/project_2/output/products_batch_43_1000_ids.csv
2025-09-21 23:49:30,146 INFO: Bắt đầu crawl batch 44 (1000 sản phẩm)
2025-09-21 23:49:30,296 WARNING: Lỗi HTTP 429 - product id: 87112108, thử lại 1/3
2025-09-21 23:49:30,464 WARNING: Lỗi HTTP 429 - product id: 87113459, thử lại 1/3
2025-09-21 23:49:30,500 WARNING: Lỗi HTTP 429 - product id: 87114439, thử lại 1/3
2025-09-21 23:49:30,795 WARNING: Lỗi HTTP 429 - product id: 87125589, thử lại 1/3
2025-09-21 23:49:30,797 WARNING: Lỗi HTTP 429 - product id: 87124168, thử lại 1/3
2025-09-21 23:49:30,850 WARNING: Lỗi HTTP 429 - product id: 87128567, thử lại 1/3
2025-09-21 23:49:31,145 WARNING: Lỗi HTTP 429 - product id: 87216927, thử lại 1/3
2025-09-21 23:49:34,717 WARNING: Lỗi HTTP 404: Không tim thấy product id - product id: 87550859
2025-09-21 23:49:34,816 WARNING: Lỗi HTTP 404: Không tim thấy product id - product id: 87552969
2025-09-21 23:49:34,869 WARNING: Lỗi HTTP 404: Không tim thấy product id - product id: 87553574
2025-09-21 23:49:34,870 WARNING: Lỗi HTTP 404: Không tim thấy product id - product id: 87548184
2025-09-21 23:49:34,878 WARNING: Lỗi HTTP 404: Không tim thấy product id - product id: 87547798
2025-09-21 23:49:34,921 WARNING: Lỗi HTTP 404: Không tim thấy product id - product id: 87553797
2025-09-21 23:49:34,973 WARNING: Lỗi HTTP 404: Không tim thấy product id - product id: 87554029
2025-09-21 23:49:35,020 WARNING: Lỗi HTTP 404: Không tim thấy product id - product id: 87548845
2025-09-21 23:49:35,020 WARNING: Lỗi HTTP 404: Không tim thấy product id - product id: 87549039
2025-09-21 23:49:35,021 WARNING: Lỗi HTTP 404: Không tim thấy product id - product id: 87555421
2025-09-21 23:49:35,071 WARNING: Lỗi HTTP 404: Không tim thấy product id - product id: 87549360
2025-09-21 23:49:35,115 WARNING: Lỗi HTTP 404: Không tim thấy product id - product id: 87556401
2025-09-21 23:49:35,170 WARNING: Lỗi HTTP 404: Không tim thấy product id - product id: 87550755
2025-09-21 23:49:35,269 WARNING: Lỗi HTTP 404: Không tim thấy product id - product id: 87558163
2025-09-21 23:49:35,321 WARNING: Lỗi HTTP 404: Không tim thấy product id - product id: 87551805
2025-09-21 23:49:35,422 WARNING: Lỗi HTTP 404: Không tim thấy product id - product id: 87552652
2025-09-21 23:49:35,668 WARNING: Lỗi HTTP 404: Không tim thấy product id - product id: 87555783
2025-09-21 23:49:35,719 WARNING: Lỗi HTTP 404: Không tim thấy product id - product id: 87557001
2025-09-21 23:49:35,767 WARNING: Lỗi HTTP 404: Không tim thấy product id - product id: 87564818
2025-09-21 23:49:35,820 WARNING: Lỗi HTTP 404: Không tim thấy product id - product id: 87563213
2025-09-21 23:49:35,824 WARNING: Lỗi HTTP 404: Không tim thấy product id - product id: 87557157
2025-09-21 23:49:35,870 WARNING: Lỗi HTTP 404: Không tim thấy product id - product id: 87558397
2025-09-21 23:49:36,019 WARNING: Lỗi HTTP 404: Không tim thấy product id - product id: 87560124
2025-09-21 23:49:38,418 WARNING: Lỗi HTTP 404: Không tim thấy product id - product id: 87771852
2025-09-21 23:49:39,124 WARNING: Lỗi HTTP 404: Không tim thấy product id - product id: 87851737
2025-09-21 23:49:39,125 WARNING: Lỗi HTTP 404: Không tim thấy product id - product id: 87851756
2025-09-21 23:49:39,317 WARNING: Lỗi HTTP 404: Không tim thấy product id - product id: 87851659
2025-09-21 23:49:39,371 WARNING: Lỗi HTTP 404: Không tim thấy product id - product id: 87851730
2025-09-21 23:49:41,245 WARNING: Lỗi HTTP 429 - product id: 88085663, thử lại 1/3
2025-09-21 23:49:41,557 WARNING: Lỗi HTTP 429 - product id: 88198306, thử lại 1/3
2025-09-21 23:49:41,751 WARNING: Lỗi HTTP 429 - product id: 88230416, thử lại 1/3
2025-09-21 23:49:41,838 WARNING: Lỗi HTTP 429 - product id: 88231687, thử lại 1/3
2025-09-21 23:49:41,897 WARNING: Lỗi HTTP 429 - product id: 88246679, thử lại 1/3
2025-09-21 23:49:41,900 WARNING: Lỗi HTTP 429 - product id: 88248941, thử lại 1/3
2025-09-21 23:49:42,217 WARNING: Lỗi HTTP 404: Không tim thấy product id - product id: 88096885
2025-09-21 23:49:42,445 WARNING: Lỗi HTTP 429 - product id: 88785035, thử lại 1/3
2025-09-21 23:49:42,544 WARNING: Lỗi HTTP 429 - product id: 88793393, thử lại 1/3
2025-09-21 23:49:42,618 WARNING: Lỗi HTTP 429 - product id: 88798031, thử lại 1/3
2025-09-21 23:49:42,850 WARNING: Lỗi HTTP 429 - product id: 88813386, thử lại 1/3
2025-09-21 23:49:42,908 WARNING: Lỗi HTTP 429 - product id: 88817997, thử lại 1/3
2025-09-21 23:49:43,003 WARNING: Lỗi HTTP 429 - product id: 88818393, thử lại 1/3
2025-09-21 23:49:43,042 WARNING: Lỗi HTTP 429 - product id: 88818455, thử lại 1/3
2025-09-21 23:49:43,104 WARNING: Lỗi HTTP 429 - product id: 88821506, thử lại 1/3
2025-09-21 23:49:43,143 WARNING: Lỗi HTTP 429 - product id: 88821595, thử lại 1/3
2025-09-21 23:49:47,185 INFO: Đã commit batch 44 (1000 sản phẩm)
2025-09-21 23:49:47,212 INFO: Đã ghi 971 sản phẩm vào file /home/quannh/projects_de/project_2/output/products_batch_44_971_ids.csv
2025-09-21 23:49:47,252 INFO: Bắt đầu crawl batch 45 (1000 sản phẩm)
2025-09-21 23:49:51,824 WARNING: Lỗi HTTP 404: Không tim thấy product id - product id: 89698759
2025-09-21 23:49:51,904 WARNING: Lỗi HTTP 429 - product id: 89703992, thử lại 1/3
2025-09-21 23:49:52,053 WARNING: Lỗi HTTP 429 - product id: 89704606, thử lại 1/3
2025-09-21 23:49:52,053 WARNING: Lỗi HTTP 429 - product id: 89704559, thử lại 1/3
2025-09-21 23:49:52,154 WARNING: Lỗi HTTP 429 - product id: 89705052, thử lại 1/3
2025-09-21 23:49:52,905 WARNING: Lỗi HTTP 429 - product id: 89768858, thử lại 1/3
2025-09-21 23:49:52,969 WARNING: Lỗi HTTP 429 - product id: 89785760, thử lại 1/3
2025-09-21 23:49:53,151 WARNING: Lỗi HTTP 429 - product id: 89822682, thử lại 1/3
2025-09-21 23:49:53,156 WARNING: Lỗi HTTP 429 - product id: 89823066, thử lại 1/3
2025-09-21 23:49:53,201 WARNING: Lỗi HTTP 429 - product id: 89839646, thử lại 1/3
2025-09-21 23:49:53,266 WARNING: Lỗi HTTP 429 - product id: 89840463, thử lại 1/3
2025-09-21 23:49:53,446 WARNING: Lỗi HTTP 429 - product id: 89855219, thử lại 1/3
2025-09-21 23:49:53,463 WARNING: Lỗi HTTP 429 - product id: 89858782, thử lại 1/3
2025-09-21 23:49:53,507 WARNING: Lỗi HTTP 429 - product id: 89878508, thử lại 1/3
2025-09-21 23:49:54,213 WARNING: Lỗi HTTP 429 - product id: 89912302, thử lại 1/3
2025-09-21 23:49:56,862 WARNING: Lỗi HTTP 429 - product id: 90065331, thử lại 1/3
2025-09-21 23:49:57,414 WARNING: Lỗi HTTP 429 - product id: 90070286, thử lại 1/3
2025-09-21 23:49:57,462 WARNING: Lỗi HTTP 429 - product id: 90071176, thử lại 1/3
2025-09-21 23:49:58,009 WARNING: Lỗi HTTP 429 - product id: 90111490, thử lại 1/3
2025-09-21 23:49:58,155 WARNING: Lỗi HTTP 429 - product id: 90142380, thử lại 1/3
2025-09-21 23:49:58,553 WARNING: Lỗi HTTP 429 - product id: 90188965, thử lại 1/3
2025-09-21 23:49:58,660 WARNING: Lỗi HTTP 429 - product id: 90192266, thử lại 1/3
2025-09-21 23:49:58,700 WARNING: Lỗi HTTP 429 - product id: 90193214, thử lại 1/3
2025-09-21 23:49:58,751 WARNING: Lỗi HTTP 429 - product id: 90193347, thử lại 1/3
2025-09-21 23:49:58,764 WARNING: Lỗi HTTP 429 - product id: 90193384, thử lại 1/3
2025-09-21 23:49:58,902 WARNING: Lỗi HTTP 429 - product id: 90193666, thử lại 1/3
2025-09-21 23:49:59,007 WARNING: Lỗi HTTP 429 - product id: 90194178, thử lại 1/3
2025-09-21 23:49:59,116 WARNING: Lỗi HTTP 429 - product id: 90194652, thử lại 1/3
2025-09-21 23:50:04,006 INFO: Đã commit batch 45 (1000 sản phẩm)
2025-09-21 23:50:04,031 INFO: Đã ghi 999 sản phẩm vào file /home/quannh/projects_de/project_2/output/products_batch_45_999_ids.csv
2025-09-21 23:50:04,070 INFO: Bắt đầu crawl batch 46 (1000 sản phẩm)
2025-09-21 23:50:05,166 WARNING: Lỗi HTTP 429 - product id: 90525953, thử lại 1/3
2025-09-21 23:50:05,169 WARNING: Lỗi HTTP 429 - product id: 90526127, thử lại 1/3
2025-09-21 23:50:05,225 WARNING: Lỗi HTTP 429 - product id: 90526706, thử lại 1/3
2025-09-21 23:50:05,233 WARNING: Lỗi HTTP 429 - product id: 90527135, thử lại 1/3
2025-09-21 23:50:05,319 WARNING: Lỗi HTTP 429 - product id: 90533052, thử lại 1/3
2025-09-21 23:50:05,319 WARNING: Lỗi HTTP 429 - product id: 90531308, thử lại 1/3
2025-09-21 23:50:07,621 WARNING: Lỗi HTTP 429 - product id: 90752509, thử lại 1/3
2025-09-21 23:50:07,826 WARNING: Lỗi HTTP 429 - product id: 90761810, thử lại 1/3
2025-09-21 23:50:08,176 WARNING: Lỗi HTTP 429 - product id: 90763393, thử lại 1/3
2025-09-21 23:50:08,271 WARNING: Lỗi HTTP 429 - product id: 90765152, thử lại 1/3
2025-09-21 23:50:08,274 WARNING: Lỗi HTTP 429 - product id: 90765504, thử lại 1/3
2025-09-21 23:50:09,267 WARNING: Lỗi HTTP 429 - product id: 90775348, thử lại 1/3
2025-09-21 23:50:09,271 WARNING: Lỗi HTTP 429 - product id: 90775135, thử lại 1/3
2025-09-21 23:50:09,329 WARNING: Lỗi HTTP 429 - product id: 90775554, thử lại 1/3
2025-09-21 23:50:09,336 WARNING: Lỗi HTTP 429 - product id: 90776258, thử lại 1/3
2025-09-21 23:50:10,365 WARNING: Lỗi HTTP 429 - product id: 90787913, thử lại 1/3
2025-09-21 23:50:10,868 WARNING: Lỗi HTTP 429 - product id: 90796462, thử lại 1/3
2025-09-21 23:50:10,929 WARNING: Lỗi HTTP 429 - product id: 90801375, thử lại 1/3
2025-09-21 23:50:11,031 WARNING: Lỗi HTTP 429 - product id: 90835738, thử lại 1/3
2025-09-21 23:50:11,073 WARNING: Lỗi HTTP 429 - product id: 90842833, thử lại 1/3
2025-09-21 23:50:11,135 WARNING: Lỗi HTTP 429 - product id: 90852601, thử lại 1/3
2025-09-21 23:50:12,870 WARNING: Lỗi HTTP 429 - product id: 91038129, thử lại 1/3
2025-09-21 23:50:13,069 WARNING: Lỗi HTTP 429 - product id: 91088013, thử lại 1/3
2025-09-21 23:50:14,424 WARNING: Lỗi HTTP 429 - product id: 91130008, thử lại 1/3
2025-09-21 23:50:14,821 WARNING: Lỗi HTTP 429 - product id: 91160650, thử lại 1/3
2025-09-21 23:50:14,823 WARNING: Lỗi HTTP 429 - product id: 91160588, thử lại 1/3
2025-09-21 23:50:15,170 WARNING: Lỗi HTTP 404: Không tim thấy product id - product id: 91129745
2025-09-21 23:50:16,116 WARNING: Lỗi HTTP 429 - product id: 91038129, thử lại 2/3
2025-09-21 23:50:16,169 WARNING: Lỗi HTTP 429 - product id: 91247435, thử lại 1/3
2025-09-21 23:50:16,217 WARNING: Lỗi HTTP 429 - product id: 91247897, thử lại 1/3
2025-09-21 23:50:16,219 WARNING: Lỗi HTTP 429 - product id: 91249425, thử lại 1/3
2025-09-21 23:50:16,280 WARNING: Lỗi HTTP 429 - product id: 91249594, thử lại 1/3
2025-09-21 23:50:16,474 WARNING: Lỗi HTTP 429 - product id: 91258480, thử lại 1/3
2025-09-21 23:50:16,668 WARNING: Lỗi HTTP 429 - product id: 91296732, thử lại 1/3
2025-09-21 23:50:16,769 WARNING: Lỗi HTTP 429 - product id: 91316159, thử lại 1/3
2025-09-21 23:50:16,775 WARNING: Lỗi HTTP 429 - product id: 91316414, thử lại 1/3
2025-09-21 23:50:16,817 WARNING: Lỗi HTTP 429 - product id: 91323428, thử lại 1/3
2025-09-21 23:50:16,872 WARNING: Lỗi HTTP 429 - product id: 91325084, thử lại 1/3
2025-09-21 23:50:16,877 WARNING: Lỗi HTTP 429 - product id: 91325469, thử lại 1/3
2025-09-21 23:50:16,938 WARNING: Lỗi HTTP 429 - product id: 91335990, thử lại 1/3
2025-09-21 23:50:17,237 WARNING: Lỗi HTTP 429 - product id: 91375650, thử lại 1/3
2025-09-21 23:50:17,621 WARNING: Lỗi HTTP 429 - product id: 91387360, thử lại 1/3
2025-09-21 23:50:17,685 WARNING: Lỗi HTTP 429 - product id: 91387677, thử lại 1/3
2025-09-21 23:50:17,722 WARNING: Lỗi HTTP 429 - product id: 91387757, thử lại 1/3
2025-09-21 23:50:17,770 WARNING: Lỗi HTTP 429 - product id: 91388137, thử lại 1/3
2025-09-21 23:50:18,018 WARNING: Lỗi HTTP 429 - product id: 91390936, thử lại 1/3
2025-09-21 23:50:18,031 WARNING: Lỗi HTTP 429 - product id: 91390993, thử lại 1/3
2025-09-21 23:50:19,094 WARNING: Lỗi HTTP 404: Không tim thấy product id - product id: 91403505
2025-09-21 23:50:19,236 WARNING: Lỗi HTTP 429 - product id: 91247435, thử lại 2/3
2025-09-21 23:50:19,374 WARNING: Lỗi HTTP 429 - product id: 91447723, thử lại 1/3
2025-09-21 23:50:19,379 WARNING: Lỗi HTTP 429 - product id: 91447733, thử lại 1/3
2025-09-21 23:50:19,418 WARNING: Lỗi HTTP 429 - product id: 91447770, thử lại 1/3
2025-09-21 23:50:19,418 WARNING: Lỗi HTTP 429 - product id: 91447755, thử lại 1/3
2025-09-21 23:50:19,808 WARNING: Lỗi HTTP 429 - product id: 91464417, thử lại 1/3
2025-09-21 23:50:19,835 WARNING: Lỗi HTTP 429 - product id: 91316159, thử lại 2/3
2025-09-21 23:50:19,838 WARNING: Lỗi HTTP 429 - product id: 91316414, thử lại 2/3
2025-09-21 23:50:19,870 WARNING: Lỗi HTTP 429 - product id: 91475276, thử lại 1/3
2025-09-21 23:50:19,878 WARNING: Lỗi HTTP 429 - product id: 91323428, thử lại 2/3
2025-09-21 23:50:19,880 WARNING: Lỗi HTTP 429 - product id: 91475443, thử lại 1/3
2025-09-21 23:50:19,936 WARNING: Lỗi HTTP 429 - product id: 91485000, thử lại 1/3
2025-09-21 23:50:19,983 WARNING: Lỗi HTTP 429 - product id: 91491281, thử lại 1/3
2025-09-21 23:50:20,037 WARNING: Lỗi HTTP 429 - product id: 91502453, thử lại 1/3
2025-09-21 23:50:20,132 WARNING: Lỗi HTTP 429 - product id: 91512605, thử lại 1/3
2025-09-21 23:50:26,062 INFO: Đã commit batch 46 (1000 sản phẩm)
2025-09-21 23:50:26,089 INFO: Đã ghi 998 sản phẩm vào file /home/quannh/projects_de/project_2/output/products_batch_46_998_ids.csv
2025-09-21 23:50:26,128 INFO: Bắt đầu crawl batch 47 (1000 sản phẩm)
2025-09-21 23:50:27,727 WARNING: Lỗi HTTP 429 - product id: 91607181, thử lại 1/3
2025-09-21 23:50:27,832 WARNING: Lỗi HTTP 429 - product id: 91616158, thử lại 1/3
2025-09-21 23:50:27,837 WARNING: Lỗi HTTP 429 - product id: 91616636, thử lại 1/3
2025-09-21 23:50:28,083 WARNING: Lỗi HTTP 429 - product id: 91629253, thử lại 1/3
2025-09-21 23:50:28,134 WARNING: Lỗi HTTP 429 - product id: 91635498, thử lại 1/3
2025-09-21 23:50:28,227 WARNING: Lỗi HTTP 429 - product id: 91642703, thử lại 1/3
2025-09-21 23:50:28,482 WARNING: Lỗi HTTP 429 - product id: 91720473, thử lại 1/3
2025-09-21 23:50:28,825 WARNING: Lỗi HTTP 429 - product id: 91753831, thử lại 1/3
2025-09-21 23:50:28,825 WARNING: Lỗi HTTP 429 - product id: 91753804, thử lại 1/3
2025-09-21 23:50:28,881 WARNING: Lỗi HTTP 429 - product id: 91753951, thử lại 1/3
2025-09-21 23:50:28,944 WARNING: Lỗi HTTP 429 - product id: 91754182, thử lại 1/3
2025-09-21 23:50:28,981 WARNING: Lỗi HTTP 429 - product id: 91754276, thử lại 1/3
2025-09-21 23:50:28,985 WARNING: Lỗi HTTP 429 - product id: 91754277, thử lại 1/3
2025-09-21 23:50:29,333 WARNING: Lỗi HTTP 429 - product id: 91779313, thử lại 1/3
2025-09-21 23:50:29,386 WARNING: Lỗi HTTP 429 - product id: 91779468, thử lại 1/3
2025-09-21 23:50:29,525 WARNING: Lỗi HTTP 429 - product id: 91814081, thử lại 1/3
2025-09-21 23:50:29,527 WARNING: Lỗi HTTP 429 - product id: 91808123, thử lại 1/3
2025-09-21 23:50:29,727 WARNING: Lỗi HTTP 429 - product id: 91820351, thử lại 1/3
2025-09-21 23:50:29,921 WARNING: Lỗi HTTP 429 - product id: 91836377, thử lại 1/3
2025-09-21 23:50:31,798 WARNING: Lỗi HTTP 404: Không tim thấy product id - product id: 91940010
2025-09-21 23:50:31,947 WARNING: Lỗi HTTP 404: Không tim thấy product id - product id: 91945133
2025-09-21 23:50:32,152 WARNING: Lỗi HTTP 404: Không tim thấy product id - product id: 91932472
2025-09-21 23:50:32,250 WARNING: Lỗi HTTP 404: Không tim thấy product id - product id: 91937597
2025-09-21 23:50:32,303 WARNING: Lỗi HTTP 404: Không tim thấy product id - product id: 91938807
2025-09-21 23:50:32,382 WARNING: Lỗi HTTP 429 - product id: 91974558, thử lại 1/3
2025-09-21 23:50:32,475 WARNING: Lỗi HTTP 429 - product id: 91978289, thử lại 1/3
2025-09-21 23:50:32,476 WARNING: Lỗi HTTP 429 - product id: 91978721, thử lại 1/3
2025-09-21 23:50:32,652 WARNING: Lỗi HTTP 404: Không tim thấy product id - product id: 91950879
2025-09-21 23:50:32,930 WARNING: Lỗi HTTP 429 - product id: 92048986, thử lại 1/3
2025-09-21 23:50:37,079 WARNING: Lỗi HTTP 429 - product id: 92449288, thử lại 1/3
2025-09-21 23:50:37,145 WARNING: Lỗi HTTP 429 - product id: 92450272, thử lại 1/3
2025-09-21 23:50:37,172 WARNING: Lỗi HTTP 429 - product id: 92451542, thử lại 1/3
2025-09-21 23:50:37,179 WARNING: Lỗi HTTP 429 - product id: 92453985, thử lại 1/3
2025-09-21 23:50:37,245 WARNING: Lỗi HTTP 429 - product id: 92456134, thử lại 1/3
2025-09-21 23:50:37,277 WARNING: Lỗi HTTP 429 - product id: 92461718, thử lại 1/3
2025-09-21 23:50:37,315 WARNING: Lỗi HTTP 429 - product id: 92461916, thử lại 1/3
2025-09-21 23:50:37,320 WARNING: Lỗi HTTP 429 - product id: 92462273, thử lại 1/3
2025-09-21 23:50:37,342 WARNING: Lỗi HTTP 429 - product id: 92462855, thử lại 1/3
2025-09-21 23:50:37,379 WARNING: Lỗi HTTP 429 - product id: 92464101, thử lại 1/3
2025-09-21 23:50:37,381 WARNING: Lỗi HTTP 429 - product id: 92463987, thử lại 1/3
2025-09-21 23:50:37,428 WARNING: Lỗi HTTP 429 - product id: 92465334, thử lại 1/3
2025-09-21 23:50:37,477 WARNING: Lỗi HTTP 429 - product id: 92467728, thử lại 1/3
2025-09-21 23:50:37,740 WARNING: Lỗi HTTP 429 - product id: 92478862, thử lại 1/3
2025-09-21 23:50:37,822 WARNING: Lỗi HTTP 429 - product id: 92484497, thử lại 1/3
2025-09-21 23:50:37,882 WARNING: Lỗi HTTP 429 - product id: 92487982, thử lại 1/3
2025-09-21 23:50:37,987 WARNING: Lỗi HTTP 429 - product id: 92488405, thử lại 1/3
2025-09-21 23:50:38,136 WARNING: Lỗi HTTP 429 - product id: 92489513, thử lại 1/3
2025-09-21 23:50:38,394 WARNING: Lỗi HTTP 429 - product id: 92494157, thử lại 1/3
2025-09-21 23:50:38,877 WARNING: Lỗi HTTP 429 - product id: 92565433, thử lại 1/3
2025-09-21 23:50:40,379 WARNING: Lỗi HTTP 404: Không tim thấy product id - product id: 92743919
2025-09-21 23:50:40,430 WARNING: Lỗi HTTP 404: Không tim thấy product id - product id: 92744455
2025-09-21 23:50:40,574 WARNING: Lỗi HTTP 429 - product id: 92465334, thử lại 2/3
2025-09-21 23:50:40,675 WARNING: Lỗi HTTP 429 - product id: 92801514, thử lại 1/3
2025-09-21 23:50:40,682 WARNING: Lỗi HTTP 429 - product id: 92804794, thử lại 1/3
2025-09-21 23:50:40,740 WARNING: Lỗi HTTP 429 - product id: 92809586, thử lại 1/3
2025-09-21 23:50:41,183 WARNING: Lỗi HTTP 429 - product id: 92488405, thử lại 2/3
2025-09-21 23:50:47,292 INFO: Đã commit batch 47 (1000 sản phẩm)
2025-09-21 23:50:47,319 INFO: Đã ghi 992 sản phẩm vào file /home/quannh/projects_de/project_2/output/products_batch_47_992_ids.csv
2025-09-21 23:50:47,358 INFO: Bắt đầu crawl batch 48 (1000 sản phẩm)
2025-09-21 23:50:47,656 WARNING: Lỗi HTTP 429 - product id: 93212648, thử lại 1/3
2025-09-21 23:50:47,756 WARNING: Lỗi HTTP 429 - product id: 93218234, thử lại 1/3
2025-09-21 23:50:47,862 WARNING: Lỗi HTTP 429 - product id: 93223725, thử lại 1/3
2025-09-21 23:50:49,609 WARNING: Lỗi HTTP 429 - product id: 93401817, thử lại 1/3
2025-09-21 23:50:49,662 WARNING: Lỗi HTTP 429 - product id: 93406764, thử lại 1/3
2025-09-21 23:50:49,672 WARNING: Lỗi HTTP 429 - product id: 93413873, thử lại 1/3
2025-09-21 23:50:49,705 WARNING: Lỗi HTTP 429 - product id: 93428624, thử lại 1/3
2025-09-21 23:50:49,747 WARNING: Lỗi HTTP 429 - product id: 93463324, thử lại 1/3
2025-09-21 23:50:49,767 WARNING: Lỗi HTTP 429 - product id: 93513169, thử lại 1/3
2025-09-21 23:50:49,959 WARNING: Lỗi HTTP 429 - product id: 93597948, thử lại 1/3
2025-09-21 23:50:49,960 WARNING: Lỗi HTTP 429 - product id: 93598075, thử lại 1/3
2025-09-21 23:50:50,203 WARNING: Lỗi HTTP 429 - product id: 93599194, thử lại 1/3
2025-09-21 23:50:50,264 WARNING: Lỗi HTTP 429 - product id: 93599943, thử lại 1/3
2025-09-21 23:50:50,353 WARNING: Lỗi HTTP 429 - product id: 93600389, thử lại 1/3
2025-09-21 23:50:50,362 WARNING: Lỗi HTTP 429 - product id: 93600466, thử lại 1/3
2025-09-21 23:50:50,714 WARNING: Lỗi HTTP 429 - product id: 93709587, thử lại 1/3
2025-09-21 23:50:50,803 WARNING: Lỗi HTTP 429 - product id: 93714003, thử lại 1/3
2025-09-21 23:50:50,803 WARNING: Lỗi HTTP 429 - product id: 93712746, thử lại 1/3
2025-09-21 23:50:50,866 WARNING: Lỗi HTTP 429 - product id: 93743776, thử lại 1/3
2025-09-21 23:50:51,930 WARNING: Lỗi HTTP 404: Không tim thấy product id - product id: 93830430
2025-09-21 23:50:52,082 WARNING: Lỗi HTTP 404: Không tim thấy product id - product id: 93764811
2025-09-21 23:50:52,554 WARNING: Lỗi HTTP 429 - product id: 93968927, thử lại 1/3
2025-09-21 23:50:52,562 WARNING: Lỗi HTTP 429 - product id: 93969325, thử lại 1/3
2025-09-21 23:50:52,725 WARNING: Lỗi HTTP 429 - product id: 93406764, thử lại 2/3
2025-09-21 23:50:53,557 WARNING: Lỗi HTTP 429 - product id: 94107092, thử lại 1/3
2025-09-21 23:50:53,621 WARNING: Lỗi HTTP 429 - product id: 94136958, thử lại 1/3
2025-09-21 23:50:54,456 WARNING: Lỗi HTTP 429 - product id: 94226733, thử lại 1/3
2025-09-21 23:50:54,464 WARNING: Lỗi HTTP 429 - product id: 94226900, thử lại 1/3
2025-09-21 23:50:54,763 WARNING: Lỗi HTTP 429 - product id: 94284579, thử lại 1/3
2025-09-21 23:50:55,012 WARNING: Lỗi HTTP 429 - product id: 94305175, thử lại 1/3
2025-09-21 23:50:55,153 WARNING: Lỗi HTTP 429 - product id: 94305896, thử lại 1/3
2025-09-21 23:50:55,157 WARNING: Lỗi HTTP 429 - product id: 94305897, thử lại 1/3
2025-09-21 23:50:55,162 WARNING: Lỗi HTTP 429 - product id: 94305942, thử lại 1/3
2025-09-21 23:50:55,553 WARNING: Lỗi HTTP 429 - product id: 94325661, thử lại 1/3
2025-09-21 23:50:55,554 WARNING: Lỗi HTTP 429 - product id: 94322367, thử lại 1/3
2025-09-21 23:50:55,733 WARNING: Lỗi HTTP 404: Không tim thấy product id - product id: 94306870
2025-09-21 23:50:57,057 WARNING: Lỗi HTTP 429 - product id: 94487661, thử lại 1/3
2025-09-21 23:50:57,103 WARNING: Lỗi HTTP 429 - product id: 94519904, thử lại 1/3
2025-09-21 23:50:57,164 WARNING: Lỗi HTTP 429 - product id: 94520139, thử lại 1/3
2025-09-21 23:50:57,206 WARNING: Lỗi HTTP 429 - product id: 94520404, thử lại 1/3
2025-09-21 23:50:57,207 WARNING: Lỗi HTTP 429 - product id: 94520458, thử lại 1/3
2025-09-21 23:50:57,500 WARNING: Lỗi HTTP 429 - product id: 94534525, thử lại 1/3
2025-09-21 23:50:57,656 WARNING: Lỗi HTTP 429 - product id: 94535211, thử lại 1/3
2025-09-21 23:50:57,657 WARNING: Lỗi HTTP 429 - product id: 94535209, thử lại 1/3
2025-09-21 23:50:58,606 WARNING: Lỗi HTTP 429 - product id: 94566849, thử lại 1/3
2025-09-21 23:50:58,914 WARNING: Lỗi HTTP 429 - product id: 94569374, thử lại 1/3
2025-09-21 23:50:59,367 WARNING: Lỗi HTTP 429 - product id: 94584219, thử lại 1/3
2025-09-21 23:51:01,033 WARNING: Lỗi HTTP 404: Không tim thấy product id - product id: 94674261
2025-09-21 23:51:04,194 INFO: Đã commit batch 48 (1000 sản phẩm)
2025-09-21 23:51:04,221 INFO: Đã ghi 996 sản phẩm vào file /home/quannh/projects_de/project_2/output/products_batch_48_996_ids.csv
2025-09-21 23:51:04,261 INFO: Bắt đầu crawl batch 49 (1000 sản phẩm)
2025-09-21 23:51:04,814 WARNING: Lỗi HTTP 429 - product id: 95014637, thử lại 1/3
2025-09-21 23:51:04,869 WARNING: Lỗi HTTP 429 - product id: 95015660, thử lại 1/3
2025-09-21 23:51:05,060 WARNING: Lỗi HTTP 429 - product id: 95038034, thử lại 1/3
2025-09-21 23:51:05,154 WARNING: Lỗi HTTP 429 - product id: 95049106, thử lại 1/3
2025-09-21 23:51:05,211 WARNING: Lỗi HTTP 429 - product id: 95050492, thử lại 1/3
2025-09-21 23:51:06,916 WARNING: Lỗi HTTP 429 - product id: 95154641, thử lại 1/3
2025-09-21 23:51:10,684 WARNING: Lỗi HTTP 404: Không tim thấy product id - product id: 95296908
2025-09-21 23:51:12,174 WARNING: Lỗi HTTP 429 - product id: 95682779, thử lại 1/3
2025-09-21 23:51:13,306 WARNING: Lỗi HTTP 429 - product id: 95865885, thử lại 1/3
2025-09-21 23:51:13,512 WARNING: Lỗi HTTP 429 - product id: 95892429, thử lại 1/3
2025-09-21 23:51:13,514 WARNING: Lỗi HTTP 429 - product id: 95892234, thử lại 1/3
2025-09-21 23:51:13,565 WARNING: Lỗi HTTP 429 - product id: 95892542, thử lại 1/3
2025-09-21 23:51:15,966 WARNING: Lỗi HTTP 429 - product id: 96107423, thử lại 1/3
2025-09-21 23:51:16,074 WARNING: Lỗi HTTP 429 - product id: 96126111, thử lại 1/3
2025-09-21 23:51:16,074 WARNING: Lỗi HTTP 429 - product id: 96127138, thử lại 1/3
2025-09-21 23:51:16,162 WARNING: Lỗi HTTP 429 - product id: 96133088, thử lại 1/3
2025-09-21 23:51:16,206 WARNING: Lỗi HTTP 429 - product id: 96133250, thử lại 1/3
2025-09-21 23:51:16,222 WARNING: Lỗi HTTP 429 - product id: 96136902, thử lại 1/3
2025-09-21 23:51:16,307 WARNING: Lỗi HTTP 429 - product id: 96147770, thử lại 1/3
2025-09-21 23:51:16,309 WARNING: Lỗi HTTP 429 - product id: 96147828, thử lại 1/3
2025-09-21 23:51:16,456 WARNING: Lỗi HTTP 429 - product id: 95865885, thử lại 2/3
2025-09-21 23:51:16,512 WARNING: Lỗi HTTP 429 - product id: 96149285, thử lại 1/3
2025-09-21 23:51:18,719 WARNING: Lỗi HTTP 429 - product id: 96308667, thử lại 1/3
2025-09-21 23:51:18,807 WARNING: Lỗi HTTP 429 - product id: 96310837, thử lại 1/3
2025-09-21 23:51:18,810 WARNING: Lỗi HTTP 429 - product id: 96311040, thử lại 1/3
2025-09-21 23:51:18,866 WARNING: Lỗi HTTP 429 - product id: 96311417, thử lại 1/3
2025-09-21 23:51:18,903 WARNING: Lỗi HTTP 429 - product id: 96311746, thử lại 1/3
2025-09-21 23:51:18,905 WARNING: Lỗi HTTP 429 - product id: 96311822, thử lại 1/3
2025-09-21 23:51:18,916 WARNING: Lỗi HTTP 429 - product id: 96311862, thử lại 1/3
2025-09-21 23:51:18,967 WARNING: Lỗi HTTP 429 - product id: 96311942, thử lại 1/3
2025-09-21 23:51:19,861 WARNING: Lỗi HTTP 429 - product id: 96324552, thử lại 1/3
2025-09-21 23:51:19,870 WARNING: Lỗi HTTP 429 - product id: 96324593, thử lại 1/3
2025-09-21 23:51:19,910 WARNING: Lỗi HTTP 429 - product id: 96324707, thử lại 1/3
2025-09-21 23:51:19,956 WARNING: Lỗi HTTP 429 - product id: 96332065, thử lại 1/3
2025-09-21 23:51:23,646 INFO: Đã commit batch 49 (1000 sản phẩm)
2025-09-21 23:51:23,671 INFO: Đã ghi 999 sản phẩm vào file /home/quannh/projects_de/project_2/output/products_batch_49_999_ids.csv
2025-09-21 23:51:23,710 INFO: Bắt đầu crawl batch 50 (1000 sản phẩm)
2025-09-21 23:51:24,155 WARNING: Lỗi HTTP 429 - product id: 96408269, thử lại 1/3
2025-09-21 23:51:24,265 WARNING: Lỗi HTTP 429 - product id: 96418173, thử lại 1/3
2025-09-21 23:51:24,360 WARNING: Lỗi HTTP 429 - product id: 96444572, thử lại 1/3
2025-09-21 23:51:24,459 WARNING: Lỗi HTTP 429 - product id: 96448917, thử lại 1/3
2025-09-21 23:51:24,460 WARNING: Lỗi HTTP 429 - product id: 96448049, thử lại 1/3
2025-09-21 23:51:24,521 WARNING: Lỗi HTTP 429 - product id: 96459752, thử lại 1/3
2025-09-21 23:51:26,553 WARNING: Lỗi HTTP 429 - product id: 96660342, thử lại 1/3
2025-09-21 23:51:26,557 WARNING: Lỗi HTTP 429 - product id: 96660393, thử lại 1/3
2025-09-21 23:51:26,619 WARNING: Lỗi HTTP 429 - product id: 96685583, thử lại 1/3
2025-09-21 23:51:27,004 WARNING: Lỗi HTTP 429 - product id: 96748018, thử lại 1/3
2025-09-21 23:51:29,159 WARNING: Lỗi HTTP 429 - product id: 96847064, thử lại 1/3
2025-09-21 23:51:29,167 WARNING: Lỗi HTTP 429 - product id: 96847070, thử lại 1/3
2025-09-21 23:51:29,209 WARNING: Lỗi HTTP 429 - product id: 96847532, thử lại 1/3
2025-09-21 23:51:29,214 WARNING: Lỗi HTTP 429 - product id: 96847738, thử lại 1/3
2025-09-21 23:51:29,262 WARNING: Lỗi HTTP 429 - product id: 96866911, thử lại 1/3
2025-09-21 23:51:29,274 WARNING: Lỗi HTTP 429 - product id: 96867481, thử lại 1/3
2025-09-21 23:51:29,458 WARNING: Lỗi HTTP 429 - product id: 96933674, thử lại 1/3
2025-09-21 23:51:29,521 WARNING: Lỗi HTTP 429 - product id: 96988474, thử lại 1/3
2025-09-21 23:51:30,025 WARNING: Lỗi HTTP 429 - product id: 97000740, thử lại 1/3
2025-09-21 23:51:30,262 WARNING: Lỗi HTTP 429 - product id: 97019033, thử lại 1/3
2025-09-21 23:51:30,269 WARNING: Lỗi HTTP 429 - product id: 97020046, thử lại 1/3
2025-09-21 23:51:30,511 WARNING: Lỗi HTTP 429 - product id: 97057073, thử lại 1/3
2025-09-21 23:51:30,661 WARNING: Lỗi HTTP 429 - product id: 97073804, thử lại 1/3
2025-09-21 23:51:30,724 WARNING: Lỗi HTTP 429 - product id: 97077767, thử lại 1/3
2025-09-21 23:51:30,872 WARNING: Lỗi HTTP 429 - product id: 97091069, thử lại 1/3
2025-09-21 23:51:30,910 WARNING: Lỗi HTTP 429 - product id: 97093940, thử lại 1/3
2025-09-21 23:51:33,058 WARNING: Lỗi HTTP 429 - product id: 97489745, thử lại 1/3
2025-09-21 23:51:33,059 WARNING: Lỗi HTTP 429 - product id: 97490116, thử lại 1/3
2025-09-21 23:51:33,118 WARNING: Lỗi HTTP 429 - product id: 97503183, thử lại 1/3
2025-09-21 23:51:33,158 WARNING: Lỗi HTTP 429 - product id: 97000740, thử lại 2/3
2025-09-21 23:51:33,259 WARNING: Lỗi HTTP 429 - product id: 97537435, thử lại 1/3
2025-09-21 23:51:33,501 WARNING: Lỗi HTTP 429 - product id: 97551358, thử lại 1/3
2025-09-21 23:51:33,562 WARNING: Lỗi HTTP 429 - product id: 97552327, thử lại 1/3
2025-09-21 23:51:33,608 WARNING: Lỗi HTTP 429 - product id: 97553052, thử lại 1/3
2025-09-21 23:51:33,673 WARNING: Lỗi HTTP 429 - product id: 97553394, thử lại 1/3
2025-09-21 23:51:33,709 WARNING: Lỗi HTTP 429 - product id: 97554211, thử lại 1/3
2025-09-21 23:51:33,715 WARNING: Lỗi HTTP 429 - product id: 97555119, thử lại 1/3
2025-09-21 23:51:33,769 WARNING: Lỗi HTTP 429 - product id: 97555263, thử lại 1/3
2025-09-21 23:51:33,770 WARNING: Lỗi HTTP 429 - product id: 97073804, thử lại 2/3
2025-09-21 23:51:33,858 WARNING: Lỗi HTTP 429 - product id: 97557248, thử lại 1/3
2025-09-21 23:51:33,859 WARNING: Lỗi HTTP 429 - product id: 97557284, thử lại 1/3
2025-09-21 23:51:33,956 WARNING: Lỗi HTTP 429 - product id: 97560619, thử lại 1/3
2025-09-21 23:51:35,315 WARNING: Lỗi HTTP 429 - product id: 97714671, thử lại 1/3
2025-09-21 23:51:35,471 WARNING: Lỗi HTTP 429 - product id: 97729163, thử lại 1/3
2025-09-21 23:51:36,181 WARNING: Lỗi HTTP 404: Không tim thấy product id - product id: 97708090
2025-09-21 23:51:40,654 INFO: Đã commit batch 50 (1000 sản phẩm)
2025-09-21 23:51:40,687 INFO: Đã ghi 999 sản phẩm vào file /home/quannh/projects_de/project_2/output/products_batch_50_999_ids.csv
2025-09-21 23:51:40,729 INFO: Bắt đầu crawl batch 51 (1000 sản phẩm)
2025-09-21 23:51:41,771 WARNING: Lỗi HTTP 429 - product id: 97959916, thử lại 1/3
2025-09-21 23:51:41,833 WARNING: Lỗi HTTP 429 - product id: 97960452, thử lại 1/3
2025-09-21 23:51:41,876 WARNING: Lỗi HTTP 429 - product id: 97960472, thử lại 1/3
2025-09-21 23:51:41,924 WARNING: Lỗi HTTP 429 - product id: 97960729, thử lại 1/3
2025-09-21 23:51:41,990 WARNING: Lỗi HTTP 429 - product id: 97960905, thử lại 1/3
2025-09-21 23:51:42,276 WARNING: Lỗi HTTP 429 - product id: 97962266, thử lại 1/3
2025-09-21 23:51:42,325 WARNING: Lỗi HTTP 429 - product id: 97962399, thử lại 1/3
2025-09-21 23:51:42,325 WARNING: Lỗi HTTP 429 - product id: 97962441, thử lại 1/3
2025-09-21 23:51:42,378 WARNING: Lỗi HTTP 429 - product id: 97962555, thử lại 1/3
2025-09-21 23:51:42,388 WARNING: Lỗi HTTP 429 - product id: 97962568, thử lại 1/3
2025-09-21 23:51:42,388 WARNING: Lỗi HTTP 429 - product id: 97962567, thử lại 1/3
2025-09-21 23:51:42,429 WARNING: Lỗi HTTP 429 - product id: 97963017, thử lại 1/3
2025-09-21 23:51:42,429 WARNING: Lỗi HTTP 429 - product id: 97963029, thử lại 1/3
2025-09-21 23:51:42,440 WARNING: Lỗi HTTP 429 - product id: 97963086, thử lại 1/3
2025-09-21 23:51:42,485 WARNING: Lỗi HTTP 429 - product id: 97982147, thử lại 1/3
2025-09-21 23:51:42,490 WARNING: Lỗi HTTP 429 - product id: 97990855, thử lại 1/3
2025-09-21 23:51:42,582 WARNING: Lỗi HTTP 429 - product id: 98001449, thử lại 1/3
2025-09-21 23:51:44,474 WARNING: Lỗi HTTP 429 - product id: 98102105, thử lại 1/3
2025-09-21 23:51:44,627 WARNING: Lỗi HTTP 429 - product id: 98119068, thử lại 1/3
2025-09-21 23:51:46,329 WARNING: Lỗi HTTP 429 - product id: 98154731, thử lại 1/3
2025-09-21 23:51:48,576 WARNING: Lỗi HTTP 429 - product id: 98291407, thử lại 1/3
2025-09-21 23:51:48,625 WARNING: Lỗi HTTP 429 - product id: 98297175, thử lại 1/3
2025-09-21 23:51:48,688 WARNING: Lỗi HTTP 429 - product id: 98323061, thử lại 1/3
2025-09-21 23:51:48,782 WARNING: Lỗi HTTP 429 - product id: 98355532, thử lại 1/3
2025-09-21 23:51:48,831 WARNING: Lỗi HTTP 429 - product id: 98355910, thử lại 1/3
2025-09-21 23:51:48,888 WARNING: Lỗi HTTP 429 - product id: 98365835, thử lại 1/3
2025-09-21 23:51:49,272 WARNING: Lỗi HTTP 429 - product id: 98366637, thử lại 1/3
2025-09-21 23:51:49,334 WARNING: Lỗi HTTP 429 - product id: 98366779, thử lại 1/3
2025-09-21 23:51:49,429 WARNING: Lỗi HTTP 429 - product id: 98367348, thử lại 1/3
2025-09-21 23:51:49,490 WARNING: Lỗi HTTP 429 - product id: 98367541, thử lại 1/3
2025-09-21 23:51:49,531 WARNING: Lỗi HTTP 429 - product id: 98367630, thử lại 1/3
2025-09-21 23:51:49,535 WARNING: Lỗi HTTP 429 - product id: 98367652, thử lại 1/3
2025-09-21 23:51:49,578 WARNING: Lỗi HTTP 429 - product id: 98367869, thử lại 1/3
2025-09-21 23:51:49,625 WARNING: Lỗi HTTP 429 - product id: 98368136, thử lại 1/3
2025-09-21 23:51:49,737 WARNING: Lỗi HTTP 429 - product id: 98368713, thử lại 1/3
2025-09-21 23:51:49,976 WARNING: Lỗi HTTP 429 - product id: 98369594, thử lại 1/3
2025-09-21 23:51:50,421 WARNING: Lỗi HTTP 429 - product id: 98370506, thử lại 1/3
2025-09-21 23:51:50,478 WARNING: Lỗi HTTP 429 - product id: 98370703, thử lại 1/3
2025-09-21 23:51:51,677 WARNING: Lỗi HTTP 429 - product id: 98575891, thử lại 1/3
2025-09-21 23:51:51,687 WARNING: Lỗi HTTP 429 - product id: 98297175, thử lại 2/3
2025-09-21 23:51:51,879 WARNING: Lỗi HTTP 429 - product id: 98596837, thử lại 1/3
2025-09-21 23:51:51,969 WARNING: Lỗi HTTP 429 - product id: 98598334, thử lại 1/3
2025-09-21 23:51:51,980 WARNING: Lỗi HTTP 429 - product id: 98598357, thử lại 1/3
2025-09-21 23:51:52,182 WARNING: Lỗi HTTP 429 - product id: 98610170, thử lại 1/3
2025-09-21 23:51:52,491 WARNING: Lỗi HTTP 429 - product id: 98367348, thử lại 2/3
2025-09-21 23:51:52,569 WARNING: Lỗi HTTP 429 - product id: 98625061, thử lại 1/3
2025-09-21 23:51:52,685 WARNING: Lỗi HTTP 429 - product id: 98625615, thử lại 1/3
2025-09-21 23:51:53,124 WARNING: Lỗi HTTP 429 - product id: 98640535, thử lại 1/3
2025-09-21 23:51:53,129 WARNING: Lỗi HTTP 429 - product id: 98640558, thử lại 1/3
2025-09-21 23:51:53,168 WARNING: Lỗi HTTP 429 - product id: 98640649, thử lại 1/3
2025-09-21 23:51:53,190 WARNING: Lỗi HTTP 429 - product id: 98640794, thử lại 1/3
2025-09-21 23:51:53,193 WARNING: Lỗi HTTP 429 - product id: 98640871, thử lại 1/3
2025-09-21 23:51:53,227 WARNING: Lỗi HTTP 429 - product id: 98640952, thử lại 1/3
2025-09-21 23:51:53,228 WARNING: Lỗi HTTP 429 - product id: 98640981, thử lại 1/3
2025-09-21 23:51:53,327 WARNING: Lỗi HTTP 429 - product id: 98641297, thử lại 1/3
2025-09-21 23:51:53,973 WARNING: Lỗi HTTP 429 - product id: 98658274, thử lại 1/3
2025-09-21 23:51:55,513 WARNING: Lỗi HTTP 429 - product id: 98745197, thử lại 1/3
2025-09-21 23:51:55,520 WARNING: Lỗi HTTP 429 - product id: 98758105, thử lại 1/3
2025-09-21 23:51:55,574 WARNING: Lỗi HTTP 429 - product id: 98763603, thử lại 1/3
2025-09-21 23:51:55,608 WARNING: Lỗi HTTP 429 - product id: 98772287, thử lại 1/3
2025-09-21 23:51:55,818 WARNING: Lỗi HTTP 429 - product id: 98825561, thử lại 1/3
2025-09-21 23:51:55,854 WARNING: Lỗi HTTP 429 - product id: 98827161, thử lại 1/3
2025-09-21 23:51:55,964 WARNING: Lỗi HTTP 429 - product id: 98827714, thử lại 1/3
2025-09-21 23:51:59,054 INFO: Đã commit batch 51 (1000 sản phẩm)
2025-09-21 23:51:59,082 INFO: Đã ghi 1000 sản phẩm vào file /home/quannh/projects_de/project_2/output/products_batch_51_1000_ids.csv
2025-09-21 23:51:59,122 INFO: Bắt đầu crawl batch 52 (1000 sản phẩm)
2025-09-21 23:52:05,020 WARNING: Lỗi HTTP 429 - product id: 99480070, thử lại 1/3
2025-09-21 23:52:05,068 WARNING: Lỗi HTTP 429 - product id: 99480173, thử lại 1/3
2025-09-21 23:52:05,081 WARNING: Lỗi HTTP 429 - product id: 99480257, thử lại 1/3
2025-09-21 23:52:05,121 WARNING: Lỗi HTTP 429 - product id: 99480355, thử lại 1/3
2025-09-21 23:52:05,131 WARNING: Lỗi HTTP 429 - product id: 99480381, thử lại 1/3
2025-09-21 23:52:05,135 WARNING: Lỗi HTTP 429 - product id: 99480384, thử lại 1/3
2025-09-21 23:52:05,184 WARNING: Lỗi HTTP 429 - product id: 99480543, thử lại 1/3
2025-09-21 23:52:05,228 WARNING: Lỗi HTTP 429 - product id: 99480861, thử lại 1/3
2025-09-21 23:52:05,274 WARNING: Lỗi HTTP 429 - product id: 99480942, thử lại 1/3
2025-09-21 23:52:05,418 WARNING: Lỗi HTTP 429 - product id: 99481288, thử lại 1/3
2025-09-21 23:52:07,919 WARNING: Lỗi HTTP 429 - product id: 99488976, thử lại 1/3
2025-09-21 23:52:08,018 WARNING: Lỗi HTTP 429 - product id: 99489795, thử lại 1/3
2025-09-21 23:52:08,373 WARNING: Lỗi HTTP 429 - product id: 99490524, thử lại 1/3
2025-09-21 23:52:08,417 WARNING: Lỗi HTTP 429 - product id: 99490527, thử lại 1/3
2025-09-21 23:52:08,436 WARNING: Lỗi HTTP 429 - product id: 99490565, thử lại 1/3
2025-09-21 23:52:08,518 WARNING: Lỗi HTTP 429 - product id: 99492039, thử lại 1/3
2025-09-21 23:52:08,669 WARNING: Lỗi HTTP 429 - product id: 99492409, thử lại 1/3
2025-09-21 23:52:08,670 WARNING: Lỗi HTTP 429 - product id: 99492460, thử lại 1/3
2025-09-21 23:52:08,735 WARNING: Lỗi HTTP 429 - product id: 99492743, thử lại 1/3
2025-09-21 23:52:08,979 WARNING: Lỗi HTTP 429 - product id: 99493604, thử lại 1/3
2025-09-21 23:52:09,318 WARNING: Lỗi HTTP 429 - product id: 99494567, thử lại 1/3
2025-09-21 23:52:09,477 WARNING: Lỗi HTTP 429 - product id: 99495723, thử lại 1/3
2025-09-21 23:52:09,572 WARNING: Lỗi HTTP 429 - product id: 99496436, thử lại 1/3
2025-09-21 23:52:11,778 WARNING: Lỗi HTTP 429 - product id: 99719238, thử lại 1/3
2025-09-21 23:52:11,974 WARNING: Lỗi HTTP 429 - product id: 99836135, thử lại 1/3
2025-09-21 23:52:12,125 WARNING: Lỗi HTTP 429 - product id: 99838551, thử lại 1/3
2025-09-21 23:52:15,964 INFO: Đã commit batch 52 (1000 sản phẩm)
2025-09-21 23:52:15,991 INFO: Đã ghi 1000 sản phẩm vào file /home/quannh/projects_de/project_2/output/products_batch_52_1000_ids.csv
2025-09-21 23:52:16,029 INFO: Bắt đầu crawl batch 53 (1000 sản phẩm)
2025-09-21 23:52:16,476 WARNING: Lỗi HTTP 429 - product id: 100248671, thử lại 1/3
2025-09-21 23:52:16,538 WARNING: Lỗi HTTP 429 - product id: 100249835, thử lại 1/3
2025-09-21 23:52:17,527 WARNING: Lỗi HTTP 429 - product id: 100274855, thử lại 1/3
2025-09-21 23:52:17,629 WARNING: Lỗi HTTP 429 - product id: 100280862, thử lại 1/3
2025-09-21 23:52:17,877 WARNING: Lỗi HTTP 429 - product id: 100298378, thử lại 1/3
2025-09-21 23:52:17,879 WARNING: Lỗi HTTP 429 - product id: 100298584, thử lại 1/3
2025-09-21 23:52:18,550 WARNING: Lỗi HTTP 404: Không tim thấy product id - product id: 100319951
2025-09-21 23:52:18,780 WARNING: Lỗi HTTP 429 - product id: 100375688, thử lại 1/3
2025-09-21 23:52:19,678 WARNING: Lỗi HTTP 429 - product id: 100248671, thử lại 2/3
2025-09-21 23:52:20,185 WARNING: Lỗi HTTP 429 - product id: 100464001, thử lại 1/3
2025-09-21 23:52:20,327 WARNING: Lỗi HTTP 429 - product id: 100464509, thử lại 1/3
2025-09-21 23:52:20,623 WARNING: Lỗi HTTP 429 - product id: 100465186, thử lại 1/3
2025-09-21 23:52:20,678 WARNING: Lỗi HTTP 429 - product id: 100465334, thử lại 1/3
2025-09-21 23:52:20,685 WARNING: Lỗi HTTP 429 - product id: 100465342, thử lại 1/3
2025-09-21 23:52:20,727 WARNING: Lỗi HTTP 429 - product id: 100465385, thử lại 1/3
2025-09-21 23:52:20,782 WARNING: Lỗi HTTP 429 - product id: 100280862, thử lại 2/3
2025-09-21 23:52:21,828 WARNING: Lỗi HTTP 429 - product id: 100492597, thử lại 1/3
2025-09-21 23:52:21,889 WARNING: Lỗi HTTP 429 - product id: 100493696, thử lại 1/3
2025-09-21 23:52:22,078 WARNING: Lỗi HTTP 429 - product id: 100511593, thử lại 1/3
2025-09-21 23:52:22,426 WARNING: Lỗi HTTP 429 - product id: 100542698, thử lại 1/3
2025-09-21 23:52:23,472 WARNING: Lỗi HTTP 429 - product id: 100610127, thử lại 1/3
2025-09-21 23:52:23,523 WARNING: Lỗi HTTP 429 - product id: 100610155, thử lại 1/3
2025-09-21 23:52:23,583 WARNING: Lỗi HTTP 429 - product id: 100610246, thử lại 1/3
2025-09-21 23:52:23,587 WARNING: Lỗi HTTP 429 - product id: 100610288, thử lại 1/3
2025-09-21 23:52:23,626 WARNING: Lỗi HTTP 429 - product id: 100610368, thử lại 1/3
2025-09-21 23:52:23,651 WARNING: Lỗi HTTP 429 - product id: 100610524, thử lại 1/3
2025-09-21 23:52:23,670 WARNING: Lỗi HTTP 429 - product id: 100610530, thử lại 1/3
2025-09-21 23:52:23,726 WARNING: Lỗi HTTP 429 - product id: 100610563, thử lại 1/3
2025-09-21 23:52:23,743 WARNING: Lỗi HTTP 429 - product id: 100465334, thử lại 2/3
2025-09-21 23:52:23,844 WARNING: Lỗi HTTP 429 - product id: 100619021, thử lại 1/3
2025-09-21 23:52:23,844 WARNING: Lỗi HTTP 429 - product id: 100619029, thử lại 1/3
2025-09-21 23:52:32,829 INFO: Đã commit batch 53 (1000 sản phẩm)
2025-09-21 23:52:32,858 INFO: Đã ghi 999 sản phẩm vào file /home/quannh/projects_de/project_2/output/products_batch_53_999_ids.csv
2025-09-21 23:52:32,896 INFO: Bắt đầu crawl batch 54 (1000 sản phẩm)
2025-09-21 23:52:36,151 WARNING: Lỗi HTTP 429 - product id: 101748018, thử lại 1/3
2025-09-21 23:52:37,948 WARNING: Lỗi HTTP 429 - product id: 101904390, thử lại 1/3
2025-09-21 23:52:38,212 WARNING: Lỗi HTTP 429 - product id: 101933813, thử lại 1/3
2025-09-21 23:52:38,706 WARNING: Lỗi HTTP 429 - product id: 101979761, thử lại 1/3
2025-09-21 23:52:44,651 WARNING: Lỗi HTTP 429 - product id: 102559099, thử lại 1/3
2025-09-21 23:52:45,157 WARNING: Lỗi HTTP 429 - product id: 102572376, thử lại 1/3
2025-09-21 23:52:45,452 WARNING: Lỗi HTTP 429 - product id: 102573032, thử lại 1/3
2025-09-21 23:52:45,841 WARNING: Lỗi HTTP 429 - product id: 102629446, thử lại 1/3
2025-09-21 23:52:46,071 WARNING: Lỗi HTTP 404: Không tim thấy product id - product id: 102638291
2025-09-21 23:52:46,444 WARNING: Lỗi HTTP 429 - product id: 102728163, thử lại 1/3
2025-09-21 23:52:46,599 WARNING: Lỗi HTTP 429 - product id: 102735419, thử lại 1/3
2025-09-21 23:52:46,601 WARNING: Lỗi HTTP 429 - product id: 102735410, thử lại 1/3
2025-09-21 23:52:46,645 WARNING: Lỗi HTTP 429 - product id: 102736420, thử lại 1/3
2025-09-21 23:52:46,695 WARNING: Lỗi HTTP 429 - product id: 102739885, thử lại 1/3
2025-09-21 23:52:47,317 WARNING: Lỗi HTTP 404: Không tim thấy product id - product id: 102797694
2025-09-21 23:52:48,504 WARNING: Lỗi HTTP 429 - product id: 102862564, thử lại 1/3
2025-09-21 23:52:51,614 INFO: Đã commit batch 54 (1000 sản phẩm)
2025-09-21 23:52:51,649 INFO: Đã ghi 998 sản phẩm vào file /home/quannh/projects_de/project_2/output/products_batch_54_998_ids.csv
2025-09-21 23:52:51,688 INFO: Bắt đầu crawl batch 55 (1000 sản phẩm)
2025-09-21 23:52:52,444 WARNING: Lỗi HTTP 429 - product id: 103046633, thử lại 1/3
2025-09-21 23:52:52,840 WARNING: Lỗi HTTP 429 - product id: 103093461, thử lại 1/3
2025-09-21 23:52:53,291 WARNING: Lỗi HTTP 429 - product id: 103098048, thử lại 1/3
2025-09-21 23:52:54,988 WARNING: Lỗi HTTP 429 - product id: 103124540, thử lại 1/3
2025-09-21 23:52:54,993 WARNING: Lỗi HTTP 429 - product id: 103125033, thử lại 1/3
2025-09-21 23:52:55,051 WARNING: Lỗi HTTP 429 - product id: 103133127, thử lại 1/3
2025-09-21 23:52:55,747 WARNING: Lỗi HTTP 429 - product id: 103233636, thử lại 1/3
2025-09-21 23:52:55,787 WARNING: Lỗi HTTP 429 - product id: 103233766, thử lại 1/3
2025-09-21 23:52:56,085 WARNING: Lỗi HTTP 429 - product id: 103256746, thử lại 1/3
2025-09-21 23:52:56,106 WARNING: Lỗi HTTP 429 - product id: 103259035, thử lại 1/3
2025-09-21 23:52:56,185 WARNING: Lỗi HTTP 429 - product id: 103263021, thử lại 1/3
2025-09-21 23:52:56,785 WARNING: Lỗi HTTP 429 - product id: 103292341, thử lại 1/3
2025-09-21 23:52:56,847 WARNING: Lỗi HTTP 429 - product id: 103294328, thử lại 1/3
2025-09-21 23:52:57,041 WARNING: Lỗi HTTP 429 - product id: 103295412, thử lại 1/3
2025-09-21 23:52:57,191 WARNING: Lỗi HTTP 429 - product id: 103296128, thử lại 1/3
2025-09-21 23:52:57,534 WARNING: Lỗi HTTP 429 - product id: 103312628, thử lại 1/3
2025-09-21 23:52:57,595 WARNING: Lỗi HTTP 429 - product id: 103327238, thử lại 1/3
2025-09-21 23:52:57,745 WARNING: Lỗi HTTP 429 - product id: 103343813, thử lại 1/3
2025-09-21 23:52:59,044 WARNING: Lỗi HTTP 429 - product id: 103435424, thử lại 1/3
2025-09-21 23:52:59,108 WARNING: Lỗi HTTP 429 - product id: 103457622, thử lại 1/3
2025-09-21 23:52:59,138 WARNING: Lỗi HTTP 429 - product id: 103457736, thử lại 1/3
2025-09-21 23:52:59,144 WARNING: Lỗi HTTP 429 - product id: 103457754, thử lại 1/3
2025-09-21 23:52:59,292 WARNING: Lỗi HTTP 429 - product id: 103263021, thử lại 2/3
2025-09-21 23:52:59,347 WARNING: Lỗi HTTP 429 - product id: 103458436, thử lại 1/3
2025-09-21 23:52:59,840 WARNING: Lỗi HTTP 429 - product id: 103472214, thử lại 1/3
2025-09-21 23:52:59,905 WARNING: Lỗi HTTP 429 - product id: 103292341, thử lại 2/3
2025-09-21 23:53:00,045 WARNING: Lỗi HTTP 429 - product id: 103472414, thử lại 1/3
2025-09-21 23:53:00,396 WARNING: Lỗi HTTP 429 - product id: 103472813, thử lại 1/3
2025-09-21 23:53:04,594 WARNING: Lỗi HTTP 429 - product id: 103751750, thử lại 1/3
2025-09-21 23:53:04,745 WARNING: Lỗi HTTP 429 - product id: 103754659, thử lại 1/3
2025-09-21 23:53:04,844 WARNING: Lỗi HTTP 429 - product id: 103757838, thử lại 1/3
2025-09-21 23:53:04,896 WARNING: Lỗi HTTP 429 - product id: 103759202, thử lại 1/3
2025-09-21 23:53:04,945 WARNING: Lỗi HTTP 429 - product id: 103767591, thử lại 1/3
2025-09-21 23:53:05,007 WARNING: Lỗi HTTP 429 - product id: 103773394, thử lại 1/3
2025-09-21 23:53:05,085 WARNING: Lỗi HTTP 429 - product id: 103774589, thử lại 1/3
2025-09-21 23:53:05,147 WARNING: Lỗi HTTP 429 - product id: 103786410, thử lại 1/3
2025-09-21 23:53:05,195 WARNING: Lỗi HTTP 429 - product id: 103788992, thử lại 1/3
2025-09-21 23:53:08,577 INFO: Đã commit batch 55 (1000 sản phẩm)
2025-09-21 23:53:08,603 INFO: Đã ghi 1000 sản phẩm vào file /home/quannh/projects_de/project_2/output/products_batch_55_1000_ids.csv
2025-09-21 23:53:08,642 INFO: Bắt đầu crawl batch 56 (1000 sản phẩm)
2025-09-21 23:53:10,349 WARNING: Lỗi HTTP 429 - product id: 104109364, thử lại 1/3
2025-09-21 23:53:10,352 WARNING: Lỗi HTTP 429 - product id: 104109662, thử lại 1/3
2025-09-21 23:53:10,413 WARNING: Lỗi HTTP 429 - product id: 104126351, thử lại 1/3
2025-09-21 23:53:10,414 WARNING: Lỗi HTTP 429 - product id: 104113444, thử lại 1/3
2025-09-21 23:53:10,452 WARNING: Lỗi HTTP 429 - product id: 104133333, thử lại 1/3
2025-09-21 23:53:10,642 WARNING: Lỗi HTTP 429 - product id: 104152289, thử lại 1/3
2025-09-21 23:53:10,703 WARNING: Lỗi HTTP 429 - product id: 104156885, thử lại 1/3
2025-09-21 23:53:11,149 WARNING: Lỗi HTTP 429 - product id: 104163172, thử lại 1/3
2025-09-21 23:53:11,297 WARNING: Lỗi HTTP 429 - product id: 104165245, thử lại 1/3
2025-09-21 23:53:11,643 WARNING: Lỗi HTTP 429 - product id: 104168446, thử lại 1/3
2025-09-21 23:53:13,101 WARNING: Lỗi HTTP 429 - product id: 104191383, thử lại 1/3
2025-09-21 23:53:13,543 WARNING: Lỗi HTTP 429 - product id: 104272956, thử lại 1/3
2025-09-21 23:53:13,701 WARNING: Lỗi HTTP 429 - product id: 104293278, thử lại 1/3
2025-09-21 23:53:13,747 WARNING: Lỗi HTTP 429 - product id: 104303488, thử lại 1/3
2025-09-21 23:53:13,748 WARNING: Lỗi HTTP 429 - product id: 104294391, thử lại 1/3
2025-09-21 23:53:14,343 WARNING: Lỗi HTTP 429 - product id: 104380400, thử lại 1/3
2025-09-21 23:53:14,590 WARNING: Lỗi HTTP 429 - product id: 104396130, thử lại 1/3
2025-09-21 23:53:14,646 WARNING: Lỗi HTTP 429 - product id: 104397032, thử lại 1/3
2025-09-21 23:53:14,742 WARNING: Lỗi HTTP 429 - product id: 104415200, thử lại 1/3
2025-09-21 23:53:14,742 WARNING: Lỗi HTTP 429 - product id: 104412544, thử lại 1/3
2025-09-21 23:53:14,948 WARNING: Lỗi HTTP 429 - product id: 104468912, thử lại 1/3
2025-09-21 23:53:15,045 WARNING: Lỗi HTTP 429 - product id: 104495701, thử lại 1/3
2025-09-21 23:53:15,388 WARNING: Lỗi HTTP 429 - product id: 104511290, thử lại 1/3
2025-09-21 23:53:15,389 WARNING: Lỗi HTTP 429 - product id: 104511613, thử lại 1/3
2025-09-21 23:53:15,446 WARNING: Lỗi HTTP 429 - product id: 104512210, thử lại 1/3
2025-09-21 23:53:15,537 WARNING: Lỗi HTTP 429 - product id: 104513064, thử lại 1/3
2025-09-21 23:53:15,540 WARNING: Lỗi HTTP 429 - product id: 104513186, thử lại 1/3
2025-09-21 23:53:15,546 WARNING: Lỗi HTTP 429 - product id: 104513596, thử lại 1/3
2025-09-21 23:53:15,698 WARNING: Lỗi HTTP 429 - product id: 104514939, thử lại 1/3
2025-09-21 23:53:15,707 WARNING: Lỗi HTTP 429 - product id: 104515079, thử lại 1/3
2025-09-21 23:53:15,958 WARNING: Lỗi HTTP 429 - product id: 104518853, thử lại 1/3
2025-09-21 23:53:16,199 WARNING: Lỗi HTTP 429 - product id: 104525401, thử lại 1/3
2025-09-21 23:53:16,208 WARNING: Lỗi HTTP 429 - product id: 104525409, thử lại 1/3
2025-09-21 23:53:23,562 WARNING: Lỗi HTTP 404: Không tim thấy product id - product id: 104792902
2025-09-21 23:53:23,714 WARNING: Lỗi HTTP 404: Không tim thấy product id - product id: 104791896
2025-09-21 23:53:23,766 WARNING: Lỗi HTTP 404: Không tim thấy product id - product id: 104794757
2025-09-21 23:53:25,382 INFO: Đã commit batch 56 (1000 sản phẩm)
2025-09-21 23:53:25,417 INFO: Đã ghi 997 sản phẩm vào file /home/quannh/projects_de/project_2/output/products_batch_56_997_ids.csv
2025-09-21 23:53:25,455 INFO: Bắt đầu crawl batch 57 (1000 sản phẩm)
2025-09-21 23:53:26,228 WARNING: Lỗi HTTP 404: Không tim thấy product id - product id: 104908913
2025-09-21 23:53:27,112 WARNING: Lỗi HTTP 429 - product id: 105118479, thử lại 1/3
2025-09-21 23:53:29,109 WARNING: Lỗi HTTP 429 - product id: 105211247, thử lại 1/3
2025-09-21 23:53:29,306 WARNING: Lỗi HTTP 429 - product id: 105213690, thử lại 1/3
2025-09-21 23:53:29,358 WARNING: Lỗi HTTP 429 - product id: 105219816, thử lại 1/3
2025-09-21 23:53:29,407 WARNING: Lỗi HTTP 429 - product id: 105226671, thử lại 1/3
2025-09-21 23:53:29,510 WARNING: Lỗi HTTP 429 - product id: 105232595, thử lại 1/3
2025-09-21 23:53:29,599 WARNING: Lỗi HTTP 429 - product id: 105247753, thử lại 1/3
2025-09-21 23:53:29,603 WARNING: Lỗi HTTP 429 - product id: 105247767, thử lại 1/3
2025-09-21 23:53:30,252 WARNING: Lỗi HTTP 429 - product id: 105274245, thử lại 1/3
2025-09-21 23:53:30,505 WARNING: Lỗi HTTP 429 - product id: 105307953, thử lại 1/3
2025-09-21 23:53:30,557 WARNING: Lỗi HTTP 429 - product id: 105326861, thử lại 1/3
2025-09-21 23:53:31,016 WARNING: Lỗi HTTP 429 - product id: 105333508, thử lại 1/3
2025-09-21 23:53:31,456 WARNING: Lỗi HTTP 429 - product id: 105337383, thử lại 1/3
2025-09-21 23:53:31,554 WARNING: Lỗi HTTP 429 - product id: 105337749, thử lại 1/3
2025-09-21 23:53:31,606 WARNING: Lỗi HTTP 429 - product id: 105342410, thử lại 1/3
2025-09-21 23:53:31,620 WARNING: Lỗi HTTP 429 - product id: 105344605, thử lại 1/3
2025-09-21 23:53:31,860 WARNING: Lỗi HTTP 429 - product id: 105371139, thử lại 1/3
2025-09-21 23:53:32,009 WARNING: Lỗi HTTP 429 - product id: 105394241, thử lại 1/3
2025-09-21 23:53:32,060 WARNING: Lỗi HTTP 429 - product id: 105398945, thử lại 1/3
2025-09-21 23:53:33,055 WARNING: Lỗi HTTP 429 - product id: 105532538, thử lại 1/3
2025-09-21 23:53:33,212 WARNING: Lỗi HTTP 429 - product id: 105533343, thử lại 1/3
2025-09-21 23:53:33,301 WARNING: Lỗi HTTP 429 - product id: 105533437, thử lại 1/3
2025-09-21 23:53:33,306 WARNING: Lỗi HTTP 429 - product id: 105533688, thử lại 1/3
2025-09-21 23:53:33,367 WARNING: Lỗi HTTP 429 - product id: 105533693, thử lại 1/3
2025-09-21 23:53:33,367 WARNING: Lỗi HTTP 429 - product id: 105533773, thử lại 1/3
2025-09-21 23:53:34,307 WARNING: Lỗi HTTP 429 - product id: 105608357, thử lại 1/3
2025-09-21 23:53:34,455 WARNING: Lỗi HTTP 429 - product id: 105608745, thử lại 1/3
2025-09-21 23:53:34,706 WARNING: Lỗi HTTP 429 - product id: 105342410, thử lại 2/3
2025-09-21 23:53:34,761 WARNING: Lỗi HTTP 429 - product id: 105618952, thử lại 1/3
2025-09-21 23:53:34,813 WARNING: Lỗi HTTP 429 - product id: 105629414, thử lại 1/3
2025-09-21 23:53:34,857 WARNING: Lỗi HTTP 429 - product id: 105630953, thử lại 1/3
2025-09-21 23:53:35,153 WARNING: Lỗi HTTP 429 - product id: 105653965, thử lại 1/3
2025-09-21 23:53:38,462 WARNING: Lỗi HTTP 429 - product id: 105653965, thử lại 2/3
2025-09-21 23:53:39,508 WARNING: Lỗi HTTP 429 - product id: 105821947, thử lại 1/3
2025-09-21 23:53:39,556 WARNING: Lỗi HTTP 429 - product id: 105826564, thử lại 1/3
2025-09-21 23:53:39,557 WARNING: Lỗi HTTP 429 - product id: 105838078, thử lại 1/3
2025-09-21 23:53:39,598 WARNING: Lỗi HTTP 429 - product id: 105880665, thử lại 1/3
2025-09-21 23:53:40,102 WARNING: Lỗi HTTP 429 - product id: 105926579, thử lại 1/3
2025-09-21 23:53:40,154 WARNING: Lỗi HTTP 429 - product id: 105934104, thử lại 1/3
2025-09-21 23:53:40,316 WARNING: Lỗi HTTP 429 - product id: 105948711, thử lại 1/3
2025-09-21 23:53:41,262 WARNING: Lỗi HTTP 429 - product id: 106007098, thử lại 1/3
2025-09-21 23:53:41,308 WARNING: Lỗi HTTP 429 - product id: 106032499, thử lại 1/3
2025-09-21 23:53:44,559 INFO: Đã commit batch 57 (1000 sản phẩm)
2025-09-21 23:53:44,585 INFO: Đã ghi 999 sản phẩm vào file /home/quannh/projects_de/project_2/output/products_batch_57_999_ids.csv
2025-09-21 23:53:44,623 INFO: Bắt đầu crawl batch 58 (1000 sản phẩm)
2025-09-21 23:53:44,696 WARNING: Lỗi HTTP 429 - product id: 106056516, thử lại 1/3
2025-09-21 23:53:44,700 WARNING: Lỗi HTTP 429 - product id: 106053383, thử lại 1/3
2025-09-21 23:53:44,700 WARNING: Lỗi HTTP 429 - product id: 106055421, thử lại 1/3
2025-09-21 23:53:44,829 WARNING: Lỗi HTTP 429 - product id: 106056543, thử lại 1/3
2025-09-21 23:53:45,637 WARNING: Lỗi HTTP 429 - product id: 106087860, thử lại 1/3
2025-09-21 23:53:45,729 WARNING: Lỗi HTTP 429 - product id: 106107135, thử lại 1/3
2025-09-21 23:53:46,033 WARNING: Lỗi HTTP 429 - product id: 106174316, thử lại 1/3
2025-09-21 23:53:46,125 WARNING: Lỗi HTTP 429 - product id: 106180605, thử lại 1/3
2025-09-21 23:53:47,747 WARNING: Lỗi HTTP 404: Không tim thấy product id - product id: 106242035
2025-09-21 23:53:48,875 WARNING: Lỗi HTTP 429 - product id: 106361925, thử lại 1/3
2025-09-21 23:53:49,018 WARNING: Lỗi HTTP 429 - product id: 106363457, thử lại 1/3
2025-09-21 23:53:49,276 WARNING: Lỗi HTTP 429 - product id: 106174316, thử lại 2/3
2025-09-21 23:53:49,431 WARNING: Lỗi HTTP 429 - product id: 106385008, thử lại 1/3
2025-09-21 23:53:50,429 WARNING: Lỗi HTTP 429 - product id: 106547874, thử lại 1/3
2025-09-21 23:53:50,429 WARNING: Lỗi HTTP 429 - product id: 106546805, thử lại 1/3
2025-09-21 23:53:51,126 WARNING: Lỗi HTTP 429 - product id: 106647955, thử lại 1/3
2025-09-21 23:53:51,181 WARNING: Lỗi HTTP 429 - product id: 106654111, thử lại 1/3
2025-09-21 23:53:51,236 WARNING: Lỗi HTTP 429 - product id: 106654214, thử lại 1/3
2025-09-21 23:53:51,580 WARNING: Lỗi HTTP 429 - product id: 106655253, thử lại 1/3
2025-09-21 23:53:51,778 WARNING: Lỗi HTTP 429 - product id: 106655867, thử lại 1/3
2025-09-21 23:53:51,871 WARNING: Lỗi HTTP 429 - product id: 106656150, thử lại 1/3
2025-09-21 23:53:51,872 WARNING: Lỗi HTTP 429 - product id: 106656271, thử lại 1/3
2025-09-21 23:53:51,929 WARNING: Lỗi HTTP 429 - product id: 106656307, thử lại 1/3
2025-09-21 23:53:51,971 WARNING: Lỗi HTTP 429 - product id: 106656578, thử lại 1/3
2025-09-21 23:53:52,030 WARNING: Lỗi HTTP 429 - product id: 106656841, thử lại 1/3
2025-09-21 23:53:52,131 WARNING: Lỗi HTTP 429 - product id: 106657297, thử lại 1/3
2025-09-21 23:53:52,326 WARNING: Lỗi HTTP 429 - product id: 106659683, thử lại 1/3
2025-09-21 23:53:52,379 WARNING: Lỗi HTTP 429 - product id: 106680655, thử lại 1/3
2025-09-21 23:53:52,516 WARNING: Lỗi HTTP 429 - product id: 106700498, thử lại 1/3
2025-09-21 23:53:52,572 WARNING: Lỗi HTTP 429 - product id: 106702695, thử lại 1/3
2025-09-21 23:53:52,573 WARNING: Lỗi HTTP 429 - product id: 106703833, thử lại 1/3
2025-09-21 23:53:53,123 WARNING: Lỗi HTTP 429 - product id: 106756797, thử lại 1/3
2025-09-21 23:53:53,129 WARNING: Lỗi HTTP 429 - product id: 106756799, thử lại 1/3
2025-09-21 23:53:54,635 WARNING: Lỗi HTTP 429 - product id: 106808315, thử lại 1/3
2025-09-21 23:53:55,223 WARNING: Lỗi HTTP 429 - product id: 106863176, thử lại 1/3
2025-09-21 23:53:55,286 WARNING: Lỗi HTTP 429 - product id: 106863889, thử lại 1/3
2025-09-21 23:53:55,433 WARNING: Lỗi HTTP 429 - product id: 106869855, thử lại 1/3
2025-09-21 23:53:55,520 WARNING: Lỗi HTTP 429 - product id: 106869986, thử lại 1/3
2025-09-21 23:53:56,068 WARNING: Lỗi HTTP 429 - product id: 106899632, thử lại 1/3
2025-09-21 23:53:56,470 WARNING: Lỗi HTTP 429 - product id: 106944948, thử lại 1/3
2025-09-21 23:53:56,521 WARNING: Lỗi HTTP 429 - product id: 106955353, thử lại 1/3
2025-09-21 23:53:56,529 WARNING: Lỗi HTTP 429 - product id: 106955355, thử lại 1/3
2025-09-21 23:53:56,574 WARNING: Lỗi HTTP 429 - product id: 106974990, thử lại 1/3
2025-09-21 23:53:56,609 WARNING: Lỗi HTTP 429 - product id: 106975663, thử lại 1/3
2025-09-21 23:53:56,625 WARNING: Lỗi HTTP 429 - product id: 106976124, thử lại 1/3
2025-09-21 23:53:56,671 WARNING: Lỗi HTTP 429 - product id: 106987617, thử lại 1/3
2025-09-21 23:53:56,675 WARNING: Lỗi HTTP 429 - product id: 106987636, thử lại 1/3
2025-09-21 23:53:56,684 WARNING: Lỗi HTTP 429 - product id: 106990071, thử lại 1/3
2025-09-21 23:53:56,925 WARNING: Lỗi HTTP 429 - product id: 106990561, thử lại 1/3
2025-09-21 23:53:58,470 WARNING: Lỗi HTTP 429 - product id: 107076413, thử lại 1/3
2025-09-21 23:53:58,625 WARNING: Lỗi HTTP 429 - product id: 107090705, thử lại 1/3
2025-09-21 23:53:58,676 WARNING: Lỗi HTTP 429 - product id: 107091998, thử lại 1/3
2025-09-21 23:53:58,686 WARNING: Lỗi HTTP 429 - product id: 107094013, thử lại 1/3
2025-09-21 23:53:58,774 WARNING: Lỗi HTTP 429 - product id: 107099356, thử lại 1/3
2025-09-21 23:53:58,788 WARNING: Lỗi HTTP 429 - product id: 107099508, thử lại 1/3
2025-09-21 23:53:58,839 WARNING: Lỗi HTTP 429 - product id: 107100091, thử lại 1/3
2025-09-21 23:53:58,874 WARNING: Lỗi HTTP 429 - product id: 107101803, thử lại 1/3
2025-09-21 23:53:59,496 WARNING: Lỗi HTTP 404: Không tim thấy product id - product id: 107077858
2025-09-21 23:54:00,320 WARNING: Lỗi HTTP 404: Không tim thấy product id - product id: 107219238
2025-09-21 23:54:00,495 WARNING: Lỗi HTTP 404: Không tim thấy product id - product id: 107195032
2025-09-21 23:54:01,098 WARNING: Lỗi HTTP 404: Không tim thấy product id - product id: 107278644
2025-09-21 23:54:01,965 INFO: Đã commit batch 58 (1000 sản phẩm)
2025-09-21 23:54:01,993 INFO: Đã ghi 995 sản phẩm vào file /home/quannh/projects_de/project_2/output/products_batch_58_995_ids.csv
2025-09-21 23:54:02,031 INFO: Bắt đầu crawl batch 59 (1000 sản phẩm)
2025-09-21 23:54:04,251 WARNING: Lỗi HTTP 404: Không tim thấy product id - product id: 107405220
2025-09-21 23:54:04,628 WARNING: Lỗi HTTP 429 - product id: 107443312, thử lại 1/3
2025-09-21 23:54:04,643 WARNING: Lỗi HTTP 429 - product id: 107444399, thử lại 1/3
2025-09-21 23:54:05,184 WARNING: Lỗi HTTP 429 - product id: 107459984, thử lại 1/3
2025-09-21 23:54:05,283 WARNING: Lỗi HTTP 429 - product id: 107462632, thử lại 1/3
2025-09-21 23:54:05,384 WARNING: Lỗi HTTP 429 - product id: 107471435, thử lại 1/3
2025-09-21 23:54:05,431 WARNING: Lỗi HTTP 429 - product id: 107472790, thử lại 1/3
2025-09-21 23:54:05,435 WARNING: Lỗi HTTP 429 - product id: 107473637, thử lại 1/3
2025-09-21 23:54:05,472 WARNING: Lỗi HTTP 429 - product id: 107474348, thử lại 1/3
2025-09-21 23:54:05,545 WARNING: Lỗi HTTP 429 - product id: 107482041, thử lại 1/3
2025-09-21 23:54:06,530 WARNING: Lỗi HTTP 429 - product id: 107539542, thử lại 1/3
2025-09-21 23:54:06,593 WARNING: Lỗi HTTP 429 - product id: 107539751, thử lại 1/3
2025-09-21 23:54:06,976 WARNING: Lỗi HTTP 429 - product id: 107541165, thử lại 1/3
2025-09-21 23:54:07,037 WARNING: Lỗi HTTP 429 - product id: 107541366, thử lại 1/3
2025-09-21 23:54:07,084 WARNING: Lỗi HTTP 429 - product id: 107541718, thử lại 1/3
2025-09-21 23:54:07,229 WARNING: Lỗi HTTP 429 - product id: 107543426, thử lại 1/3
2025-09-21 23:54:07,335 WARNING: Lỗi HTTP 429 - product id: 107559729, thử lại 1/3
2025-09-21 23:54:07,443 WARNING: Lỗi HTTP 429 - product id: 107576070, thử lại 1/3
2025-09-21 23:54:07,483 WARNING: Lỗi HTTP 429 - product id: 107582594, thử lại 1/3
2025-09-21 23:54:07,539 WARNING: Lỗi HTTP 429 - product id: 107583114, thử lại 1/3
2025-09-21 23:54:07,585 WARNING: Lỗi HTTP 429 - product id: 107584026, thử lại 1/3
2025-09-21 23:54:07,726 WARNING: Lỗi HTTP 429 - product id: 107615328, thử lại 1/3
2025-09-21 23:54:08,478 WARNING: Lỗi HTTP 429 - product id: 107681883, thử lại 1/3
2025-09-21 23:54:08,479 WARNING: Lỗi HTTP 429 - product id: 107679562, thử lại 1/3
2025-09-21 23:54:08,576 WARNING: Lỗi HTTP 429 - product id: 107694689, thử lại 1/3
2025-09-21 23:54:08,582 WARNING: Lỗi HTTP 429 - product id: 107694818, thử lại 1/3
2025-09-21 23:54:08,638 WARNING: Lỗi HTTP 429 - product id: 107695289, thử lại 1/3
2025-09-21 23:54:08,683 WARNING: Lỗi HTTP 429 - product id: 107695684, thử lại 1/3
2025-09-21 23:54:10,779 WARNING: Lỗi HTTP 429 - product id: 107584026, thử lại 2/3
2025-09-21 23:54:10,843 WARNING: Lỗi HTTP 429 - product id: 107876183, thử lại 1/3
2025-09-21 23:54:10,870 WARNING: Lỗi HTTP 429 - product id: 107876496, thử lại 1/3
2025-09-21 23:54:10,931 WARNING: Lỗi HTTP 429 - product id: 107876598, thử lại 1/3
2025-09-21 23:54:11,028 WARNING: Lỗi HTTP 429 - product id: 107894275, thử lại 1/3
2025-09-21 23:54:11,077 WARNING: Lỗi HTTP 429 - product id: 107902842, thử lại 1/3
2025-09-21 23:54:11,126 WARNING: Lỗi HTTP 429 - product id: 107935047, thử lại 1/3
2025-09-21 23:54:11,126 WARNING: Lỗi HTTP 429 - product id: 107933602, thử lại 1/3
2025-09-21 23:54:11,288 WARNING: Lỗi HTTP 429 - product id: 107961978, thử lại 1/3
2025-09-21 23:54:11,582 WARNING: Lỗi HTTP 429 - product id: 107962572, thử lại 1/3
2025-09-21 23:54:11,644 WARNING: Lỗi HTTP 429 - product id: 107962706, thử lại 1/3
2025-09-21 23:54:11,983 WARNING: Lỗi HTTP 429 - product id: 107974061, thử lại 1/3
2025-09-21 23:54:12,074 WARNING: Lỗi HTTP 429 - product id: 107979704, thử lại 1/3
2025-09-21 23:54:12,080 WARNING: Lỗi HTTP 429 - product id: 107980041, thử lại 1/3
2025-09-21 23:54:12,631 WARNING: Lỗi HTTP 429 - product id: 108042666, thử lại 1/3
2025-09-21 23:54:12,823 WARNING: Lỗi HTTP 429 - product id: 108044055, thử lại 1/3
2025-09-21 23:54:12,900 WARNING: Lỗi HTTP 404: Không tim thấy product id - product id: 107975641
2025-09-21 23:54:13,177 WARNING: Lỗi HTTP 429 - product id: 108046044, thử lại 1/3
2025-09-21 23:54:13,820 WARNING: Lỗi HTTP 429 - product id: 108075480, thử lại 1/3
2025-09-21 23:54:13,827 WARNING: Lỗi HTTP 429 - product id: 108075527, thử lại 1/3
2025-09-21 23:54:13,982 WARNING: Lỗi HTTP 429 - product id: 108092449, thử lại 1/3
2025-09-21 23:54:13,995 WARNING: Lỗi HTTP 429 - product id: 107876598, thử lại 2/3
2025-09-21 23:54:14,030 WARNING: Lỗi HTTP 429 - product id: 108098333, thử lại 1/3
2025-09-21 23:54:14,126 WARNING: Lỗi HTTP 429 - product id: 108098812, thử lại 1/3
2025-09-21 23:54:14,142 WARNING: Lỗi HTTP 429 - product id: 107902842, thử lại 2/3
2025-09-21 23:54:14,496 WARNING: Lỗi HTTP 404: Không tim thấy product id - product id: 108055389
2025-09-21 23:54:14,933 WARNING: Lỗi HTTP 429 - product id: 108142350, thử lại 1/3
2025-09-21 23:54:15,251 WARNING: Lỗi HTTP 404: Không tim thấy product id - product id: 108102585
2025-09-21 23:54:20,240 INFO: Đã commit batch 59 (1000 sản phẩm)
2025-09-21 23:54:20,267 INFO: Đã ghi 996 sản phẩm vào file /home/quannh/projects_de/project_2/output/products_batch_59_996_ids.csv
2025-09-21 23:54:20,305 INFO: Bắt đầu crawl batch 60 (1000 sản phẩm)
2025-09-21 23:54:20,709 WARNING: Lỗi HTTP 429 - product id: 108267688, thử lại 1/3
2025-09-21 23:54:20,814 WARNING: Lỗi HTTP 429 - product id: 108267850, thử lại 1/3
2025-09-21 23:54:20,907 WARNING: Lỗi HTTP 429 - product id: 108268077, thử lại 1/3
2025-09-21 23:54:21,005 WARNING: Lỗi HTTP 429 - product id: 108268601, thử lại 1/3
2025-09-21 23:54:21,051 WARNING: Lỗi HTTP 429 - product id: 108268690, thử lại 1/3
2025-09-21 23:54:21,056 WARNING: Lỗi HTTP 429 - product id: 108268714, thử lại 1/3
2025-09-21 23:54:21,101 WARNING: Lỗi HTTP 429 - product id: 108268815, thử lại 1/3
2025-09-21 23:54:21,121 WARNING: Lỗi HTTP 429 - product id: 108268960, thử lại 1/3
2025-09-21 23:54:21,160 WARNING: Lỗi HTTP 429 - product id: 108269019, thử lại 1/3
2025-09-21 23:54:21,203 WARNING: Lỗi HTTP 429 - product id: 108269284, thử lại 1/3
2025-09-21 23:54:21,259 WARNING: Lỗi HTTP 429 - product id: 108269484, thử lại 1/3
2025-09-21 23:54:21,264 WARNING: Lỗi HTTP 429 - product id: 108269488, thử lại 1/3
2025-09-21 23:54:24,092 WARNING: Lỗi HTTP 404: Không tim thấy product id - product id: 108324598
2025-09-21 23:54:24,211 WARNING: Lỗi HTTP 429 - product id: 108387873, thử lại 1/3
2025-09-21 23:54:24,679 WARNING: Lỗi HTTP 404: Không tim thấy product id - product id: 108358268
2025-09-21 23:54:28,563 WARNING: Lỗi HTTP 429 - product id: 108799691, thử lại 1/3
2025-09-21 23:54:28,706 WARNING: Lỗi HTTP 429 - product id: 108799992, thử lại 1/3
2025-09-21 23:54:32,063 WARNING: Lỗi HTTP 429 - product id: 108899607, thử lại 1/3
2025-09-21 23:54:32,615 WARNING: Lỗi HTTP 429 - product id: 108900372, thử lại 1/3
2025-09-21 23:54:33,157 WARNING: Lỗi HTTP 429 - product id: 108912269, thử lại 1/3
2025-09-21 23:54:33,409 WARNING: Lỗi HTTP 429 - product id: 108914387, thử lại 1/3
2025-09-21 23:54:33,500 WARNING: Lỗi HTTP 429 - product id: 108923141, thử lại 1/3
2025-09-21 23:54:33,500 WARNING: Lỗi HTTP 429 - product id: 108923492, thử lại 1/3
2025-09-21 23:54:33,634 WARNING: Lỗi HTTP 429 - product id: 108928103, thử lại 1/3
2025-09-21 23:54:33,634 WARNING: Lỗi HTTP 429 - product id: 108928607, thử lại 1/3
2025-09-21 23:54:33,655 WARNING: Lỗi HTTP 429 - product id: 108930069, thử lại 1/3
2025-09-21 23:54:33,660 WARNING: Lỗi HTTP 429 - product id: 108930075, thử lại 1/3
2025-09-21 23:54:33,669 WARNING: Lỗi HTTP 429 - product id: 108930296, thử lại 1/3
2025-09-21 23:54:33,703 WARNING: Lỗi HTTP 429 - product id: 108933581, thử lại 1/3
2025-09-21 23:54:33,716 WARNING: Lỗi HTTP 429 - product id: 108933725, thử lại 1/3
2025-09-21 23:54:33,761 WARNING: Lỗi HTTP 429 - product id: 108936833, thử lại 1/3
2025-09-21 23:54:33,903 WARNING: Lỗi HTTP 429 - product id: 108938819, thử lại 1/3
2025-09-21 23:54:36,725 WARNING: Lỗi HTTP 404: Không tim thấy product id - product id: 109017703
2025-09-21 23:54:37,299 INFO: Đã commit batch 60 (1000 sản phẩm)
2025-09-21 23:54:37,324 INFO: Đã ghi 997 sản phẩm vào file /home/quannh/projects_de/project_2/output/products_batch_60_997_ids.csv
2025-09-21 23:54:37,362 INFO: Bắt đầu crawl batch 61 (1000 sản phẩm)
2025-09-21 23:54:40,482 WARNING: Lỗi HTTP 404: Không tim thấy product id - product id: 109281355
2025-09-21 23:54:41,262 WARNING: Lỗi HTTP 429 - product id: 109358758, thử lại 1/3
2025-09-21 23:54:41,264 WARNING: Lỗi HTTP 429 - product id: 109358815, thử lại 1/3
2025-09-21 23:54:41,375 WARNING: Lỗi HTTP 429 - product id: 109359007, thử lại 1/3
2025-09-21 23:54:41,458 WARNING: Lỗi HTTP 429 - product id: 109359196, thử lại 1/3
2025-09-21 23:54:41,460 WARNING: Lỗi HTTP 429 - product id: 109359203, thử lại 1/3
2025-09-21 23:54:41,522 WARNING: Lỗi HTTP 429 - product id: 109359336, thử lại 1/3
2025-09-21 23:54:41,664 WARNING: Lỗi HTTP 429 - product id: 109359589, thử lại 1/3
2025-09-21 23:54:41,669 WARNING: Lỗi HTTP 429 - product id: 109359624, thử lại 1/3
2025-09-21 23:54:41,711 WARNING: Lỗi HTTP 429 - product id: 109360004, thử lại 1/3
2025-09-21 23:54:41,812 WARNING: Lỗi HTTP 429 - product id: 109372503, thử lại 1/3
2025-09-21 23:54:42,820 WARNING: Lỗi HTTP 429 - product id: 109408199, thử lại 1/3
2025-09-21 23:54:42,863 WARNING: Lỗi HTTP 429 - product id: 109408400, thử lại 1/3
2025-09-21 23:54:45,512 WARNING: Lỗi HTTP 429 - product id: 109451221, thử lại 1/3
2025-09-21 23:54:45,513 WARNING: Lỗi HTTP 429 - product id: 109450004, thử lại 1/3
2025-09-21 23:54:45,965 WARNING: Lỗi HTTP 429 - product id: 109492219, thử lại 1/3
2025-09-21 23:54:46,163 WARNING: Lỗi HTTP 429 - product id: 109506639, thử lại 1/3
2025-09-21 23:54:46,274 WARNING: Lỗi HTTP 429 - product id: 109521343, thử lại 1/3
2025-09-21 23:54:46,314 WARNING: Lỗi HTTP 429 - product id: 109521880, thử lại 1/3
2025-09-21 23:54:46,416 WARNING: Lỗi HTTP 429 - product id: 109529130, thử lại 1/3
2025-09-21 23:54:46,468 WARNING: Lỗi HTTP 429 - product id: 109535763, thử lại 1/3
2025-09-21 23:54:46,510 WARNING: Lỗi HTTP 429 - product id: 109540671, thử lại 1/3
2025-09-21 23:54:46,662 WARNING: Lỗi HTTP 429 - product id: 109567589, thử lại 1/3
2025-09-21 23:54:46,723 WARNING: Lỗi HTTP 429 - product id: 109567722, thử lại 1/3
2025-09-21 23:54:46,726 WARNING: Lỗi HTTP 429 - product id: 109567704, thử lại 1/3
2025-09-21 23:54:46,958 WARNING: Lỗi HTTP 429 - product id: 109570154, thử lại 1/3
2025-09-21 23:54:47,009 WARNING: Lỗi HTTP 429 - product id: 109571364, thử lại 1/3
2025-09-21 23:54:47,066 WARNING: Lỗi HTTP 429 - product id: 109573127, thử lại 1/3
2025-09-21 23:54:47,070 WARNING: Lỗi HTTP 429 - product id: 109574782, thử lại 1/3
2025-09-21 23:54:47,232 WARNING: Lỗi HTTP 429 - product id: 109581380, thử lại 1/3
2025-09-21 23:54:47,272 WARNING: Lỗi HTTP 429 - product id: 109581865, thử lại 1/3
2025-09-21 23:54:47,611 WARNING: Lỗi HTTP 429 - product id: 109602252, thử lại 1/3
2025-09-21 23:54:47,960 WARNING: Lỗi HTTP 429 - product id: 109658978, thử lại 1/3
2025-09-21 23:54:48,872 WARNING: Lỗi HTTP 429 - product id: 109736077, thử lại 1/3
2025-09-21 23:54:48,912 WARNING: Lỗi HTTP 429 - product id: 109765402, thử lại 1/3
2025-09-21 23:54:48,966 WARNING: Lỗi HTTP 429 - product id: 109772862, thử lại 1/3
2025-09-21 23:54:49,448 WARNING: Lỗi HTTP 429 - product id: 109792781, thử lại 1/3
2025-09-21 23:54:49,574 WARNING: Lỗi HTTP 429 - product id: 109540671, thử lại 2/3
2025-09-21 23:54:49,574 WARNING: Lỗi HTTP 429 - product id: 109804934, thử lại 1/3
2025-09-21 23:54:49,604 WARNING: Lỗi HTTP 429 - product id: 109804962, thử lại 1/3
2025-09-21 23:54:49,702 WARNING: Lỗi HTTP 429 - product id: 109805090, thử lại 1/3
2025-09-21 23:54:49,760 WARNING: Lỗi HTTP 429 - product id: 109805554, thử lại 1/3
2025-09-21 23:54:49,763 WARNING: Lỗi HTTP 429 - product id: 109805404, thử lại 1/3
2025-09-21 23:54:49,791 WARNING: Lỗi HTTP 429 - product id: 109809676, thử lại 1/3
2025-09-21 23:54:50,152 WARNING: Lỗi HTTP 429 - product id: 109817199, thử lại 1/3
2025-09-21 23:54:50,309 WARNING: Lỗi HTTP 429 - product id: 109835810, thử lại 1/3
2025-09-21 23:54:50,355 WARNING: Lỗi HTTP 429 - product id: 109835884, thử lại 1/3
2025-09-21 23:54:50,373 WARNING: Lỗi HTTP 429 - product id: 109835940, thử lại 1/3
2025-09-21 23:54:55,715 INFO: Đã commit batch 61 (1000 sản phẩm)
2025-09-21 23:54:55,740 INFO: Đã ghi 999 sản phẩm vào file /home/quannh/projects_de/project_2/output/products_batch_61_999_ids.csv
2025-09-21 23:54:55,778 INFO: Bắt đầu crawl batch 62 (1000 sản phẩm)
2025-09-21 23:54:56,948 WARNING: Lỗi HTTP 404: Không tim thấy product id - product id: 109976728
2025-09-21 23:54:58,680 WARNING: Lỗi HTTP 429 - product id: 110283257, thử lại 1/3
2025-09-21 23:54:59,080 WARNING: Lỗi HTTP 429 - product id: 110357035, thử lại 1/3
2025-09-21 23:54:59,178 WARNING: Lỗi HTTP 429 - product id: 110361852, thử lại 1/3
2025-09-21 23:54:59,332 WARNING: Lỗi HTTP 429 - product id: 110367431, thử lại 1/3
2025-09-21 23:54:59,499 WARNING: Lỗi HTTP 404: Không tim thấy product id - product id: 110360088
2025-09-21 23:55:01,280 WARNING: Lỗi HTTP 429 - product id: 110721362, thử lại 1/3
2025-09-21 23:55:01,338 WARNING: Lỗi HTTP 429 - product id: 110729006, thử lại 1/3
2025-09-21 23:55:01,383 WARNING: Lỗi HTTP 429 - product id: 110735569, thử lại 1/3
2025-09-21 23:55:01,384 WARNING: Lỗi HTTP 429 - product id: 110736226, thử lại 1/3
2025-09-21 23:55:01,476 WARNING: Lỗi HTTP 429 - product id: 110750454, thử lại 1/3
2025-09-21 23:55:01,825 WARNING: Lỗi HTTP 429 - product id: 110283257, thử lại 2/3
2025-09-21 23:55:01,971 WARNING: Lỗi HTTP 429 - product id: 110796718, thử lại 1/3
2025-09-21 23:55:02,023 WARNING: Lỗi HTTP 429 - product id: 110798135, thử lại 1/3
2025-09-21 23:55:02,031 WARNING: Lỗi HTTP 429 - product id: 110798160, thử lại 1/3
2025-09-21 23:55:02,634 WARNING: Lỗi HTTP 429 - product id: 110845298, thử lại 1/3
2025-09-21 23:55:02,635 WARNING: Lỗi HTTP 429 - product id: 110845326, thử lại 1/3
2025-09-21 23:55:02,699 WARNING: Lỗi HTTP 429 - product id: 110845450, thử lại 1/3
2025-09-21 23:55:02,782 WARNING: Lỗi HTTP 429 - product id: 110845967, thử lại 1/3
2025-09-21 23:55:02,874 WARNING: Lỗi HTTP 429 - product id: 110858203, thử lại 1/3
2025-09-21 23:55:03,178 WARNING: Lỗi HTTP 429 - product id: 110894265, thử lại 1/3
2025-09-21 23:55:03,180 WARNING: Lỗi HTTP 429 - product id: 110894233, thử lại 1/3
2025-09-21 23:55:03,275 WARNING: Lỗi HTTP 429 - product id: 110897275, thử lại 1/3
2025-09-21 23:55:03,282 WARNING: Lỗi HTTP 429 - product id: 110897934, thử lại 1/3
2025-09-21 23:55:04,032 WARNING: Lỗi HTTP 429 - product id: 110943264, thử lại 1/3
2025-09-21 23:55:04,779 WARNING: Lỗi HTTP 429 - product id: 110979041, thử lại 1/3
2025-09-21 23:55:04,981 WARNING: Lỗi HTTP 429 - product id: 110979205, thử lại 1/3
2025-09-21 23:55:05,025 WARNING: Lỗi HTTP 429 - product id: 110979282, thử lại 1/3
2025-09-21 23:55:05,070 WARNING: Lỗi HTTP 429 - product id: 110979304, thử lại 1/3
2025-09-21 23:55:05,070 WARNING: Lỗi HTTP 429 - product id: 110979291, thử lại 1/3
2025-09-21 23:55:05,072 WARNING: Lỗi HTTP 429 - product id: 110979307, thử lại 1/3
2025-09-21 23:55:07,836 WARNING: Lỗi HTTP 404: Không tim thấy product id - product id: 111158140
2025-09-21 23:55:07,917 WARNING: Lỗi HTTP 429 - product id: 111285360, thử lại 1/3
2025-09-21 23:55:07,923 WARNING: Lỗi HTTP 429 - product id: 111285361, thử lại 1/3
2025-09-21 23:55:07,979 WARNING: Lỗi HTTP 429 - product id: 110979041, thử lại 2/3
2025-09-21 23:55:07,985 WARNING: Lỗi HTTP 429 - product id: 111285412, thử lại 1/3
2025-09-21 23:55:08,028 WARNING: Lỗi HTTP 429 - product id: 111285484, thử lại 1/3
2025-09-21 23:55:08,767 WARNING: Lỗi HTTP 429 - product id: 111315071, thử lại 1/3
2025-09-21 23:55:08,775 WARNING: Lỗi HTTP 429 - product id: 111317289, thử lại 1/3
2025-09-21 23:55:08,866 WARNING: Lỗi HTTP 429 - product id: 111333443, thử lại 1/3
2025-09-21 23:55:08,872 WARNING: Lỗi HTTP 429 - product id: 111333752, thử lại 1/3
2025-09-21 23:55:09,924 WARNING: Lỗi HTTP 429 - product id: 111403516, thử lại 1/3
2025-09-21 23:55:10,075 WARNING: Lỗi HTTP 429 - product id: 111404568, thử lại 1/3
2025-09-21 23:55:10,276 WARNING: Lỗi HTTP 429 - product id: 111410282, thử lại 1/3
2025-09-21 23:55:11,176 WARNING: Lỗi HTTP 429 - product id: 111475742, thử lại 1/3
2025-09-21 23:55:11,278 WARNING: Lỗi HTTP 429 - product id: 111490778, thử lại 1/3
2025-09-21 23:55:11,659 WARNING: Lỗi HTTP 429 - product id: 111507375, thử lại 1/3
2025-09-21 23:55:11,679 WARNING: Lỗi HTTP 429 - product id: 111508325, thử lại 1/3
2025-09-21 23:55:14,779 INFO: Đã commit batch 62 (1000 sản phẩm)
2025-09-21 23:55:14,806 INFO: Đã ghi 997 sản phẩm vào file /home/quannh/projects_de/project_2/output/products_batch_62_997_ids.csv
2025-09-21 23:55:14,844 INFO: Bắt đầu crawl batch 63 (1000 sản phẩm)
2025-09-21 23:55:15,323 WARNING: Lỗi HTTP 404: Không tim thấy product id - product id: 111521985
2025-09-21 23:55:18,495 WARNING: Lỗi HTTP 429 - product id: 111748618, thử lại 1/3
2025-09-21 23:55:18,598 WARNING: Lỗi HTTP 429 - product id: 111748912, thử lại 1/3
2025-09-21 23:55:19,020 WARNING: Lỗi HTTP 404: Không tim thấy product id - product id: 111712435
2025-09-21 23:55:22,796 WARNING: Lỗi HTTP 429 - product id: 112242667, thử lại 1/3
2025-09-21 23:55:22,799 WARNING: Lỗi HTTP 429 - product id: 112240463, thử lại 1/3
2025-09-21 23:55:23,238 WARNING: Lỗi HTTP 429 - product id: 112297077, thử lại 1/3
2025-09-21 23:55:24,240 WARNING: Lỗi HTTP 429 - product id: 112528522, thử lại 1/3
2025-09-21 23:55:24,393 WARNING: Lỗi HTTP 429 - product id: 112544770, thử lại 1/3
2025-09-21 23:55:24,397 WARNING: Lỗi HTTP 429 - product id: 112550238, thử lại 1/3
2025-09-21 23:55:24,553 WARNING: Lỗi HTTP 429 - product id: 112595093, thử lại 1/3
2025-09-21 23:55:24,695 WARNING: Lỗi HTTP 429 - product id: 112634930, thử lại 1/3
2025-09-21 23:55:24,753 WARNING: Lỗi HTTP 429 - product id: 112639190, thử lại 1/3
2025-09-21 23:55:31,964 INFO: Đã commit batch 63 (1000 sản phẩm)
2025-09-21 23:55:31,990 INFO: Đã ghi 998 sản phẩm vào file /home/quannh/projects_de/project_2/output/products_batch_63_998_ids.csv
2025-09-21 23:55:32,028 INFO: Bắt đầu crawl batch 64 (1000 sản phẩm)
2025-09-21 23:55:38,681 WARNING: Lỗi HTTP 429 - product id: 113161176, thử lại 1/3
2025-09-21 23:55:38,827 WARNING: Lỗi HTTP 429 - product id: 113166910, thử lại 1/3
2025-09-21 23:55:38,877 WARNING: Lỗi HTTP 429 - product id: 113166974, thử lại 1/3
2025-09-21 23:55:39,626 WARNING: Lỗi HTTP 429 - product id: 113174584, thử lại 1/3
2025-09-21 23:55:39,685 WARNING: Lỗi HTTP 429 - product id: 113174652, thử lại 1/3
2025-09-21 23:55:39,777 WARNING: Lỗi HTTP 429 - product id: 113186611, thử lại 1/3
2025-09-21 23:55:39,834 WARNING: Lỗi HTTP 429 - product id: 113198107, thử lại 1/3
2025-09-21 23:55:40,076 WARNING: Lỗi HTTP 429 - product id: 113207363, thử lại 1/3
2025-09-21 23:55:40,176 WARNING: Lỗi HTTP 429 - product id: 113207944, thử lại 1/3
2025-09-21 23:55:42,079 WARNING: Lỗi HTTP 429 - product id: 113339403, thử lại 1/3
2025-09-21 23:55:42,177 WARNING: Lỗi HTTP 429 - product id: 113350286, thử lại 1/3
2025-09-21 23:55:42,181 WARNING: Lỗi HTTP 429 - product id: 113352119, thử lại 1/3
2025-09-21 23:55:42,277 WARNING: Lỗi HTTP 429 - product id: 113359818, thử lại 1/3
2025-09-21 23:55:42,328 WARNING: Lỗi HTTP 429 - product id: 113359970, thử lại 1/3
2025-09-21 23:55:42,425 WARNING: Lỗi HTTP 429 - product id: 113366491, thử lại 1/3
2025-09-21 23:55:42,487 WARNING: Lỗi HTTP 429 - product id: 113378359, thử lại 1/3
2025-09-21 23:55:42,528 WARNING: Lỗi HTTP 429 - product id: 113390483, thử lại 1/3
2025-09-21 23:55:42,576 WARNING: Lỗi HTTP 429 - product id: 113395681, thử lại 1/3
2025-09-21 23:55:43,471 WARNING: Lỗi HTTP 429 - product id: 113409822, thử lại 1/3
2025-09-21 23:55:43,526 WARNING: Lỗi HTTP 429 - product id: 113410204, thử lại 1/3
2025-09-21 23:55:44,682 WARNING: Lỗi HTTP 429 - product id: 113416750, thử lại 1/3
2025-09-21 23:55:44,987 WARNING: Lỗi HTTP 429 - product id: 113418337, thử lại 1/3
2025-09-21 23:55:45,083 WARNING: Lỗi HTTP 429 - product id: 113418511, thử lại 1/3
2025-09-21 23:55:45,172 WARNING: Lỗi HTTP 429 - product id: 113418949, thử lại 1/3
2025-09-21 23:55:45,233 WARNING: Lỗi HTTP 429 - product id: 113419623, thử lại 1/3
2025-09-21 23:55:46,737 WARNING: Lỗi HTTP 429 - product id: 113457751, thử lại 1/3
2025-09-21 23:55:46,924 WARNING: Lỗi HTTP 429 - product id: 113474540, thử lại 1/3
2025-09-21 23:55:46,985 WARNING: Lỗi HTTP 429 - product id: 113476394, thử lại 1/3
2025-09-21 23:55:47,080 WARNING: Lỗi HTTP 429 - product id: 113482917, thử lại 1/3
2025-09-21 23:55:47,291 WARNING: Lỗi HTTP 429 - product id: 113485725, thử lại 1/3
2025-09-21 23:55:47,327 WARNING: Lỗi HTTP 429 - product id: 113485963, thử lại 1/3
2025-09-21 23:55:47,336 WARNING: Lỗi HTTP 429 - product id: 113490127, thử lại 1/3
2025-09-21 23:55:47,377 WARNING: Lỗi HTTP 429 - product id: 113494050, thử lại 1/3
2025-09-21 23:55:47,439 WARNING: Lỗi HTTP 429 - product id: 113500326, thử lại 1/3
2025-09-21 23:55:47,470 WARNING: Lỗi HTTP 429 - product id: 113503217, thử lại 1/3
2025-09-21 23:55:50,579 INFO: Đã commit batch 64 (1000 sản phẩm)
2025-09-21 23:55:50,602 INFO: Đã ghi 1000 sản phẩm vào file /home/quannh/projects_de/project_2/output/products_batch_64_1000_ids.csv
2025-09-21 23:55:50,640 INFO: Bắt đầu crawl batch 65 (1000 sản phẩm)
2025-09-21 23:55:51,738 WARNING: Lỗi HTTP 429 - product id: 113643407, thử lại 1/3
2025-09-21 23:55:51,740 WARNING: Lỗi HTTP 429 - product id: 113643520, thử lại 1/3
2025-09-21 23:55:51,846 WARNING: Lỗi HTTP 429 - product id: 113673205, thử lại 1/3
2025-09-21 23:55:51,996 WARNING: Lỗi HTTP 429 - product id: 113706098, thử lại 1/3
2025-09-21 23:55:52,039 WARNING: Lỗi HTTP 429 - product id: 113706518, thử lại 1/3
2025-09-21 23:55:52,040 WARNING: Lỗi HTTP 429 - product id: 113706902, thử lại 1/3
2025-09-21 23:55:52,199 WARNING: Lỗi HTTP 429 - product id: 113711992, thử lại 1/3
2025-09-21 23:55:52,237 WARNING: Lỗi HTTP 429 - product id: 113712661, thử lại 1/3
2025-09-21 23:55:52,297 WARNING: Lỗi HTTP 429 - product id: 113753829, thử lại 1/3
2025-09-21 23:55:52,369 WARNING: Lỗi HTTP 404: Không tim thấy product id - product id: 113709617
2025-09-21 23:55:52,395 WARNING: Lỗi HTTP 429 - product id: 113758359, thử lại 1/3
2025-09-21 23:55:52,419 WARNING: Lỗi HTTP 404: Không tim thấy product id - product id: 113709632
2025-09-21 23:55:52,439 WARNING: Lỗi HTTP 429 - product id: 113760388, thử lại 1/3
2025-09-21 23:55:52,791 WARNING: Lỗi HTTP 429 - product id: 113788537, thử lại 1/3
2025-09-21 23:55:52,813 WARNING: Lỗi HTTP 404: Không tim thấy product id - product id: 113709643
2025-09-21 23:55:52,887 WARNING: Lỗi HTTP 429 - product id: 113834789, thử lại 1/3
2025-09-21 23:55:53,161 WARNING: Lỗi HTTP 404: Không tim thấy product id - product id: 113709695
2025-09-21 23:55:53,201 WARNING: Lỗi HTTP 429 - product id: 113887867, thử lại 1/3
2025-09-21 23:55:53,894 WARNING: Lỗi HTTP 429 - product id: 113935086, thử lại 1/3
2025-09-21 23:55:53,997 WARNING: Lỗi HTTP 429 - product id: 113953645, thử lại 1/3
2025-09-21 23:55:54,004 WARNING: Lỗi HTTP 429 - product id: 113955099, thử lại 1/3
2025-09-21 23:55:54,062 WARNING: Lỗi HTTP 404: Không tim thấy product id - product id: 113887120
2025-09-21 23:55:54,092 WARNING: Lỗi HTTP 429 - product id: 113960929, thử lại 1/3
2025-09-21 23:55:54,098 WARNING: Lỗi HTTP 429 - product id: 113961625, thử lại 1/3
2025-09-21 23:55:54,289 WARNING: Lỗi HTTP 429 - product id: 114003788, thử lại 1/3
2025-09-21 23:55:54,892 WARNING: Lỗi HTTP 429 - product id: 114056051, thử lại 1/3
2025-09-21 23:55:54,992 WARNING: Lỗi HTTP 429 - product id: 114073802, thử lại 1/3
2025-09-21 23:55:55,336 WARNING: Lỗi HTTP 429 - product id: 113712661, thử lại 2/3
2025-09-21 23:55:55,386 WARNING: Lỗi HTTP 429 - product id: 113753829, thử lại 2/3
2025-09-21 23:55:55,446 WARNING: Lỗi HTTP 429 - product id: 114174368, thử lại 1/3
2025-09-21 23:55:55,647 WARNING: Lỗi HTTP 429 - product id: 114187714, thử lại 1/3
2025-09-21 23:55:55,686 WARNING: Lỗi HTTP 429 - product id: 114188716, thử lại 1/3
2025-09-21 23:55:55,937 WARNING: Lỗi HTTP 429 - product id: 114203363, thử lại 1/3
2025-09-21 23:55:56,047 WARNING: Lỗi HTTP 429 - product id: 114210559, thử lại 1/3
2025-09-21 23:55:56,438 WARNING: Lỗi HTTP 429 - product id: 114250983, thử lại 1/3
2025-09-21 23:55:56,684 WARNING: Lỗi HTTP 429 - product id: 114260363, thử lại 1/3
2025-09-21 23:55:56,734 WARNING: Lỗi HTTP 429 - product id: 114266530, thử lại 1/3
2025-09-21 23:55:56,739 WARNING: Lỗi HTTP 429 - product id: 114271935, thử lại 1/3
2025-09-21 23:55:57,180 WARNING: Lỗi HTTP 429 - product id: 113961625, thử lại 2/3
2025-09-21 23:55:57,191 WARNING: Lỗi HTTP 429 - product id: 114277569, thử lại 1/3
2025-09-21 23:55:57,237 WARNING: Lỗi HTTP 429 - product id: 114277576, thử lại 1/3
2025-09-21 23:55:57,296 WARNING: Lỗi HTTP 429 - product id: 114277949, thử lại 1/3
2025-09-21 23:55:57,539 WARNING: Lỗi HTTP 429 - product id: 114288748, thử lại 1/3
2025-09-21 23:55:57,788 WARNING: Lỗi HTTP 429 - product id: 114289676, thử lại 1/3
2025-09-21 23:55:57,889 WARNING: Lỗi HTTP 429 - product id: 114289871, thử lại 1/3
2025-09-21 23:55:58,690 WARNING: Lỗi HTTP 429 - product id: 114292499, thử lại 1/3
2025-09-21 23:55:58,717 WARNING: Lỗi HTTP 429 - product id: 114292590, thử lại 1/3
2025-09-21 23:55:58,729 WARNING: Lỗi HTTP 429 - product id: 114292677, thử lại 1/3
2025-09-21 23:55:58,753 WARNING: Lỗi HTTP 429 - product id: 114188716, thử lại 2/3
2025-09-21 23:55:59,200 WARNING: Lỗi HTTP 429 - product id: 114294385, thử lại 1/3
2025-09-21 23:55:59,536 WARNING: Lỗi HTTP 429 - product id: 114313121, thử lại 1/3
2025-09-21 23:55:59,888 WARNING: Lỗi HTTP 429 - product id: 114314261, thử lại 1/3
2025-09-21 23:55:59,892 WARNING: Lỗi HTTP 429 - product id: 114314290, thử lại 1/3
2025-09-21 23:56:01,650 WARNING: Lỗi HTTP 429 - product id: 114324044, thử lại 1/3
2025-09-21 23:56:01,744 WARNING: Lỗi HTTP 429 - product id: 114324595, thử lại 1/3
2025-09-21 23:56:04,473 WARNING: Lỗi HTTP 429 - product id: 114340835, thử lại 1/3
2025-09-21 23:56:04,588 WARNING: Lỗi HTTP 429 - product id: 114353231, thử lại 1/3
2025-09-21 23:56:04,590 WARNING: Lỗi HTTP 429 - product id: 114353778, thử lại 1/3
2025-09-21 23:56:04,639 WARNING: Lỗi HTTP 429 - product id: 114353805, thử lại 1/3
2025-09-21 23:56:04,822 WARNING: Lỗi HTTP 429 - product id: 114379142, thử lại 1/3
2025-09-21 23:56:04,886 WARNING: Lỗi HTTP 429 - product id: 114379369, thử lại 1/3
2025-09-21 23:56:05,126 WARNING: Lỗi HTTP 429 - product id: 114379936, thử lại 1/3
2025-09-21 23:56:08,215 INFO: Đã commit batch 65 (1000 sản phẩm)
2025-09-21 23:56:08,240 INFO: Đã ghi 995 sản phẩm vào file /home/quannh/projects_de/project_2/output/products_batch_65_995_ids.csv
2025-09-21 23:56:08,278 INFO: Bắt đầu crawl batch 66 (1000 sản phẩm)
2025-09-21 23:56:09,900 WARNING: Lỗi HTTP 404: Không tim thấy product id - product id: 114572377
2025-09-21 23:56:09,950 WARNING: Lỗi HTTP 404: Không tim thấy product id - product id: 114572449
2025-09-21 23:56:10,104 WARNING: Lỗi HTTP 404: Không tim thấy product id - product id: 114572403
2025-09-21 23:56:10,305 WARNING: Lỗi HTTP 404: Không tim thấy product id - product id: 114572652
2025-09-21 23:56:10,353 WARNING: Lỗi HTTP 404: Không tim thấy product id - product id: 114572662
2025-09-21 23:56:10,374 WARNING: Lỗi HTTP 429 - product id: 114652895, thử lại 1/3
2025-09-21 23:56:10,437 WARNING: Lỗi HTTP 429 - product id: 114653084, thử lại 1/3
2025-09-21 23:56:10,481 WARNING: Lỗi HTTP 429 - product id: 114653403, thử lại 1/3
2025-09-21 23:56:13,086 WARNING: Lỗi HTTP 429 - product id: 114771269, thử lại 1/3
2025-09-21 23:56:13,276 WARNING: Lỗi HTTP 429 - product id: 114783359, thử lại 1/3
2025-09-21 23:56:13,382 WARNING: Lỗi HTTP 429 - product id: 114788319, thử lại 1/3
2025-09-21 23:56:13,570 WARNING: Lỗi HTTP 429 - product id: 114821431, thử lại 1/3
2025-09-21 23:56:14,630 WARNING: Lỗi HTTP 429 - product id: 114876967, thử lại 1/3
2025-09-21 23:56:14,726 WARNING: Lỗi HTTP 429 - product id: 114878948, thử lại 1/3
2025-09-21 23:56:15,047 WARNING: Lỗi HTTP 404: Không tim thấy product id - product id: 114877982
2025-09-21 23:56:15,226 WARNING: Lỗi HTTP 429 - product id: 114912009, thử lại 1/3
2025-09-21 23:56:15,294 WARNING: Lỗi HTTP 429 - product id: 114923905, thử lại 1/3
2025-09-21 23:56:15,354 WARNING: Lỗi HTTP 404: Không tim thấy product id - product id: 114894597
2025-09-21 23:56:15,783 WARNING: Lỗi HTTP 429 - product id: 114972720, thử lại 1/3
2025-09-21 23:56:16,332 WARNING: Lỗi HTTP 429 - product id: 115011885, thử lại 1/3
2025-09-21 23:56:16,383 WARNING: Lỗi HTTP 429 - product id: 115015524, thử lại 1/3
2025-09-21 23:56:16,474 WARNING: Lỗi HTTP 429 - product id: 115016977, thử lại 1/3
2025-09-21 23:56:16,576 WARNING: Lỗi HTTP 429 - product id: 115074804, thử lại 1/3
2025-09-21 23:56:16,578 WARNING: Lỗi HTTP 429 - product id: 115076785, thử lại 1/3
2025-09-21 23:56:16,641 WARNING: Lỗi HTTP 429 - product id: 115092224, thử lại 1/3
2025-09-21 23:56:16,732 WARNING: Lỗi HTTP 429 - product id: 115096239, thử lại 1/3
2025-09-21 23:56:16,881 WARNING: Lỗi HTTP 429 - product id: 115105190, thử lại 1/3
2025-09-21 23:56:17,022 WARNING: Lỗi HTTP 429 - product id: 115117609, thử lại 1/3
2025-09-21 23:56:17,084 WARNING: Lỗi HTTP 429 - product id: 115117651, thử lại 1/3
2025-09-21 23:56:17,291 WARNING: Lỗi HTTP 429 - product id: 115128943, thử lại 1/3
2025-09-21 23:56:17,953 WARNING: Lỗi HTTP 404: Không tim thấy product id - product id: 114876967
2025-09-21 23:56:18,423 WARNING: Lỗi HTTP 429 - product id: 115143625, thử lại 1/3
2025-09-21 23:56:18,426 WARNING: Lỗi HTTP 429 - product id: 115143638, thử lại 1/3
2025-09-21 23:56:18,485 WARNING: Lỗi HTTP 429 - product id: 115149818, thử lại 1/3
2025-09-21 23:56:18,574 WARNING: Lỗi HTTP 429 - product id: 115200226, thử lại 1/3
2025-09-21 23:56:19,553 WARNING: Lỗi HTTP 404: Không tim thấy product id - product id: 115196180
2025-09-21 23:56:20,080 WARNING: Lỗi HTTP 429 - product id: 115105190, thử lại 2/3
2025-09-21 23:56:21,328 WARNING: Lỗi HTTP 429 - product id: 115441075, thử lại 1/3
2025-09-21 23:56:21,328 WARNING: Lỗi HTTP 429 - product id: 115441031, thử lại 1/3
2025-09-21 23:56:21,734 WARNING: Lỗi HTTP 429 - product id: 115463767, thử lại 1/3
2025-09-21 23:56:22,843 WARNING: Lỗi HTTP 429 - product id: 115548457, thử lại 1/3
2025-09-21 23:56:22,883 WARNING: Lỗi HTTP 429 - product id: 115551783, thử lại 1/3
2025-09-21 23:56:24,702 WARNING: Lỗi HTTP 404: Không tim thấy product id - product id: 115667335
2025-09-21 23:56:26,175 INFO: Đã commit batch 66 (1000 sản phẩm)
2025-09-21 23:56:26,203 INFO: Đã ghi 990 sản phẩm vào file /home/quannh/projects_de/project_2/output/products_batch_66_990_ids.csv
2025-09-21 23:56:26,241 INFO: Bắt đầu crawl batch 67 (1000 sản phẩm)
2025-09-21 23:56:26,415 WARNING: Lỗi HTTP 404: Không tim thấy product id - product id: 115677940
2025-09-21 23:56:26,494 WARNING: Lỗi HTTP 429 - product id: 115726093, thử lại 1/3
2025-09-21 23:56:26,556 WARNING: Lỗi HTTP 429 - product id: 115726155, thử lại 1/3
2025-09-21 23:56:26,635 WARNING: Lỗi HTTP 429 - product id: 115737736, thử lại 1/3
2025-09-21 23:56:26,648 WARNING: Lỗi HTTP 429 - product id: 115737750, thử lại 1/3
2025-09-21 23:56:26,707 WARNING: Lỗi HTTP 429 - product id: 115738472, thử lại 1/3
2025-09-21 23:56:27,396 WARNING: Lỗi HTTP 429 - product id: 115772973, thử lại 1/3
2025-09-21 23:56:27,437 WARNING: Lỗi HTTP 429 - product id: 115775195, thử lại 1/3
2025-09-21 23:56:27,443 WARNING: Lỗi HTTP 429 - product id: 115775169, thử lại 1/3
2025-09-21 23:56:27,487 WARNING: Lỗi HTTP 429 - product id: 115778733, thử lại 1/3
2025-09-21 23:56:27,498 WARNING: Lỗi HTTP 429 - product id: 115778786, thử lại 1/3
2025-09-21 23:56:27,543 WARNING: Lỗi HTTP 429 - product id: 115778871, thử lại 1/3
2025-09-21 23:56:27,582 WARNING: Lỗi HTTP 429 - product id: 115779065, thử lại 1/3
2025-09-21 23:56:27,605 WARNING: Lỗi HTTP 429 - product id: 115783606, thử lại 1/3
2025-09-21 23:56:27,788 WARNING: Lỗi HTTP 429 - product id: 115796492, thử lại 1/3
2025-09-21 23:56:27,852 WARNING: Lỗi HTTP 429 - product id: 115804305, thử lại 1/3
2025-09-21 23:56:28,054 WARNING: Lỗi HTTP 429 - product id: 115817043, thử lại 1/3
2025-09-21 23:56:28,093 WARNING: Lỗi HTTP 429 - product id: 115817178, thử lại 1/3
2025-09-21 23:56:28,096 WARNING: Lỗi HTTP 429 - product id: 115818169, thử lại 1/3
2025-09-21 23:56:28,191 WARNING: Lỗi HTTP 429 - product id: 115819815, thử lại 1/3
2025-09-21 23:56:28,192 WARNING: Lỗi HTTP 429 - product id: 115824591, thử lại 1/3
2025-09-21 23:56:28,788 WARNING: Lỗi HTTP 429 - product id: 115832111, thử lại 1/3
2025-09-21 23:56:28,839 WARNING: Lỗi HTTP 429 - product id: 115832134, thử lại 1/3
2025-09-21 23:56:28,893 WARNING: Lỗi HTTP 429 - product id: 115832346, thử lại 1/3
2025-09-21 23:56:29,486 WARNING: Lỗi HTTP 429 - product id: 115884993, thử lại 1/3
2025-09-21 23:56:29,591 WARNING: Lỗi HTTP 429 - product id: 115888281, thử lại 1/3
2025-09-21 23:56:29,793 WARNING: Lỗi HTTP 429 - product id: 115896537, thử lại 1/3
2025-09-21 23:56:30,551 WARNING: Lỗi HTTP 429 - product id: 115778733, thử lại 2/3
2025-09-21 23:56:30,588 WARNING: Lỗi HTTP 429 - product id: 115907081, thử lại 1/3
2025-09-21 23:56:30,645 WARNING: Lỗi HTTP 429 - product id: 115779065, thử lại 2/3
2025-09-21 23:56:30,694 WARNING: Lỗi HTTP 429 - product id: 115922868, thử lại 1/3
2025-09-21 23:56:30,892 WARNING: Lỗi HTTP 429 - product id: 115925267, thử lại 1/3
2025-09-21 23:56:31,696 WARNING: Lỗi HTTP 429 - product id: 115945854, thử lại 1/3
2025-09-21 23:56:31,942 WARNING: Lỗi HTTP 429 - product id: 115946869, thử lại 1/3
2025-09-21 23:56:32,540 WARNING: Lỗi HTTP 429 - product id: 115949553, thử lại 1/3
2025-09-21 23:56:32,592 WARNING: Lỗi HTTP 429 - product id: 115949990, thử lại 1/3
2025-09-21 23:56:32,602 WARNING: Lỗi HTTP 429 - product id: 115950183, thử lại 1/3
2025-09-21 23:56:32,667 WARNING: Lỗi HTTP 429 - product id: 115950255, thử lại 1/3
2025-09-21 23:56:32,693 WARNING: Lỗi HTTP 429 - product id: 115956973, thử lại 1/3
2025-09-21 23:56:32,891 WARNING: Lỗi HTTP 429 - product id: 115896537, thử lại 2/3
2025-09-21 23:56:33,148 WARNING: Lỗi HTTP 429 - product id: 115992865, thử lại 1/3
2025-09-21 23:56:33,188 WARNING: Lỗi HTTP 429 - product id: 115995092, thử lại 1/3
2025-09-21 23:56:33,195 WARNING: Lỗi HTTP 429 - product id: 115999245, thử lại 1/3
2025-09-21 23:56:33,244 WARNING: Lỗi HTTP 429 - product id: 116001219, thử lại 1/3
2025-09-21 23:56:33,402 WARNING: Lỗi HTTP 429 - product id: 116004653, thử lại 1/3
2025-09-21 23:56:33,594 WARNING: Lỗi HTTP 429 - product id: 116018969, thử lại 1/3
2025-09-21 23:56:33,643 WARNING: Lỗi HTTP 429 - product id: 116021147, thử lại 1/3
2025-09-21 23:56:33,652 WARNING: Lỗi HTTP 429 - product id: 115907081, thử lại 2/3
2025-09-21 23:56:33,752 WARNING: Lỗi HTTP 429 - product id: 116021563, thử lại 1/3
2025-09-21 23:56:35,238 WARNING: Lỗi HTTP 429 - product id: 116104918, thử lại 1/3
2025-09-21 23:56:35,656 WARNING: Lỗi HTTP 429 - product id: 116118830, thử lại 1/3
2025-09-21 23:56:35,669 WARNING: Lỗi HTTP 429 - product id: 115950183, thử lại 2/3
2025-09-21 23:56:35,736 WARNING: Lỗi HTTP 429 - product id: 116125061, thử lại 1/3
2025-09-21 23:56:35,789 WARNING: Lỗi HTTP 429 - product id: 116133262, thử lại 1/3
2025-09-21 23:56:35,846 WARNING: Lỗi HTTP 429 - product id: 116139733, thử lại 1/3
2025-09-21 23:56:36,164 WARNING: Lỗi HTTP 404: Không tim thấy product id - product id: 116106183
2025-09-21 23:56:36,263 WARNING: Lỗi HTTP 404: Không tim thấy product id - product id: 116106095
2025-09-21 23:56:36,445 WARNING: Lỗi HTTP 429 - product id: 116188328, thử lại 1/3
2025-09-21 23:56:36,586 WARNING: Lỗi HTTP 429 - product id: 116193241, thử lại 1/3
2025-09-21 23:56:36,742 WARNING: Lỗi HTTP 429 - product id: 115779065, thử lại 3/3
2025-09-21 23:56:36,742 WARNING: Crawl thất bại sau 3 lần thử lại - product id: 115779065 - Lỗi HTTP 429
2025-09-21 23:56:37,238 WARNING: Lỗi HTTP 429 - product id: 116277448, thử lại 1/3
2025-09-21 23:56:37,239 WARNING: Lỗi HTTP 429 - product id: 116276817, thử lại 1/3
2025-09-21 23:56:40,326 WARNING: Lỗi HTTP 429 - product id: 116554398, thử lại 1/3
2025-09-21 23:56:40,338 WARNING: Lỗi HTTP 429 - product id: 116555783, thử lại 1/3
2025-09-21 23:56:40,388 WARNING: Lỗi HTTP 429 - product id: 116566825, thử lại 1/3
2025-09-21 23:56:40,400 WARNING: Lỗi HTTP 429 - product id: 116572190, thử lại 1/3
2025-09-21 23:56:40,450 WARNING: Lỗi HTTP 429 - product id: 116277448, thử lại 2/3
2025-09-21 23:56:40,450 WARNING: Lỗi HTTP 429 - product id: 116583568, thử lại 1/3
2025-09-21 23:56:40,536 WARNING: Lỗi HTTP 429 - product id: 116593366, thử lại 1/3
2025-09-21 23:56:40,561 WARNING: Lỗi HTTP 404: Không tim thấy product id - product id: 116470590
2025-09-21 23:56:40,563 WARNING: Lỗi HTTP 404: Không tim thấy product id - product id: 116470301
2025-09-21 23:56:42,001 WARNING: Lỗi HTTP 429 - product id: 116714310, thử lại 1/3
2025-09-21 23:56:42,039 WARNING: Lỗi HTTP 429 - product id: 116719928, thử lại 1/3
2025-09-21 23:56:46,563 INFO: Đã commit batch 67 (1000 sản phẩm)
2025-09-21 23:56:46,588 INFO: Đã ghi 994 sản phẩm vào file /home/quannh/projects_de/project_2/output/products_batch_67_994_ids.csv
2025-09-21 23:56:46,625 INFO: Bắt đầu crawl batch 68 (1000 sản phẩm)
2025-09-21 23:56:47,986 WARNING: Lỗi HTTP 429 - product id: 116857073, thử lại 1/3
2025-09-21 23:56:48,128 WARNING: Lỗi HTTP 429 - product id: 116863157, thử lại 1/3
2025-09-21 23:56:48,129 WARNING: Lỗi HTTP 429 - product id: 116863869, thử lại 1/3
2025-09-21 23:56:48,232 WARNING: Lỗi HTTP 429 - product id: 116874334, thử lại 1/3
2025-09-21 23:56:48,249 WARNING: Lỗi HTTP 404: Không tim thấy product id - product id: 116813643
2025-09-21 23:56:49,776 WARNING: Lỗi HTTP 429 - product id: 116995168, thử lại 1/3
2025-09-21 23:56:50,381 WARNING: Lỗi HTTP 429 - product id: 116997561, thử lại 1/3
2025-09-21 23:56:50,428 WARNING: Lỗi HTTP 429 - product id: 116997607, thử lại 1/3
2025-09-21 23:56:50,826 WARNING: Lỗi HTTP 429 - product id: 116999346, thử lại 1/3
2025-09-21 23:56:50,826 WARNING: Lỗi HTTP 429 - product id: 116999511, thử lại 1/3
2025-09-21 23:56:50,893 WARNING: Lỗi HTTP 429 - product id: 116999736, thử lại 1/3
2025-09-21 23:56:51,024 WARNING: Lỗi HTTP 429 - product id: 117000089, thử lại 1/3
2025-09-21 23:56:51,232 WARNING: Lỗi HTTP 429 - product id: 117009523, thử lại 1/3
2025-09-21 23:56:51,281 WARNING: Lỗi HTTP 429 - product id: 116863157, thử lại 2/3
2025-09-21 23:56:51,320 WARNING: Lỗi HTTP 429 - product id: 117029348, thử lại 1/3
2025-09-21 23:56:51,372 WARNING: Lỗi HTTP 429 - product id: 117032352, thử lại 1/3
2025-09-21 23:56:51,388 WARNING: Lỗi HTTP 429 - product id: 117033347, thử lại 1/3
2025-09-21 23:56:51,476 WARNING: Lỗi HTTP 429 - product id: 117044447, thử lại 1/3
2025-09-21 23:56:51,927 WARNING: Lỗi HTTP 429 - product id: 117074349, thử lại 1/3
2025-09-21 23:56:51,977 WARNING: Lỗi HTTP 429 - product id: 117075220, thử lại 1/3
2025-09-21 23:56:52,008 WARNING: Lỗi HTTP 429 - product id: 117076918, thử lại 1/3
2025-09-21 23:56:52,023 WARNING: Lỗi HTTP 429 - product id: 117081415, thử lại 1/3
2025-09-21 23:56:52,373 WARNING: Lỗi HTTP 429 - product id: 117081854, thử lại 1/3
2025-09-21 23:56:55,430 WARNING: Lỗi HTTP 429 - product id: 117142453, thử lại 1/3
2025-09-21 23:56:55,891 WARNING: Lỗi HTTP 429 - product id: 117172325, thử lại 1/3
2025-09-21 23:56:58,474 WARNING: Lỗi HTTP 429 - product id: 117406147, thử lại 1/3
2025-09-21 23:56:58,831 WARNING: Lỗi HTTP 429 - product id: 117415050, thử lại 1/3
2025-09-21 23:56:59,262 WARNING: Lỗi HTTP 429 - product id: 117463209, thử lại 1/3
2025-09-21 23:56:59,575 WARNING: Lỗi HTTP 429 - product id: 117478708, thử lại 1/3
2025-09-21 23:56:59,667 WARNING: Lỗi HTTP 429 - product id: 117486932, thử lại 1/3
2025-09-21 23:57:00,226 WARNING: Lỗi HTTP 429 - product id: 117551026, thử lại 1/3
2025-09-21 23:57:00,576 WARNING: Lỗi HTTP 429 - product id: 117555918, thử lại 1/3
2025-09-21 23:57:00,577 WARNING: Lỗi HTTP 429 - product id: 117555850, thử lại 1/3
2025-09-21 23:57:00,673 WARNING: Lỗi HTTP 429 - product id: 117557991, thử lại 1/3
2025-09-21 23:57:00,974 WARNING: Lỗi HTTP 429 - product id: 117579296, thử lại 1/3
2025-09-21 23:57:01,130 WARNING: Lỗi HTTP 429 - product id: 117581316, thử lại 1/3
2025-09-21 23:57:01,301 WARNING: Lỗi HTTP 429 - product id: 117583159, thử lại 1/3
2025-09-21 23:57:01,317 WARNING: Lỗi HTTP 429 - product id: 117583175, thử lại 1/3
2025-09-21 23:57:01,373 WARNING: Lỗi HTTP 429 - product id: 117583414, thử lại 1/3
2025-09-21 23:57:01,377 WARNING: Lỗi HTTP 429 - product id: 117583467, thử lại 1/3
2025-09-21 23:57:01,474 WARNING: Lỗi HTTP 429 - product id: 117584024, thử lại 1/3
2025-09-21 23:57:01,502 WARNING: Lỗi HTTP 429 - product id: 117585113, thử lại 1/3
2025-09-21 23:57:01,563 WARNING: Lỗi HTTP 429 - product id: 117585706, thử lại 1/3
2025-09-21 23:57:01,669 WARNING: Lỗi HTTP 429 - product id: 117597312, thử lại 1/3
2025-09-21 23:57:01,710 WARNING: Lỗi HTTP 429 - product id: 117599148, thử lại 1/3
2025-09-21 23:57:01,729 WARNING: Lỗi HTTP 429 - product id: 117599239, thử lại 1/3
2025-09-21 23:57:01,826 WARNING: Lỗi HTTP 429 - product id: 117603751, thử lại 1/3
2025-09-21 23:57:01,924 WARNING: Lỗi HTTP 429 - product id: 117606011, thử lại 1/3
2025-09-21 23:57:02,026 WARNING: Lỗi HTTP 429 - product id: 117625125, thử lại 1/3
2025-09-21 23:57:02,086 WARNING: Lỗi HTTP 429 - product id: 117646710, thử lại 1/3
2025-09-21 23:57:05,177 INFO: Đã commit batch 68 (1000 sản phẩm)
2025-09-21 23:57:05,202 INFO: Đã ghi 999 sản phẩm vào file /home/quannh/projects_de/project_2/output/products_batch_68_999_ids.csv
2025-09-21 23:57:05,240 INFO: Bắt đầu crawl batch 69 (1000 sản phẩm)
2025-09-21 23:57:05,937 WARNING: Lỗi HTTP 429 - product id: 117779244, thử lại 1/3
2025-09-21 23:57:05,994 WARNING: Lỗi HTTP 429 - product id: 117779313, thử lại 1/3
2025-09-21 23:57:06,288 WARNING: Lỗi HTTP 429 - product id: 117787527, thử lại 1/3
2025-09-21 23:57:06,391 WARNING: Lỗi HTTP 429 - product id: 117787690, thử lại 1/3
2025-09-21 23:57:06,938 WARNING: Lỗi HTTP 429 - product id: 117815912, thử lại 1/3
2025-09-21 23:57:07,133 WARNING: Lỗi HTTP 429 - product id: 117832307, thử lại 1/3
2025-09-21 23:57:07,293 WARNING: Lỗi HTTP 429 - product id: 117836531, thử lại 1/3
2025-09-21 23:57:07,339 WARNING: Lỗi HTTP 429 - product id: 117899774, thử lại 1/3
2025-09-21 23:57:07,387 WARNING: Lỗi HTTP 429 - product id: 117900893, thử lại 1/3
2025-09-21 23:57:07,404 WARNING: Lỗi HTTP 429 - product id: 117901490, thử lại 1/3
2025-09-21 23:57:07,451 WARNING: Lỗi HTTP 429 - product id: 117903340, thử lại 1/3
2025-09-21 23:57:09,202 WARNING: Lỗi HTTP 429 - product id: 118083410, thử lại 1/3
2025-09-21 23:57:09,247 WARNING: Lỗi HTTP 429 - product id: 118084390, thử lại 1/3
2025-09-21 23:57:09,695 WARNING: Lỗi HTTP 429 - product id: 118100536, thử lại 1/3
2025-09-21 23:57:09,793 WARNING: Lỗi HTTP 429 - product id: 118116322, thử lại 1/3
2025-09-21 23:57:09,838 WARNING: Lỗi HTTP 429 - product id: 118116436, thử lại 1/3
2025-09-21 23:57:12,097 WARNING: Lỗi HTTP 429 - product id: 118151631, thử lại 1/3
2025-09-21 23:57:13,791 WARNING: Lỗi HTTP 429 - product id: 118162013, thử lại 1/3
2025-09-21 23:57:13,882 WARNING: Lỗi HTTP 429 - product id: 118162576, thử lại 1/3
2025-09-21 23:57:13,934 WARNING: Lỗi HTTP 429 - product id: 118162794, thử lại 1/3
2025-09-21 23:57:13,942 WARNING: Lỗi HTTP 429 - product id: 118162946, thử lại 1/3
2025-09-21 23:57:14,046 WARNING: Lỗi HTTP 429 - product id: 118163351, thử lại 1/3
2025-09-21 23:57:14,194 WARNING: Lỗi HTTP 429 - product id: 118164311, thử lại 1/3
2025-09-21 23:57:16,287 WARNING: Lỗi HTTP 429 - product id: 118330309, thử lại 1/3
2025-09-21 23:57:17,039 WARNING: Lỗi HTTP 429 - product id: 118532453, thử lại 1/3
2025-09-21 23:57:18,096 WARNING: Lỗi HTTP 429 - product id: 118584745, thử lại 1/3
2025-09-21 23:57:18,132 WARNING: Lỗi HTTP 429 - product id: 118584958, thử lại 1/3
2025-09-21 23:57:18,188 WARNING: Lỗi HTTP 429 - product id: 118585002, thử lại 1/3
2025-09-21 23:57:18,192 WARNING: Lỗi HTTP 429 - product id: 118585067, thử lại 1/3
2025-09-21 23:57:18,338 WARNING: Lỗi HTTP 429 - product id: 118585439, thử lại 1/3
2025-09-21 23:57:18,429 WARNING: Lỗi HTTP 429 - product id: 118585615, thử lại 1/3
2025-09-21 23:57:18,490 WARNING: Lỗi HTTP 429 - product id: 118585705, thử lại 1/3
2025-09-21 23:57:18,538 WARNING: Lỗi HTTP 429 - product id: 118585978, thử lại 1/3
2025-09-21 23:57:18,587 WARNING: Lỗi HTTP 429 - product id: 118586067, thử lại 1/3
2025-09-21 23:57:18,653 WARNING: Lỗi HTTP 429 - product id: 118586322, thử lại 1/3
2025-09-21 23:57:19,479 WARNING: Lỗi HTTP 429 - product id: 118687666, thử lại 1/3
2025-09-21 23:57:22,590 INFO: Đã commit batch 69 (1000 sản phẩm)
2025-09-21 23:57:22,614 INFO: Đã ghi 1000 sản phẩm vào file /home/quannh/projects_de/project_2/output/products_batch_69_1000_ids.csv
2025-09-21 23:57:22,654 INFO: Bắt đầu crawl batch 70 (1000 sản phẩm)
2025-09-21 23:57:27,861 WARNING: Lỗi HTTP 429 - product id: 119257566, thử lại 1/3
2025-09-21 23:57:27,902 WARNING: Lỗi HTTP 429 - product id: 119271667, thử lại 1/3
2025-09-21 23:57:27,966 WARNING: Lỗi HTTP 429 - product id: 119285436, thử lại 1/3
2025-09-21 23:57:28,058 WARNING: Lỗi HTTP 429 - product id: 119288451, thử lại 1/3
2025-09-21 23:57:28,701 WARNING: Lỗi HTTP 429 - product id: 119333513, thử lại 1/3
2025-09-21 23:57:28,761 WARNING: Lỗi HTTP 429 - product id: 119334800, thử lại 1/3
2025-09-21 23:57:29,014 WARNING: Lỗi HTTP 429 - product id: 119362818, thử lại 1/3
2025-09-21 23:57:29,413 WARNING: Lỗi HTTP 429 - product id: 119366017, thử lại 1/3
2025-09-21 23:57:30,418 WARNING: Lỗi HTTP 429 - product id: 119442367, thử lại 1/3
2025-09-21 23:57:30,504 WARNING: Lỗi HTTP 429 - product id: 119445800, thử lại 1/3
2025-09-21 23:57:30,509 WARNING: Lỗi HTTP 429 - product id: 119446132, thử lại 1/3
2025-09-21 23:57:30,567 WARNING: Lỗi HTTP 429 - product id: 119447266, thử lại 1/3
2025-09-21 23:57:30,756 WARNING: Lỗi HTTP 429 - product id: 119466905, thử lại 1/3
2025-09-21 23:57:31,021 WARNING: Lỗi HTTP 429 - product id: 119501374, thử lại 1/3
2025-09-21 23:57:31,463 WARNING: Lỗi HTTP 429 - product id: 119617486, thử lại 1/3
2025-09-21 23:57:31,770 WARNING: Lỗi HTTP 429 - product id: 119623274, thử lại 1/3
2025-09-21 23:57:34,567 WARNING: Lỗi HTTP 429 - product id: 119925870, thử lại 1/3
2025-09-21 23:57:34,658 WARNING: Lỗi HTTP 429 - product id: 119925971, thử lại 1/3
2025-09-21 23:57:34,710 WARNING: Lỗi HTTP 429 - product id: 119926058, thử lại 1/3
2025-09-21 23:57:34,711 WARNING: Lỗi HTTP 429 - product id: 119926056, thử lại 1/3
2025-09-21 23:57:34,772 WARNING: Lỗi HTTP 429 - product id: 119926149, thử lại 1/3
2025-09-21 23:57:34,798 WARNING: Lỗi HTTP 429 - product id: 119926202, thử lại 1/3
2025-09-21 23:57:34,803 WARNING: Lỗi HTTP 429 - product id: 119926173, thử lại 1/3
2025-09-21 23:57:35,308 WARNING: Lỗi HTTP 429 - product id: 119926506, thử lại 1/3
2025-09-21 23:57:35,309 WARNING: Lỗi HTTP 429 - product id: 119926493, thử lại 1/3
2025-09-21 23:57:35,458 WARNING: Lỗi HTTP 429 - product id: 119926679, thử lại 1/3
2025-09-21 23:57:35,509 WARNING: Lỗi HTTP 429 - product id: 119926759, thử lại 1/3
2025-09-21 23:57:35,710 WARNING: Lỗi HTTP 429 - product id: 119926834, thử lại 1/3
2025-09-21 23:57:35,861 WARNING: Lỗi HTTP 429 - product id: 119927274, thử lại 1/3
2025-09-21 23:57:36,262 WARNING: Lỗi HTTP 429 - product id: 119927437, thử lại 1/3
2025-09-21 23:57:36,405 WARNING: Lỗi HTTP 429 - product id: 119927491, thử lại 1/3
2025-09-21 23:57:36,468 WARNING: Lỗi HTTP 429 - product id: 119927534, thử lại 1/3
2025-09-21 23:57:37,120 WARNING: Lỗi HTTP 429 - product id: 119965593, thử lại 1/3
2025-09-21 23:57:37,170 WARNING: Lỗi HTTP 429 - product id: 119967774, thử lại 1/3
2025-09-21 23:57:37,220 WARNING: Lỗi HTTP 429 - product id: 119967839, thử lại 1/3
2025-09-21 23:57:37,413 WARNING: Lỗi HTTP 429 - product id: 119974311, thử lại 1/3
2025-09-21 23:57:37,549 WARNING: Lỗi HTTP 429 - product id: 119974888, thử lại 1/3
2025-09-21 23:57:37,775 WARNING: Lỗi HTTP 429 - product id: 119926056, thử lại 2/3
2025-09-21 23:57:38,168 WARNING: Lỗi HTTP 429 - product id: 119989836, thử lại 1/3
2025-09-21 23:57:38,262 WARNING: Lỗi HTTP 429 - product id: 119989885, thử lại 1/3
2025-09-21 23:57:38,275 WARNING: Lỗi HTTP 429 - product id: 119989889, thử lại 1/3
2025-09-21 23:57:43,881 INFO: Đã commit batch 70 (1000 sản phẩm)
2025-09-21 23:57:43,910 INFO: Đã ghi 1000 sản phẩm vào file /home/quannh/projects_de/project_2/output/products_batch_70_1000_ids.csv
2025-09-21 23:57:43,947 INFO: Bắt đầu crawl batch 71 (1000 sản phẩm)
2025-09-21 23:57:45,552 WARNING: Lỗi HTTP 429 - product id: 120214378, thử lại 1/3
2025-09-21 23:57:45,608 WARNING: Lỗi HTTP 429 - product id: 120214557, thử lại 1/3
2025-09-21 23:57:45,708 WARNING: Lỗi HTTP 429 - product id: 120228242, thử lại 1/3
2025-09-21 23:57:45,841 WARNING: Lỗi HTTP 429 - product id: 120265987, thử lại 1/3
2025-09-21 23:57:45,944 WARNING: Lỗi HTTP 429 - product id: 120290983, thử lại 1/3
2025-09-21 23:57:46,038 WARNING: Lỗi HTTP 429 - product id: 120311391, thử lại 1/3
2025-09-21 23:57:46,207 WARNING: Lỗi HTTP 429 - product id: 120311538, thử lại 1/3
2025-09-21 23:57:46,248 WARNING: Lỗi HTTP 429 - product id: 120311558, thử lại 1/3
2025-09-21 23:57:46,287 WARNING: Lỗi HTTP 429 - product id: 120311618, thử lại 1/3
2025-09-21 23:57:46,997 WARNING: Lỗi HTTP 429 - product id: 120339640, thử lại 1/3
2025-09-21 23:57:47,005 WARNING: Lỗi HTTP 429 - product id: 120339752, thử lại 1/3
2025-09-21 23:57:47,099 WARNING: Lỗi HTTP 429 - product id: 120346980, thử lại 1/3
2025-09-21 23:57:47,698 WARNING: Lỗi HTTP 429 - product id: 120387123, thử lại 1/3
2025-09-21 23:57:47,935 WARNING: Lỗi HTTP 429 - product id: 120427346, thử lại 1/3
2025-09-21 23:57:47,945 WARNING: Lỗi HTTP 429 - product id: 120427731, thử lại 1/3
2025-09-21 23:57:48,522 WARNING: Lỗi HTTP 404: Không tim thấy product id - product id: 120431463
2025-09-21 23:57:50,059 WARNING: Lỗi HTTP 429 - product id: 120514716, thử lại 1/3
2025-09-21 23:57:50,141 WARNING: Lỗi HTTP 429 - product id: 120517417, thử lại 1/3
2025-09-21 23:57:50,144 WARNING: Lỗi HTTP 429 - product id: 120517341, thử lại 1/3
2025-09-21 23:57:50,161 WARNING: Lỗi HTTP 429 - product id: 120518390, thử lại 1/3
2025-09-21 23:57:50,399 WARNING: Lỗi HTTP 429 - product id: 120523064, thử lại 1/3
2025-09-21 23:57:50,490 WARNING: Lỗi HTTP 429 - product id: 120524835, thử lại 1/3
2025-09-21 23:57:54,558 WARNING: Lỗi HTTP 429 - product id: 120789475, thử lại 1/3
2025-09-21 23:57:54,952 WARNING: Lỗi HTTP 429 - product id: 120855913, thử lại 1/3
2025-09-21 23:57:55,160 WARNING: Lỗi HTTP 429 - product id: 120859323, thử lại 1/3
2025-09-21 23:57:55,229 WARNING: Lỗi HTTP 429 - product id: 120859870, thử lại 1/3
2025-09-21 23:57:55,245 WARNING: Lỗi HTTP 429 - product id: 120860074, thử lại 1/3
2025-09-21 23:57:55,248 WARNING: Lỗi HTTP 429 - product id: 120860164, thử lại 1/3
2025-09-21 23:57:55,351 WARNING: Lỗi HTTP 429 - product id: 121004341, thử lại 1/3
2025-09-21 23:57:56,396 WARNING: Lỗi HTTP 429 - product id: 121059037, thử lại 1/3
2025-09-21 23:57:56,492 WARNING: Lỗi HTTP 429 - product id: 121063073, thử lại 1/3
2025-09-21 23:57:56,508 WARNING: Lỗi HTTP 429 - product id: 121063185, thử lại 1/3
2025-09-21 23:57:56,553 WARNING: Lỗi HTTP 429 - product id: 121065781, thử lại 1/3
2025-09-21 23:57:56,648 WARNING: Lỗi HTTP 429 - product id: 121087962, thử lại 1/3
2025-09-21 23:57:56,650 WARNING: Lỗi HTTP 429 - product id: 121088019, thử lại 1/3
2025-09-21 23:57:57,791 WARNING: Lỗi HTTP 429 - product id: 121108181, thử lại 1/3
2025-09-21 23:57:57,851 WARNING: Lỗi HTTP 429 - product id: 121155993, thử lại 1/3
2025-09-21 23:57:57,944 WARNING: Lỗi HTTP 429 - product id: 121179620, thử lại 1/3
2025-09-21 23:57:57,969 WARNING: Lỗi HTTP 404: Không tim thấy product id - product id: 121106476
2025-09-21 23:57:58,099 WARNING: Lỗi HTTP 429 - product id: 121185807, thử lại 1/3
2025-09-21 23:57:58,342 WARNING: Lỗi HTTP 429 - product id: 120860074, thử lại 2/3
2025-09-21 23:57:58,346 WARNING: Lỗi HTTP 429 - product id: 120860164, thử lại 2/3
2025-09-21 23:57:58,398 WARNING: Lỗi HTTP 429 - product id: 121203460, thử lại 1/3
2025-09-21 23:57:58,404 WARNING: Lỗi HTTP 429 - product id: 121203912, thử lại 1/3
2025-09-21 23:57:58,434 WARNING: Lỗi HTTP 429 - product id: 121205322, thử lại 1/3
2025-09-21 23:57:58,538 WARNING: Lỗi HTTP 429 - product id: 121205911, thử lại 1/3
2025-09-21 23:57:58,796 WARNING: Lỗi HTTP 429 - product id: 121208303, thử lại 1/3
2025-09-21 23:57:59,239 WARNING: Lỗi HTTP 429 - product id: 121229286, thử lại 1/3
2025-09-21 23:57:59,509 WARNING: Lỗi HTTP 429 - product id: 121229819, thử lại 1/3
2025-09-21 23:57:59,556 WARNING: Lỗi HTTP 429 - product id: 121229848, thử lại 1/3
2025-09-21 23:57:59,557 WARNING: Lỗi HTTP 429 - product id: 121063073, thử lại 2/3
2025-09-21 23:57:59,750 WARNING: Lỗi HTTP 429 - product id: 121230282, thử lại 1/3
2025-09-21 23:58:05,665 INFO: Đã commit batch 71 (1000 sản phẩm)
2025-09-21 23:58:05,700 INFO: Đã ghi 998 sản phẩm vào file /home/quannh/projects_de/project_2/output/products_batch_71_998_ids.csv
2025-09-21 23:58:05,738 INFO: Bắt đầu crawl batch 72 (1000 sản phẩm)
2025-09-21 23:58:06,185 WARNING: Lỗi HTTP 429 - product id: 121230912, thử lại 1/3
2025-09-21 23:58:06,194 WARNING: Lỗi HTTP 429 - product id: 121230916, thử lại 1/3
2025-09-21 23:58:06,249 WARNING: Lỗi HTTP 429 - product id: 121230950, thử lại 1/3
2025-09-21 23:58:06,284 WARNING: Lỗi HTTP 429 - product id: 121230968, thử lại 1/3
2025-09-21 23:58:06,285 WARNING: Lỗi HTTP 429 - product id: 121230964, thử lại 1/3
2025-09-21 23:58:06,436 WARNING: Lỗi HTTP 429 - product id: 121231043, thử lại 1/3
2025-09-21 23:58:06,795 WARNING: Lỗi HTTP 429 - product id: 121231197, thử lại 1/3
2025-09-21 23:58:06,796 WARNING: Lỗi HTTP 429 - product id: 121231134, thử lại 1/3
2025-09-21 23:58:06,937 WARNING: Lỗi HTTP 429 - product id: 121231234, thử lại 1/3
2025-09-21 23:58:06,937 WARNING: Lỗi HTTP 429 - product id: 121231233, thử lại 1/3
2025-09-21 23:58:07,002 WARNING: Lỗi HTTP 429 - product id: 121231251, thử lại 1/3
2025-09-21 23:58:07,037 WARNING: Lỗi HTTP 429 - product id: 121231262, thử lại 1/3
2025-09-21 23:58:07,037 WARNING: Lỗi HTTP 429 - product id: 121231268, thử lại 1/3
2025-09-21 23:58:07,093 WARNING: Lỗi HTTP 429 - product id: 121231337, thử lại 1/3
2025-09-21 23:58:07,101 WARNING: Lỗi HTTP 429 - product id: 121231364, thử lại 1/3
2025-09-21 23:58:07,163 WARNING: Lỗi HTTP 429 - product id: 121231431, thử lại 1/3
2025-09-21 23:58:07,187 WARNING: Lỗi HTTP 429 - product id: 121231460, thử lại 1/3
2025-09-21 23:58:07,337 WARNING: Lỗi HTTP 429 - product id: 121231506, thử lại 1/3
2025-09-21 23:58:07,383 WARNING: Lỗi HTTP 429 - product id: 121231521, thử lại 1/3
2025-09-21 23:58:08,186 WARNING: Lỗi HTTP 429 - product id: 121257926, thử lại 1/3
2025-09-21 23:58:08,236 WARNING: Lỗi HTTP 429 - product id: 121257936, thử lại 1/3
2025-09-21 23:58:08,286 WARNING: Lỗi HTTP 429 - product id: 121258708, thử lại 1/3
2025-09-21 23:58:11,458 WARNING: Lỗi HTTP 404: Không tim thấy product id - product id: 121331576
2025-09-21 23:58:13,295 WARNING: Lỗi HTTP 429 - product id: 121334427, thử lại 1/3
2025-09-21 23:58:13,340 WARNING: Lỗi HTTP 429 - product id: 121334499, thử lại 1/3
2025-09-21 23:58:15,036 WARNING: Lỗi HTTP 429 - product id: 121412209, thử lại 1/3
2025-09-21 23:58:15,088 WARNING: Lỗi HTTP 429 - product id: 121412293, thử lại 1/3
2025-09-21 23:58:15,184 WARNING: Lỗi HTTP 429 - product id: 121434041, thử lại 1/3
2025-09-21 23:58:15,246 WARNING: Lỗi HTTP 429 - product id: 121434879, thử lại 1/3
2025-09-21 23:58:15,446 WARNING: Lỗi HTTP 429 - product id: 121479908, thử lại 1/3
2025-09-21 23:58:15,648 WARNING: Lỗi HTTP 429 - product id: 121480233, thử lại 1/3
2025-09-21 23:58:15,736 WARNING: Lỗi HTTP 429 - product id: 121482751, thử lại 1/3
2025-09-21 23:58:15,746 WARNING: Lỗi HTTP 429 - product id: 121482753, thử lại 1/3
2025-09-21 23:58:15,785 WARNING: Lỗi HTTP 429 - product id: 121482779, thử lại 1/3
2025-09-21 23:58:15,786 WARNING: Lỗi HTTP 429 - product id: 121482810, thử lại 1/3
2025-09-21 23:58:16,384 WARNING: Lỗi HTTP 429 - product id: 121553902, thử lại 1/3
2025-09-21 23:58:16,438 WARNING: Lỗi HTTP 429 - product id: 121555699, thử lại 1/3
2025-09-21 23:58:16,444 WARNING: Lỗi HTTP 429 - product id: 121555733, thử lại 1/3
2025-09-21 23:58:16,784 WARNING: Lỗi HTTP 429 - product id: 121597374, thử lại 1/3
2025-09-21 23:58:16,842 WARNING: Lỗi HTTP 429 - product id: 121597432, thử lại 1/3
2025-09-21 23:58:16,888 WARNING: Lỗi HTTP 429 - product id: 121597459, thử lại 1/3
2025-09-21 23:58:17,034 WARNING: Lỗi HTTP 429 - product id: 121597556, thử lại 1/3
2025-09-21 23:58:17,335 WARNING: Lỗi HTTP 429 - product id: 121597704, thử lại 1/3
2025-09-21 23:58:18,138 WARNING: Lỗi HTTP 429 - product id: 121607725, thử lại 1/3
2025-09-21 23:58:18,150 WARNING: Lỗi HTTP 429 - product id: 121412293, thử lại 2/3
2025-09-21 23:58:18,192 WARNING: Lỗi HTTP 429 - product id: 121610316, thử lại 1/3
2025-09-21 23:58:18,282 WARNING: Lỗi HTTP 429 - product id: 121625859, thử lại 1/3
2025-09-21 23:58:18,344 WARNING: Lỗi HTTP 429 - product id: 121626910, thử lại 1/3
2025-09-21 23:58:18,495 WARNING: Lỗi HTTP 429 - product id: 121635891, thử lại 1/3
2025-09-21 23:58:18,884 WARNING: Lỗi HTTP 429 - product id: 121647064, thử lại 1/3
2025-09-21 23:58:18,948 WARNING: Lỗi HTTP 429 - product id: 121647916, thử lại 1/3
2025-09-21 23:58:18,987 WARNING: Lỗi HTTP 429 - product id: 121647981, thử lại 1/3
2025-09-21 23:58:19,042 WARNING: Lỗi HTTP 429 - product id: 121648540, thử lại 1/3
2025-09-21 23:58:19,043 WARNING: Lỗi HTTP 429 - product id: 121648267, thử lại 1/3
2025-09-21 23:58:19,244 WARNING: Lỗi HTTP 429 - product id: 121661417, thử lại 1/3
2025-09-21 23:58:19,846 WARNING: Lỗi HTTP 429 - product id: 121597374, thử lại 2/3
2025-09-21 23:58:19,933 WARNING: Lỗi HTTP 429 - product id: 121696794, thử lại 1/3
2025-09-21 23:58:20,036 WARNING: Lỗi HTTP 429 - product id: 121736233, thử lại 1/3
2025-09-21 23:58:20,185 WARNING: Lỗi HTTP 429 - product id: 121747271, thử lại 1/3
2025-09-21 23:58:20,238 WARNING: Lỗi HTTP 429 - product id: 121748552, thử lại 1/3
2025-09-21 23:58:20,248 WARNING: Lỗi HTTP 429 - product id: 121748591, thử lại 1/3
2025-09-21 23:58:21,284 WARNING: Lỗi HTTP 429 - product id: 121977040, thử lại 1/3
2025-09-21 23:58:21,292 WARNING: Lỗi HTTP 429 - product id: 121977210, thử lại 1/3
2025-09-21 23:58:25,956 INFO: Đã commit batch 72 (1000 sản phẩm)
2025-09-21 23:58:25,984 INFO: Đã ghi 999 sản phẩm vào file /home/quannh/projects_de/project_2/output/products_batch_72_999_ids.csv
2025-09-21 23:58:26,026 INFO: Bắt đầu crawl batch 73 (1000 sản phẩm)
2025-09-21 23:58:27,606 WARNING: Lỗi HTTP 429 - product id: 122240534, thử lại 1/3
2025-09-21 23:58:28,155 WARNING: Lỗi HTTP 429 - product id: 122292221, thử lại 1/3
2025-09-21 23:58:28,208 WARNING: Lỗi HTTP 429 - product id: 122296127, thử lại 1/3
2025-09-21 23:58:28,251 WARNING: Lỗi HTTP 429 - product id: 122301128, thử lại 1/3
2025-09-21 23:58:28,251 WARNING: Lỗi HTTP 429 - product id: 122301150, thử lại 1/3
2025-09-21 23:58:28,253 WARNING: Lỗi HTTP 429 - product id: 122301566, thử lại 1/3
2025-09-21 23:58:32,310 WARNING: Lỗi HTTP 429 - product id: 122644446, thử lại 1/3
2025-09-21 23:58:32,512 WARNING: Lỗi HTTP 429 - product id: 122650455, thử lại 1/3
2025-09-21 23:58:32,600 WARNING: Lỗi HTTP 429 - product id: 122650562, thử lại 1/3
2025-09-21 23:58:32,601 WARNING: Lỗi HTTP 429 - product id: 122650619, thử lại 1/3
2025-09-21 23:58:32,644 WARNING: Lỗi HTTP 429 - product id: 122658736, thử lại 1/3
2025-09-21 23:58:32,691 WARNING: Lỗi HTTP 429 - product id: 122706143, thử lại 1/3
2025-09-21 23:58:32,705 WARNING: Lỗi HTTP 429 - product id: 122712058, thử lại 1/3
2025-09-21 23:58:32,751 WARNING: Lỗi HTTP 429 - product id: 122759728, thử lại 1/3
2025-09-21 23:58:32,756 WARNING: Lỗi HTTP 429 - product id: 122760703, thử lại 1/3
2025-09-21 23:58:32,796 WARNING: Lỗi HTTP 429 - product id: 122774511, thử lại 1/3
2025-09-21 23:58:33,015 WARNING: Lỗi HTTP 429 - product id: 122829606, thử lại 1/3
2025-09-21 23:58:33,094 WARNING: Lỗi HTTP 429 - product id: 122851742, thử lại 1/3
2025-09-21 23:58:33,151 WARNING: Lỗi HTTP 429 - product id: 122868269, thử lại 1/3
2025-09-21 23:58:33,199 WARNING: Lỗi HTTP 429 - product id: 122868873, thử lại 1/3
2025-09-21 23:58:33,211 WARNING: Lỗi HTTP 429 - product id: 122869139, thử lại 1/3
2025-09-21 23:58:33,303 WARNING: Lỗi HTTP 429 - product id: 122869755, thử lại 1/3
2025-09-21 23:58:33,398 WARNING: Lỗi HTTP 429 - product id: 122870442, thử lại 1/3
2025-09-21 23:58:33,400 WARNING: Lỗi HTTP 429 - product id: 122870621, thử lại 1/3
2025-09-21 23:58:36,243 WARNING: Lỗi HTTP 429 - product id: 123346294, thử lại 1/3
2025-09-21 23:58:36,306 WARNING: Lỗi HTTP 429 - product id: 123353283, thử lại 1/3
2025-09-21 23:58:36,401 WARNING: Lỗi HTTP 429 - product id: 122868873, thử lại 2/3
2025-09-21 23:58:36,447 WARNING: Lỗi HTTP 429 - product id: 122869139, thử lại 2/3
2025-09-21 23:58:36,501 WARNING: Lỗi HTTP 429 - product id: 123353499, thử lại 1/3
2025-09-21 23:58:36,537 WARNING: Lỗi HTTP 429 - product id: 123357643, thử lại 1/3
2025-09-21 23:58:36,548 WARNING: Lỗi HTTP 429 - product id: 123367055, thử lại 1/3
2025-09-21 23:58:36,564 WARNING: Lỗi HTTP 429 - product id: 123367830, thử lại 1/3
2025-09-21 23:58:36,747 WARNING: Lỗi HTTP 429 - product id: 123435220, thử lại 1/3
2025-09-21 23:58:36,804 WARNING: Lỗi HTTP 429 - product id: 123441273, thử lại 1/3
2025-09-21 23:58:36,896 WARNING: Lỗi HTTP 429 - product id: 123509404, thử lại 1/3
2025-09-21 23:58:36,945 WARNING: Lỗi HTTP 429 - product id: 123509634, thử lại 1/3
2025-09-21 23:58:37,199 WARNING: Lỗi HTTP 429 - product id: 123532187, thử lại 1/3
2025-09-21 23:58:37,247 WARNING: Lỗi HTTP 429 - product id: 123532337, thử lại 1/3
2025-09-21 23:58:37,469 WARNING: Lỗi HTTP 429 - product id: 123533115, thử lại 1/3
2025-09-21 23:58:37,521 WARNING: Lỗi HTTP 429 - product id: 123533676, thử lại 1/3
2025-09-21 23:58:38,548 WARNING: Lỗi HTTP 429 - product id: 123791213, thử lại 1/3
2025-09-21 23:58:38,598 WARNING: Lỗi HTTP 429 - product id: 123840735, thử lại 1/3
2025-09-21 23:58:39,248 WARNING: Lỗi HTTP 429 - product id: 123870489, thử lại 1/3
2025-09-21 23:58:39,295 WARNING: Lỗi HTTP 429 - product id: 123873297, thử lại 1/3
2025-09-21 23:58:39,298 WARNING: Lỗi HTTP 429 - product id: 123872833, thử lại 1/3
2025-09-21 23:58:39,300 WARNING: Lỗi HTTP 429 - product id: 123895193, thử lại 1/3
2025-09-21 23:58:39,598 WARNING: Lỗi HTTP 429 - product id: 123357643, thử lại 2/3
2025-09-21 23:58:39,844 WARNING: Lỗi HTTP 429 - product id: 123929890, thử lại 1/3
2025-09-21 23:58:39,893 WARNING: Lỗi HTTP 429 - product id: 123929975, thử lại 1/3
2025-09-21 23:58:39,960 WARNING: Lỗi HTTP 429 - product id: 123509404, thử lại 2/3
2025-09-21 23:58:40,009 WARNING: Lỗi HTTP 429 - product id: 123509634, thử lại 2/3
2025-09-21 23:58:40,147 WARNING: Lỗi HTTP 429 - product id: 123948183, thử lại 1/3
2025-09-21 23:58:40,299 WARNING: Lỗi HTTP 429 - product id: 123948440, thử lại 1/3
2025-09-21 23:58:41,490 WARNING: Lỗi HTTP 429 - product id: 124146432, thử lại 1/3
2025-09-21 23:58:41,749 WARNING: Lỗi HTTP 429 - product id: 124149037, thử lại 1/3
2025-09-21 23:58:41,796 WARNING: Lỗi HTTP 429 - product id: 124149370, thử lại 1/3
2025-09-21 23:58:41,797 WARNING: Lỗi HTTP 429 - product id: 124149445, thử lại 1/3
2025-09-21 23:58:41,845 WARNING: Lỗi HTTP 429 - product id: 124150639, thử lại 1/3
2025-09-21 23:58:46,105 INFO: Đã commit batch 73 (1000 sản phẩm)
2025-09-21 23:58:46,138 INFO: Đã ghi 1000 sản phẩm vào file /home/quannh/projects_de/project_2/output/products_batch_73_1000_ids.csv
2025-09-21 23:58:46,175 INFO: Bắt đầu crawl batch 74 (1000 sản phẩm)
2025-09-21 23:58:46,424 WARNING: Lỗi HTTP 429 - product id: 124243288, thử lại 1/3
2025-09-21 23:58:48,329 WARNING: Lỗi HTTP 429 - product id: 124273189, thử lại 1/3
2025-09-21 23:58:49,421 WARNING: Lỗi HTTP 429 - product id: 124323153, thử lại 1/3
2025-09-21 23:58:49,422 WARNING: Lỗi HTTP 429 - product id: 124311508, thử lại 1/3
2025-09-21 23:58:49,536 WARNING: Lỗi HTTP 429 - product id: 124328688, thử lại 1/3
2025-09-21 23:58:49,679 WARNING: Lỗi HTTP 429 - product id: 124390572, thử lại 1/3
2025-09-21 23:58:49,843 WARNING: Lỗi HTTP 404: Không tim thấy product id - product id: 124275744
2025-09-21 23:58:49,979 WARNING: Lỗi HTTP 429 - product id: 124413913, thử lại 1/3
2025-09-21 23:58:50,172 WARNING: Lỗi HTTP 429 - product id: 124414711, thử lại 1/3
2025-09-21 23:58:50,230 WARNING: Lỗi HTTP 429 - product id: 124414900, thử lại 1/3
2025-09-21 23:58:50,380 WARNING: Lỗi HTTP 429 - product id: 124415911, thử lại 1/3
2025-09-21 23:58:50,536 WARNING: Lỗi HTTP 429 - product id: 124416578, thử lại 1/3
2025-09-21 23:58:50,971 WARNING: Lỗi HTTP 429 - product id: 124421772, thử lại 1/3
2025-09-21 23:58:51,627 WARNING: Lỗi HTTP 429 - product id: 124428231, thử lại 1/3
2025-09-21 23:58:51,781 WARNING: Lỗi HTTP 429 - product id: 124483763, thử lại 1/3
2025-09-21 23:58:52,324 WARNING: Lỗi HTTP 429 - product id: 124554305, thử lại 1/3
2025-09-21 23:58:52,388 WARNING: Lỗi HTTP 429 - product id: 124554782, thử lại 1/3
2025-09-21 23:58:52,427 WARNING: Lỗi HTTP 429 - product id: 124556943, thử lại 1/3
2025-09-21 23:58:52,568 WARNING: Lỗi HTTP 429 - product id: 124588781, thử lại 1/3
2025-09-21 23:58:52,573 WARNING: Lỗi HTTP 429 - product id: 124628537, thử lại 1/3
2025-09-21 23:58:52,628 WARNING: Lỗi HTTP 429 - product id: 124628583, thử lại 1/3
2025-09-21 23:58:52,671 WARNING: Lỗi HTTP 429 - product id: 124628675, thử lại 1/3
2025-09-21 23:58:52,723 WARNING: Lỗi HTTP 429 - product id: 124635868, thử lại 1/3
2025-09-21 23:58:52,833 WARNING: Lỗi HTTP 429 - product id: 124650587, thử lại 1/3
2025-09-21 23:58:52,884 WARNING: Lỗi HTTP 429 - product id: 124687987, thử lại 1/3
2025-09-21 23:58:53,026 WARNING: Lỗi HTTP 429 - product id: 124745895, thử lại 1/3
2025-09-21 23:58:53,124 WARNING: Lỗi HTTP 429 - product id: 124758063, thử lại 1/3
2025-09-21 23:58:53,176 WARNING: Lỗi HTTP 429 - product id: 124758098, thử lại 1/3
2025-09-21 23:58:53,179 WARNING: Lỗi HTTP 429 - product id: 124758129, thử lại 1/3
2025-09-21 23:58:53,329 WARNING: Lỗi HTTP 429 - product id: 124766282, thử lại 1/3
2025-09-21 23:58:53,423 WARNING: Lỗi HTTP 429 - product id: 124771247, thử lại 1/3
2025-09-21 23:58:53,425 WARNING: Lỗi HTTP 429 - product id: 124771312, thử lại 1/3
2025-09-21 23:58:53,564 WARNING: Lỗi HTTP 429 - product id: 124771529, thử lại 1/3
2025-09-21 23:58:53,577 WARNING: Lỗi HTTP 429 - product id: 124771634, thử lại 1/3
2025-09-21 23:58:53,580 WARNING: Lỗi HTTP 429 - product id: 124771563, thử lại 1/3
2025-09-21 23:58:53,587 WARNING: Lỗi HTTP 429 - product id: 124771687, thử lại 1/3
2025-09-21 23:58:53,870 WARNING: Lỗi HTTP 429 - product id: 124772610, thử lại 1/3
2025-09-21 23:58:53,871 WARNING: Lỗi HTTP 429 - product id: 124772642, thử lại 1/3
2025-09-21 23:58:54,322 WARNING: Lỗi HTTP 429 - product id: 124774097, thử lại 1/3
2025-09-21 23:58:54,323 WARNING: Lỗi HTTP 429 - product id: 124774171, thử lại 1/3
2025-09-21 23:58:54,424 WARNING: Lỗi HTTP 429 - product id: 124774340, thử lại 1/3
2025-09-21 23:58:54,819 WARNING: Lỗi HTTP 429 - product id: 124862172, thử lại 1/3
2025-09-21 23:58:54,827 WARNING: Lỗi HTTP 429 - product id: 124862215, thử lại 1/3
2025-09-21 23:58:54,869 WARNING: Lỗi HTTP 429 - product id: 124862310, thử lại 1/3
2025-09-21 23:58:54,922 WARNING: Lỗi HTTP 429 - product id: 124862483, thử lại 1/3
2025-09-21 23:58:55,023 WARNING: Lỗi HTTP 429 - product id: 124862666, thử lại 1/3
2025-09-21 23:58:55,518 WARNING: Lỗi HTTP 429 - product id: 124886246, thử lại 1/3
2025-09-21 23:58:55,520 WARNING: Lỗi HTTP 429 - product id: 124886256, thử lại 1/3
2025-09-21 23:58:55,631 WARNING: Lỗi HTTP 429 - product id: 124588781, thử lại 2/3
2025-09-21 23:58:56,124 WARNING: Lỗi HTTP 429 - product id: 124940913, thử lại 1/3
2025-09-21 23:58:56,124 WARNING: Lỗi HTTP 429 - product id: 124941616, thử lại 1/3
2025-09-21 23:58:56,867 WARNING: Lỗi HTTP 429 - product id: 125040150, thử lại 1/3
2025-09-21 23:58:57,351 WARNING: Lỗi HTTP 429 - product id: 125081416, thử lại 1/3
2025-09-21 23:58:57,368 WARNING: Lỗi HTTP 429 - product id: 125081438, thử lại 1/3
2025-09-21 23:58:57,414 WARNING: Lỗi HTTP 429 - product id: 124774097, thử lại 2/3
2025-09-21 23:58:57,420 WARNING: Lỗi HTTP 429 - product id: 124774171, thử lại 2/3
2025-09-21 23:58:57,510 WARNING: Lỗi HTTP 429 - product id: 125083783, thử lại 1/3
2025-09-21 23:58:57,724 WARNING: Lỗi HTTP 429 - product id: 125087293, thử lại 1/3
2025-09-21 23:58:57,756 WARNING: Lỗi HTTP 429 - product id: 125087298, thử lại 1/3
2025-09-21 23:58:58,159 WARNING: Lỗi HTTP 429 - product id: 125100135, thử lại 1/3
2025-09-21 23:58:58,371 WARNING: Lỗi HTTP 429 - product id: 125137736, thử lại 1/3
2025-09-21 23:58:58,424 WARNING: Lỗi HTTP 429 - product id: 125137941, thử lại 1/3
2025-09-21 23:58:58,478 WARNING: Lỗi HTTP 429 - product id: 125140871, thử lại 1/3
2025-09-21 23:58:58,512 WARNING: Lỗi HTTP 429 - product id: 125140879, thử lại 1/3
2025-09-21 23:58:59,034 WARNING: Lỗi HTTP 429 - product id: 125159115, thử lại 1/3
2025-09-21 23:58:59,061 WARNING: Lỗi HTTP 429 - product id: 125159164, thử lại 1/3
2025-09-21 23:58:59,064 WARNING: Lỗi HTTP 429 - product id: 125159248, thử lại 1/3
2025-09-21 23:58:59,167 WARNING: Lỗi HTTP 429 - product id: 125159862, thử lại 1/3
2025-09-21 23:58:59,186 WARNING: Lỗi HTTP 429 - product id: 124940913, thử lại 2/3
2025-09-21 23:58:59,319 WARNING: Lỗi HTTP 429 - product id: 125167956, thử lại 1/3
2025-09-21 23:58:59,423 WARNING: Lỗi HTTP 429 - product id: 125172201, thử lại 1/3
2025-09-21 23:59:01,222 WARNING: Lỗi HTTP 429 - product id: 125276693, thử lại 1/3
2025-09-21 23:59:01,225 WARNING: Lỗi HTTP 429 - product id: 125279902, thử lại 1/3
2025-09-21 23:59:01,290 WARNING: Lỗi HTTP 429 - product id: 125280066, thử lại 1/3
2025-09-21 23:59:01,486 WARNING: Lỗi HTTP 429 - product id: 125137941, thử lại 2/3
2025-09-21 23:59:01,558 WARNING: Lỗi HTTP 429 - product id: 125285378, thử lại 1/3
2025-09-21 23:59:01,575 WARNING: Lỗi HTTP 429 - product id: 125285385, thử lại 1/3
2025-09-21 23:59:07,577 INFO: Đã commit batch 74 (1000 sản phẩm)
2025-09-21 23:59:07,605 INFO: Đã ghi 999 sản phẩm vào file /home/quannh/projects_de/project_2/output/products_batch_74_999_ids.csv
2025-09-21 23:59:07,643 INFO: Bắt đầu crawl batch 75 (1000 sản phẩm)
2025-09-21 23:59:11,744 WARNING: Lỗi HTTP 429 - product id: 125729572, thử lại 1/3
2025-09-21 23:59:14,740 WARNING: Lỗi HTTP 429 - product id: 125832928, thử lại 1/3
2025-09-21 23:59:18,345 WARNING: Lỗi HTTP 429 - product id: 125945992, thử lại 1/3
2025-09-21 23:59:18,448 WARNING: Lỗi HTTP 429 - product id: 125946234, thử lại 1/3
2025-09-21 23:59:18,538 WARNING: Lỗi HTTP 429 - product id: 125947462, thử lại 1/3
2025-09-21 23:59:18,547 WARNING: Lỗi HTTP 429 - product id: 125947939, thử lại 1/3
2025-09-21 23:59:18,846 WARNING: Lỗi HTTP 429 - product id: 126012133, thử lại 1/3
2025-09-21 23:59:18,909 WARNING: Lỗi HTTP 429 - product id: 126022397, thử lại 1/3
2025-09-21 23:59:18,946 WARNING: Lỗi HTTP 429 - product id: 126022420, thử lại 1/3
2025-09-21 23:59:18,991 WARNING: Lỗi HTTP 429 - product id: 126022456, thử lại 1/3
2025-09-21 23:59:18,994 WARNING: Lỗi HTTP 429 - product id: 126022458, thử lại 1/3
2025-09-21 23:59:20,140 WARNING: Lỗi HTTP 429 - product id: 126047852, thử lại 1/3
2025-09-21 23:59:20,237 WARNING: Lỗi HTTP 429 - product id: 126047895, thử lại 1/3
2025-09-21 23:59:21,989 WARNING: Lỗi HTTP 429 - product id: 126048951, thử lại 1/3
2025-09-21 23:59:22,052 WARNING: Lỗi HTTP 429 - product id: 126049019, thử lại 1/3
2025-09-21 23:59:22,088 WARNING: Lỗi HTTP 429 - product id: 126049050, thử lại 1/3
2025-09-21 23:59:22,184 WARNING: Lỗi HTTP 429 - product id: 126049104, thử lại 1/3
2025-09-21 23:59:22,193 WARNING: Lỗi HTTP 429 - product id: 126022456, thử lại 2/3
2025-09-21 23:59:22,242 WARNING: Lỗi HTTP 429 - product id: 126049106, thử lại 1/3
2025-09-21 23:59:22,247 WARNING: Lỗi HTTP 429 - product id: 126049129, thử lại 1/3
2025-09-21 23:59:22,287 WARNING: Lỗi HTTP 429 - product id: 126049150, thử lại 1/3
2025-09-21 23:59:22,294 WARNING: Lỗi HTTP 429 - product id: 126049192, thử lại 1/3
2025-09-21 23:59:22,356 WARNING: Lỗi HTTP 429 - product id: 126049226, thử lại 1/3
2025-09-21 23:59:22,422 WARNING: Lỗi HTTP 429 - product id: 126049249, thử lại 1/3
2025-09-21 23:59:22,441 WARNING: Lỗi HTTP 429 - product id: 126049257, thử lại 1/3
2025-09-21 23:59:22,452 WARNING: Lỗi HTTP 429 - product id: 126049270, thử lại 1/3
2025-09-21 23:59:22,590 WARNING: Lỗi HTTP 429 - product id: 126049412, thử lại 1/3
2025-09-21 23:59:22,636 WARNING: Lỗi HTTP 429 - product id: 126049441, thử lại 1/3
2025-09-21 23:59:22,836 WARNING: Lỗi HTTP 429 - product id: 126052446, thử lại 1/3
2025-09-21 23:59:22,939 WARNING: Lỗi HTTP 429 - product id: 126052514, thử lại 1/3
2025-09-21 23:59:22,947 WARNING: Lỗi HTTP 429 - product id: 126052528, thử lại 1/3
2025-09-21 23:59:22,999 WARNING: Lỗi HTTP 429 - product id: 126052545, thử lại 1/3
2025-09-21 23:59:28,303 INFO: Đã commit batch 75 (1000 sản phẩm)
2025-09-21 23:59:28,329 INFO: Đã ghi 1000 sản phẩm vào file /home/quannh/projects_de/project_2/output/products_batch_75_1000_ids.csv
2025-09-21 23:59:28,366 INFO: Bắt đầu crawl batch 76 (1000 sản phẩm)
2025-09-21 23:59:29,912 WARNING: Lỗi HTTP 404: Không tim thấy product id - product id: 126158085
2025-09-21 23:59:30,149 WARNING: Lỗi HTTP 429 - product id: 126210190, thử lại 1/3
2025-09-21 23:59:30,193 WARNING: Lỗi HTTP 429 - product id: 126211728, thử lại 1/3
2025-09-21 23:59:30,241 WARNING: Lỗi HTTP 429 - product id: 126213340, thử lại 1/3
2025-09-21 23:59:30,491 WARNING: Lỗi HTTP 429 - product id: 126229548, thử lại 1/3
2025-09-21 23:59:30,595 WARNING: Lỗi HTTP 429 - product id: 126229998, thử lại 1/3
2025-09-21 23:59:31,099 WARNING: Lỗi HTTP 429 - product id: 126271546, thử lại 1/3
2025-09-21 23:59:31,187 WARNING: Lỗi HTTP 429 - product id: 126302767, thử lại 1/3
2025-09-21 23:59:31,244 WARNING: Lỗi HTTP 429 - product id: 126309749, thử lại 1/3
2025-09-21 23:59:31,284 WARNING: Lỗi HTTP 429 - product id: 126310472, thử lại 1/3
2025-09-21 23:59:31,391 WARNING: Lỗi HTTP 429 - product id: 126339485, thử lại 1/3
2025-09-21 23:59:31,488 WARNING: Lỗi HTTP 429 - product id: 126339936, thử lại 1/3
2025-09-21 23:59:31,592 WARNING: Lỗi HTTP 429 - product id: 126340533, thử lại 1/3
2025-09-21 23:59:31,733 WARNING: Lỗi HTTP 429 - product id: 126341119, thử lại 1/3
2025-09-21 23:59:32,094 WARNING: Lỗi HTTP 429 - product id: 126342980, thử lại 1/3
2025-09-21 23:59:32,141 WARNING: Lỗi HTTP 429 - product id: 126343172, thử lại 1/3
2025-09-21 23:59:32,687 WARNING: Lỗi HTTP 429 - product id: 126345907, thử lại 1/3
2025-09-21 23:59:33,250 WARNING: Lỗi HTTP 429 - product id: 126348788, thử lại 1/3
2025-09-21 23:59:33,353 WARNING: Lỗi HTTP 429 - product id: 126414891, thử lại 1/3
2025-09-21 23:59:33,390 WARNING: Lỗi HTTP 429 - product id: 126473847, thử lại 1/3
2025-09-21 23:59:33,437 WARNING: Lỗi HTTP 429 - product id: 126478812, thử lại 1/3
2025-09-21 23:59:34,604 WARNING: Lỗi HTTP 429 - product id: 126515407, thử lại 1/3
2025-09-21 23:59:34,794 WARNING: Lỗi HTTP 429 - product id: 126516283, thử lại 1/3
2025-09-21 23:59:34,842 WARNING: Lỗi HTTP 429 - product id: 126516840, thử lại 1/3
2025-09-21 23:59:34,888 WARNING: Lỗi HTTP 429 - product id: 126516987, thử lại 1/3
2025-09-21 23:59:34,906 WARNING: Lỗi HTTP 429 - product id: 126517046, thử lại 1/3
2025-09-21 23:59:35,043 WARNING: Lỗi HTTP 429 - product id: 126518136, thử lại 1/3
2025-09-21 23:59:35,142 WARNING: Lỗi HTTP 429 - product id: 126519513, thử lại 1/3
2025-09-21 23:59:35,187 WARNING: Lỗi HTTP 429 - product id: 126342980, thử lại 2/3
2025-09-21 23:59:35,235 WARNING: Lỗi HTTP 429 - product id: 126521529, thử lại 1/3
2025-09-21 23:59:35,244 WARNING: Lỗi HTTP 429 - product id: 126343172, thử lại 2/3
2025-09-21 23:59:35,249 WARNING: Lỗi HTTP 429 - product id: 126521608, thử lại 1/3
2025-09-21 23:59:35,752 WARNING: Lỗi HTTP 429 - product id: 126345907, thử lại 2/3
2025-09-21 23:59:35,841 WARNING: Lỗi HTTP 429 - product id: 126527415, thử lại 1/3
2025-09-21 23:59:35,844 WARNING: Lỗi HTTP 429 - product id: 126527449, thử lại 1/3
2025-09-21 23:59:35,899 WARNING: Lỗi HTTP 429 - product id: 126527575, thử lại 1/3
2025-09-21 23:59:35,994 WARNING: Lỗi HTTP 429 - product id: 126528157, thử lại 1/3
2025-09-21 23:59:36,091 WARNING: Lỗi HTTP 429 - product id: 126529729, thử lại 1/3
2025-09-21 23:59:36,443 WARNING: Lỗi HTTP 429 - product id: 126562179, thử lại 1/3
2025-09-21 23:59:36,453 WARNING: Lỗi HTTP 429 - product id: 126473847, thử lại 2/3
2025-09-21 23:59:37,446 WARNING: Lỗi HTTP 429 - product id: 126678885, thử lại 1/3
2025-09-21 23:59:37,595 WARNING: Lỗi HTTP 429 - product id: 126679057, thử lại 1/3
2025-09-21 23:59:37,684 WARNING: Lỗi HTTP 429 - product id: 126679434, thử lại 1/3
2025-09-21 23:59:37,691 WARNING: Lỗi HTTP 429 - product id: 126679453, thử lại 1/3
2025-09-21 23:59:38,185 WARNING: Lỗi HTTP 429 - product id: 126701468, thử lại 1/3
2025-09-21 23:59:39,633 WARNING: Lỗi HTTP 429 - product id: 126764972, thử lại 1/3
2025-09-21 23:59:39,804 WARNING: Lỗi HTTP 429 - product id: 126796924, thử lại 1/3
2025-09-21 23:59:39,996 WARNING: Lỗi HTTP 429 - product id: 126810131, thử lại 1/3
2025-09-21 23:59:40,187 WARNING: Lỗi HTTP 429 - product id: 126811273, thử lại 1/3
2025-09-21 23:59:40,295 WARNING: Lỗi HTTP 429 - product id: 126811967, thử lại 1/3
2025-09-21 23:59:40,328 WARNING: Lỗi HTTP 429 - product id: 126812451, thử lại 1/3
2025-09-21 23:59:40,388 WARNING: Lỗi HTTP 429 - product id: 126812508, thử lại 1/3
2025-09-21 23:59:40,486 WARNING: Lỗi HTTP 429 - product id: 126813336, thử lại 1/3
2025-09-21 23:59:40,500 WARNING: Lỗi HTTP 429 - product id: 126813552, thử lại 1/3
2025-09-21 23:59:40,838 WARNING: Lỗi HTTP 429 - product id: 126869516, thử lại 1/3
2025-09-21 23:59:40,939 WARNING: Lỗi HTTP 429 - product id: 126896541, thử lại 1/3
2025-09-21 23:59:40,987 WARNING: Lỗi HTTP 429 - product id: 126896584, thử lại 1/3
2025-09-21 23:59:41,032 WARNING: Lỗi HTTP 429 - product id: 126896606, thử lại 1/3
2025-09-21 23:59:41,083 WARNING: Lỗi HTTP 429 - product id: 126896635, thử lại 1/3
2025-09-21 23:59:41,251 WARNING: Lỗi HTTP 429 - product id: 126342980, thử lại 3/3
2025-09-21 23:59:41,251 WARNING: Crawl thất bại sau 3 lần thử lại - product id: 126342980 - Lỗi HTTP 429
2025-09-21 23:59:41,342 WARNING: Lỗi HTTP 429 - product id: 126902578, thử lại 1/3
2025-09-21 23:59:41,591 WARNING: Lỗi HTTP 429 - product id: 126939650, thử lại 1/3
2025-09-21 23:59:42,041 WARNING: Lỗi HTTP 429 - product id: 126997780, thử lại 1/3
2025-09-21 23:59:42,243 WARNING: Lỗi HTTP 429 - product id: 127012933, thử lại 1/3
2025-09-21 23:59:42,739 WARNING: Lỗi HTTP 429 - product id: 127046163, thử lại 1/3
2025-09-21 23:59:43,145 WARNING: Lỗi HTTP 429 - product id: 127052675, thử lại 1/3
2025-09-21 23:59:43,653 WARNING: Lỗi HTTP 404: Không tim thấy product id - product id: 127097023
2025-09-21 23:59:43,842 WARNING: Lỗi HTTP 429 - product id: 127120476, thử lại 1/3
2025-09-21 23:59:43,938 WARNING: Lỗi HTTP 429 - product id: 127120649, thử lại 1/3
2025-09-21 23:59:44,416 WARNING: Lỗi HTTP 404: Không tim thấy product id - product id: 127113936
2025-09-21 23:59:44,461 WARNING: Lỗi HTTP 404: Không tim thấy product id - product id: 127114141
2025-09-21 23:59:47,027 INFO: Đã commit batch 76 (1000 sản phẩm)
2025-09-21 23:59:47,054 INFO: Đã ghi 995 sản phẩm vào file /home/quannh/projects_de/project_2/output/products_batch_76_995_ids.csv
2025-09-21 23:59:47,091 INFO: Bắt đầu crawl batch 77 (1000 sản phẩm)
2025-09-21 23:59:47,890 WARNING: Lỗi HTTP 429 - product id: 127312343, thử lại 1/3
2025-09-21 23:59:47,933 WARNING: Lỗi HTTP 429 - product id: 127313291, thử lại 1/3
2025-09-21 23:59:47,954 WARNING: Lỗi HTTP 429 - product id: 127323041, thử lại 1/3
2025-09-21 23:59:48,087 WARNING: Lỗi HTTP 429 - product id: 127339112, thử lại 1/3
2025-09-21 23:59:48,139 WARNING: Lỗi HTTP 429 - product id: 127340560, thử lại 1/3
2025-09-21 23:59:48,202 WARNING: Lỗi HTTP 429 - product id: 127342523, thử lại 1/3
2025-09-21 23:59:49,497 WARNING: Lỗi HTTP 429 - product id: 127358334, thử lại 1/3
2025-09-21 23:59:49,587 WARNING: Lỗi HTTP 429 - product id: 127366322, thử lại 1/3
2025-09-21 23:59:49,588 WARNING: Lỗi HTTP 429 - product id: 127366911, thử lại 1/3
2025-09-21 23:59:49,651 WARNING: Lỗi HTTP 429 - product id: 127367162, thử lại 1/3
2025-09-21 23:59:49,692 WARNING: Lỗi HTTP 429 - product id: 127367211, thử lại 1/3
2025-09-21 23:59:49,693 WARNING: Lỗi HTTP 429 - product id: 127367252, thử lại 1/3
2025-09-21 23:59:50,188 WARNING: Lỗi HTTP 429 - product id: 127390228, thử lại 1/3
2025-09-21 23:59:50,390 WARNING: Lỗi HTTP 429 - product id: 127444613, thử lại 1/3
2025-09-21 23:59:50,647 WARNING: Lỗi HTTP 429 - product id: 127484963, thử lại 1/3
2025-09-21 23:59:50,801 WARNING: Lỗi HTTP 429 - product id: 127485572, thử lại 1/3
2025-09-21 23:59:50,892 WARNING: Lỗi HTTP 429 - product id: 127510495, thử lại 1/3
2025-09-21 23:59:50,946 WARNING: Lỗi HTTP 429 - product id: 127510598, thử lại 1/3
2025-09-21 23:59:50,991 WARNING: Lỗi HTTP 429 - product id: 127510718, thử lại 1/3
2025-09-21 23:59:51,043 WARNING: Lỗi HTTP 429 - product id: 127510804, thử lại 1/3
2025-09-21 23:59:51,254 WARNING: Lỗi HTTP 429 - product id: 127511194, thử lại 1/3
2025-09-21 23:59:51,786 WARNING: Lỗi HTTP 429 - product id: 127556921, thử lại 1/3
2025-09-21 23:59:51,992 WARNING: Lỗi HTTP 429 - product id: 127568242, thử lại 1/3
2025-09-21 23:59:52,041 WARNING: Lỗi HTTP 429 - product id: 127568301, thử lại 1/3
2025-09-21 23:59:52,043 WARNING: Lỗi HTTP 429 - product id: 127568331, thử lại 1/3
2025-09-21 23:59:52,262 WARNING: Lỗi HTTP 404: Không tim thấy product id - product id: 127531945
2025-09-21 23:59:52,460 WARNING: Lỗi HTTP 404: Không tim thấy product id - product id: 127528127
2025-09-21 23:59:52,514 WARNING: Lỗi HTTP 404: Không tim thấy product id - product id: 127537280
2025-09-21 23:59:52,652 WARNING: Lỗi HTTP 429 - product id: 127366322, thử lại 2/3
2025-09-21 23:59:52,695 WARNING: Lỗi HTTP 429 - product id: 127617524, thử lại 1/3
2025-09-21 23:59:52,737 WARNING: Lỗi HTTP 429 - product id: 127617601, thử lại 1/3
2025-09-21 23:59:52,792 WARNING: Lỗi HTTP 429 - product id: 127635164, thử lại 1/3
2025-09-21 23:59:52,842 WARNING: Lỗi HTTP 429 - product id: 127643656, thử lại 1/3
2025-09-21 23:59:52,995 WARNING: Lỗi HTTP 429 - product id: 127661098, thử lại 1/3
2025-09-21 23:59:53,496 WARNING: Lỗi HTTP 429 - product id: 127664827, thử lại 1/3
2025-09-21 23:59:53,537 WARNING: Lỗi HTTP 429 - product id: 127664870, thử lại 1/3
2025-09-21 23:59:53,540 WARNING: Lỗi HTTP 429 - product id: 127664909, thử lại 1/3
2025-09-21 23:59:55,739 WARNING: Lỗi HTTP 429 - product id: 127666429, thử lại 1/3
2025-09-21 23:59:55,802 WARNING: Lỗi HTTP 429 - product id: 127666546, thử lại 1/3
2025-09-21 23:59:55,836 WARNING: Lỗi HTTP 429 - product id: 127666555, thử lại 1/3
2025-09-21 23:59:55,897 WARNING: Lỗi HTTP 429 - product id: 127666610, thử lại 1/3
2025-09-21 23:59:55,935 WARNING: Lỗi HTTP 429 - product id: 127635164, thử lại 2/3
2025-09-21 23:59:55,995 WARNING: Lỗi HTTP 429 - product id: 127666665, thử lại 1/3
2025-09-21 23:59:56,033 WARNING: Lỗi HTTP 429 - product id: 127666717, thử lại 1/3
2025-09-21 23:59:56,092 WARNING: Lỗi HTTP 429 - product id: 127666773, thử lại 1/3
2025-09-21 23:59:56,182 WARNING: Lỗi HTTP 429 - product id: 127666804, thử lại 1/3
2025-09-21 23:59:56,240 WARNING: Lỗi HTTP 429 - product id: 127666828, thử lại 1/3
2025-09-21 23:59:56,243 WARNING: Lỗi HTTP 429 - product id: 127666838, thử lại 1/3
2025-09-21 23:59:56,303 WARNING: Lỗi HTTP 429 - product id: 127666896, thử lại 1/3
2025-09-21 23:59:56,389 WARNING: Lỗi HTTP 429 - product id: 127667014, thử lại 1/3
2025-09-21 23:59:56,587 WARNING: Lỗi HTTP 429 - product id: 127667229, thử lại 1/3
2025-09-22 00:00:00,339 WARNING: Lỗi HTTP 429 - product id: 127936107, thử lại 1/3
2025-09-22 00:00:00,345 WARNING: Lỗi HTTP 429 - product id: 127936111, thử lại 1/3
2025-09-22 00:00:00,533 WARNING: Lỗi HTTP 429 - product id: 127936222, thử lại 1/3
2025-09-22 00:00:00,539 WARNING: Lỗi HTTP 429 - product id: 127936227, thử lại 1/3
2025-09-22 00:00:00,592 WARNING: Lỗi HTTP 429 - product id: 127936255, thử lại 1/3
2025-09-22 00:00:00,605 WARNING: Lỗi HTTP 429 - product id: 127942156, thử lại 1/3
2025-09-22 00:00:00,696 WARNING: Lỗi HTTP 429 - product id: 127960982, thử lại 1/3
2025-09-22 00:00:00,741 WARNING: Lỗi HTTP 429 - product id: 127961131, thử lại 1/3
2025-09-22 00:00:00,753 WARNING: Lỗi HTTP 429 - product id: 127961243, thử lại 1/3
2025-09-22 00:00:00,786 WARNING: Lỗi HTTP 429 - product id: 127961265, thử lại 1/3
2025-09-22 00:00:00,789 WARNING: Lỗi HTTP 429 - product id: 127961564, thử lại 1/3
2025-09-22 00:00:00,837 WARNING: Lỗi HTTP 429 - product id: 127964403, thử lại 1/3
2025-09-22 00:00:00,851 WARNING: Lỗi HTTP 429 - product id: 127964444, thử lại 1/3
2025-09-22 00:00:00,885 WARNING: Lỗi HTTP 429 - product id: 127979370, thử lại 1/3
2025-09-22 00:00:00,898 WARNING: Lỗi HTTP 429 - product id: 127981433, thử lại 1/3
2025-09-22 00:00:00,940 WARNING: Lỗi HTTP 429 - product id: 127992196, thử lại 1/3
2025-09-22 00:00:01,582 WARNING: Lỗi HTTP 429 - product id: 128124150, thử lại 1/3
2025-09-22 00:00:01,593 WARNING: Lỗi HTTP 429 - product id: 128124227, thử lại 1/3
2025-09-22 00:00:01,601 WARNING: Lỗi HTTP 429 - product id: 128125499, thử lại 1/3
2025-09-22 00:00:04,752 INFO: Đã commit batch 77 (1000 sản phẩm)
2025-09-22 00:00:04,778 INFO: Đã ghi 997 sản phẩm vào file /home/quannh/projects_de/project_2/output/products_batch_77_997_ids.csv
2025-09-22 00:00:04,815 INFO: Bắt đầu crawl batch 78 (1000 sản phẩm)
2025-09-22 00:00:05,362 WARNING: Lỗi HTTP 429 - product id: 128279184, thử lại 1/3
2025-09-22 00:00:05,368 WARNING: Lỗi HTTP 429 - product id: 128279227, thử lại 1/3
2025-09-22 00:00:08,308 WARNING: Lỗi HTTP 429 - product id: 128336438, thử lại 1/3
2025-09-22 00:00:08,369 WARNING: Lỗi HTTP 429 - product id: 128344966, thử lại 1/3
2025-09-22 00:00:08,454 WARNING: Lỗi HTTP 429 - product id: 128466218, thử lại 1/3
2025-09-22 00:00:09,315 WARNING: Lỗi HTTP 429 - product id: 128584259, thử lại 1/3
2025-09-22 00:00:09,567 WARNING: Lỗi HTTP 429 - product id: 128591405, thử lại 1/3
2025-09-22 00:00:09,673 WARNING: Lỗi HTTP 429 - product id: 128597332, thử lại 1/3
2025-09-22 00:00:10,166 WARNING: Lỗi HTTP 429 - product id: 128659930, thử lại 1/3
2025-09-22 00:00:10,440 WARNING: Lỗi HTTP 404: Không tim thấy product id - product id: 128660837
2025-09-22 00:00:10,668 WARNING: Lỗi HTTP 429 - product id: 128689309, thử lại 1/3
2025-09-22 00:00:10,727 WARNING: Lỗi HTTP 429 - product id: 128689519, thử lại 1/3
2025-09-22 00:00:11,166 WARNING: Lỗi HTTP 429 - product id: 128732492, thử lại 1/3
2025-09-22 00:00:11,216 WARNING: Lỗi HTTP 429 - product id: 128732583, thử lại 1/3
2025-09-22 00:00:11,275 WARNING: Lỗi HTTP 429 - product id: 128732853, thử lại 1/3
2025-09-22 00:00:11,276 WARNING: Lỗi HTTP 429 - product id: 128732833, thử lại 1/3
2025-09-22 00:00:11,329 WARNING: Lỗi HTTP 429 - product id: 128732884, thử lại 1/3
2025-09-22 00:00:11,353 WARNING: Lỗi HTTP 429 - product id: 128733177, thử lại 1/3
2025-09-22 00:00:11,367 WARNING: Lỗi HTTP 429 - product id: 128733523, thử lại 1/3
2025-09-22 00:00:11,460 WARNING: Lỗi HTTP 429 - product id: 128782027, thử lại 1/3
2025-09-22 00:00:11,520 WARNING: Lỗi HTTP 429 - product id: 128782174, thử lại 1/3
2025-09-22 00:00:11,677 WARNING: Lỗi HTTP 429 - product id: 128783465, thử lại 1/3
2025-09-22 00:00:11,761 WARNING: Lỗi HTTP 429 - product id: 128783561, thử lại 1/3
2025-09-22 00:00:11,773 WARNING: Lỗi HTTP 429 - product id: 128783651, thử lại 1/3
2025-09-22 00:00:12,622 WARNING: Lỗi HTTP 429 - product id: 128789846, thử lại 1/3
2025-09-22 00:00:12,721 WARNING: Lỗi HTTP 429 - product id: 128790108, thử lại 1/3
2025-09-22 00:00:12,866 WARNING: Lỗi HTTP 429 - product id: 128790517, thử lại 1/3
2025-09-22 00:00:12,969 WARNING: Lỗi HTTP 429 - product id: 128791256, thử lại 1/3
2025-09-22 00:00:12,973 WARNING: Lỗi HTTP 429 - product id: 128791358, thử lại 1/3
2025-09-22 00:00:13,420 WARNING: Lỗi HTTP 429 - product id: 128801390, thử lại 1/3
2025-09-22 00:00:14,028 WARNING: Lỗi HTTP 429 - product id: 128822132, thử lại 1/3
2025-09-22 00:00:14,081 WARNING: Lỗi HTTP 429 - product id: 128822469, thử lại 1/3
2025-09-22 00:00:14,338 WARNING: Lỗi HTTP 429 - product id: 128732853, thử lại 2/3
2025-09-22 00:00:14,349 WARNING: Lỗi HTTP 429 - product id: 128825217, thử lại 1/3
2025-09-22 00:00:14,419 WARNING: Lỗi HTTP 429 - product id: 128858974, thử lại 1/3
2025-09-22 00:00:14,435 WARNING: Lỗi HTTP 429 - product id: 128861527, thử lại 1/3
2025-09-22 00:00:14,614 WARNING: Lỗi HTTP 429 - product id: 128868283, thử lại 1/3
2025-09-22 00:00:15,027 WARNING: Lỗi HTTP 429 - product id: 128897725, thử lại 1/3
2025-09-22 00:00:15,052 WARNING: Lỗi HTTP 429 - product id: 128904979, thử lại 1/3
2025-09-22 00:00:15,121 WARNING: Lỗi HTTP 429 - product id: 128913755, thử lại 1/3
2025-09-22 00:00:15,413 WARNING: Lỗi HTTP 429 - product id: 128929020, thử lại 1/3
2025-09-22 00:00:15,418 WARNING: Lỗi HTTP 429 - product id: 128929055, thử lại 1/3
2025-09-22 00:00:15,471 WARNING: Lỗi HTTP 429 - product id: 128929337, thử lại 1/3
2025-09-22 00:00:15,529 WARNING: Lỗi HTTP 429 - product id: 128929422, thử lại 1/3
2025-09-22 00:00:15,667 WARNING: Lỗi HTTP 429 - product id: 128934392, thử lại 1/3
2025-09-22 00:00:15,699 WARNING: Lỗi HTTP 429 - product id: 128934441, thử lại 1/3
2025-09-22 00:00:15,706 WARNING: Lỗi HTTP 429 - product id: 128934582, thử lại 1/3
2025-09-22 00:00:15,804 WARNING: Lỗi HTTP 429 - product id: 128960021, thử lại 1/3
2025-09-22 00:00:15,806 WARNING: Lỗi HTTP 429 - product id: 128939343, thử lại 1/3
2025-09-22 00:00:16,031 WARNING: Lỗi HTTP 429 - product id: 128791256, thử lại 2/3
2025-09-22 00:00:16,625 WARNING: Lỗi HTTP 429 - product id: 129145730, thử lại 1/3
2025-09-22 00:00:16,741 WARNING: Lỗi HTTP 404: Không tim thấy product id - product id: 129010866
2025-09-22 00:00:17,489 WARNING: Lỗi HTTP 404: Không tim thấy product id - product id: 129172465
2025-09-22 00:00:18,364 WARNING: Lỗi HTTP 429 - product id: 129278543, thử lại 1/3
2025-09-22 00:00:18,718 WARNING: Lỗi HTTP 429 - product id: 129297372, thử lại 1/3
2025-09-22 00:00:18,780 WARNING: Lỗi HTTP 429 - product id: 129300139, thử lại 1/3
2025-09-22 00:00:18,865 WARNING: Lỗi HTTP 429 - product id: 129301147, thử lại 1/3
2025-09-22 00:00:18,869 WARNING: Lỗi HTTP 429 - product id: 128934582, thử lại 2/3
2025-09-22 00:00:18,927 WARNING: Lỗi HTTP 429 - product id: 129302486, thử lại 1/3
2025-09-22 00:00:18,971 WARNING: Lỗi HTTP 429 - product id: 129303490, thử lại 1/3
2025-09-22 00:00:18,976 WARNING: Lỗi HTTP 429 - product id: 129303632, thử lại 1/3
2025-09-22 00:00:19,070 WARNING: Lỗi HTTP 429 - product id: 129313880, thử lại 1/3
2025-09-22 00:00:24,981 INFO: Đã commit batch 78 (1000 sản phẩm)
2025-09-22 00:00:25,011 INFO: Đã ghi 997 sản phẩm vào file /home/quannh/projects_de/project_2/output/products_batch_78_997_ids.csv
2025-09-22 00:00:25,048 INFO: Bắt đầu crawl batch 79 (1000 sản phẩm)
2025-09-22 00:00:25,197 WARNING: Lỗi HTTP 429 - product id: 129397132, thử lại 1/3
2025-09-22 00:00:25,256 WARNING: Lỗi HTTP 429 - product id: 129397296, thử lại 1/3
2025-09-22 00:00:26,106 WARNING: Lỗi HTTP 429 - product id: 129403910, thử lại 1/3
2025-09-22 00:00:26,257 WARNING: Lỗi HTTP 429 - product id: 129405786, thử lại 1/3
2025-09-22 00:00:26,302 WARNING: Lỗi HTTP 429 - product id: 129406963, thử lại 1/3
2025-09-22 00:00:26,305 WARNING: Lỗi HTTP 429 - product id: 129407358, thử lại 1/3
2025-09-22 00:00:26,307 WARNING: Lỗi HTTP 429 - product id: 129407188, thử lại 1/3
2025-09-22 00:00:26,346 WARNING: Lỗi HTTP 429 - product id: 129408260, thử lại 1/3
2025-09-22 00:00:26,399 WARNING: Lỗi HTTP 429 - product id: 129408690, thử lại 1/3
2025-09-22 00:00:26,502 WARNING: Lỗi HTTP 429 - product id: 129409151, thử lại 1/3
2025-09-22 00:00:26,550 WARNING: Lỗi HTTP 429 - product id: 129409272, thử lại 1/3
2025-09-22 00:00:26,602 WARNING: Lỗi HTTP 429 - product id: 129409458, thử lại 1/3
2025-09-22 00:00:26,752 WARNING: Lỗi HTTP 429 - product id: 129414289, thử lại 1/3
2025-09-22 00:00:26,809 WARNING: Lỗi HTTP 429 - product id: 129415926, thử lại 1/3
2025-09-22 00:00:26,843 WARNING: Lỗi HTTP 429 - product id: 129416141, thử lại 1/3
2025-09-22 00:00:26,947 WARNING: Lỗi HTTP 429 - product id: 129416582, thử lại 1/3
2025-09-22 00:00:26,951 WARNING: Lỗi HTTP 429 - product id: 129416602, thử lại 1/3
2025-09-22 00:00:27,047 WARNING: Lỗi HTTP 429 - product id: 129416808, thử lại 1/3
2025-09-22 00:00:27,460 WARNING: Lỗi HTTP 429 - product id: 129422251, thử lại 1/3
2025-09-22 00:00:27,951 WARNING: Lỗi HTTP 429 - product id: 129459224, thử lại 1/3
2025-09-22 00:00:28,055 WARNING: Lỗi HTTP 429 - product id: 129486318, thử lại 1/3
2025-09-22 00:00:28,142 WARNING: Lỗi HTTP 429 - product id: 129491997, thử lại 1/3
2025-09-22 00:00:29,011 WARNING: Lỗi HTTP 429 - product id: 129496466, thử lại 1/3
2025-09-22 00:00:29,157 WARNING: Lỗi HTTP 429 - product id: 129496848, thử lại 1/3
2025-09-22 00:00:29,292 WARNING: Lỗi HTTP 429 - product id: 129497739, thử lại 1/3
2025-09-22 00:00:29,346 WARNING: Lỗi HTTP 429 - product id: 129498386, thử lại 1/3
2025-09-22 00:00:29,373 WARNING: Lỗi HTTP 429 - product id: 129407358, thử lại 2/3
2025-09-22 00:00:29,390 WARNING: Lỗi HTTP 429 - product id: 129498474, thử lại 1/3
2025-09-22 00:00:29,588 WARNING: Lỗi HTTP 429 - product id: 129498697, thử lại 1/3
2025-09-22 00:00:29,594 WARNING: Lỗi HTTP 429 - product id: 129498705, thử lại 1/3
2025-09-22 00:00:29,910 WARNING: Lỗi HTTP 429 - product id: 129416141, thử lại 2/3
2025-09-22 00:00:29,952 WARNING: Lỗi HTTP 429 - product id: 129499630, thử lại 1/3
2025-09-22 00:00:30,048 WARNING: Lỗi HTTP 429 - product id: 129499746, thử lại 1/3
2025-09-22 00:00:30,146 WARNING: Lỗi HTTP 429 - product id: 129500530, thử lại 1/3
2025-09-22 00:00:30,199 WARNING: Lỗi HTTP 429 - product id: 129500591, thử lại 1/3
2025-09-22 00:00:30,258 WARNING: Lỗi HTTP 429 - product id: 129503014, thử lại 1/3
2025-09-22 00:00:30,291 WARNING: Lỗi HTTP 429 - product id: 129505364, thử lại 1/3
2025-09-22 00:00:31,146 WARNING: Lỗi HTTP 404: Không tim thấy product id - product id: 129416808
2025-09-22 00:00:34,710 WARNING: Lỗi HTTP 404: Không tim thấy product id - product id: 129714951
2025-09-22 00:00:35,761 WARNING: Lỗi HTTP 404: Không tim thấy product id - product id: 129727779
2025-09-22 00:00:38,836 WARNING: Lỗi HTTP 429 - product id: 129917096, thử lại 1/3
2025-09-22 00:00:38,896 WARNING: Lỗi HTTP 429 - product id: 129917124, thử lại 1/3
2025-09-22 00:00:38,995 WARNING: Lỗi HTTP 429 - product id: 129917182, thử lại 1/3
2025-09-22 00:00:40,746 WARNING: Lỗi HTTP 429 - product id: 130015620, thử lại 1/3
2025-09-22 00:00:43,849 INFO: Đã commit batch 79 (1000 sản phẩm)
2025-09-22 00:00:43,876 INFO: Đã ghi 997 sản phẩm vào file /home/quannh/projects_de/project_2/output/products_batch_79_997_ids.csv
2025-09-22 00:00:43,913 INFO: Bắt đầu crawl batch 80 (1000 sản phẩm)
2025-09-22 00:00:44,962 WARNING: Lỗi HTTP 429 - product id: 130199975, thử lại 1/3
2025-09-22 00:00:45,060 WARNING: Lỗi HTTP 429 - product id: 130229572, thử lại 1/3
2025-09-22 00:00:46,911 WARNING: Lỗi HTTP 429 - product id: 130419969, thử lại 1/3
2025-09-22 00:00:47,390 WARNING: Lỗi HTTP 404: Không tim thấy product id - product id: 130422290
2025-09-22 00:00:47,934 WARNING: Lỗi HTTP 404: Không tim thấy product id - product id: 130423003
2025-09-22 00:00:48,011 WARNING: Lỗi HTTP 429 - product id: 130454325, thử lại 1/3
2025-09-22 00:00:48,083 WARNING: Lỗi HTTP 404: Không tim thấy product id - product id: 130425293
2025-09-22 00:00:51,131 WARNING: Lỗi HTTP 404: Không tim thấy product id - product id: 130773904
2025-09-22 00:00:52,266 WARNING: Lỗi HTTP 429 - product id: 130866440, thử lại 1/3
2025-09-22 00:00:52,722 WARNING: Lỗi HTTP 429 - product id: 130898997, thử lại 1/3
2025-09-22 00:00:54,262 WARNING: Lỗi HTTP 429 - product id: 131031927, thử lại 1/3
2025-09-22 00:00:54,362 WARNING: Lỗi HTTP 429 - product id: 131123560, thử lại 1/3
2025-09-22 00:00:54,418 WARNING: Lỗi HTTP 429 - product id: 131123896, thử lại 1/3
2025-09-22 00:00:54,457 WARNING: Lỗi HTTP 429 - product id: 131124102, thử lại 1/3
2025-09-22 00:00:55,262 WARNING: Lỗi HTTP 429 - product id: 131138391, thử lại 1/3
2025-09-22 00:00:55,318 WARNING: Lỗi HTTP 429 - product id: 131138456, thử lại 1/3
2025-09-22 00:00:55,325 WARNING: Lỗi HTTP 429 - product id: 131138470, thử lại 1/3
2025-09-22 00:00:55,389 WARNING: Lỗi HTTP 429 - product id: 131138624, thử lại 1/3
2025-09-22 00:00:55,413 WARNING: Lỗi HTTP 429 - product id: 131139676, thử lại 1/3
2025-09-22 00:00:55,617 WARNING: Lỗi HTTP 429 - product id: 131172654, thử lại 1/3
2025-09-22 00:00:55,618 WARNING: Lỗi HTTP 429 - product id: 131174075, thử lại 1/3
2025-09-22 00:00:55,665 WARNING: Lỗi HTTP 429 - product id: 131174105, thử lại 1/3
2025-09-22 00:00:55,685 WARNING: Lỗi HTTP 429 - product id: 131174730, thử lại 1/3
2025-09-22 00:00:55,717 WARNING: Lỗi HTTP 429 - product id: 131176016, thử lại 1/3
2025-09-22 00:00:55,762 WARNING: Lỗi HTTP 429 - product id: 131177417, thử lại 1/3
2025-09-22 00:00:55,809 WARNING: Lỗi HTTP 429 - product id: 131177598, thử lại 1/3
2025-09-22 00:00:55,863 WARNING: Lỗi HTTP 429 - product id: 131177828, thử lại 1/3
2025-09-22 00:00:56,315 WARNING: Lỗi HTTP 429 - product id: 131184130, thử lại 1/3
2025-09-22 00:00:56,362 WARNING: Lỗi HTTP 429 - product id: 131184314, thử lại 1/3
2025-09-22 00:00:56,409 WARNING: Lỗi HTTP 429 - product id: 131184471, thử lại 1/3
2025-09-22 00:00:56,467 WARNING: Lỗi HTTP 429 - product id: 131192975, thử lại 1/3
2025-09-22 00:00:56,562 WARNING: Lỗi HTTP 429 - product id: 131194705, thử lại 1/3
2025-09-22 00:00:57,563 WARNING: Lỗi HTTP 429 - product id: 131254848, thử lại 1/3
2025-09-22 00:00:57,612 WARNING: Lỗi HTTP 429 - product id: 131255077, thử lại 1/3
2025-09-22 00:00:57,973 WARNING: Lỗi HTTP 429 - product id: 131290582, thử lại 1/3
2025-09-22 00:00:58,464 WARNING: Lỗi HTTP 429 - product id: 131306074, thử lại 1/3
2025-09-22 00:00:58,713 WARNING: Lỗi HTTP 429 - product id: 131391365, thử lại 1/3
2025-09-22 00:00:58,759 WARNING: Lỗi HTTP 429 - product id: 131174730, thử lại 2/3
2025-09-22 00:00:58,772 WARNING: Lỗi HTTP 429 - product id: 131392540, thử lại 1/3
2025-09-22 00:00:58,815 WARNING: Lỗi HTTP 429 - product id: 131392556, thử lại 1/3
2025-09-22 00:01:04,871 INFO: Đã commit batch 80 (1000 sản phẩm)
2025-09-22 00:01:04,901 INFO: Đã ghi 996 sản phẩm vào file /home/quannh/projects_de/project_2/output/products_batch_80_996_ids.csv
2025-09-22 00:01:04,939 INFO: Bắt đầu crawl batch 81 (1000 sản phẩm)
2025-09-22 00:01:06,798 WARNING: Lỗi HTTP 429 - product id: 131921481, thử lại 1/3
2025-09-22 00:01:08,790 WARNING: Lỗi HTTP 429 - product id: 132125511, thử lại 1/3
2025-09-22 00:01:08,881 WARNING: Lỗi HTTP 429 - product id: 132126001, thử lại 1/3
2025-09-22 00:01:08,896 WARNING: Lỗi HTTP 429 - product id: 132126106, thử lại 1/3
2025-09-22 00:01:08,985 WARNING: Lỗi HTTP 429 - product id: 132126497, thử lại 1/3
2025-09-22 00:01:09,038 WARNING: Lỗi HTTP 429 - product id: 132126990, thử lại 1/3
2025-09-22 00:01:09,047 WARNING: Lỗi HTTP 429 - product id: 132127027, thử lại 1/3
2025-09-22 00:01:09,492 WARNING: Lỗi HTTP 429 - product id: 132133780, thử lại 1/3
2025-09-22 00:01:09,592 WARNING: Lỗi HTTP 429 - product id: 132135268, thử lại 1/3
2025-09-22 00:01:09,599 WARNING: Lỗi HTTP 429 - product id: 132135725, thử lại 1/3
2025-09-22 00:01:09,649 WARNING: Lỗi HTTP 429 - product id: 132136401, thử lại 1/3
2025-09-22 00:01:09,649 WARNING: Lỗi HTTP 429 - product id: 132136580, thử lại 1/3
2025-09-22 00:01:09,690 WARNING: Lỗi HTTP 429 - product id: 132137295, thử lại 1/3
2025-09-22 00:01:09,696 WARNING: Lỗi HTTP 429 - product id: 132137363, thử lại 1/3
2025-09-22 00:01:10,042 WARNING: Lỗi HTTP 429 - product id: 132206035, thử lại 1/3
2025-09-22 00:01:10,050 WARNING: Lỗi HTTP 429 - product id: 132206123, thử lại 1/3
2025-09-22 00:01:10,098 WARNING: Lỗi HTTP 429 - product id: 132207967, thử lại 1/3
2025-09-22 00:01:10,197 WARNING: Lỗi HTTP 429 - product id: 132247318, thử lại 1/3
2025-09-22 00:01:11,128 WARNING: Lỗi HTTP 429 - product id: 132314451, thử lại 1/3
2025-09-22 00:01:11,146 WARNING: Lỗi HTTP 429 - product id: 132315691, thử lại 1/3
2025-09-22 00:01:11,396 WARNING: Lỗi HTTP 429 - product id: 132319636, thử lại 1/3
2025-09-22 00:01:11,987 WARNING: Lỗi HTTP 429 - product id: 132328312, thử lại 1/3
2025-09-22 00:01:12,041 WARNING: Lỗi HTTP 429 - product id: 132328802, thử lại 1/3
2025-09-22 00:01:12,139 WARNING: Lỗi HTTP 429 - product id: 132330947, thử lại 1/3
2025-09-22 00:01:15,940 WARNING: Lỗi HTTP 429 - product id: 132923656, thử lại 1/3
2025-09-22 00:01:16,046 WARNING: Lỗi HTTP 429 - product id: 132925185, thử lại 1/3
2025-09-22 00:01:16,088 WARNING: Lỗi HTTP 429 - product id: 132928389, thử lại 1/3
2025-09-22 00:01:16,251 WARNING: Lỗi HTTP 429 - product id: 132983007, thử lại 1/3
2025-09-22 00:01:16,294 WARNING: Lỗi HTTP 429 - product id: 132989149, thử lại 1/3
2025-09-22 00:01:16,342 WARNING: Lỗi HTTP 429 - product id: 132996266, thử lại 1/3
2025-09-22 00:01:16,397 WARNING: Lỗi HTTP 429 - product id: 133000578, thử lại 1/3
2025-09-22 00:01:16,653 WARNING: Lỗi HTTP 429 - product id: 133001700, thử lại 1/3
2025-09-22 00:01:16,840 WARNING: Lỗi HTTP 429 - product id: 133005737, thử lại 1/3
2025-09-22 00:01:16,895 WARNING: Lỗi HTTP 429 - product id: 133005777, thử lại 1/3
2025-09-22 00:01:16,902 WARNING: Lỗi HTTP 429 - product id: 133005792, thử lại 1/3
2025-09-22 00:01:17,041 WARNING: Lỗi HTTP 429 - product id: 133006062, thử lại 1/3
2025-09-22 00:01:17,143 WARNING: Lỗi HTTP 429 - product id: 133038441, thử lại 1/3
2025-09-22 00:01:17,340 WARNING: Lỗi HTTP 429 - product id: 133070355, thử lại 1/3
2025-09-22 00:01:17,440 WARNING: Lỗi HTTP 429 - product id: 133071607, thử lại 1/3
2025-09-22 00:01:17,741 WARNING: Lỗi HTTP 429 - product id: 133073332, thử lại 1/3
2025-09-22 00:01:17,937 WARNING: Lỗi HTTP 429 - product id: 133087016, thử lại 1/3
2025-09-22 00:01:18,049 WARNING: Lỗi HTTP 429 - product id: 133091621, thử lại 1/3
2025-09-22 00:01:18,087 WARNING: Lỗi HTTP 429 - product id: 133091675, thử lại 1/3
2025-09-22 00:01:18,143 WARNING: Lỗi HTTP 429 - product id: 133091715, thử lại 1/3
2025-09-22 00:01:19,092 WARNING: Lỗi HTTP 429 - product id: 133159382, thử lại 1/3
2025-09-22 00:01:19,140 WARNING: Lỗi HTTP 429 - product id: 133165496, thử lại 1/3
2025-09-22 00:01:19,190 WARNING: Lỗi HTTP 429 - product id: 133165716, thử lại 1/3
2025-09-22 00:01:19,199 WARNING: Lỗi HTTP 429 - product id: 133165756, thử lại 1/3
2025-09-22 00:01:19,943 WARNING: Lỗi HTTP 429 - product id: 133235788, thử lại 1/3
2025-09-22 00:01:23,043 INFO: Đã commit batch 81 (1000 sản phẩm)
2025-09-22 00:01:23,073 INFO: Đã ghi 1000 sản phẩm vào file /home/quannh/projects_de/project_2/output/products_batch_81_1000_ids.csv
2025-09-22 00:01:23,109 INFO: Bắt đầu crawl batch 82 (1000 sản phẩm)
2025-09-22 00:01:24,908 WARNING: Lỗi HTTP 429 - product id: 133723098, thử lại 1/3
2025-09-22 00:01:24,909 WARNING: Lỗi HTTP 429 - product id: 133723117, thử lại 1/3
2025-09-22 00:01:25,011 WARNING: Lỗi HTTP 429 - product id: 133772530, thử lại 1/3
2025-09-22 00:01:25,011 WARNING: Lỗi HTTP 429 - product id: 133772892, thử lại 1/3
2025-09-22 00:01:25,173 WARNING: Lỗi HTTP 429 - product id: 133780874, thử lại 1/3
2025-09-22 00:01:25,257 WARNING: Lỗi HTTP 429 - product id: 133781963, thử lại 1/3
2025-09-22 00:01:25,265 WARNING: Lỗi HTTP 429 - product id: 133782007, thử lại 1/3
2025-09-22 00:01:25,522 WARNING: Lỗi HTTP 429 - product id: 133792380, thử lại 1/3
2025-09-22 00:01:25,620 WARNING: Lỗi HTTP 429 - product id: 133792864, thử lại 1/3
2025-09-22 00:01:25,660 WARNING: Lỗi HTTP 429 - product id: 133806372, thử lại 1/3
2025-09-22 00:01:25,710 WARNING: Lỗi HTTP 429 - product id: 133810352, thử lại 1/3
2025-09-22 00:01:27,115 WARNING: Lỗi HTTP 429 - product id: 133821018, thử lại 1/3
2025-09-22 00:01:27,117 WARNING: Lỗi HTTP 429 - product id: 133821122, thử lại 1/3
2025-09-22 00:01:27,317 WARNING: Lỗi HTTP 429 - product id: 133829756, thử lại 1/3
2025-09-22 00:01:27,919 WARNING: Lỗi HTTP 429 - product id: 133865955, thử lại 1/3
2025-09-22 00:01:28,015 WARNING: Lỗi HTTP 429 - product id: 133875073, thử lại 1/3
2025-09-22 00:01:28,214 WARNING: Lỗi HTTP 429 - product id: 133886725, thử lại 1/3
2025-09-22 00:01:28,222 WARNING: Lỗi HTTP 429 - product id: 133887560, thử lại 1/3
2025-09-22 00:01:28,263 WARNING: Lỗi HTTP 429 - product id: 133888744, thử lại 1/3
2025-09-22 00:01:28,310 WARNING: Lỗi HTTP 429 - product id: 133889318, thử lại 1/3
2025-09-22 00:01:28,365 WARNING: Lỗi HTTP 429 - product id: 133890563, thử lại 1/3
2025-09-22 00:01:28,570 WARNING: Lỗi HTTP 429 - product id: 133893520, thử lại 1/3
2025-09-22 00:01:28,615 WARNING: Lỗi HTTP 429 - product id: 133893643, thử lại 1/3
2025-09-22 00:01:28,767 WARNING: Lỗi HTTP 429 - product id: 133896156, thử lại 1/3
2025-09-22 00:01:29,152 WARNING: Lỗi HTTP 429 - product id: 133929165, thử lại 1/3
2025-09-22 00:01:29,165 WARNING: Lỗi HTTP 429 - product id: 133933447, thử lại 1/3
2025-09-22 00:01:29,206 WARNING: Lỗi HTTP 429 - product id: 133934889, thử lại 1/3
2025-09-22 00:01:30,463 WARNING: Lỗi HTTP 429 - product id: 134253742, thử lại 1/3
2025-09-22 00:01:30,657 WARNING: Lỗi HTTP 429 - product id: 134275628, thử lại 1/3
2025-09-22 00:01:30,666 WARNING: Lỗi HTTP 429 - product id: 134279110, thử lại 1/3
2025-09-22 00:01:30,712 WARNING: Lỗi HTTP 429 - product id: 134283310, thử lại 1/3
2025-09-22 00:01:30,723 WARNING: Lỗi HTTP 429 - product id: 134283509, thử lại 1/3
2025-09-22 00:01:30,761 WARNING: Lỗi HTTP 429 - product id: 134283802, thử lại 1/3
2025-09-22 00:01:30,863 WARNING: Lỗi HTTP 429 - product id: 134290057, thử lại 1/3
2025-09-22 00:01:30,872 WARNING: Lỗi HTTP 429 - product id: 134293172, thử lại 1/3
2025-09-22 00:01:31,310 WARNING: Lỗi HTTP 429 - product id: 134303608, thử lại 1/3
2025-09-22 00:01:31,317 WARNING: Lỗi HTTP 429 - product id: 134303616, thử lại 1/3
2025-09-22 00:01:31,414 WARNING: Lỗi HTTP 429 - product id: 134303769, thử lại 1/3
2025-09-22 00:01:31,559 WARNING: Lỗi HTTP 429 - product id: 134304077, thử lại 1/3
2025-09-22 00:01:31,672 WARNING: Lỗi HTTP 429 - product id: 134304145, thử lại 1/3
2025-09-22 00:01:31,912 WARNING: Lỗi HTTP 429 - product id: 134304556, thử lại 1/3
2025-09-22 00:01:32,013 WARNING: Lỗi HTTP 429 - product id: 134304805, thử lại 1/3
2025-09-22 00:01:32,359 WARNING: Lỗi HTTP 429 - product id: 134316199, thử lại 1/3
2025-09-22 00:01:32,360 WARNING: Lỗi HTTP 429 - product id: 134316331, thử lại 1/3
2025-09-22 00:01:32,417 WARNING: Lỗi HTTP 429 - product id: 134316959, thử lại 1/3
2025-09-22 00:01:34,862 WARNING: Lỗi HTTP 429 - product id: 134380859, thử lại 1/3
2025-09-22 00:01:34,931 WARNING: Lỗi HTTP 429 - product id: 134381207, thử lại 1/3
2025-09-22 00:01:35,456 WARNING: Lỗi HTTP 429 - product id: 134386991, thử lại 1/3
2025-09-22 00:01:35,458 WARNING: Lỗi HTTP 429 - product id: 134386996, thử lại 1/3
2025-09-22 00:01:35,551 WARNING: Lỗi HTTP 429 - product id: 134387273, thử lại 1/3
2025-09-22 00:01:36,762 WARNING: Lỗi HTTP 429 - product id: 134390685, thử lại 1/3
2025-09-22 00:01:36,765 WARNING: Lỗi HTTP 404: Không tim thấy product id - product id: 134389899
2025-09-22 00:01:36,767 WARNING: Lỗi HTTP 429 - product id: 134390789, thử lại 1/3
2025-09-22 00:01:36,813 WARNING: Lỗi HTTP 429 - product id: 134392156, thử lại 1/3
2025-09-22 00:01:36,860 WARNING: Lỗi HTTP 429 - product id: 134405941, thử lại 1/3
2025-09-22 00:01:37,010 WARNING: Lỗi HTTP 429 - product id: 134429629, thử lại 1/3
2025-09-22 00:01:37,015 WARNING: Lỗi HTTP 429 - product id: 134429929, thử lại 1/3
2025-09-22 00:01:37,409 WARNING: Lỗi HTTP 429 - product id: 134498278, thử lại 1/3
2025-09-22 00:01:37,417 WARNING: Lỗi HTTP 429 - product id: 134503167, thử lại 1/3
2025-09-22 00:01:37,464 WARNING: Lỗi HTTP 429 - product id: 134506817, thử lại 1/3
2025-09-22 00:01:37,561 WARNING: Lỗi HTTP 429 - product id: 134513406, thử lại 1/3
2025-09-22 00:01:37,599 WARNING: Lỗi HTTP 429 - product id: 134515847, thử lại 1/3
2025-09-22 00:01:37,661 WARNING: Lỗi HTTP 429 - product id: 134521990, thử lại 1/3
2025-09-22 00:01:37,871 WARNING: Lỗi HTTP 429 - product id: 134551883, thử lại 1/3
2025-09-22 00:01:37,902 WARNING: Lỗi HTTP 429 - product id: 134556228, thử lại 1/3
2025-09-22 00:01:38,265 WARNING: Lỗi HTTP 429 - product id: 134578018, thử lại 1/3
2025-09-22 00:01:38,310 WARNING: Lỗi HTTP 429 - product id: 134580110, thử lại 1/3
2025-09-22 00:01:38,715 WARNING: Lỗi HTTP 429 - product id: 134632650, thử lại 1/3
2025-09-22 00:01:38,759 WARNING: Lỗi HTTP 429 - product id: 134640799, thử lại 1/3
2025-09-22 00:01:38,762 WARNING: Lỗi HTTP 429 - product id: 134640850, thử lại 1/3
2025-09-22 00:01:41,865 INFO: Đã commit batch 82 (1000 sản phẩm)
2025-09-22 00:01:41,891 INFO: Đã ghi 999 sản phẩm vào file /home/quannh/projects_de/project_2/output/products_batch_82_999_ids.csv
2025-09-22 00:01:41,927 INFO: Bắt đầu crawl batch 83 (1000 sản phẩm)
2025-09-22 00:01:42,286 WARNING: Lỗi HTTP 429 - product id: 134780083, thử lại 1/3
2025-09-22 00:01:43,779 WARNING: Lỗi HTTP 429 - product id: 134885450, thử lại 1/3
2025-09-22 00:01:43,786 WARNING: Lỗi HTTP 429 - product id: 134885481, thử lại 1/3
2025-09-22 00:01:44,232 WARNING: Lỗi HTTP 429 - product id: 134889190, thử lại 1/3
2025-09-22 00:01:44,282 WARNING: Lỗi HTTP 429 - product id: 134889879, thử lại 1/3
2025-09-22 00:01:44,282 WARNING: Lỗi HTTP 429 - product id: 134889766, thử lại 1/3
2025-09-22 00:01:44,387 WARNING: Lỗi HTTP 429 - product id: 134920305, thử lại 1/3
2025-09-22 00:01:44,387 WARNING: Lỗi HTTP 429 - product id: 134920635, thử lại 1/3
2025-09-22 00:01:44,532 WARNING: Lỗi HTTP 429 - product id: 134921889, thử lại 1/3
2025-09-22 00:01:44,634 WARNING: Lỗi HTTP 429 - product id: 134948207, thử lại 1/3
2025-09-22 00:01:44,730 WARNING: Lỗi HTTP 429 - product id: 134975938, thử lại 1/3
2025-09-22 00:01:44,731 WARNING: Lỗi HTTP 429 - product id: 134975975, thử lại 1/3
2025-09-22 00:01:44,794 WARNING: Lỗi HTTP 429 - product id: 134976055, thử lại 1/3
2025-09-22 00:01:44,828 WARNING: Lỗi HTTP 429 - product id: 134976085, thử lại 1/3
2025-09-22 00:01:44,883 WARNING: Lỗi HTTP 429 - product id: 134976432, thử lại 1/3
2025-09-22 00:01:44,884 WARNING: Lỗi HTTP 429 - product id: 134976375, thử lại 1/3
2025-09-22 00:01:45,243 WARNING: Lỗi HTTP 429 - product id: 134977327, thử lại 1/3
2025-09-22 00:01:45,244 WARNING: Lỗi HTTP 429 - product id: 134977383, thử lại 1/3
2025-09-22 00:01:45,375 WARNING: Lỗi HTTP 429 - product id: 134979407, thử lại 1/3
2025-09-22 00:01:46,078 WARNING: Lỗi HTTP 429 - product id: 135078105, thử lại 1/3
2025-09-22 00:01:46,129 WARNING: Lỗi HTTP 429 - product id: 135079225, thử lại 1/3
2025-09-22 00:01:46,380 WARNING: Lỗi HTTP 429 - product id: 135094168, thử lại 1/3
2025-09-22 00:01:46,427 WARNING: Lỗi HTTP 429 - product id: 135094203, thử lại 1/3
2025-09-22 00:01:47,429 WARNING: Lỗi HTTP 429 - product id: 135281493, thử lại 1/3
2025-09-22 00:01:47,597 WARNING: Lỗi HTTP 429 - product id: 134921889, thử lại 2/3
2025-09-22 00:01:47,731 WARNING: Lỗi HTTP 429 - product id: 135282940, thử lại 1/3
2025-09-22 00:01:47,733 WARNING: Lỗi HTTP 429 - product id: 135282942, thử lại 1/3
2025-09-22 00:01:49,037 WARNING: Lỗi HTTP 429 - product id: 135337764, thử lại 1/3
2025-09-22 00:01:50,199 WARNING: Lỗi HTTP 404: Không tim thấy product id - product id: 135370586
2025-09-22 00:01:50,274 WARNING: Lỗi HTTP 429 - product id: 135474162, thử lại 1/3
2025-09-22 00:01:50,289 WARNING: Lỗi HTTP 429 - product id: 135475064, thử lại 1/3
2025-09-22 00:01:50,340 WARNING: Lỗi HTTP 429 - product id: 135476289, thử lại 1/3
2025-09-22 00:01:50,379 WARNING: Lỗi HTTP 429 - product id: 135477867, thử lại 1/3
2025-09-22 00:01:50,431 WARNING: Lỗi HTTP 429 - product id: 135495630, thử lại 1/3
2025-09-22 00:01:50,442 WARNING: Lỗi HTTP 429 - product id: 135495766, thử lại 1/3
2025-09-22 00:01:50,495 WARNING: Lỗi HTTP 429 - product id: 135496483, thử lại 1/3
2025-09-22 00:01:50,634 WARNING: Lỗi HTTP 429 - product id: 135510376, thử lại 1/3
2025-09-22 00:01:50,986 WARNING: Lỗi HTTP 429 - product id: 135519823, thử lại 1/3
2025-09-22 00:01:51,074 WARNING: Lỗi HTTP 429 - product id: 135520477, thử lại 1/3
2025-09-22 00:01:51,433 WARNING: Lỗi HTTP 429 - product id: 135522004, thử lại 1/3
2025-09-22 00:01:51,487 WARNING: Lỗi HTTP 429 - product id: 135522203, thử lại 1/3
2025-09-22 00:01:58,733 INFO: Đã commit batch 83 (1000 sản phẩm)
2025-09-22 00:01:58,762 INFO: Đã ghi 999 sản phẩm vào file /home/quannh/projects_de/project_2/output/products_batch_83_999_ids.csv
2025-09-22 00:01:58,798 INFO: Bắt đầu crawl batch 84 (1000 sản phẩm)
2025-09-22 00:02:04,549 WARNING: Lỗi HTTP 429 - product id: 136343665, thử lại 1/3
2025-09-22 00:02:04,961 WARNING: Lỗi HTTP 429 - product id: 136353349, thử lại 1/3
2025-09-22 00:02:06,255 WARNING: Lỗi HTTP 429 - product id: 136414698, thử lại 1/3
2025-09-22 00:02:06,261 WARNING: Lỗi HTTP 429 - product id: 136418243, thử lại 1/3
2025-09-22 00:02:06,350 WARNING: Lỗi HTTP 429 - product id: 136418962, thử lại 1/3
2025-09-22 00:02:06,351 WARNING: Lỗi HTTP 429 - product id: 136419340, thử lại 1/3
2025-09-22 00:02:06,505 WARNING: Lỗi HTTP 429 - product id: 136462001, thử lại 1/3
2025-09-22 00:02:07,050 WARNING: Lỗi HTTP 429 - product id: 136468201, thử lại 1/3
2025-09-22 00:02:07,253 WARNING: Lỗi HTTP 429 - product id: 136499842, thử lại 1/3
2025-09-22 00:02:07,503 WARNING: Lỗi HTTP 429 - product id: 136581497, thử lại 1/3
2025-09-22 00:02:07,549 WARNING: Lỗi HTTP 429 - product id: 136581518, thử lại 1/3
2025-09-22 00:02:07,801 WARNING: Lỗi HTTP 429 - product id: 136603264, thử lại 1/3
2025-09-22 00:02:07,947 WARNING: Lỗi HTTP 429 - product id: 136624184, thử lại 1/3
2025-09-22 00:02:09,897 WARNING: Lỗi HTTP 429 - product id: 136717775, thử lại 1/3
2025-09-22 00:02:10,305 WARNING: Lỗi HTTP 429 - product id: 136728444, thử lại 1/3
2025-09-22 00:02:10,500 WARNING: Lỗi HTTP 429 - product id: 136728773, thử lại 1/3
2025-09-22 00:02:10,521 WARNING: Lỗi HTTP 404: Không tim thấy product id - product id: 136699272
2025-09-22 00:02:11,251 WARNING: Lỗi HTTP 429 - product id: 136781989, thử lại 1/3
2025-09-22 00:02:11,509 WARNING: Lỗi HTTP 429 - product id: 136784469, thử lại 1/3
2025-09-22 00:02:11,551 WARNING: Lỗi HTTP 429 - product id: 136784852, thử lại 1/3
2025-09-22 00:02:11,653 WARNING: Lỗi HTTP 429 - product id: 136792608, thử lại 1/3
2025-09-22 00:02:11,658 WARNING: Lỗi HTTP 429 - product id: 136795269, thử lại 1/3
2025-09-22 00:02:11,702 WARNING: Lỗi HTTP 429 - product id: 136796275, thử lại 1/3
2025-09-22 00:02:11,707 WARNING: Lỗi HTTP 429 - product id: 136796392, thử lại 1/3
2025-09-22 00:02:11,767 WARNING: Lỗi HTTP 429 - product id: 136798906, thử lại 1/3
2025-09-22 00:02:11,796 WARNING: Lỗi HTTP 429 - product id: 136798969, thử lại 1/3
2025-09-22 00:02:11,915 WARNING: Lỗi HTTP 429 - product id: 136802830, thử lại 1/3
2025-09-22 00:02:11,990 WARNING: Lỗi HTTP 429 - product id: 136811714, thử lại 1/3
2025-09-22 00:02:11,997 WARNING: Lỗi HTTP 429 - product id: 136815710, thử lại 1/3
2025-09-22 00:02:12,006 WARNING: Lỗi HTTP 429 - product id: 136816065, thử lại 1/3
2025-09-22 00:02:12,012 WARNING: Lỗi HTTP 429 - product id: 136816070, thử lại 1/3
2025-09-22 00:02:12,058 WARNING: Lỗi HTTP 429 - product id: 136820011, thử lại 1/3
2025-09-22 00:02:12,099 WARNING: Lỗi HTTP 429 - product id: 136820280, thử lại 1/3
2025-09-22 00:02:16,642 INFO: Đã commit batch 84 (1000 sản phẩm)
2025-09-22 00:02:16,672 INFO: Đã ghi 999 sản phẩm vào file /home/quannh/projects_de/project_2/output/products_batch_84_999_ids.csv
2025-09-22 00:02:16,709 INFO: Bắt đầu crawl batch 85 (1000 sản phẩm)
2025-09-22 00:02:17,586 WARNING: Lỗi HTTP 404: Không tim thấy product id - product id: 136891407
2025-09-22 00:02:18,813 WARNING: Lỗi HTTP 429 - product id: 136988862, thử lại 1/3
2025-09-22 00:02:19,317 WARNING: Lỗi HTTP 429 - product id: 137004700, thử lại 1/3
2025-09-22 00:02:19,361 WARNING: Lỗi HTTP 429 - product id: 137006426, thử lại 1/3
2025-09-22 00:02:19,372 WARNING: Lỗi HTTP 429 - product id: 137006449, thử lại 1/3
2025-09-22 00:02:19,416 WARNING: Lỗi HTTP 429 - product id: 137010485, thử lại 1/3
2025-09-22 00:02:19,465 WARNING: Lỗi HTTP 429 - product id: 137010593, thử lại 1/3
2025-09-22 00:02:20,569 WARNING: Lỗi HTTP 429 - product id: 137078615, thử lại 1/3
2025-09-22 00:02:20,662 WARNING: Lỗi HTTP 429 - product id: 137114704, thử lại 1/3
2025-09-22 00:02:20,870 WARNING: Lỗi HTTP 429 - product id: 137123600, thử lại 1/3
2025-09-22 00:02:21,171 WARNING: Lỗi HTTP 429 - product id: 137135943, thử lại 1/3
2025-09-22 00:02:24,863 WARNING: Lỗi HTTP 429 - product id: 137253540, thử lại 1/3
2025-09-22 00:02:24,969 WARNING: Lỗi HTTP 429 - product id: 137253697, thử lại 1/3
2025-09-22 00:02:25,270 WARNING: Lỗi HTTP 429 - product id: 137376911, thử lại 1/3
2025-09-22 00:02:25,306 WARNING: Lỗi HTTP 429 - product id: 137378336, thử lại 1/3
2025-09-22 00:02:25,313 WARNING: Lỗi HTTP 429 - product id: 137378953, thử lại 1/3
2025-09-22 00:02:25,356 WARNING: Lỗi HTTP 429 - product id: 137379037, thử lại 1/3
2025-09-22 00:02:25,363 WARNING: Lỗi HTTP 429 - product id: 137379087, thử lại 1/3
2025-09-22 00:02:25,363 WARNING: Lỗi HTTP 429 - product id: 137379066, thử lại 1/3
2025-09-22 00:02:25,420 WARNING: Lỗi HTTP 429 - product id: 137380406, thử lại 1/3
2025-09-22 00:02:25,428 WARNING: Lỗi HTTP 429 - product id: 137380941, thử lại 1/3
2025-09-22 00:02:25,454 WARNING: Lỗi HTTP 429 - product id: 137381832, thử lại 1/3
2025-09-22 00:02:25,460 WARNING: Lỗi HTTP 429 - product id: 137382215, thử lại 1/3
2025-09-22 00:02:25,467 WARNING: Lỗi HTTP 429 - product id: 137382373, thử lại 1/3
2025-09-22 00:02:25,516 WARNING: Lỗi HTTP 429 - product id: 137385006, thử lại 1/3
2025-09-22 00:02:25,523 WARNING: Lỗi HTTP 429 - product id: 137385218, thử lại 1/3
2025-09-22 00:02:25,908 WARNING: Lỗi HTTP 429 - product id: 137391188, thử lại 1/3
2025-09-22 00:02:25,959 WARNING: Lỗi HTTP 429 - product id: 137392913, thử lại 1/3
2025-09-22 00:02:25,970 WARNING: Lỗi HTTP 429 - product id: 137393474, thử lại 1/3
2025-09-22 00:02:26,018 WARNING: Lỗi HTTP 429 - product id: 137395382, thử lại 1/3
2025-09-22 00:02:26,311 WARNING: Lỗi HTTP 429 - product id: 137401916, thử lại 1/3
2025-09-22 00:02:26,569 WARNING: Lỗi HTTP 429 - product id: 137413059, thử lại 1/3
2025-09-22 00:02:26,645 WARNING: Lỗi HTTP 429 - product id: 137414522, thử lại 1/3
2025-09-22 00:02:29,354 WARNING: Lỗi HTTP 429 - product id: 137553852, thử lại 1/3
2025-09-22 00:02:29,760 WARNING: Lỗi HTTP 429 - product id: 137572954, thử lại 1/3
2025-09-22 00:02:32,816 WARNING: Lỗi HTTP 404: Không tim thấy product id - product id: 137675299
2025-09-22 00:02:32,883 WARNING: Lỗi HTTP 404: Không tim thấy product id - product id: 137675321
2025-09-22 00:02:32,906 WARNING: Lỗi HTTP 404: Không tim thấy product id - product id: 137675369
2025-09-22 00:02:33,081 WARNING: Lỗi HTTP 404: Không tim thấy product id - product id: 137675537
2025-09-22 00:02:33,085 WARNING: Lỗi HTTP 404: Không tim thấy product id - product id: 137675541
2025-09-22 00:02:33,576 INFO: Đã commit batch 85 (1000 sản phẩm)
2025-09-22 00:02:33,606 INFO: Đã ghi 994 sản phẩm vào file /home/quannh/projects_de/project_2/output/products_batch_85_994_ids.csv
2025-09-22 00:02:33,642 INFO: Bắt đầu crawl batch 86 (1000 sản phẩm)
2025-09-22 00:02:33,815 WARNING: Lỗi HTTP 404: Không tim thấy product id - product id: 137676504
2025-09-22 00:02:33,843 WARNING: Lỗi HTTP 404: Không tim thấy product id - product id: 137676203
2025-09-22 00:02:33,963 WARNING: Lỗi HTTP 404: Không tim thấy product id - product id: 137676513
2025-09-22 00:02:34,067 WARNING: Lỗi HTTP 404: Không tim thấy product id - product id: 137676419
2025-09-22 00:02:34,119 WARNING: Lỗi HTTP 404: Không tim thấy product id - product id: 137676428
2025-09-22 00:02:34,215 WARNING: Lỗi HTTP 404: Không tim thấy product id - product id: 137676509
2025-09-22 00:02:34,261 WARNING: Lỗi HTTP 404: Không tim thấy product id - product id: 137676921
2025-09-22 00:02:45,943 WARNING: Lỗi HTTP 429 - product id: 138543163, thử lại 1/3
2025-09-22 00:02:46,049 WARNING: Lỗi HTTP 429 - product id: 138559235, thử lại 1/3
2025-09-22 00:02:46,585 WARNING: Lỗi HTTP 429 - product id: 138602592, thử lại 1/3
2025-09-22 00:02:46,642 WARNING: Lỗi HTTP 429 - product id: 138603020, thử lại 1/3
2025-09-22 00:02:46,698 WARNING: Lỗi HTTP 429 - product id: 138603410, thử lại 1/3
2025-09-22 00:02:48,042 WARNING: Lỗi HTTP 429 - product id: 138749092, thử lại 1/3
2025-09-22 00:02:49,461 WARNING: Lỗi HTTP 404: Không tim thấy product id - product id: 138771951
2025-09-22 00:02:51,166 INFO: Đã commit batch 86 (1000 sản phẩm)
2025-09-22 00:02:51,197 INFO: Đã ghi 992 sản phẩm vào file /home/quannh/projects_de/project_2/output/products_batch_86_992_ids.csv
2025-09-22 00:02:51,232 INFO: Bắt đầu crawl batch 87 (1000 sản phẩm)
2025-09-22 00:02:51,735 WARNING: Lỗi HTTP 429 - product id: 138898898, thử lại 1/3
2025-09-22 00:02:51,826 WARNING: Lỗi HTTP 429 - product id: 138899395, thử lại 1/3
2025-09-22 00:02:51,832 WARNING: Lỗi HTTP 429 - product id: 138899415, thử lại 1/3
2025-09-22 00:02:51,890 WARNING: Lỗi HTTP 429 - product id: 138899858, thử lại 1/3
2025-09-22 00:02:51,934 WARNING: Lỗi HTTP 429 - product id: 138900138, thử lại 1/3
2025-09-22 00:02:51,940 WARNING: Lỗi HTTP 429 - product id: 138900162, thử lại 1/3
2025-09-22 06:09:36,890 INFO: Đã insert thành công 200000 product_id vào bảng products trong crawl.db
2025-09-22 06:09:36,934 INFO: Bắt đầu crawl batch 87 (1000 sản phẩm)
2025-09-22 06:09:37,603 WARNING: Lỗi HTTP 429 - product id: 138899360, thử lại 1/3
2025-09-22 06:09:37,674 WARNING: Lỗi HTTP 429 - product id: 138899495, thử lại 1/3
2025-09-22 06:09:37,745 WARNING: Lỗi HTTP 429 - product id: 138900099, thử lại 1/3
2025-09-22 06:09:37,748 WARNING: Lỗi HTTP 429 - product id: 138900138, thử lại 1/3
2025-09-22 06:09:40,113 WARNING: Lỗi HTTP 404: Không tim thấy product id - product id: 138989666
2025-09-22 06:09:40,152 WARNING: Lỗi HTTP 429 - product id: 139060213, thử lại 1/3
2025-09-22 06:09:40,432 WARNING: Lỗi HTTP 429 - product id: 139103882, thử lại 1/3
2025-09-22 06:09:40,449 WARNING: Lỗi HTTP 429 - product id: 139106048, thử lại 1/3
2025-09-22 06:09:40,455 WARNING: Lỗi HTTP 404: Không tim thấy product id - product id: 139033619
2025-09-22 06:09:40,500 WARNING: Lỗi HTTP 429 - product id: 139107295, thử lại 1/3
2025-09-22 06:09:40,594 WARNING: Lỗi HTTP 429 - product id: 139141356, thử lại 1/3
2025-09-22 06:09:40,696 WARNING: Lỗi HTTP 429 - product id: 139142073, thử lại 1/3
2025-09-22 06:09:40,836 WARNING: Lỗi HTTP 429 - product id: 139143249, thử lại 1/3
2025-09-22 06:09:40,846 WARNING: Lỗi HTTP 429 - product id: 138899495, thử lại 2/3
2025-09-22 06:09:41,401 WARNING: Lỗi HTTP 429 - product id: 139149977, thử lại 1/3
2025-09-22 06:09:42,457 WARNING: Lỗi HTTP 404: Không tim thấy product id - product id: 139196211
2025-09-22 06:09:42,747 WARNING: Lỗi HTTP 429 - product id: 139227506, thử lại 1/3
2025-09-22 06:09:42,814 WARNING: Lỗi HTTP 429 - product id: 139229836, thử lại 1/3
2025-09-22 06:09:42,953 WARNING: Lỗi HTTP 429 - product id: 139236246, thử lại 1/3
2025-09-22 06:09:43,009 WARNING: Lỗi HTTP 404: Không tim thấy product id - product id: 139222915
2025-09-22 06:09:48,589 WARNING: Lỗi HTTP 429 - product id: 139612225, thử lại 1/3
2025-09-22 06:09:48,640 WARNING: Lỗi HTTP 429 - product id: 139612414, thử lại 1/3
2025-09-22 06:09:48,645 WARNING: Lỗi HTTP 429 - product id: 139612651, thử lại 1/3
2025-09-22 06:09:48,651 WARNING: Lỗi HTTP 429 - product id: 139612734, thử lại 1/3
2025-09-22 06:09:48,798 WARNING: Lỗi HTTP 429 - product id: 139613133, thử lại 1/3
2025-09-22 06:09:49,241 WARNING: Lỗi HTTP 429 - product id: 139614082, thử lại 1/3
2025-09-22 06:09:49,345 WARNING: Lỗi HTTP 429 - product id: 139614282, thử lại 1/3
2025-09-22 06:09:49,995 WARNING: Lỗi HTTP 429 - product id: 139616595, thử lại 1/3
2025-09-22 06:09:50,040 WARNING: Lỗi HTTP 429 - product id: 139616634, thử lại 1/3
2025-09-22 06:09:50,103 WARNING: Lỗi HTTP 429 - product id: 139617037, thử lại 1/3
2025-09-22 06:09:50,137 WARNING: Lỗi HTTP 429 - product id: 139617115, thử lại 1/3
2025-09-22 06:09:51,548 WARNING: Lỗi HTTP 429 - product id: 139620650, thử lại 1/3
2025-09-22 06:09:52,228 WARNING: Lỗi HTTP 429 - product id: 139622587, thử lại 1/3
2025-09-22 06:09:52,242 WARNING: Lỗi HTTP 429 - product id: 139622657, thử lại 1/3
2025-09-22 06:09:52,288 WARNING: Lỗi HTTP 429 - product id: 139622764, thử lại 1/3
2025-09-22 06:09:52,294 WARNING: Lỗi HTTP 429 - product id: 139622833, thử lại 1/3
2025-09-22 06:09:52,394 WARNING: Lỗi HTTP 429 - product id: 139623184, thử lại 1/3
2025-09-22 06:09:52,395 WARNING: Lỗi HTTP 429 - product id: 139623279, thử lại 1/3
2025-09-22 06:09:52,594 WARNING: Lỗi HTTP 429 - product id: 139623718, thử lại 1/3
2025-09-22 06:09:55,697 INFO: Đã commit batch 87 (1000 sản phẩm)
2025-09-22 06:09:55,726 INFO: Đã ghi 996 sản phẩm vào file /home/quannh/projects_de/project_2/output/products_batch_87_996_ids.csv
2025-09-22 06:09:55,763 INFO: Bắt đầu crawl batch 88 (1000 sản phẩm)
2025-09-22 06:09:57,167 WARNING: Lỗi HTTP 429 - product id: 139783004, thử lại 1/3
2025-09-22 06:09:57,209 WARNING: Lỗi HTTP 429 - product id: 139804955, thử lại 1/3
2025-09-22 06:09:57,214 WARNING: Lỗi HTTP 429 - product id: 139815393, thử lại 1/3
2025-09-22 06:09:57,362 WARNING: Lỗi HTTP 429 - product id: 139924961, thử lại 1/3
2025-09-22 06:09:57,370 WARNING: Lỗi HTTP 429 - product id: 139925136, thử lại 1/3
2025-09-22 06:09:57,424 WARNING: Lỗi HTTP 429 - product id: 139949875, thử lại 1/3
2025-09-22 06:09:58,913 WARNING: Lỗi HTTP 429 - product id: 140148252, thử lại 1/3
2025-09-22 06:09:58,928 WARNING: Lỗi HTTP 429 - product id: 140148271, thử lại 1/3
2025-09-22 06:09:59,012 WARNING: Lỗi HTTP 429 - product id: 140148377, thử lại 1/3
2025-09-22 06:09:59,022 WARNING: Lỗi HTTP 429 - product id: 140148385, thử lại 1/3
2025-09-22 06:09:59,524 WARNING: Lỗi HTTP 429 - product id: 140149697, thử lại 1/3
2025-09-22 06:09:59,814 WARNING: Lỗi HTTP 429 - product id: 140150899, thử lại 1/3
2025-09-22 06:09:59,921 WARNING: Lỗi HTTP 429 - product id: 140151899, thử lại 1/3
2025-09-22 06:10:00,007 WARNING: Lỗi HTTP 429 - product id: 140152590, thử lại 1/3
2025-09-22 06:10:00,016 WARNING: Lỗi HTTP 429 - product id: 140161364, thử lại 1/3
2025-09-22 06:10:00,121 WARNING: Lỗi HTTP 429 - product id: 140175305, thử lại 1/3
2025-09-22 06:10:00,125 WARNING: Lỗi HTTP 429 - product id: 140175346, thử lại 1/3
2025-09-22 06:10:00,219 WARNING: Lỗi HTTP 429 - product id: 140175511, thử lại 1/3
2025-09-22 06:10:00,320 WARNING: Lỗi HTTP 429 - product id: 140175832, thử lại 1/3
2025-09-22 06:10:00,420 WARNING: Lỗi HTTP 429 - product id: 140175995, thử lại 1/3
2025-09-22 06:10:00,426 WARNING: Lỗi HTTP 429 - product id: 139924961, thử lại 2/3
2025-09-22 06:10:00,467 WARNING: Lỗi HTTP 429 - product id: 140176295, thử lại 1/3
2025-09-22 06:10:00,522 WARNING: Lỗi HTTP 429 - product id: 140176360, thử lại 1/3
2025-09-22 06:10:00,568 WARNING: Lỗi HTTP 429 - product id: 140176569, thử lại 1/3
2025-09-22 06:10:00,918 WARNING: Lỗi HTTP 429 - product id: 140177821, thử lại 1/3
2025-09-22 06:10:01,023 WARNING: Lỗi HTTP 429 - product id: 140178590, thử lại 1/3
2025-09-22 06:10:02,469 WARNING: Lỗi HTTP 429 - product id: 140321007, thử lại 1/3
2025-09-22 06:10:02,522 WARNING: Lỗi HTTP 429 - product id: 140321103, thử lại 1/3
2025-09-22 06:10:02,771 WARNING: Lỗi HTTP 429 - product id: 140330525, thử lại 1/3
2025-09-22 06:10:03,123 WARNING: Lỗi HTTP 429 - product id: 140333713, thử lại 1/3
2025-09-22 06:10:03,166 WARNING: Lỗi HTTP 429 - product id: 140351494, thử lại 1/3
2025-09-22 06:10:03,273 WARNING: Lỗi HTTP 429 - product id: 140372119, thử lại 1/3
2025-09-22 06:10:03,385 WARNING: Lỗi HTTP 404: Không tim thấy product id - product id: 140331433
2025-09-22 06:10:05,174 WARNING: Lỗi HTTP 429 - product id: 140482509, thử lại 1/3
2025-09-22 06:10:05,215 WARNING: Lỗi HTTP 429 - product id: 140503565, thử lại 1/3
2025-09-22 06:10:06,655 WARNING: Lỗi HTTP 429 - product id: 140537956, thử lại 1/3
2025-09-22 06:10:06,663 WARNING: Lỗi HTTP 429 - product id: 140537995, thử lại 1/3
2025-09-22 06:10:12,604 INFO: Đã commit batch 88 (1000 sản phẩm)
2025-09-22 06:10:12,631 INFO: Đã ghi 999 sản phẩm vào file /home/quannh/projects_de/project_2/output/products_batch_88_999_ids.csv
2025-09-22 06:10:12,668 INFO: Bắt đầu crawl batch 89 (1000 sản phẩm)
2025-09-22 06:10:13,624 WARNING: Lỗi HTTP 429 - product id: 140957719, thử lại 1/3
2025-09-22 06:10:15,549 WARNING: Lỗi HTTP 404: Không tim thấy product id - product id: 140987470
2025-09-22 06:10:17,414 WARNING: Lỗi HTTP 429 - product id: 141044403, thử lại 1/3
2025-09-22 06:10:17,477 WARNING: Lỗi HTTP 429 - product id: 141044744, thử lại 1/3
2025-09-22 06:10:17,821 WARNING: Lỗi HTTP 429 - product id: 141075245, thử lại 1/3
2025-09-22 06:10:19,327 WARNING: Lỗi HTTP 429 - product id: 141242969, thử lại 1/3
2025-09-22 06:10:19,419 WARNING: Lỗi HTTP 429 - product id: 141243200, thử lại 1/3
2025-09-22 06:10:19,525 WARNING: Lỗi HTTP 429 - product id: 141243376, thử lại 1/3
2025-09-22 06:10:19,589 WARNING: Lỗi HTTP 429 - product id: 141243446, thử lại 1/3
2025-09-22 06:10:19,621 WARNING: Lỗi HTTP 429 - product id: 141245546, thử lại 1/3
2025-09-22 06:10:20,227 WARNING: Lỗi HTTP 429 - product id: 141271834, thử lại 1/3
2025-09-22 06:10:20,315 WARNING: Lỗi HTTP 429 - product id: 141272123, thử lại 1/3
2025-09-22 06:10:20,423 WARNING: Lỗi HTTP 429 - product id: 141272608, thử lại 1/3
2025-09-22 06:10:20,583 WARNING: Lỗi HTTP 429 - product id: 141044403, thử lại 2/3
2025-09-22 06:10:20,669 WARNING: Lỗi HTTP 429 - product id: 141273535, thử lại 1/3
2025-09-22 06:10:20,670 WARNING: Lỗi HTTP 429 - product id: 141273651, thử lại 1/3
2025-09-22 06:10:20,774 WARNING: Lỗi HTTP 429 - product id: 141274038, thử lại 1/3
2025-09-22 06:10:20,819 WARNING: Lỗi HTTP 429 - product id: 141274440, thử lại 1/3
2025-09-22 06:10:20,867 WARNING: Lỗi HTTP 429 - product id: 141274718, thử lại 1/3
2025-09-22 06:10:20,918 WARNING: Lỗi HTTP 429 - product id: 141275364, thử lại 1/3
2025-09-22 06:10:21,326 WARNING: Lỗi HTTP 429 - product id: 141278049, thử lại 1/3
2025-09-22 06:10:21,570 WARNING: Lỗi HTTP 429 - product id: 141279585, thử lại 1/3
2025-09-22 06:10:21,576 WARNING: Lỗi HTTP 429 - product id: 141279614, thử lại 1/3
2025-09-22 06:10:21,771 WARNING: Lỗi HTTP 429 - product id: 141280868, thử lại 1/3
2025-09-22 06:10:22,972 WARNING: Lỗi HTTP 429 - product id: 141287702, thử lại 1/3
2025-09-22 06:10:23,019 WARNING: Lỗi HTTP 429 - product id: 141287802, thử lại 1/3
2025-09-22 06:10:23,079 WARNING: Lỗi HTTP 429 - product id: 141288523, thử lại 1/3
2025-09-22 06:10:23,131 WARNING: Lỗi HTTP 429 - product id: 141288721, thử lại 1/3
2025-09-22 06:10:23,168 WARNING: Lỗi HTTP 429 - product id: 141289313, thử lại 1/3
2025-09-22 06:10:23,169 WARNING: Lỗi HTTP 429 - product id: 141289347, thử lại 1/3
2025-09-22 06:10:23,314 WARNING: Lỗi HTTP 429 - product id: 141290471, thử lại 1/3
2025-09-22 06:10:23,323 WARNING: Lỗi HTTP 429 - product id: 141290577, thử lại 1/3
2025-09-22 06:10:23,378 WARNING: Lỗi HTTP 429 - product id: 141290872, thử lại 1/3
2025-09-22 06:10:24,020 WARNING: Lỗi HTTP 429 - product id: 141328207, thử lại 1/3
2025-09-22 06:10:26,322 WARNING: Lỗi HTTP 429 - product id: 141288721, thử lại 2/3
2025-09-22 06:10:27,522 WARNING: Lỗi HTTP 429 - product id: 141535393, thử lại 1/3
2025-09-22 06:10:27,678 WARNING: Lỗi HTTP 429 - product id: 141536481, thử lại 1/3
2025-09-22 06:10:27,867 WARNING: Lỗi HTTP 429 - product id: 141537504, thử lại 1/3
2025-09-22 06:10:27,932 WARNING: Lỗi HTTP 429 - product id: 141537722, thử lại 1/3
2025-09-22 06:10:28,380 WARNING: Lỗi HTTP 429 - product id: 141539471, thử lại 1/3
2025-09-22 06:10:28,423 WARNING: Lỗi HTTP 429 - product id: 141539589, thử lại 1/3
2025-09-22 06:10:28,518 WARNING: Lỗi HTTP 429 - product id: 141540164, thử lại 1/3
2025-09-22 06:10:32,446 INFO: Đã commit batch 89 (1000 sản phẩm)
2025-09-22 06:10:32,475 INFO: Đã ghi 999 sản phẩm vào file /home/quannh/projects_de/project_2/output/products_batch_89_999_ids.csv
2025-09-22 06:10:32,513 INFO: Bắt đầu crawl batch 90 (1000 sản phẩm)
2025-09-22 06:10:34,275 WARNING: Lỗi HTTP 429 - product id: 141591221, thử lại 1/3
2025-09-22 06:10:34,320 WARNING: Lỗi HTTP 429 - product id: 141594556, thử lại 1/3
2025-09-22 06:10:34,369 WARNING: Lỗi HTTP 429 - product id: 141596603, thử lại 1/3
2025-09-22 06:10:34,409 WARNING: Lỗi HTTP 429 - product id: 141597887, thử lại 1/3
2025-09-22 06:10:34,415 WARNING: Lỗi HTTP 429 - product id: 141629214, thử lại 1/3
2025-09-22 06:10:34,460 WARNING: Lỗi HTTP 429 - product id: 141644015, thử lại 1/3
2025-09-22 06:10:34,466 WARNING: Lỗi HTTP 429 - product id: 141644947, thử lại 1/3
2025-09-22 06:10:34,674 WARNING: Lỗi HTTP 429 - product id: 141651691, thử lại 1/3
2025-09-22 06:10:34,712 WARNING: Lỗi HTTP 429 - product id: 141653855, thử lại 1/3
2025-09-22 06:10:34,765 WARNING: Lỗi HTTP 429 - product id: 141656940, thử lại 1/3
2025-09-22 06:10:34,917 WARNING: Lỗi HTTP 429 - product id: 141665257, thử lại 1/3
2025-09-22 06:10:34,921 WARNING: Lỗi HTTP 429 - product id: 141663368, thử lại 1/3
2025-09-22 06:10:34,968 WARNING: Lỗi HTTP 429 - product id: 141665934, thử lại 1/3
2025-09-22 06:10:35,766 WARNING: Lỗi HTTP 429 - product id: 141773461, thử lại 1/3
2025-09-22 06:10:35,817 WARNING: Lỗi HTTP 429 - product id: 141773474, thử lại 1/3
2025-09-22 06:10:35,869 WARNING: Lỗi HTTP 429 - product id: 141773540, thử lại 1/3
2025-09-22 06:10:35,919 WARNING: Lỗi HTTP 429 - product id: 141773621, thử lại 1/3
2025-09-22 06:10:37,467 WARNING: Lỗi HTTP 429 - product id: 141840339, thử lại 1/3
2025-09-22 06:10:37,566 WARNING: Lỗi HTTP 429 - product id: 141840604, thử lại 1/3
2025-09-22 06:10:37,612 WARNING: Lỗi HTTP 429 - product id: 141840630, thử lại 1/3
2025-09-22 06:10:37,718 WARNING: Lỗi HTTP 429 - product id: 141840763, thử lại 1/3
2025-09-22 06:10:37,866 WARNING: Lỗi HTTP 429 - product id: 141840994, thử lại 1/3
2025-09-22 06:10:37,913 WARNING: Lỗi HTTP 429 - product id: 141841196, thử lại 1/3
2025-09-22 06:10:37,913 WARNING: Lỗi HTTP 429 - product id: 141841178, thử lại 1/3
2025-09-22 06:10:38,218 WARNING: Lỗi HTTP 429 - product id: 141843862, thử lại 1/3
2025-09-22 06:10:39,366 WARNING: Lỗi HTTP 429 - product id: 141986026, thử lại 1/3
2025-09-22 06:10:39,567 WARNING: Lỗi HTTP 429 - product id: 142024707, thử lại 1/3
2025-09-22 06:10:39,665 WARNING: Lỗi HTTP 429 - product id: 142031617, thử lại 1/3
2025-09-22 06:10:39,720 WARNING: Lỗi HTTP 429 - product id: 142031856, thử lại 1/3
2025-09-22 06:10:39,725 WARNING: Lỗi HTTP 429 - product id: 142032221, thử lại 1/3
2025-09-22 06:10:39,912 WARNING: Lỗi HTTP 429 - product id: 142090962, thử lại 1/3
2025-09-22 06:10:40,069 WARNING: Lỗi HTTP 429 - product id: 142114408, thử lại 1/3
2025-09-22 06:10:40,770 WARNING: Lỗi HTTP 429 - product id: 142238552, thử lại 1/3
2025-09-22 06:10:40,820 WARNING: Lỗi HTTP 429 - product id: 142242879, thử lại 1/3
2025-09-22 06:10:41,121 WARNING: Lỗi HTTP 429 - product id: 142252393, thử lại 1/3
2025-09-22 06:10:41,194 WARNING: Lỗi HTTP 429 - product id: 142260174, thử lại 1/3
2025-09-22 06:10:41,222 WARNING: Lỗi HTTP 429 - product id: 142260684, thử lại 1/3
2025-09-22 06:10:41,319 WARNING: Lỗi HTTP 429 - product id: 142264875, thử lại 1/3
2025-09-22 06:10:41,366 WARNING: Lỗi HTTP 429 - product id: 142276773, thử lại 1/3
2025-09-22 06:10:47,468 WARNING: Lỗi HTTP 429 - product id: 142833549, thử lại 1/3
2025-09-22 06:10:47,920 WARNING: Lỗi HTTP 429 - product id: 142836064, thử lại 1/3
2025-09-22 06:10:48,022 WARNING: Lỗi HTTP 429 - product id: 142837277, thử lại 1/3
2025-09-22 06:10:48,061 WARNING: Lỗi HTTP 429 - product id: 142837437, thử lại 1/3
2025-09-22 06:10:48,119 WARNING: Lỗi HTTP 429 - product id: 142837916, thử lại 1/3
2025-09-22 06:10:48,217 WARNING: Lỗi HTTP 429 - product id: 142838236, thử lại 1/3
2025-09-22 06:10:48,224 WARNING: Lỗi HTTP 429 - product id: 142838266, thử lại 1/3
2025-09-22 06:10:48,382 WARNING: Lỗi HTTP 429 - product id: 142840047, thử lại 1/3
2025-09-22 06:10:51,473 INFO: Đã commit batch 90 (1000 sản phẩm)
2025-09-22 06:10:51,504 INFO: Đã ghi 1000 sản phẩm vào file /home/quannh/projects_de/project_2/output/products_batch_90_1000_ids.csv
2025-09-22 06:10:51,541 INFO: Bắt đầu crawl batch 91 (1000 sản phẩm)
2025-09-22 06:10:54,469 WARNING: Lỗi HTTP 429 - product id: 143112864, thử lại 1/3
2025-09-22 06:10:54,558 WARNING: Lỗi HTTP 429 - product id: 143113036, thử lại 1/3
2025-09-22 06:10:54,567 WARNING: Lỗi HTTP 429 - product id: 143113108, thử lại 1/3
2025-09-22 06:10:54,621 WARNING: Lỗi HTTP 429 - product id: 143113276, thử lại 1/3
2025-09-22 06:10:54,622 WARNING: Lỗi HTTP 429 - product id: 143113258, thử lại 1/3
2025-09-22 06:10:54,630 WARNING: Lỗi HTTP 429 - product id: 143113300, thử lại 1/3
2025-09-22 06:10:54,695 WARNING: Lỗi HTTP 429 - product id: 143113642, thử lại 1/3
2025-09-22 06:10:54,717 WARNING: Lỗi HTTP 429 - product id: 143114364, thử lại 1/3
2025-09-22 06:10:54,763 WARNING: Lỗi HTTP 429 - product id: 143114509, thử lại 1/3
2025-09-22 06:10:55,881 WARNING: Lỗi HTTP 404: Không tim thấy product id - product id: 143144978
2025-09-22 06:10:58,468 WARNING: Lỗi HTTP 429 - product id: 143275101, thử lại 1/3
2025-09-22 06:10:58,569 WARNING: Lỗi HTTP 429 - product id: 143291846, thử lại 1/3
2025-09-22 06:10:58,573 WARNING: Lỗi HTTP 429 - product id: 143292503, thử lại 1/3
2025-09-22 06:10:59,423 WARNING: Lỗi HTTP 429 - product id: 143352080, thử lại 1/3
2025-09-22 06:10:59,425 WARNING: Lỗi HTTP 429 - product id: 143352093, thử lại 1/3
2025-09-22 06:10:59,464 WARNING: Lỗi HTTP 429 - product id: 143352551, thử lại 1/3
2025-09-22 06:11:00,815 WARNING: Lỗi HTTP 429 - product id: 143378716, thử lại 1/3
2025-09-22 06:11:00,863 WARNING: Lỗi HTTP 429 - product id: 143378730, thử lại 1/3
2025-09-22 06:11:01,266 WARNING: Lỗi HTTP 429 - product id: 143399958, thử lại 1/3
2025-09-22 06:11:01,664 WARNING: Lỗi HTTP 429 - product id: 143404582, thử lại 1/3
2025-09-22 06:11:01,711 WARNING: Lỗi HTTP 429 - product id: 143405934, thử lại 1/3
2025-09-22 06:11:01,766 WARNING: Lỗi HTTP 429 - product id: 143292503, thử lại 2/3
2025-09-22 06:11:01,814 WARNING: Lỗi HTTP 429 - product id: 143419814, thử lại 1/3
2025-09-22 06:11:01,881 WARNING: Lỗi HTTP 429 - product id: 143421050, thử lại 1/3
2025-09-22 06:11:02,088 WARNING: Lỗi HTTP 404: Không tim thấy product id - product id: 143406068
2025-09-22 06:11:03,686 WARNING: Lỗi HTTP 404: Không tim thấy product id - product id: 143468129
2025-09-22 06:11:03,738 WARNING: Lỗi HTTP 404: Không tim thấy product id - product id: 143468298
2025-09-22 06:11:04,668 WARNING: Lỗi HTTP 429 - product id: 143618167, thử lại 1/3
2025-09-22 06:11:05,915 WARNING: Lỗi HTTP 429 - product id: 143678796, thử lại 1/3
2025-09-22 06:11:09,020 INFO: Đã commit batch 91 (1000 sản phẩm)
2025-09-22 06:11:09,048 INFO: Đã ghi 996 sản phẩm vào file /home/quannh/projects_de/project_2/output/products_batch_91_996_ids.csv
2025-09-22 06:11:09,085 INFO: Bắt đầu crawl batch 92 (1000 sản phẩm)
2025-09-22 06:11:09,535 WARNING: Lỗi HTTP 429 - product id: 143827468, thử lại 1/3
2025-09-22 06:11:10,142 WARNING: Lỗi HTTP 429 - product id: 143842575, thử lại 1/3
2025-09-22 06:11:10,192 WARNING: Lỗi HTTP 429 - product id: 143845058, thử lại 1/3
2025-09-22 06:11:10,238 WARNING: Lỗi HTTP 429 - product id: 143855034, thử lại 1/3
2025-09-22 06:11:10,295 WARNING: Lỗi HTTP 429 - product id: 143858530, thử lại 1/3
2025-09-22 06:11:10,742 WARNING: Lỗi HTTP 429 - product id: 143862926, thử lại 1/3
2025-09-22 06:11:10,742 WARNING: Lỗi HTTP 429 - product id: 143862914, thử lại 1/3
2025-09-22 06:11:10,809 WARNING: Lỗi HTTP 429 - product id: 143863038, thử lại 1/3
2025-09-22 06:11:10,940 WARNING: Lỗi HTTP 429 - product id: 143863207, thử lại 1/3
2025-09-22 06:11:11,188 WARNING: Lỗi HTTP 429 - product id: 143863912, thử lại 1/3
2025-09-22 06:11:11,189 WARNING: Lỗi HTTP 429 - product id: 143863896, thử lại 1/3
2025-09-22 06:11:11,234 WARNING: Lỗi HTTP 429 - product id: 143863969, thử lại 1/3
2025-09-22 06:11:11,297 WARNING: Lỗi HTTP 429 - product id: 143866197, thử lại 1/3
2025-09-22 06:11:11,430 WARNING: Lỗi HTTP 429 - product id: 143867862, thử lại 1/3
2025-09-22 06:11:11,476 WARNING: Lỗi HTTP 429 - product id: 143868653, thử lại 1/3
2025-09-22 06:11:11,481 WARNING: Lỗi HTTP 429 - product id: 143868667, thử lại 1/3
2025-09-22 06:11:11,491 WARNING: Lỗi HTTP 429 - product id: 143869814, thử lại 1/3
2025-09-22 06:11:11,538 WARNING: Lỗi HTTP 429 - product id: 143870776, thử lại 1/3
2025-09-22 06:11:11,740 WARNING: Lỗi HTTP 429 - product id: 143886067, thử lại 1/3
2025-09-22 06:11:11,783 WARNING: Lỗi HTTP 429 - product id: 143886213, thử lại 1/3
2025-09-22 06:11:14,838 WARNING: Lỗi HTTP 429 - product id: 144045059, thử lại 1/3
2025-09-22 06:11:15,108 WARNING: Lỗi HTTP 404: Không tim thấy product id - product id: 144045034
2025-09-22 06:11:15,356 WARNING: Lỗi HTTP 404: Không tim thấy product id - product id: 144046174
2025-09-22 06:11:15,482 WARNING: Lỗi HTTP 429 - product id: 144082062, thử lại 1/3
2025-09-22 06:11:18,546 WARNING: Lỗi HTTP 429 - product id: 144131924, thử lại 1/3
2025-09-22 06:11:18,647 WARNING: Lỗi HTTP 429 - product id: 144132488, thử lại 1/3
2025-09-22 06:11:19,785 WARNING: Lỗi HTTP 429 - product id: 144138912, thử lại 1/3
2025-09-22 06:11:20,642 WARNING: Lỗi HTTP 429 - product id: 144170511, thử lại 1/3
2025-09-22 06:11:20,733 WARNING: Lỗi HTTP 429 - product id: 144172166, thử lại 1/3
2025-09-22 06:11:22,005 WARNING: Lỗi HTTP 404: Không tim thấy product id - product id: 144197460
2025-09-22 06:11:22,253 WARNING: Lỗi HTTP 404: Không tim thấy product id - product id: 144198306
2025-09-22 06:11:22,636 WARNING: Lỗi HTTP 429 - product id: 144203319, thử lại 1/3
2025-09-22 06:11:22,838 WARNING: Lỗi HTTP 429 - product id: 144213500, thử lại 1/3
2025-09-22 06:11:22,940 WARNING: Lỗi HTTP 429 - product id: 144221678, thử lại 1/3
2025-09-22 06:11:23,237 WARNING: Lỗi HTTP 404: Không tim thấy product id - product id: 144199447
2025-09-22 06:11:23,494 WARNING: Lỗi HTTP 404: Không tim thấy product id - product id: 144230422
2025-09-22 06:11:23,751 WARNING: Lỗi HTTP 429 - product id: 144234385, thử lại 1/3
2025-09-22 06:11:23,751 WARNING: Lỗi HTTP 429 - product id: 144234493, thử lại 1/3
2025-09-22 06:11:23,837 WARNING: Lỗi HTTP 429 - product id: 144235298, thử lại 1/3
2025-09-22 06:11:27,004 INFO: Đã commit batch 92 (1000 sản phẩm)
2025-09-22 06:11:27,030 INFO: Đã ghi 994 sản phẩm vào file /home/quannh/projects_de/project_2/output/products_batch_92_994_ids.csv
2025-09-22 06:11:27,067 INFO: Bắt đầu crawl batch 93 (1000 sản phẩm)
2025-09-22 06:11:29,918 WARNING: Lỗi HTTP 429 - product id: 144452668, thử lại 1/3
2025-09-22 06:11:30,275 WARNING: Lỗi HTTP 429 - product id: 144454751, thử lại 1/3
2025-09-22 06:11:30,926 WARNING: Lỗi HTTP 429 - product id: 144469988, thử lại 1/3
2025-09-22 06:11:34,222 WARNING: Lỗi HTTP 429 - product id: 144469988, thử lại 2/3
2025-09-22 06:11:34,285 WARNING: Lỗi HTTP 429 - product id: 144606474, thử lại 1/3
2025-09-22 06:11:34,316 WARNING: Lỗi HTTP 429 - product id: 144606534, thử lại 1/3
2025-09-22 06:11:34,373 WARNING: Lỗi HTTP 429 - product id: 144610516, thử lại 1/3
2025-09-22 06:11:34,567 WARNING: Lỗi HTTP 429 - product id: 144629206, thử lại 1/3
2025-09-22 06:11:34,824 WARNING: Lỗi HTTP 429 - product id: 144629630, thử lại 1/3
2025-09-22 06:11:34,964 WARNING: Lỗi HTTP 429 - product id: 144634639, thử lại 1/3
2025-09-22 06:11:35,872 WARNING: Lỗi HTTP 429 - product id: 144692001, thử lại 1/3
2025-09-22 06:11:35,889 WARNING: Lỗi HTTP 404: Không tim thấy product id - product id: 144631305
2025-09-22 06:11:35,922 WARNING: Lỗi HTTP 429 - product id: 144692106, thử lại 1/3
2025-09-22 06:11:35,970 WARNING: Lỗi HTTP 429 - product id: 144692391, thử lại 1/3
2025-09-22 06:11:36,011 WARNING: Lỗi HTTP 429 - product id: 144692816, thử lại 1/3
2025-09-22 06:11:36,030 WARNING: Lỗi HTTP 429 - product id: 144692968, thử lại 1/3
2025-09-22 06:11:38,219 WARNING: Lỗi HTTP 429 - product id: 144758154, thử lại 1/3
2025-09-22 06:11:38,270 WARNING: Lỗi HTTP 429 - product id: 144758252, thử lại 1/3
2025-09-22 06:11:38,467 WARNING: Lỗi HTTP 429 - product id: 144763033, thử lại 1/3
2025-09-22 06:11:38,889 WARNING: Lỗi HTTP 404: Không tim thấy product id - product id: 144763130
2025-09-22 06:11:40,967 WARNING: Lỗi HTTP 429 - product id: 145030000, thử lại 1/3
2025-09-22 06:11:41,030 WARNING: Lỗi HTTP 429 - product id: 145030129, thử lại 1/3
2025-09-22 06:11:41,221 WARNING: Lỗi HTTP 429 - product id: 145030455, thử lại 1/3
2025-09-22 06:11:41,469 WARNING: Lỗi HTTP 429 - product id: 145030823, thử lại 1/3
2025-09-22 06:11:41,722 WARNING: Lỗi HTTP 429 - product id: 145083731, thử lại 1/3
2025-09-22 06:11:41,777 WARNING: Lỗi HTTP 429 - product id: 145088067, thử lại 1/3
2025-09-22 06:11:41,826 WARNING: Lỗi HTTP 429 - product id: 145092372, thử lại 1/3
2025-09-22 06:11:41,878 WARNING: Lỗi HTTP 429 - product id: 145092924, thử lại 1/3
2025-09-22 06:11:41,972 WARNING: Lỗi HTTP 429 - product id: 145094475, thử lại 1/3
2025-09-22 06:11:41,976 WARNING: Lỗi HTTP 429 - product id: 145094517, thử lại 1/3
2025-09-22 06:11:42,076 WARNING: Lỗi HTTP 429 - product id: 145096425, thử lại 1/3
2025-09-22 06:11:42,679 WARNING: Lỗi HTTP 429 - product id: 145113300, thử lại 1/3
2025-09-22 06:11:42,720 WARNING: Lỗi HTTP 429 - product id: 145116424, thử lại 1/3
2025-09-22 06:11:42,771 WARNING: Lỗi HTTP 429 - product id: 145124517, thử lại 1/3
2025-09-22 06:11:45,858 INFO: Đã commit batch 93 (1000 sản phẩm)
2025-09-22 06:11:45,888 INFO: Đã ghi 998 sản phẩm vào file /home/quannh/projects_de/project_2/output/products_batch_93_998_ids.csv
2025-09-22 06:11:45,925 INFO: Bắt đầu crawl batch 94 (1000 sản phẩm)
2025-09-22 06:11:46,183 WARNING: Lỗi HTTP 429 - product id: 145172045, thử lại 1/3
2025-09-22 06:11:46,231 WARNING: Lỗi HTTP 429 - product id: 145172308, thử lại 1/3
2025-09-22 06:11:46,435 WARNING: Lỗi HTTP 429 - product id: 145172877, thử lại 1/3
2025-09-22 06:11:47,226 WARNING: Lỗi HTTP 429 - product id: 145207196, thử lại 1/3
2025-09-22 06:11:47,279 WARNING: Lỗi HTTP 429 - product id: 145208668, thử lại 1/3
2025-09-22 06:11:47,322 WARNING: Lỗi HTTP 429 - product id: 145208823, thử lại 1/3
2025-09-22 06:11:47,527 WARNING: Lỗi HTTP 429 - product id: 145220980, thử lại 1/3
2025-09-22 06:11:47,588 WARNING: Lỗi HTTP 429 - product id: 145221431, thử lại 1/3
2025-09-22 06:11:48,925 WARNING: Lỗi HTTP 429 - product id: 145255309, thử lại 1/3
2025-09-22 06:11:48,983 WARNING: Lỗi HTTP 429 - product id: 145257036, thử lại 1/3
2025-09-22 06:11:49,290 WARNING: Lỗi HTTP 429 - product id: 145278026, thử lại 1/3
2025-09-22 06:11:49,871 WARNING: Lỗi HTTP 429 - product id: 145290226, thử lại 1/3
2025-09-22 06:11:49,934 WARNING: Lỗi HTTP 429 - product id: 145290701, thử lại 1/3
2025-09-22 06:11:50,887 WARNING: Lỗi HTTP 429 - product id: 145411435, thử lại 1/3
2025-09-22 06:11:50,950 WARNING: Lỗi HTTP 429 - product id: 145411450, thử lại 1/3
2025-09-22 06:11:51,023 WARNING: Lỗi HTTP 429 - product id: 145411512, thử lại 1/3
2025-09-22 06:11:51,032 WARNING: Lỗi HTTP 429 - product id: 145411548, thử lại 1/3
2025-09-22 06:11:51,133 WARNING: Lỗi HTTP 429 - product id: 145411765, thử lại 1/3
2025-09-22 06:11:51,175 WARNING: Lỗi HTTP 429 - product id: 145411838, thử lại 1/3
2025-09-22 06:11:51,197 WARNING: Lỗi HTTP 429 - product id: 145411869, thử lại 1/3
2025-09-22 06:11:51,227 WARNING: Lỗi HTTP 429 - product id: 145411896, thử lại 1/3
2025-09-22 06:11:51,283 WARNING: Lỗi HTTP 429 - product id: 145411966, thử lại 1/3
2025-09-22 06:11:51,471 WARNING: Lỗi HTTP 429 - product id: 145412097, thử lại 1/3
2025-09-22 06:11:51,534 WARNING: Lỗi HTTP 429 - product id: 145412155, thử lại 1/3
2025-09-22 06:11:51,627 WARNING: Lỗi HTTP 429 - product id: 145412282, thử lại 1/3
2025-09-22 06:11:51,727 WARNING: Lỗi HTTP 429 - product id: 145412392, thử lại 1/3
2025-09-22 06:11:52,378 WARNING: Lỗi HTTP 429 - product id: 145434588, thử lại 1/3
2025-09-22 06:11:52,829 WARNING: Lỗi HTTP 429 - product id: 145499240, thử lại 1/3
2025-09-22 06:11:52,874 WARNING: Lỗi HTTP 429 - product id: 145499565, thử lại 1/3
2025-09-22 06:11:53,685 WARNING: Lỗi HTTP 429 - product id: 145603924, thử lại 1/3
2025-09-22 06:11:54,037 WARNING: Lỗi HTTP 429 - product id: 145620100, thử lại 1/3
2025-09-22 06:11:54,420 WARNING: Lỗi HTTP 429 - product id: 145620379, thử lại 1/3
2025-09-22 06:11:54,484 WARNING: Lỗi HTTP 429 - product id: 145620586, thử lại 1/3
2025-09-22 06:11:54,529 WARNING: Lỗi HTTP 429 - product id: 145620627, thử lại 1/3
2025-09-22 06:11:54,622 WARNING: Lỗi HTTP 429 - product id: 145620758, thử lại 1/3
2025-09-22 06:11:54,777 WARNING: Lỗi HTTP 429 - product id: 145625058, thử lại 1/3
2025-09-22 06:11:54,871 WARNING: Lỗi HTTP 429 - product id: 145412392, thử lại 2/3
2025-09-22 06:11:54,887 WARNING: Lỗi HTTP 429 - product id: 145626946, thử lại 1/3
2025-09-22 06:11:54,930 WARNING: Lỗi HTTP 429 - product id: 145627026, thử lại 1/3
2025-09-22 06:11:55,076 WARNING: Lỗi HTTP 429 - product id: 145641165, thử lại 1/3
2025-09-22 06:11:55,239 WARNING: Lỗi HTTP 429 - product id: 145654085, thử lại 1/3
2025-09-22 06:11:55,430 WARNING: Lỗi HTTP 429 - product id: 145664070, thử lại 1/3
2025-09-22 06:11:55,580 WARNING: Lỗi HTTP 429 - product id: 145673561, thử lại 1/3
2025-09-22 06:11:55,836 WARNING: Lỗi HTTP 429 - product id: 145700626, thử lại 1/3
2025-09-22 06:11:55,875 WARNING: Lỗi HTTP 429 - product id: 145702033, thử lại 1/3
2025-09-22 06:11:55,984 WARNING: Lỗi HTTP 429 - product id: 145702255, thử lại 1/3
2025-09-22 06:11:56,338 WARNING: Lỗi HTTP 429 - product id: 145703086, thử lại 1/3
2025-09-22 06:11:56,733 WARNING: Lỗi HTTP 429 - product id: 145758740, thử lại 1/3
2025-09-22 06:11:56,783 WARNING: Lỗi HTTP 429 - product id: 145762636, thử lại 1/3
2025-09-22 06:11:57,487 WARNING: Lỗi HTTP 429 - product id: 145620379, thử lại 2/3
2025-09-22 06:11:57,727 WARNING: Lỗi HTTP 429 - product id: 145766866, thử lại 1/3
2025-09-22 06:11:58,127 WARNING: Lỗi HTTP 429 - product id: 145767148, thử lại 1/3
2025-09-22 06:11:58,385 WARNING: Lỗi HTTP 429 - product id: 145767422, thử lại 1/3
2025-09-22 06:11:58,631 WARNING: Lỗi HTTP 429 - product id: 145767663, thử lại 1/3
2025-09-22 06:11:58,631 WARNING: Lỗi HTTP 429 - product id: 145767664, thử lại 1/3
2025-09-22 06:12:00,120 WARNING: Lỗi HTTP 429 - product id: 145878553, thử lại 1/3
2025-09-22 06:12:00,870 WARNING: Lỗi HTTP 429 - product id: 146034729, thử lại 1/3
2025-09-22 06:12:01,125 WARNING: Lỗi HTTP 429 - product id: 146079142, thử lại 1/3
2025-09-22 06:12:01,190 WARNING: Lỗi HTTP 429 - product id: 145974300, thử lại 1/3
2025-09-22 06:12:01,373 WARNING: Lỗi HTTP 429 - product id: 146080495, thử lại 1/3
2025-09-22 06:12:01,868 WARNING: Lỗi HTTP 429 - product id: 146151002, thử lại 1/3
2025-09-22 06:12:04,975 INFO: Đã commit batch 94 (1000 sản phẩm)
2025-09-22 06:12:05,004 INFO: Đã ghi 1000 sản phẩm vào file /home/quannh/projects_de/project_2/output/products_batch_94_1000_ids.csv
2025-09-22 06:12:05,041 INFO: Bắt đầu crawl batch 95 (1000 sản phẩm)
2025-09-22 06:12:05,299 WARNING: Lỗi HTTP 429 - product id: 146253180, thử lại 1/3
2025-09-22 06:12:05,315 WARNING: Lỗi HTTP 404: Không tim thấy product id - product id: 146232045
2025-09-22 06:12:05,337 WARNING: Lỗi HTTP 429 - product id: 146254861, thử lại 1/3
2025-09-22 06:12:05,400 WARNING: Lỗi HTTP 429 - product id: 146257517, thử lại 1/3
2025-09-22 06:12:05,404 WARNING: Lỗi HTTP 429 - product id: 146256895, thử lại 1/3
2025-09-22 06:12:05,493 WARNING: Lỗi HTTP 429 - product id: 146262048, thử lại 1/3
2025-09-22 06:12:05,554 WARNING: Lỗi HTTP 429 - product id: 146266943, thử lại 1/3
2025-09-22 06:12:05,555 WARNING: Lỗi HTTP 429 - product id: 146266851, thử lại 1/3
2025-09-22 06:12:05,598 WARNING: Lỗi HTTP 429 - product id: 146268122, thử lại 1/3
2025-09-22 06:12:05,636 WARNING: Lỗi HTTP 429 - product id: 146271473, thử lại 1/3
2025-09-22 06:12:05,687 WARNING: Lỗi HTTP 429 - product id: 146274139, thử lại 1/3
2025-09-22 06:12:05,690 WARNING: Lỗi HTTP 429 - product id: 146278503, thử lại 1/3
2025-09-22 06:12:05,700 WARNING: Lỗi HTTP 429 - product id: 146283110, thử lại 1/3
2025-09-22 06:12:05,701 WARNING: Lỗi HTTP 429 - product id: 146285507, thử lại 1/3
2025-09-22 06:12:05,713 WARNING: Lỗi HTTP 404: Không tim thấy product id - product id: 146250691
2025-09-22 06:12:05,947 WARNING: Lỗi HTTP 429 - product id: 146364454, thử lại 1/3
2025-09-22 06:12:07,943 WARNING: Lỗi HTTP 429 - product id: 146386163, thử lại 1/3
2025-09-22 06:12:07,949 WARNING: Lỗi HTTP 429 - product id: 146386828, thử lại 1/3
2025-09-22 06:12:08,086 WARNING: Lỗi HTTP 429 - product id: 146394048, thử lại 1/3
2025-09-22 06:12:09,441 WARNING: Lỗi HTTP 429 - product id: 146485537, thử lại 1/3
2025-09-22 06:12:09,547 WARNING: Lỗi HTTP 429 - product id: 146486016, thử lại 1/3
2025-09-22 06:12:10,457 WARNING: Lỗi HTTP 429 - product id: 146493508, thử lại 1/3
2025-09-22 06:12:10,496 WARNING: Lỗi HTTP 429 - product id: 146493548, thử lại 1/3
2025-09-22 06:12:10,592 WARNING: Lỗi HTTP 429 - product id: 146494178, thử lại 1/3
2025-09-22 06:12:10,699 WARNING: Lỗi HTTP 429 - product id: 146502945, thử lại 1/3
2025-09-22 06:12:10,794 WARNING: Lỗi HTTP 429 - product id: 146503731, thử lại 1/3
2025-09-22 06:12:10,887 WARNING: Lỗi HTTP 429 - product id: 146504053, thử lại 1/3
2025-09-22 06:12:10,888 WARNING: Lỗi HTTP 429 - product id: 146504084, thử lại 1/3
2025-09-22 06:12:11,797 WARNING: Lỗi HTTP 429 - product id: 146512037, thử lại 1/3
2025-09-22 06:12:14,995 WARNING: Lỗi HTTP 429 - product id: 146595010, thử lại 1/3
2025-09-22 06:12:16,250 WARNING: Lỗi HTTP 429 - product id: 146634673, thử lại 1/3
2025-09-22 06:12:16,290 WARNING: Lỗi HTTP 429 - product id: 146635100, thử lại 1/3
2025-09-22 06:12:16,345 WARNING: Lỗi HTTP 429 - product id: 146642661, thử lại 1/3
2025-09-22 06:12:16,352 WARNING: Lỗi HTTP 429 - product id: 146642685, thử lại 1/3
2025-09-22 06:12:17,139 WARNING: Lỗi HTTP 429 - product id: 146708340, thử lại 1/3
2025-09-22 06:12:17,297 WARNING: Lỗi HTTP 429 - product id: 146714483, thử lại 1/3
2025-09-22 06:12:17,391 WARNING: Lỗi HTTP 429 - product id: 146722124, thử lại 1/3
2025-09-22 06:12:17,392 WARNING: Lỗi HTTP 429 - product id: 146720519, thử lại 1/3
2025-09-22 06:12:17,446 WARNING: Lỗi HTTP 429 - product id: 146728686, thử lại 1/3
2025-09-22 06:12:17,453 WARNING: Lỗi HTTP 429 - product id: 146729699, thử lại 1/3
2025-09-22 06:12:19,574 WARNING: Lỗi HTTP 429 - product id: 146642685, thử lại 2/3
2025-09-22 06:12:19,648 WARNING: Lỗi HTTP 429 - product id: 146943994, thử lại 1/3
2025-09-22 06:12:19,848 WARNING: Lỗi HTTP 429 - product id: 146945702, thử lại 1/3
2025-09-22 06:12:20,301 WARNING: Lỗi HTTP 429 - product id: 146948817, thử lại 1/3
2025-09-22 06:12:20,352 WARNING: Lỗi HTTP 429 - product id: 146948901, thử lại 1/3
2025-09-22 06:12:20,354 WARNING: Lỗi HTTP 429 - product id: 146949063, thử lại 1/3
2025-09-22 06:12:20,385 WARNING: Lỗi HTTP 429 - product id: 146949242, thử lại 1/3
2025-09-22 06:12:20,394 WARNING: Lỗi HTTP 429 - product id: 146949483, thử lại 1/3
2025-09-22 06:12:20,421 WARNING: Lỗi HTTP 429 - product id: 146949584, thử lại 1/3
2025-09-22 06:12:20,488 WARNING: Lỗi HTTP 429 - product id: 146950028, thử lại 1/3
2025-09-22 06:12:20,493 WARNING: Lỗi HTTP 429 - product id: 146950090, thử lại 1/3
2025-09-22 06:12:20,589 WARNING: Lỗi HTTP 429 - product id: 146729699, thử lại 2/3
2025-09-22 06:12:20,593 WARNING: Lỗi HTTP 429 - product id: 146953894, thử lại 1/3
2025-09-22 06:12:20,650 WARNING: Lỗi HTTP 429 - product id: 146965753, thử lại 1/3
2025-09-22 06:12:20,743 WARNING: Lỗi HTTP 429 - product id: 146967840, thử lại 1/3
2025-09-22 06:12:26,702 INFO: Đã commit batch 95 (1000 sản phẩm)
2025-09-22 06:12:26,732 INFO: Đã ghi 998 sản phẩm vào file /home/quannh/projects_de/project_2/output/products_batch_95_998_ids.csv
2025-09-22 06:12:26,769 INFO: Bắt đầu crawl batch 96 (1000 sản phẩm)
2025-09-22 06:12:33,577 WARNING: Lỗi HTTP 429 - product id: 147570025, thử lại 1/3
2025-09-22 06:12:34,519 WARNING: Lỗi HTTP 429 - product id: 147671826, thử lại 1/3
2025-09-22 06:12:34,777 WARNING: Lỗi HTTP 429 - product id: 147697075, thử lại 1/3
2025-09-22 06:12:34,921 WARNING: Lỗi HTTP 429 - product id: 147703388, thử lại 1/3
2025-09-22 06:12:34,968 WARNING: Lỗi HTTP 429 - product id: 147709107, thử lại 1/3
2025-09-22 06:12:34,982 WARNING: Lỗi HTTP 429 - product id: 147710040, thử lại 1/3
2025-09-22 06:12:35,071 WARNING: Lỗi HTTP 429 - product id: 147724807, thử lại 1/3
2025-09-22 06:12:35,364 WARNING: Lỗi HTTP 429 - product id: 147725169, thử lại 1/3
2025-09-22 06:12:35,368 WARNING: Lỗi HTTP 429 - product id: 147725189, thử lại 1/3
2025-09-22 06:12:35,470 WARNING: Lỗi HTTP 429 - product id: 147725545, thử lại 1/3
2025-09-22 06:12:35,535 WARNING: Lỗi HTTP 429 - product id: 147725975, thử lại 1/3
2025-09-22 06:12:35,585 WARNING: Lỗi HTTP 429 - product id: 147729620, thử lại 1/3
2025-09-22 06:12:35,673 WARNING: Lỗi HTTP 429 - product id: 147743660, thử lại 1/3
2025-09-22 06:12:35,773 WARNING: Lỗi HTTP 429 - product id: 147751642, thử lại 1/3
2025-09-22 06:12:35,826 WARNING: Lỗi HTTP 429 - product id: 147754732, thử lại 1/3
2025-09-22 06:12:36,184 WARNING: Lỗi HTTP 429 - product id: 147763479, thử lại 1/3
2025-09-22 06:12:37,179 WARNING: Lỗi HTTP 429 - product id: 147774809, thử lại 1/3
2025-09-22 06:12:37,419 WARNING: Lỗi HTTP 429 - product id: 147787266, thử lại 1/3
2025-09-22 06:12:37,619 WARNING: Lỗi HTTP 429 - product id: 147806632, thử lại 1/3
2025-09-22 06:12:37,826 WARNING: Lỗi HTTP 429 - product id: 147815192, thử lại 1/3
2025-09-22 06:12:37,862 WARNING: Lỗi HTTP 429 - product id: 147815288, thử lại 1/3
2025-09-22 06:12:37,864 WARNING: Lỗi HTTP 429 - product id: 147816440, thử lại 1/3
2025-09-22 06:12:38,073 WARNING: Lỗi HTTP 429 - product id: 147816934, thử lại 1/3
2025-09-22 06:12:38,074 WARNING: Lỗi HTTP 429 - product id: 147816942, thử lại 1/3
2025-09-22 06:12:38,131 WARNING: Lỗi HTTP 429 - product id: 147817016, thử lại 1/3
2025-09-22 06:12:38,135 WARNING: Lỗi HTTP 429 - product id: 147724807, thử lại 2/3
2025-09-22 06:12:39,217 WARNING: Lỗi HTTP 429 - product id: 147853693, thử lại 1/3
2025-09-22 06:12:39,278 WARNING: Lỗi HTTP 429 - product id: 147854179, thử lại 1/3
2025-09-22 06:12:39,370 WARNING: Lỗi HTTP 429 - product id: 147865674, thử lại 1/3
2025-09-22 06:12:39,419 WARNING: Lỗi HTTP 429 - product id: 147868035, thử lại 1/3
2025-09-22 06:12:40,594 WARNING: Lỗi HTTP 404: Không tim thấy product id - product id: 147873300
2025-09-22 06:12:40,619 WARNING: Lỗi HTTP 429 - product id: 147891822, thử lại 1/3
2025-09-22 06:12:40,640 WARNING: Lỗi HTTP 404: Không tim thấy product id - product id: 147873788
2025-09-22 06:12:40,872 WARNING: Lỗi HTTP 429 - product id: 147896804, thử lại 1/3
2025-09-22 06:12:41,021 WARNING: Lỗi HTTP 429 - product id: 147918402, thử lại 1/3
2025-09-22 06:12:41,124 WARNING: Lỗi HTTP 429 - product id: 147918686, thử lại 1/3
2025-09-22 06:12:41,221 WARNING: Lỗi HTTP 429 - product id: 147816942, thử lại 2/3
2025-09-22 06:12:41,270 WARNING: Lỗi HTTP 429 - product id: 147918772, thử lại 1/3
2025-09-22 06:12:41,326 WARNING: Lỗi HTTP 429 - product id: 147918850, thử lại 1/3
2025-09-22 06:12:41,423 WARNING: Lỗi HTTP 429 - product id: 147919015, thử lại 1/3
2025-09-22 06:12:41,485 WARNING: Lỗi HTTP 429 - product id: 147919145, thử lại 1/3
2025-09-22 06:12:41,523 WARNING: Lỗi HTTP 429 - product id: 147919166, thử lại 1/3
2025-09-22 06:12:41,669 WARNING: Lỗi HTTP 429 - product id: 147941835, thử lại 1/3
2025-09-22 06:12:41,918 WARNING: Lỗi HTTP 429 - product id: 147946733, thử lại 1/3
2025-09-22 06:12:42,022 WARNING: Lỗi HTTP 429 - product id: 147947121, thử lại 1/3
2025-09-22 06:12:42,074 WARNING: Lỗi HTTP 429 - product id: 147947612, thử lại 1/3
2025-09-22 06:12:42,082 WARNING: Lỗi HTTP 429 - product id: 147947640, thử lại 1/3
2025-09-22 06:12:42,368 WARNING: Lỗi HTTP 429 - product id: 147949082, thử lại 1/3
2025-09-22 06:12:42,416 WARNING: Lỗi HTTP 429 - product id: 147959585, thử lại 1/3
2025-09-22 06:12:47,329 INFO: Đã commit batch 96 (1000 sản phẩm)
2025-09-22 06:12:47,359 INFO: Đã ghi 998 sản phẩm vào file /home/quannh/projects_de/project_2/output/products_batch_96_998_ids.csv
2025-09-22 06:12:47,396 INFO: Bắt đầu crawl batch 97 (1000 sản phẩm)
2025-09-22 06:12:47,472 WARNING: Lỗi HTTP 429 - product id: 147995653, thử lại 1/3
2025-09-22 06:12:47,473 WARNING: Lỗi HTTP 429 - product id: 147986693, thử lại 1/3
2025-09-22 06:12:47,537 WARNING: Lỗi HTTP 429 - product id: 148000654, thử lại 1/3
2025-09-22 06:12:47,599 WARNING: Lỗi HTTP 429 - product id: 148006536, thử lại 1/3
2025-09-22 06:12:47,696 WARNING: Lỗi HTTP 429 - product id: 148007093, thử lại 1/3
2025-09-22 06:12:48,008 WARNING: Lỗi HTTP 429 - product id: 148013038, thử lại 1/3
2025-09-22 06:12:48,093 WARNING: Lỗi HTTP 429 - product id: 148015331, thử lại 1/3
2025-09-22 06:12:48,144 WARNING: Lỗi HTTP 429 - product id: 148016029, thử lại 1/3
2025-09-22 06:12:48,198 WARNING: Lỗi HTTP 429 - product id: 148017741, thử lại 1/3
2025-09-22 06:12:48,203 WARNING: Lỗi HTTP 429 - product id: 148017958, thử lại 1/3
2025-09-22 06:12:49,699 WARNING: Lỗi HTTP 429 - product id: 148076437, thử lại 1/3
2025-09-22 06:12:49,752 WARNING: Lỗi HTTP 429 - product id: 148076688, thử lại 1/3
2025-09-22 06:12:50,145 WARNING: Lỗi HTTP 429 - product id: 148081489, thử lại 1/3
2025-09-22 06:12:51,752 WARNING: Lỗi HTTP 429 - product id: 148679897, thử lại 1/3
2025-09-22 06:12:51,991 WARNING: Lỗi HTTP 429 - product id: 148694256, thử lại 1/3
2025-09-22 06:12:52,049 WARNING: Lỗi HTTP 429 - product id: 148694788, thử lại 1/3
2025-09-22 06:12:52,149 WARNING: Lỗi HTTP 429 - product id: 148695594, thử lại 1/3
2025-09-22 06:12:52,197 WARNING: Lỗi HTTP 429 - product id: 148695954, thử lại 1/3
2025-09-22 06:12:52,203 WARNING: Lỗi HTTP 429 - product id: 148696009, thử lại 1/3
2025-09-22 06:12:52,305 WARNING: Lỗi HTTP 429 - product id: 148697209, thử lại 1/3
2025-09-22 06:12:53,896 WARNING: Lỗi HTTP 429 - product id: 148733024, thử lại 1/3
2025-09-22 06:12:57,950 WARNING: Lỗi HTTP 429 - product id: 148967517, thử lại 1/3
2025-09-22 06:12:59,071 WARNING: Lỗi HTTP 404: Không tim thấy product id - product id: 149128429
2025-09-22 06:12:59,860 WARNING: Lỗi HTTP 429 - product id: 149175515, thử lại 1/3
2025-09-22 06:13:00,358 WARNING: Lỗi HTTP 429 - product id: 149180653, thử lại 1/3
2025-09-22 06:13:00,750 WARNING: Lỗi HTTP 429 - product id: 149193464, thử lại 1/3
2025-09-22 06:13:00,801 WARNING: Lỗi HTTP 429 - product id: 149193483, thử lại 1/3
2025-09-22 06:13:01,292 WARNING: Lỗi HTTP 429 - product id: 149194852, thử lại 1/3
2025-09-22 06:13:01,355 WARNING: Lỗi HTTP 429 - product id: 149195222, thử lại 1/3
2025-09-22 06:13:04,446 INFO: Đã commit batch 97 (1000 sản phẩm)
2025-09-22 06:13:04,476 INFO: Đã ghi 999 sản phẩm vào file /home/quannh/projects_de/project_2/output/products_batch_97_999_ids.csv
2025-09-22 06:13:04,512 INFO: Bắt đầu crawl batch 98 (1000 sản phẩm)
2025-09-22 06:13:06,673 WARNING: Lỗi HTTP 429 - product id: 149517825, thử lại 1/3
2025-09-22 06:13:06,764 WARNING: Lỗi HTTP 429 - product id: 149521255, thử lại 1/3
2025-09-22 06:13:06,818 WARNING: Lỗi HTTP 429 - product id: 149523145, thử lại 1/3
2025-09-22 06:13:06,913 WARNING: Lỗi HTTP 429 - product id: 149524329, thử lại 1/3
2025-09-22 06:13:06,917 WARNING: Lỗi HTTP 429 - product id: 149524458, thử lại 1/3
2025-09-22 06:13:06,998 WARNING: Lỗi HTTP 429 - product id: 149526337, thử lại 1/3
2025-09-22 06:13:07,063 WARNING: Lỗi HTTP 429 - product id: 149532702, thử lại 1/3
2025-09-22 06:13:07,063 WARNING: Lỗi HTTP 429 - product id: 149532730, thử lại 1/3
2025-09-22 06:13:07,161 WARNING: Lỗi HTTP 429 - product id: 149533408, thử lại 1/3
2025-09-22 06:13:07,161 WARNING: Lỗi HTTP 429 - product id: 149533537, thử lại 1/3
2025-09-22 06:13:09,236 WARNING: Lỗi HTTP 404: Không tim thấy product id - product id: 149655340
2025-09-22 06:13:09,765 WARNING: Lỗi HTTP 429 - product id: 149747136, thử lại 1/3
2025-09-22 06:13:09,769 WARNING: Lỗi HTTP 429 - product id: 149747263, thử lại 1/3
2025-09-22 06:13:09,969 WARNING: Lỗi HTTP 429 - product id: 149757898, thử lại 1/3
2025-09-22 06:13:10,014 WARNING: Lỗi HTTP 429 - product id: 149759076, thử lại 1/3
2025-09-22 06:13:10,061 WARNING: Lỗi HTTP 429 - product id: 149764126, thử lại 1/3
2025-09-22 06:13:10,133 WARNING: Lỗi HTTP 404: Không tim thấy product id - product id: 149688054
2025-09-22 06:13:10,171 WARNING: Lỗi HTTP 429 - product id: 149766352, thử lại 1/3
2025-09-22 06:13:10,317 WARNING: Lỗi HTTP 429 - product id: 149772662, thử lại 1/3
2025-09-22 06:13:10,422 WARNING: Lỗi HTTP 429 - product id: 149774980, thử lại 1/3
2025-09-22 06:13:10,964 WARNING: Lỗi HTTP 429 - product id: 149799097, thử lại 1/3
2025-09-22 06:13:11,266 WARNING: Lỗi HTTP 429 - product id: 149910619, thử lại 1/3
2025-09-22 06:13:11,320 WARNING: Lỗi HTTP 429 - product id: 149911500, thử lại 1/3
2025-09-22 06:13:11,360 WARNING: Lỗi HTTP 429 - product id: 149914908, thử lại 1/3
2025-09-22 06:13:11,413 WARNING: Lỗi HTTP 429 - product id: 149914953, thử lại 1/3
2025-09-22 06:13:11,419 WARNING: Lỗi HTTP 429 - product id: 149916062, thử lại 1/3
2025-09-22 06:13:11,474 WARNING: Lỗi HTTP 429 - product id: 149934039, thử lại 1/3
2025-09-22 06:13:13,718 WARNING: Lỗi HTTP 429 - product id: 150148893, thử lại 1/3
2025-09-22 06:13:16,531 WARNING: Lỗi HTTP 404: Không tim thấy product id - product id: 150247761
2025-09-22 06:13:16,566 WARNING: Lỗi HTTP 429 - product id: 150252775, thử lại 1/3
2025-09-22 06:13:16,611 WARNING: Lỗi HTTP 429 - product id: 150253013, thử lại 1/3
2025-09-22 06:13:16,661 WARNING: Lỗi HTTP 429 - product id: 150253327, thử lại 1/3
2025-09-22 06:13:16,670 WARNING: Lỗi HTTP 429 - product id: 150253336, thử lại 1/3
2025-09-22 06:13:16,717 WARNING: Lỗi HTTP 429 - product id: 150253487, thử lại 1/3
2025-09-22 06:13:17,333 WARNING: Lỗi HTTP 404: Không tim thấy product id - product id: 150252282
2025-09-22 06:13:17,665 WARNING: Lỗi HTTP 429 - product id: 150369087, thử lại 1/3
2025-09-22 06:13:19,166 WARNING: Lỗi HTTP 429 - product id: 150535538, thử lại 1/3
2025-09-22 06:13:19,215 WARNING: Lỗi HTTP 429 - product id: 150535691, thử lại 1/3
2025-09-22 06:13:22,330 INFO: Đã commit batch 98 (1000 sản phẩm)
2025-09-22 06:13:22,359 INFO: Đã ghi 996 sản phẩm vào file /home/quannh/projects_de/project_2/output/products_batch_98_996_ids.csv
2025-09-22 06:13:22,396 INFO: Bắt đầu crawl batch 99 (1000 sản phẩm)
2025-09-22 06:13:23,840 WARNING: Lỗi HTTP 429 - product id: 150788035, thử lại 1/3
2025-09-22 06:13:23,895 WARNING: Lỗi HTTP 429 - product id: 150788649, thử lại 1/3
2025-09-22 06:13:23,896 WARNING: Lỗi HTTP 429 - product id: 150788575, thử lại 1/3
2025-09-22 06:13:23,958 WARNING: Lỗi HTTP 429 - product id: 150789216, thử lại 1/3
2025-09-22 06:13:24,102 WARNING: Lỗi HTTP 429 - product id: 150819253, thử lại 1/3
2025-09-22 06:13:24,103 WARNING: Lỗi HTTP 429 - product id: 150819294, thử lại 1/3
2025-09-22 06:13:24,166 WARNING: Lỗi HTTP 429 - product id: 150820452, thử lại 1/3
2025-09-22 06:13:24,191 WARNING: Lỗi HTTP 429 - product id: 150824295, thử lại 1/3
2025-09-22 06:13:24,205 WARNING: Lỗi HTTP 429 - product id: 150826883, thử lại 1/3
2025-09-22 06:13:25,168 WARNING: Lỗi HTTP 404: Không tim thấy product id - product id: 150857989
2025-09-22 06:13:25,251 WARNING: Lỗi HTTP 429 - product id: 150880890, thử lại 1/3
2025-09-22 06:13:25,570 WARNING: Lỗi HTTP 404: Không tim thấy product id - product id: 150857577
2025-09-22 06:13:27,117 WARNING: Lỗi HTTP 404: Không tim thấy product id - product id: 150946988
2025-09-22 06:13:27,364 WARNING: Lỗi HTTP 404: Không tim thấy product id - product id: 150947006
2025-09-22 06:13:28,157 WARNING: Lỗi HTTP 429 - product id: 151045790, thử lại 1/3
2025-09-22 06:13:28,223 WARNING: Lỗi HTTP 429 - product id: 151048103, thử lại 1/3
2025-09-22 06:13:28,246 WARNING: Lỗi HTTP 429 - product id: 151222100, thử lại 1/3
2025-09-22 06:13:28,296 WARNING: Lỗi HTTP 429 - product id: 151222137, thử lại 1/3
2025-09-22 06:13:28,344 WARNING: Lỗi HTTP 429 - product id: 151223006, thử lại 1/3
2025-09-22 06:13:28,349 WARNING: Lỗi HTTP 429 - product id: 151223039, thử lại 1/3
2025-09-22 06:13:28,752 WARNING: Lỗi HTTP 429 - product id: 151420630, thử lại 1/3
2025-09-22 06:13:30,894 WARNING: Lỗi HTTP 429 - product id: 151525777, thử lại 1/3
2025-09-22 06:13:30,999 WARNING: Lỗi HTTP 429 - product id: 151536057, thử lại 1/3
2025-09-22 06:13:31,149 WARNING: Lỗi HTTP 429 - product id: 151539242, thử lại 1/3
2025-09-22 06:13:31,297 WARNING: Lỗi HTTP 429 - product id: 151045790, thử lại 2/3
2025-09-22 06:13:31,351 WARNING: Lỗi HTTP 429 - product id: 151555636, thử lại 1/3
2025-09-22 06:13:31,397 WARNING: Lỗi HTTP 429 - product id: 151556207, thử lại 1/3
2025-09-22 06:13:31,503 WARNING: Lỗi HTTP 429 - product id: 151556434, thử lại 1/3
2025-09-22 06:13:31,596 WARNING: Lỗi HTTP 429 - product id: 151575720, thử lại 1/3
2025-09-22 06:13:31,654 WARNING: Lỗi HTTP 429 - product id: 151576220, thử lại 1/3
2025-09-22 06:13:31,658 WARNING: Lỗi HTTP 429 - product id: 151576768, thử lại 1/3
2025-09-22 06:13:31,719 WARNING: Lỗi HTTP 429 - product id: 151585840, thử lại 1/3
2025-09-22 06:13:32,452 WARNING: Lỗi HTTP 429 - product id: 151610807, thử lại 1/3
2025-09-22 06:13:32,746 WARNING: Lỗi HTTP 429 - product id: 151611188, thử lại 1/3
2025-09-22 06:13:33,741 WARNING: Lỗi HTTP 429 - product id: 151676707, thử lại 1/3
2025-09-22 06:13:33,940 WARNING: Lỗi HTTP 429 - product id: 151708921, thử lại 1/3
2025-09-22 06:13:37,292 WARNING: Lỗi HTTP 429 - product id: 151831991, thử lại 1/3
2025-09-22 06:13:37,445 WARNING: Lỗi HTTP 429 - product id: 151832550, thử lại 1/3
2025-09-22 06:13:38,243 WARNING: Lỗi HTTP 429 - product id: 151844259, thử lại 1/3
2025-09-22 06:13:38,304 WARNING: Lỗi HTTP 429 - product id: 151844476, thử lại 1/3
2025-09-22 06:13:41,390 INFO: Đã commit batch 99 (1000 sản phẩm)
2025-09-22 06:13:41,421 INFO: Đã ghi 996 sản phẩm vào file /home/quannh/projects_de/project_2/output/products_batch_99_996_ids.csv
2025-09-22 06:13:41,458 INFO: Bắt đầu crawl batch 100 (1000 sản phẩm)
2025-09-22 06:13:41,611 WARNING: Lỗi HTTP 429 - product id: 151863111, thử lại 1/3
2025-09-22 06:13:44,805 WARNING: Lỗi HTTP 429 - product id: 152097281, thử lại 1/3
2025-09-22 06:13:44,809 WARNING: Lỗi HTTP 429 - product id: 152097285, thử lại 1/3
2025-09-22 06:13:45,919 WARNING: Lỗi HTTP 429 - product id: 152190378, thử lại 1/3
2025-09-22 06:13:46,056 WARNING: Lỗi HTTP 429 - product id: 152193123, thử lại 1/3
2025-09-22 06:13:46,217 WARNING: Lỗi HTTP 429 - product id: 152209842, thử lại 1/3
2025-09-22 06:13:46,553 WARNING: Lỗi HTTP 429 - product id: 152318141, thử lại 1/3
2025-09-22 06:13:47,712 WARNING: Lỗi HTTP 429 - product id: 152458300, thử lại 1/3
2025-09-22 06:13:48,270 WARNING: Lỗi HTTP 429 - product id: 152520668, thử lại 1/3
2025-09-22 06:13:48,354 WARNING: Lỗi HTTP 429 - product id: 152520833, thử lại 1/3
2025-09-22 06:13:48,510 WARNING: Lỗi HTTP 429 - product id: 152523813, thử lại 1/3
2025-09-22 06:13:48,510 WARNING: Lỗi HTTP 429 - product id: 152523492, thử lại 1/3
2025-09-22 06:13:48,568 WARNING: Lỗi HTTP 429 - product id: 152523886, thử lại 1/3
2025-09-22 06:13:48,658 WARNING: Lỗi HTTP 429 - product id: 152530929, thử lại 1/3
2025-09-22 06:13:48,662 WARNING: Lỗi HTTP 429 - product id: 152531076, thử lại 1/3
2025-09-22 06:13:48,722 WARNING: Lỗi HTTP 429 - product id: 152531168, thử lại 1/3
2025-09-22 06:13:48,859 WARNING: Lỗi HTTP 429 - product id: 152531705, thử lại 1/3
2025-09-22 06:13:49,469 WARNING: Lỗi HTTP 429 - product id: 152559907, thử lại 1/3
2025-09-22 06:13:49,571 WARNING: Lỗi HTTP 429 - product id: 152561190, thử lại 1/3
2025-09-22 06:13:49,669 WARNING: Lỗi HTTP 429 - product id: 152318141, thử lại 2/3
2025-09-22 06:13:49,706 WARNING: Lỗi HTTP 429 - product id: 152567417, thử lại 1/3
2025-09-22 06:13:49,766 WARNING: Lỗi HTTP 429 - product id: 152618965, thử lại 1/3
2025-09-22 06:13:55,421 WARNING: Lỗi HTTP 429 - product id: 153314658, thử lại 1/3
2025-09-22 06:13:56,459 WARNING: Lỗi HTTP 429 - product id: 153409668, thử lại 1/3
2025-09-22 06:13:56,956 WARNING: Lỗi HTTP 429 - product id: 153468715, thử lại 1/3
2025-09-22 06:14:00,062 INFO: Đã commit batch 100 (1000 sản phẩm)
2025-09-22 06:14:00,093 INFO: Đã ghi 1000 sản phẩm vào file /home/quannh/projects_de/project_2/output/products_batch_100_1000_ids.csv
2025-09-22 06:14:00,130 INFO: Bắt đầu crawl batch 101 (1000 sản phẩm)
2025-09-22 06:14:01,179 WARNING: Lỗi HTTP 429 - product id: 153528777, thử lại 1/3
2025-09-22 06:14:01,230 WARNING: Lỗi HTTP 429 - product id: 153529153, thử lại 1/3
2025-09-22 06:14:01,292 WARNING: Lỗi HTTP 429 - product id: 153530111, thử lại 1/3
2025-09-22 06:14:01,538 WARNING: Lỗi HTTP 429 - product id: 153531074, thử lại 1/3
2025-09-22 06:14:01,584 WARNING: Lỗi HTTP 429 - product id: 153535283, thử lại 1/3
2025-09-22 06:14:01,625 WARNING: Lỗi HTTP 429 - product id: 153535442, thử lại 1/3
2025-09-22 06:14:01,637 WARNING: Lỗi HTTP 429 - product id: 153535532, thử lại 1/3
2025-09-22 06:14:01,733 WARNING: Lỗi HTTP 429 - product id: 153545546, thử lại 1/3
2025-09-22 06:14:01,795 WARNING: Lỗi HTTP 429 - product id: 153545669, thử lại 1/3
2025-09-22 06:14:03,533 WARNING: Lỗi HTTP 429 - product id: 153647725, thử lại 1/3
2025-09-22 06:14:03,535 WARNING: Lỗi HTTP 429 - product id: 153647736, thử lại 1/3
2025-09-22 06:14:03,633 WARNING: Lỗi HTTP 429 - product id: 153647944, thử lại 1/3
2025-09-22 06:14:03,653 WARNING: Lỗi HTTP 404: Không tim thấy product id - product id: 153612232
2025-09-22 06:14:03,694 WARNING: Lỗi HTTP 429 - product id: 153648215, thử lại 1/3
2025-09-22 06:14:03,833 WARNING: Lỗi HTTP 429 - product id: 153677198, thử lại 1/3
2025-09-22 06:14:03,927 WARNING: Lỗi HTTP 429 - product id: 153682921, thử lại 1/3
2025-09-22 06:14:03,930 WARNING: Lỗi HTTP 429 - product id: 153687269, thử lại 1/3
2025-09-22 06:14:03,977 WARNING: Lỗi HTTP 429 - product id: 153750952, thử lại 1/3
2025-09-22 06:14:04,037 WARNING: Lỗi HTTP 429 - product id: 153765098, thử lại 1/3
2025-09-22 06:14:04,139 WARNING: Lỗi HTTP 429 - product id: 153770931, thử lại 1/3
2025-09-22 06:14:04,378 WARNING: Lỗi HTTP 429 - product id: 153804423, thử lại 1/3
2025-09-22 06:14:04,385 WARNING: Lỗi HTTP 429 - product id: 153804424, thử lại 1/3
2025-09-22 06:14:04,436 WARNING: Lỗi HTTP 429 - product id: 153804502, thử lại 1/3
2025-09-22 06:14:04,478 WARNING: Lỗi HTTP 429 - product id: 153804532, thử lại 1/3
2025-09-22 06:14:04,627 WARNING: Lỗi HTTP 429 - product id: 153804690, thử lại 1/3
2025-09-22 06:14:04,638 WARNING: Lỗi HTTP 429 - product id: 153804833, thử lại 1/3
2025-09-22 06:14:04,687 WARNING: Lỗi HTTP 429 - product id: 153804901, thử lại 1/3
2025-09-22 06:14:04,688 WARNING: Lỗi HTTP 429 - product id: 153535442, thử lại 2/3
2025-09-22 06:14:05,351 WARNING: Lỗi HTTP 404: Không tim thấy product id - product id: 153530111
2025-09-22 06:14:07,701 WARNING: Lỗi HTTP 404: Không tim thấy product id - product id: 153770931
2025-09-22 06:14:14,987 WARNING: Lỗi HTTP 429 - product id: 154532335, thử lại 1/3
2025-09-22 06:14:15,086 WARNING: Lỗi HTTP 429 - product id: 154589485, thử lại 1/3
2025-09-22 06:14:15,553 WARNING: Lỗi HTTP 404: Không tim thấy product id - product id: 154530131
2025-09-22 06:14:15,900 WARNING: Lỗi HTTP 404: Không tim thấy product id - product id: 154532108
2025-09-22 06:14:15,949 WARNING: Lỗi HTTP 404: Không tim thấy product id - product id: 154532215
2025-09-22 06:14:18,075 WARNING: Lỗi HTTP 404: Không tim thấy product id - product id: 154532335
2025-09-22 06:14:18,174 INFO: Đã commit batch 101 (1000 sản phẩm)
2025-09-22 06:14:18,205 INFO: Đã ghi 993 sản phẩm vào file /home/quannh/projects_de/project_2/output/products_batch_101_993_ids.csv
2025-09-22 06:14:18,242 INFO: Bắt đầu crawl batch 102 (1000 sản phẩm)
2025-09-22 06:14:19,851 WARNING: Lỗi HTTP 429 - product id: 154886512, thử lại 1/3
2025-09-22 06:14:19,943 WARNING: Lỗi HTTP 429 - product id: 154886735, thử lại 1/3
2025-09-22 06:14:19,946 WARNING: Lỗi HTTP 429 - product id: 154886785, thử lại 1/3
2025-09-22 06:14:19,998 WARNING: Lỗi HTTP 429 - product id: 154886906, thử lại 1/3
2025-09-22 06:14:20,005 WARNING: Lỗi HTTP 429 - product id: 154886938, thử lại 1/3
2025-09-22 06:14:20,090 WARNING: Lỗi HTTP 429 - product id: 154887392, thử lại 1/3
2025-09-22 06:14:20,093 WARNING: Lỗi HTTP 429 - product id: 154887448, thử lại 1/3
2025-09-22 06:14:20,151 WARNING: Lỗi HTTP 429 - product id: 154887840, thử lại 1/3
2025-09-22 06:14:20,201 WARNING: Lỗi HTTP 429 - product id: 154888353, thử lại 1/3
2025-09-22 06:14:20,245 WARNING: Lỗi HTTP 429 - product id: 154888547, thử lại 1/3
2025-09-22 06:14:21,092 WARNING: Lỗi HTTP 429 - product id: 154892617, thử lại 1/3
2025-09-22 06:14:21,093 WARNING: Lỗi HTTP 429 - product id: 154892642, thử lại 1/3
2025-09-22 06:14:21,156 WARNING: Lỗi HTTP 429 - product id: 154893115, thử lại 1/3
2025-09-22 06:14:21,197 WARNING: Lỗi HTTP 429 - product id: 154893312, thử lại 1/3
2025-09-22 06:14:21,239 WARNING: Lỗi HTTP 429 - product id: 154893437, thử lại 1/3
2025-09-22 06:14:21,248 WARNING: Lỗi HTTP 429 - product id: 154893519, thử lại 1/3
2025-09-22 06:14:22,156 WARNING: Lỗi HTTP 429 - product id: 154899208, thử lại 1/3
2025-09-22 06:14:22,196 WARNING: Lỗi HTTP 429 - product id: 154899451, thử lại 1/3
2025-09-22 06:14:22,939 WARNING: Lỗi HTTP 429 - product id: 154903473, thử lại 1/3
2025-09-22 06:14:23,099 WARNING: Lỗi HTTP 429 - product id: 154903768, thử lại 1/3
2025-09-22 06:14:27,895 WARNING: Lỗi HTTP 429 - product id: 155057451, thử lại 1/3
2025-09-22 06:14:28,198 WARNING: Lỗi HTTP 429 - product id: 155098043, thử lại 1/3
2025-09-22 06:14:28,438 WARNING: Lỗi HTTP 429 - product id: 155098097, thử lại 1/3
2025-09-22 06:14:28,440 WARNING: Lỗi HTTP 429 - product id: 155098105, thử lại 1/3
2025-09-22 06:14:28,502 WARNING: Lỗi HTTP 429 - product id: 155098237, thử lại 1/3
2025-09-22 06:14:28,649 WARNING: Lỗi HTTP 429 - product id: 155110765, thử lại 1/3
2025-09-22 06:14:28,995 WARNING: Lỗi HTTP 429 - product id: 155153303, thử lại 1/3
2025-09-22 06:14:29,142 WARNING: Lỗi HTTP 429 - product id: 155163712, thử lại 1/3
2025-09-22 06:14:30,693 WARNING: Lỗi HTTP 429 - product id: 155182989, thử lại 1/3
2025-09-22 06:14:30,696 WARNING: Lỗi HTTP 429 - product id: 155183007, thử lại 1/3
2025-09-22 06:14:30,848 WARNING: Lỗi HTTP 429 - product id: 155186123, thử lại 1/3
2025-09-22 06:14:30,889 WARNING: Lỗi HTTP 429 - product id: 155187832, thử lại 1/3
2025-09-22 06:14:31,097 WARNING: Lỗi HTTP 429 - product id: 155190876, thử lại 1/3
2025-09-22 06:14:31,145 WARNING: Lỗi HTTP 429 - product id: 155190985, thử lại 1/3
2025-09-22 06:14:31,696 WARNING: Lỗi HTTP 429 - product id: 155192774, thử lại 1/3
2025-09-22 06:14:31,945 WARNING: Lỗi HTTP 429 - product id: 155193658, thử lại 1/3
2025-09-22 06:14:32,664 WARNING: Lỗi HTTP 404: Không tim thấy product id - product id: 155199093
2025-09-22 06:14:33,548 WARNING: Lỗi HTTP 429 - product id: 155235028, thử lại 1/3
2025-09-22 06:14:34,194 WARNING: Lỗi HTTP 429 - product id: 155190876, thử lại 2/3
2025-09-22 06:14:40,313 INFO: Đã commit batch 102 (1000 sản phẩm)
2025-09-22 06:14:40,339 INFO: Đã ghi 999 sản phẩm vào file /home/quannh/projects_de/project_2/output/products_batch_102_999_ids.csv
2025-09-22 06:14:40,375 INFO: Bắt đầu crawl batch 103 (1000 sản phẩm)
2025-09-22 06:14:40,627 WARNING: Lỗi HTTP 429 - product id: 155267008, thử lại 1/3
2025-09-22 06:14:40,779 WARNING: Lỗi HTTP 429 - product id: 155269197, thử lại 1/3
2025-09-22 06:14:40,843 WARNING: Lỗi HTTP 429 - product id: 155271999, thử lại 1/3
2025-09-22 06:14:41,478 WARNING: Lỗi HTTP 429 - product id: 155314456, thử lại 1/3
2025-09-22 06:14:41,524 WARNING: Lỗi HTTP 429 - product id: 155314474, thử lại 1/3
2025-09-22 06:14:41,572 WARNING: Lỗi HTTP 429 - product id: 155314599, thử lại 1/3
2025-09-22 06:14:41,589 WARNING: Lỗi HTTP 429 - product id: 155316015, thử lại 1/3
2025-09-22 06:14:44,269 WARNING: Lỗi HTTP 429 - product id: 155374095, thử lại 1/3
2025-09-22 06:14:44,325 WARNING: Lỗi HTTP 429 - product id: 155379131, thử lại 1/3
2025-09-22 06:14:44,436 WARNING: Lỗi HTTP 429 - product id: 155388194, thử lại 1/3
2025-09-22 06:14:47,377 WARNING: Lỗi HTTP 429 - product id: 155554265, thử lại 1/3
2025-09-22 06:14:47,434 WARNING: Lỗi HTTP 429 - product id: 155558910, thử lại 1/3
2025-09-22 06:14:47,440 WARNING: Lỗi HTTP 429 - product id: 155559562, thử lại 1/3
2025-09-22 06:14:47,480 WARNING: Lỗi HTTP 429 - product id: 155562470, thử lại 1/3
2025-09-22 06:14:47,577 WARNING: Lỗi HTTP 429 - product id: 155564587, thử lại 1/3
2025-09-22 06:14:47,578 WARNING: Lỗi HTTP 429 - product id: 155564640, thử lại 1/3
2025-09-22 06:14:47,633 WARNING: Lỗi HTTP 429 - product id: 155565514, thử lại 1/3
2025-09-22 06:14:47,785 WARNING: Lỗi HTTP 429 - product id: 155580272, thử lại 1/3
2025-09-22 06:14:47,909 WARNING: Lỗi HTTP 429 - product id: 155592715, thử lại 1/3
2025-09-22 06:14:47,919 WARNING: Lỗi HTTP 429 - product id: 155592753, thử lại 1/3
2025-09-22 06:14:47,922 WARNING: Lỗi HTTP 429 - product id: 155592787, thử lại 1/3
2025-09-22 06:14:47,929 WARNING: Lỗi HTTP 429 - product id: 155592790, thử lại 1/3
2025-09-22 06:14:48,006 WARNING: Lỗi HTTP 429 - product id: 155593278, thử lại 1/3
2025-09-22 06:14:48,027 WARNING: Lỗi HTTP 429 - product id: 155593595, thử lại 1/3
2025-09-22 06:14:48,032 WARNING: Lỗi HTTP 429 - product id: 155594983, thử lại 1/3
2025-09-22 06:14:48,074 WARNING: Lỗi HTTP 429 - product id: 155601459, thử lại 1/3
2025-09-22 06:14:48,074 WARNING: Lỗi HTTP 429 - product id: 155602455, thử lại 1/3
2025-09-22 06:14:48,111 WARNING: Lỗi HTTP 429 - product id: 155602655, thử lại 1/3
2025-09-22 06:14:48,775 WARNING: Lỗi HTTP 429 - product id: 155637487, thử lại 1/3
2025-09-22 06:14:49,033 WARNING: Lỗi HTTP 429 - product id: 155639589, thử lại 1/3
2025-09-22 06:14:49,544 WARNING: Lỗi HTTP 429 - product id: 155685989, thử lại 1/3
2025-09-22 06:14:50,673 WARNING: Lỗi HTTP 429 - product id: 155759890, thử lại 1/3
2025-09-22 06:14:50,728 WARNING: Lỗi HTTP 429 - product id: 155760052, thử lại 1/3
2025-09-22 06:14:50,883 WARNING: Lỗi HTTP 429 - product id: 155760778, thử lại 1/3
2025-09-22 06:14:50,917 WARNING: Lỗi HTTP 429 - product id: 155760789, thử lại 1/3
2025-09-22 06:14:50,972 WARNING: Lỗi HTTP 429 - product id: 155592715, thử lại 2/3
2025-09-22 06:14:51,225 WARNING: Lỗi HTTP 429 - product id: 155602455, thử lại 2/3
2025-09-22 06:14:51,528 WARNING: Lỗi HTTP 429 - product id: 155762943, thử lại 1/3
2025-09-22 06:14:51,931 WARNING: Lỗi HTTP 429 - product id: 155637487, thử lại 2/3
2025-09-22 06:14:53,043 WARNING: Lỗi HTTP 404: Không tim thấy product id - product id: 155778757
2025-09-22 06:14:56,321 WARNING: Lỗi HTTP 429 - product id: 155888092, thử lại 1/3
2025-09-22 06:14:56,379 WARNING: Lỗi HTTP 429 - product id: 155888302, thử lại 1/3
2025-09-22 06:14:56,385 WARNING: Lỗi HTTP 429 - product id: 155888319, thử lại 1/3
2025-09-22 06:14:56,419 WARNING: Lỗi HTTP 429 - product id: 155888621, thử lại 1/3
2025-09-22 06:14:59,548 INFO: Đã commit batch 103 (1000 sản phẩm)
2025-09-22 06:14:59,576 INFO: Đã ghi 999 sản phẩm vào file /home/quannh/projects_de/project_2/output/products_batch_103_999_ids.csv
2025-09-22 06:14:59,613 INFO: Bắt đầu crawl batch 104 (1000 sản phẩm)
2025-09-22 06:15:01,724 WARNING: Lỗi HTTP 429 - product id: 156299137, thử lại 1/3
2025-09-22 06:15:01,772 WARNING: Lỗi HTTP 429 - product id: 156299219, thử lại 1/3
2025-09-22 06:15:01,815 WARNING: Lỗi HTTP 429 - product id: 156299229, thử lại 1/3
2025-09-22 06:15:01,825 WARNING: Lỗi HTTP 429 - product id: 156299235, thử lại 1/3
2025-09-22 06:15:01,915 WARNING: Lỗi HTTP 429 - product id: 156299361, thử lại 1/3
2025-09-22 06:15:02,021 WARNING: Lỗi HTTP 429 - product id: 156299404, thử lại 1/3
2025-09-22 06:15:02,129 WARNING: Lỗi HTTP 429 - product id: 156299579, thử lại 1/3
2025-09-22 06:15:02,169 WARNING: Lỗi HTTP 429 - product id: 156299690, thử lại 1/3
2025-09-22 06:15:02,214 WARNING: Lỗi HTTP 429 - product id: 156299741, thử lại 1/3
2025-09-22 06:15:02,864 WARNING: Lỗi HTTP 429 - product id: 156644981, thử lại 1/3
2025-09-22 06:15:02,961 WARNING: Lỗi HTTP 429 - product id: 156645332, thử lại 1/3
2025-09-22 06:15:03,010 WARNING: Lỗi HTTP 429 - product id: 156645675, thử lại 1/3
2025-09-22 06:15:03,026 WARNING: Lỗi HTTP 429 - product id: 156645981, thử lại 1/3
2025-09-22 06:15:03,115 WARNING: Lỗi HTTP 429 - product id: 156646791, thử lại 1/3
2025-09-22 06:15:03,918 WARNING: Lỗi HTTP 429 - product id: 156710975, thử lại 1/3
2025-09-22 06:15:03,969 WARNING: Lỗi HTTP 429 - product id: 156714572, thử lại 1/3
2025-09-22 06:15:04,012 WARNING: Lỗi HTTP 429 - product id: 156729378, thử lại 1/3
2025-09-22 06:15:04,019 WARNING: Lỗi HTTP 429 - product id: 156729826, thử lại 1/3
2025-09-22 06:15:04,169 WARNING: Lỗi HTTP 429 - product id: 156821329, thử lại 1/3
2025-09-22 06:15:04,178 WARNING: Lỗi HTTP 429 - product id: 156936014, thử lại 1/3
2025-09-22 06:15:05,914 WARNING: Lỗi HTTP 429 - product id: 157043432, thử lại 1/3
2025-09-22 06:15:09,509 WARNING: Lỗi HTTP 429 - product id: 157206274, thử lại 1/3
2025-09-22 06:15:12,662 WARNING: Lỗi HTTP 429 - product id: 157494782, thử lại 1/3
2025-09-22 06:15:12,677 WARNING: Lỗi HTTP 429 - product id: 157494786, thử lại 1/3
2025-09-22 06:15:12,858 WARNING: Lỗi HTTP 429 - product id: 157496522, thử lại 1/3
2025-09-22 06:15:12,876 WARNING: Lỗi HTTP 429 - product id: 157496892, thử lại 1/3
2025-09-22 06:15:13,020 WARNING: Lỗi HTTP 429 - product id: 157498039, thử lại 1/3
2025-09-22 06:15:13,668 WARNING: Lỗi HTTP 429 - product id: 157511900, thử lại 1/3
2025-09-22 06:15:14,012 WARNING: Lỗi HTTP 429 - product id: 157520063, thử lại 1/3
2025-09-22 06:15:14,013 WARNING: Lỗi HTTP 429 - product id: 157518192, thử lại 1/3
2025-09-22 06:15:14,515 WARNING: Lỗi HTTP 429 - product id: 157551519, thử lại 1/3
2025-09-22 06:15:14,605 WARNING: Lỗi HTTP 429 - product id: 157553880, thử lại 1/3
2025-09-22 06:15:14,665 WARNING: Lỗi HTTP 429 - product id: 157553888, thử lại 1/3
2025-09-22 06:15:14,924 WARNING: Lỗi HTTP 429 - product id: 157568283, thử lại 1/3
2025-09-22 06:15:15,113 WARNING: Lỗi HTTP 429 - product id: 157568657, thử lại 1/3
2025-09-22 06:15:15,216 WARNING: Lỗi HTTP 429 - product id: 157569392, thử lại 1/3
2025-09-22 06:15:18,315 INFO: Đã commit batch 104 (1000 sản phẩm)
2025-09-22 06:15:18,344 INFO: Đã ghi 1000 sản phẩm vào file /home/quannh/projects_de/project_2/output/products_batch_104_1000_ids.csv
2025-09-22 06:15:18,381 INFO: Bắt đầu crawl batch 105 (1000 sản phẩm)
2025-09-22 06:15:19,630 WARNING: Lỗi HTTP 429 - product id: 157825917, thử lại 1/3
2025-09-22 06:15:19,695 WARNING: Lỗi HTTP 429 - product id: 157826519, thử lại 1/3
2025-09-22 06:15:19,729 WARNING: Lỗi HTTP 429 - product id: 157826889, thử lại 1/3
2025-09-22 06:15:28,081 WARNING: Lỗi HTTP 429 - product id: 158473877, thử lại 1/3
2025-09-22 06:15:28,085 WARNING: Lỗi HTTP 429 - product id: 158473911, thử lại 1/3
2025-09-22 06:15:28,178 WARNING: Lỗi HTTP 429 - product id: 158474044, thử lại 1/3
2025-09-22 06:15:28,185 WARNING: Lỗi HTTP 429 - product id: 158474052, thử lại 1/3
2025-09-22 06:15:29,432 WARNING: Lỗi HTTP 429 - product id: 158476390, thử lại 1/3
2025-09-22 06:15:29,942 WARNING: Lỗi HTTP 429 - product id: 158493173, thử lại 1/3
2025-09-22 06:15:30,080 WARNING: Lỗi HTTP 429 - product id: 158493322, thử lại 1/3
2025-09-22 06:15:30,129 WARNING: Lỗi HTTP 429 - product id: 158493448, thử lại 1/3
2025-09-22 06:15:30,142 WARNING: Lỗi HTTP 429 - product id: 158493453, thử lại 1/3
2025-09-22 06:15:30,177 WARNING: Lỗi HTTP 429 - product id: 158493500, thử lại 1/3
2025-09-22 06:15:30,178 WARNING: Lỗi HTTP 429 - product id: 158493611, thử lại 1/3
2025-09-22 06:15:30,227 WARNING: Lỗi HTTP 429 - product id: 158493753, thử lại 1/3
2025-09-22 06:15:30,288 WARNING: Lỗi HTTP 429 - product id: 158494006, thử lại 1/3
2025-09-22 06:15:30,329 WARNING: Lỗi HTTP 429 - product id: 158494065, thử lại 1/3
2025-09-22 06:15:30,428 WARNING: Lỗi HTTP 429 - product id: 158494389, thử lại 1/3
2025-09-22 06:15:30,435 WARNING: Lỗi HTTP 429 - product id: 158494479, thử lại 1/3
2025-09-22 06:15:30,481 WARNING: Lỗi HTTP 429 - product id: 158494578, thử lại 1/3
2025-09-22 06:15:32,282 WARNING: Lỗi HTTP 429 - product id: 158650324, thử lại 1/3
2025-09-22 06:15:32,728 WARNING: Lỗi HTTP 429 - product id: 158652837, thử lại 1/3
2025-09-22 06:15:32,777 WARNING: Lỗi HTTP 429 - product id: 158652949, thử lại 1/3
2025-09-22 06:15:32,778 WARNING: Lỗi HTTP 429 - product id: 158653021, thử lại 1/3
2025-09-22 06:15:32,885 WARNING: Lỗi HTTP 429 - product id: 158654569, thử lại 1/3
2025-09-22 06:15:32,927 WARNING: Lỗi HTTP 429 - product id: 158654796, thử lại 1/3
2025-09-22 06:15:32,934 WARNING: Lỗi HTTP 429 - product id: 158655322, thử lại 1/3
2025-09-22 06:15:32,990 WARNING: Lỗi HTTP 429 - product id: 158655411, thử lại 1/3
2025-09-22 06:15:33,090 WARNING: Lỗi HTTP 429 - product id: 158655637, thử lại 1/3
2025-09-22 06:15:33,183 WARNING: Lỗi HTTP 429 - product id: 158656329, thử lại 1/3
2025-09-22 06:15:33,192 WARNING: Lỗi HTTP 429 - product id: 158656371, thử lại 1/3
2025-09-22 06:15:33,276 WARNING: Lỗi HTTP 429 - product id: 158656875, thử lại 1/3
2025-09-22 06:15:33,282 WARNING: Lỗi HTTP 429 - product id: 158657400, thử lại 1/3
2025-09-22 06:15:33,740 WARNING: Lỗi HTTP 429 - product id: 158658329, thử lại 1/3
2025-09-22 06:15:33,887 WARNING: Lỗi HTTP 429 - product id: 158659010, thử lại 1/3
2025-09-22 06:15:33,976 WARNING: Lỗi HTTP 429 - product id: 158659355, thử lại 1/3
2025-09-22 06:15:33,988 WARNING: Lỗi HTTP 429 - product id: 158659375, thử lại 1/3
2025-09-22 06:15:34,129 WARNING: Lỗi HTTP 429 - product id: 158659771, thử lại 1/3
2025-09-22 06:15:34,186 WARNING: Lỗi HTTP 429 - product id: 158659911, thử lại 1/3
2025-09-22 06:15:34,190 WARNING: Lỗi HTTP 429 - product id: 158659817, thử lại 1/3
2025-09-22 06:15:37,278 INFO: Đã commit batch 105 (1000 sản phẩm)
2025-09-22 06:15:37,306 INFO: Đã ghi 1000 sản phẩm vào file /home/quannh/projects_de/project_2/output/products_batch_105_1000_ids.csv
2025-09-22 06:15:37,342 INFO: Bắt đầu crawl batch 106 (1000 sản phẩm)
2025-09-22 06:15:38,939 WARNING: Lỗi HTTP 429 - product id: 158671812, thử lại 1/3
2025-09-22 06:15:38,945 WARNING: Lỗi HTTP 429 - product id: 158671896, thử lại 1/3
2025-09-22 06:15:38,993 WARNING: Lỗi HTTP 429 - product id: 158672323, thử lại 1/3
2025-09-22 06:15:39,040 WARNING: Lỗi HTTP 429 - product id: 158672554, thử lại 1/3
2025-09-22 06:15:39,055 WARNING: Lỗi HTTP 429 - product id: 158672747, thử lại 1/3
2025-09-22 06:15:39,398 WARNING: Lỗi HTTP 429 - product id: 158674862, thử lại 1/3
2025-09-22 06:15:39,951 WARNING: Lỗi HTTP 429 - product id: 158679131, thử lại 1/3
2025-09-22 06:15:43,545 WARNING: Lỗi HTTP 429 - product id: 158812493, thử lại 1/3
2025-09-22 06:15:44,238 WARNING: Lỗi HTTP 429 - product id: 158888970, thử lại 1/3
2025-09-22 06:15:44,302 WARNING: Lỗi HTTP 429 - product id: 158892851, thử lại 1/3
2025-09-22 06:15:44,304 WARNING: Lỗi HTTP 429 - product id: 158892876, thử lại 1/3
2025-09-22 06:15:44,439 WARNING: Lỗi HTTP 429 - product id: 158904851, thử lại 1/3
2025-09-22 06:15:45,595 WARNING: Lỗi HTTP 429 - product id: 159035774, thử lại 1/3
2025-09-22 06:15:45,690 WARNING: Lỗi HTTP 429 - product id: 159049607, thử lại 1/3
2025-09-22 06:15:45,743 WARNING: Lỗi HTTP 429 - product id: 159055433, thử lại 1/3
2025-09-22 06:15:46,294 WARNING: Lỗi HTTP 429 - product id: 159122215, thử lại 1/3
2025-09-22 06:15:46,356 WARNING: Lỗi HTTP 429 - product id: 159124275, thử lại 1/3
2025-09-22 06:15:47,292 WARNING: Lỗi HTTP 429 - product id: 159251408, thử lại 1/3
2025-09-22 06:15:47,442 WARNING: Lỗi HTTP 429 - product id: 159262621, thử lại 1/3
2025-09-22 06:15:47,501 WARNING: Lỗi HTTP 429 - product id: 159263239, thử lại 1/3
2025-09-22 06:15:47,647 WARNING: Lỗi HTTP 429 - product id: 158904851, thử lại 2/3
2025-09-22 06:15:47,790 WARNING: Lỗi HTTP 429 - product id: 159270819, thử lại 1/3
2025-09-22 06:15:50,346 WARNING: Lỗi HTTP 429 - product id: 159510178, thử lại 1/3
2025-09-22 06:15:51,094 WARNING: Lỗi HTTP 429 - product id: 159653379, thử lại 1/3
2025-09-22 06:15:51,392 WARNING: Lỗi HTTP 429 - product id: 159654359, thử lại 1/3
2025-09-22 06:15:51,689 WARNING: Lỗi HTTP 429 - product id: 159717992, thử lại 1/3
2025-09-22 06:15:53,098 WARNING: Lỗi HTTP 429 - product id: 159865861, thử lại 1/3
2025-09-22 06:15:53,099 WARNING: Lỗi HTTP 429 - product id: 159865838, thử lại 1/3
2025-09-22 06:15:53,199 WARNING: Lỗi HTTP 429 - product id: 159880546, thử lại 1/3
2025-09-22 06:15:56,297 INFO: Đã commit batch 106 (1000 sản phẩm)
2025-09-22 06:15:56,331 INFO: Đã ghi 1000 sản phẩm vào file /home/quannh/projects_de/project_2/output/products_batch_106_1000_ids.csv
2025-09-22 06:15:56,369 INFO: Bắt đầu crawl batch 107 (1000 sản phẩm)
2025-09-22 06:15:58,471 WARNING: Lỗi HTTP 429 - product id: 160205756, thử lại 1/3
2025-09-22 06:15:59,065 WARNING: Lỗi HTTP 429 - product id: 160278624, thử lại 1/3
2025-09-22 06:15:59,726 WARNING: Lỗi HTTP 429 - product id: 160325043, thử lại 1/3
2025-09-22 06:15:59,815 WARNING: Lỗi HTTP 429 - product id: 160356602, thử lại 1/3
2025-09-22 06:15:59,877 WARNING: Lỗi HTTP 429 - product id: 160368286, thử lại 1/3
2025-09-22 06:16:01,766 WARNING: Lỗi HTTP 429 - product id: 160558170, thử lại 1/3
2025-09-22 06:16:01,817 WARNING: Lỗi HTTP 429 - product id: 160559536, thử lại 1/3
2025-09-22 06:16:02,269 WARNING: Lỗi HTTP 429 - product id: 160278624, thử lại 2/3
2025-09-22 06:16:02,376 WARNING: Lỗi HTTP 429 - product id: 160607590, thử lại 1/3
2025-09-22 06:16:02,420 WARNING: Lỗi HTTP 429 - product id: 160607690, thử lại 1/3
2025-09-22 06:16:02,767 WARNING: Lỗi HTTP 429 - product id: 160633876, thử lại 1/3
2025-09-22 06:16:02,769 WARNING: Lỗi HTTP 429 - product id: 160634020, thử lại 1/3
2025-09-22 06:16:04,370 WARNING: Lỗi HTTP 429 - product id: 160815779, thử lại 1/3
2025-09-22 06:16:04,375 WARNING: Lỗi HTTP 429 - product id: 160814241, thử lại 1/3
2025-09-22 06:16:05,572 WARNING: Lỗi HTTP 429 - product id: 160607590, thử lại 2/3
2025-09-22 06:16:06,071 WARNING: Lỗi HTTP 429 - product id: 160881504, thử lại 1/3
2025-09-22 06:16:06,172 WARNING: Lỗi HTTP 429 - product id: 160887505, thử lại 1/3
2025-09-22 06:16:06,264 WARNING: Lỗi HTTP 429 - product id: 160889605, thử lại 1/3
2025-09-22 06:16:06,369 WARNING: Lỗi HTTP 429 - product id: 160902809, thử lại 1/3
2025-09-22 06:16:06,626 WARNING: Lỗi HTTP 429 - product id: 160925690, thử lại 1/3
2025-09-22 06:16:06,772 WARNING: Lỗi HTTP 429 - product id: 160934896, thử lại 1/3
2025-09-22 06:16:06,772 WARNING: Lỗi HTTP 429 - product id: 160934899, thử lại 1/3
2025-09-22 06:16:06,821 WARNING: Lỗi HTTP 429 - product id: 160934988, thử lại 1/3
2025-09-22 06:16:06,824 WARNING: Lỗi HTTP 429 - product id: 160934989, thử lại 1/3
2025-09-22 06:16:06,889 WARNING: Lỗi HTTP 429 - product id: 160941245, thử lại 1/3
2025-09-22 06:16:07,073 WARNING: Lỗi HTTP 429 - product id: 160989979, thử lại 1/3
2025-09-22 06:16:07,531 WARNING: Lỗi HTTP 429 - product id: 160990761, thử lại 1/3
2025-09-22 06:16:07,568 WARNING: Lỗi HTTP 429 - product id: 160991003, thử lại 1/3
2025-09-22 06:16:07,620 WARNING: Lỗi HTTP 429 - product id: 160991128, thử lại 1/3
2025-09-22 06:16:07,870 WARNING: Lỗi HTTP 429 - product id: 160997373, thử lại 1/3
2025-09-22 06:16:08,173 WARNING: Lỗi HTTP 429 - product id: 161008796, thử lại 1/3
2025-09-22 06:16:09,171 WARNING: Lỗi HTTP 429 - product id: 161032866, thử lại 1/3
2025-09-22 06:16:09,479 WARNING: Lỗi HTTP 429 - product id: 161034211, thử lại 1/3
2025-09-22 06:16:09,525 WARNING: Lỗi HTTP 429 - product id: 161034579, thử lại 1/3
2025-09-22 06:16:09,776 WARNING: Lỗi HTTP 429 - product id: 161208094, thử lại 1/3
2025-09-22 06:16:09,820 WARNING: Lỗi HTTP 429 - product id: 161208462, thử lại 1/3
2025-09-22 06:16:10,065 WARNING: Lỗi HTTP 429 - product id: 161217664, thử lại 1/3
2025-09-22 06:16:10,565 WARNING: Lỗi HTTP 429 - product id: 161236899, thử lại 1/3
2025-09-22 06:16:10,665 WARNING: Lỗi HTTP 429 - product id: 161238616, thử lại 1/3
2025-09-22 06:16:10,776 WARNING: Lỗi HTTP 429 - product id: 161241785, thử lại 1/3
2025-09-22 06:16:11,116 WARNING: Lỗi HTTP 429 - product id: 161253914, thử lại 1/3
2025-09-22 06:16:11,179 WARNING: Lỗi HTTP 429 - product id: 161253972, thử lại 1/3
2025-09-22 06:16:11,218 WARNING: Lỗi HTTP 429 - product id: 161254330, thử lại 1/3
2025-09-22 06:16:11,253 WARNING: Lỗi HTTP 429 - product id: 161254474, thử lại 1/3
2025-09-22 06:16:11,271 WARNING: Lỗi HTTP 429 - product id: 161008796, thử lại 2/3
2025-09-22 06:16:11,279 WARNING: Lỗi HTTP 429 - product id: 161256831, thử lại 1/3
2025-09-22 06:16:11,320 WARNING: Lỗi HTTP 429 - product id: 161257321, thử lại 1/3
2025-09-22 06:16:17,359 INFO: Đã commit batch 107 (1000 sản phẩm)
2025-09-22 06:16:17,389 INFO: Đã ghi 1000 sản phẩm vào file /home/quannh/projects_de/project_2/output/products_batch_107_1000_ids.csv
2025-09-22 06:16:17,426 INFO: Bắt đầu crawl batch 108 (1000 sản phẩm)
2025-09-22 06:16:18,332 WARNING: Lỗi HTTP 429 - product id: 161410832, thử lại 1/3
2025-09-22 06:16:18,370 WARNING: Lỗi HTTP 429 - product id: 161410958, thử lại 1/3
2025-09-22 06:16:18,383 WARNING: Lỗi HTTP 429 - product id: 161411159, thử lại 1/3
2025-09-22 06:16:18,781 WARNING: Lỗi HTTP 429 - product id: 161427406, thử lại 1/3
2025-09-22 06:16:23,260 WARNING: Lỗi HTTP 404: Không tim thấy product id - product id: 161874320
2025-09-22 06:16:23,433 WARNING: Lỗi HTTP 404: Không tim thấy product id - product id: 161869519
2025-09-22 06:16:23,501 WARNING: Lỗi HTTP 404: Không tim thấy product id - product id: 161894761
2025-09-22 06:16:23,515 WARNING: Lỗi HTTP 429 - product id: 161939167, thử lại 1/3
2025-09-22 06:16:23,564 WARNING: Lỗi HTTP 429 - product id: 161944608, thử lại 1/3
2025-09-22 06:16:23,628 WARNING: Lỗi HTTP 429 - product id: 161952168, thử lại 1/3
2025-09-22 06:16:23,775 WARNING: Lỗi HTTP 429 - product id: 161965763, thử lại 1/3
2025-09-22 06:16:23,782 WARNING: Lỗi HTTP 429 - product id: 161965875, thử lại 1/3
2025-09-22 06:16:23,938 WARNING: Lỗi HTTP 429 - product id: 161974078, thử lại 1/3
2025-09-22 06:16:23,985 WARNING: Lỗi HTTP 429 - product id: 161978480, thử lại 1/3
2025-09-22 06:16:24,026 WARNING: Lỗi HTTP 429 - product id: 161979279, thử lại 1/3
2025-09-22 06:16:24,227 WARNING: Lỗi HTTP 429 - product id: 162030200, thử lại 1/3
2025-09-22 06:16:24,575 WARNING: Lỗi HTTP 429 - product id: 162031888, thử lại 1/3
2025-09-22 06:16:25,823 WARNING: Lỗi HTTP 429 - product id: 162054944, thử lại 1/3
2025-09-22 06:16:25,885 WARNING: Lỗi HTTP 429 - product id: 162055071, thử lại 1/3
2025-09-22 06:16:25,886 WARNING: Lỗi HTTP 429 - product id: 162054980, thử lại 1/3
2025-09-22 06:16:26,077 WARNING: Lỗi HTTP 429 - product id: 162056266, thử lại 1/3
2025-09-22 06:16:26,231 WARNING: Lỗi HTTP 429 - product id: 162057061, thử lại 1/3
2025-09-22 06:16:26,332 WARNING: Lỗi HTTP 429 - product id: 162084864, thử lại 1/3
2025-09-22 06:16:26,381 WARNING: Lỗi HTTP 429 - product id: 162087410, thử lại 1/3
2025-09-22 06:16:26,496 WARNING: Lỗi HTTP 404: Không tim thấy product id - product id: 162087391
2025-09-22 06:16:26,578 WARNING: Lỗi HTTP 429 - product id: 161939167, thử lại 2/3
2025-09-22 06:16:26,781 WARNING: Lỗi HTTP 429 - product id: 162109044, thử lại 1/3
2025-09-22 06:16:26,873 WARNING: Lỗi HTTP 429 - product id: 161965875, thử lại 2/3
2025-09-22 06:16:27,529 WARNING: Lỗi HTTP 429 - product id: 162125101, thử lại 1/3
2025-09-22 06:16:27,778 WARNING: Lỗi HTTP 429 - product id: 162125769, thử lại 1/3
2025-09-22 06:16:29,487 WARNING: Lỗi HTTP 429 - product id: 162163796, thử lại 1/3
2025-09-22 06:16:29,488 WARNING: Lỗi HTTP 429 - product id: 162163448, thử lại 1/3
2025-09-22 06:16:29,939 WARNING: Lỗi HTTP 429 - product id: 162173087, thử lại 1/3
2025-09-22 06:16:29,972 WARNING: Lỗi HTTP 429 - product id: 162173297, thử lại 1/3
2025-09-22 06:16:30,035 WARNING: Lỗi HTTP 429 - product id: 162173549, thử lại 1/3
2025-09-22 06:16:30,280 WARNING: Lỗi HTTP 429 - product id: 162173979, thử lại 1/3
2025-09-22 06:16:30,334 WARNING: Lỗi HTTP 429 - product id: 162177145, thử lại 1/3
2025-09-22 06:16:30,425 WARNING: Lỗi HTTP 429 - product id: 162180315, thử lại 1/3
2025-09-22 06:16:30,527 WARNING: Lỗi HTTP 429 - product id: 162181942, thử lại 1/3
2025-09-22 06:16:30,550 WARNING: Lỗi HTTP 404: Không tim thấy product id - product id: 162163898
2025-09-22 06:16:30,672 WARNING: Lỗi HTTP 429 - product id: 162182829, thử lại 1/3
2025-09-22 06:16:30,687 WARNING: Lỗi HTTP 429 - product id: 162188183, thử lại 1/3
2025-09-22 06:16:30,772 WARNING: Lỗi HTTP 429 - product id: 162191141, thử lại 1/3
2025-09-22 06:16:30,775 WARNING: Lỗi HTTP 429 - product id: 162192140, thử lại 1/3
2025-09-22 06:16:30,880 WARNING: Lỗi HTTP 429 - product id: 162196348, thử lại 1/3
2025-09-22 06:16:30,988 WARNING: Lỗi HTTP 429 - product id: 162197187, thử lại 1/3
2025-09-22 06:16:31,136 WARNING: Lỗi HTTP 429 - product id: 162197720, thử lại 1/3
2025-09-22 06:16:31,136 WARNING: Lỗi HTTP 429 - product id: 162197629, thử lại 1/3
2025-09-22 06:16:31,626 WARNING: Lỗi HTTP 429 - product id: 162215027, thử lại 1/3
2025-09-22 06:16:32,399 WARNING: Lỗi HTTP 404: Không tim thấy product id - product id: 162217485
2025-09-22 06:16:32,939 WARNING: Lỗi HTTP 429 - product id: 161965875, thử lại 3/3
2025-09-22 06:16:32,939 WARNING: Crawl thất bại sau 3 lần thử lại - product id: 161965875 - Lỗi HTTP 429
2025-09-22 06:16:33,029 WARNING: Lỗi HTTP 429 - product id: 162384189, thử lại 1/3
2025-09-22 06:16:34,499 WARNING: Lỗi HTTP 404: Không tim thấy product id - product id: 162197629
2025-09-22 06:16:36,137 INFO: Đã commit batch 108 (1000 sản phẩm)
2025-09-22 06:16:36,174 INFO: Đã ghi 992 sản phẩm vào file /home/quannh/projects_de/project_2/output/products_batch_108_992_ids.csv
2025-09-22 06:16:36,210 INFO: Bắt đầu crawl batch 109 (1000 sản phẩm)
2025-09-22 06:16:38,566 WARNING: Lỗi HTTP 429 - product id: 162550981, thử lại 1/3
2025-09-22 06:16:38,655 WARNING: Lỗi HTTP 429 - product id: 162564775, thử lại 1/3
2025-09-22 06:16:38,757 WARNING: Lỗi HTTP 429 - product id: 162574514, thử lại 1/3
2025-09-22 06:16:39,414 WARNING: Lỗi HTTP 429 - product id: 162594922, thử lại 1/3
2025-09-22 06:16:39,467 WARNING: Lỗi HTTP 429 - product id: 162596200, thử lại 1/3
2025-09-22 06:16:39,556 WARNING: Lỗi HTTP 429 - product id: 162598733, thử lại 1/3
2025-09-22 06:16:39,608 WARNING: Lỗi HTTP 429 - product id: 162598900, thử lại 1/3
2025-09-22 06:16:39,618 WARNING: Lỗi HTTP 429 - product id: 162598963, thử lại 1/3
2025-09-22 06:16:39,809 WARNING: Lỗi HTTP 429 - product id: 162600534, thử lại 1/3
2025-09-22 06:16:40,809 WARNING: Lỗi HTTP 429 - product id: 162777287, thử lại 1/3
2025-09-22 06:16:42,255 WARNING: Lỗi HTTP 429 - product id: 162966789, thử lại 1/3
2025-09-22 06:16:42,283 WARNING: Lỗi HTTP 429 - product id: 162966840, thử lại 1/3
2025-09-22 06:16:42,304 WARNING: Lỗi HTTP 429 - product id: 162967839, thử lại 1/3
2025-09-22 06:16:42,856 WARNING: Lỗi HTTP 429 - product id: 162598963, thử lại 2/3
2025-09-22 06:16:42,904 WARNING: Lỗi HTTP 429 - product id: 162976424, thử lại 1/3
2025-09-22 06:16:42,962 WARNING: Lỗi HTTP 429 - product id: 162976543, thử lại 1/3
2025-09-22 06:16:42,967 WARNING: Lỗi HTTP 429 - product id: 162977022, thử lại 1/3
2025-09-22 06:16:43,010 WARNING: Lỗi HTTP 429 - product id: 162600534, thử lại 2/3
2025-09-22 06:16:43,058 WARNING: Lỗi HTTP 429 - product id: 162978170, thử lại 1/3
2025-09-22 06:16:43,083 WARNING: Lỗi HTTP 404: Không tim thấy product id - product id: 162973658
2025-09-22 06:16:43,118 WARNING: Lỗi HTTP 429 - product id: 162978706, thử lại 1/3
2025-09-22 06:16:43,206 WARNING: Lỗi HTTP 429 - product id: 162978739, thử lại 1/3
2025-09-22 06:16:43,211 WARNING: Lỗi HTTP 429 - product id: 162996993, thử lại 1/3
2025-09-22 06:16:43,309 WARNING: Lỗi HTTP 429 - product id: 163021453, thử lại 1/3
2025-09-22 06:16:43,556 WARNING: Lỗi HTTP 429 - product id: 163027204, thử lại 1/3
2025-09-22 06:16:43,559 WARNING: Lỗi HTTP 429 - product id: 163027302, thử lại 1/3
2025-09-22 06:16:43,654 WARNING: Lỗi HTTP 429 - product id: 163028723, thử lại 1/3
2025-09-22 06:16:43,664 WARNING: Lỗi HTTP 429 - product id: 163028903, thử lại 1/3
2025-09-22 06:16:43,879 WARNING: Lỗi HTTP 404: Không tim thấy product id - product id: 162976249
2025-09-22 06:16:44,316 WARNING: Lỗi HTTP 429 - product id: 163166839, thử lại 1/3
2025-09-22 06:16:44,467 WARNING: Lỗi HTTP 429 - product id: 163281274, thử lại 1/3
2025-09-22 06:16:44,515 WARNING: Lỗi HTTP 429 - product id: 163285566, thử lại 1/3
2025-09-22 06:16:44,561 WARNING: Lỗi HTTP 429 - product id: 163296061, thử lại 1/3
2025-09-22 06:16:44,609 WARNING: Lỗi HTTP 429 - product id: 163297645, thử lại 1/3
2025-09-22 06:16:44,959 WARNING: Lỗi HTTP 429 - product id: 163477548, thử lại 1/3
2025-09-22 06:16:44,965 WARNING: Lỗi HTTP 429 - product id: 163514013, thử lại 1/3
2025-09-22 06:16:45,111 WARNING: Lỗi HTTP 429 - product id: 163523056, thử lại 1/3
2025-09-22 06:16:45,259 WARNING: Lỗi HTTP 429 - product id: 163523098, thử lại 1/3
2025-09-22 06:16:45,320 WARNING: Lỗi HTTP 429 - product id: 162966789, thử lại 2/3
2025-09-22 06:16:45,352 WARNING: Lỗi HTTP 429 - product id: 163523144, thử lại 1/3
2025-09-22 06:16:45,372 WARNING: Lỗi HTTP 429 - product id: 162967839, thử lại 2/3
2025-09-22 06:16:45,404 WARNING: Lỗi HTTP 429 - product id: 163523162, thử lại 1/3
2025-09-22 06:16:45,465 WARNING: Lỗi HTTP 429 - product id: 163523172, thử lại 1/3
2025-09-22 06:16:46,215 WARNING: Lỗi HTTP 429 - product id: 163543866, thử lại 1/3
2025-09-22 06:16:46,251 WARNING: Lỗi HTTP 429 - product id: 163544201, thử lại 1/3
2025-09-22 06:16:46,509 WARNING: Lỗi HTTP 429 - product id: 163553548, thử lại 1/3
2025-09-22 06:16:46,558 WARNING: Lỗi HTTP 429 - product id: 163554381, thử lại 1/3
2025-09-22 06:16:46,619 WARNING: Lỗi HTTP 429 - product id: 163027302, thử lại 2/3
2025-09-22 06:16:46,707 WARNING: Lỗi HTTP 429 - product id: 163562930, thử lại 1/3
2025-09-22 06:16:46,715 WARNING: Lỗi HTTP 429 - product id: 163028723, thử lại 2/3
2025-09-22 06:16:46,768 WARNING: Lỗi HTTP 429 - product id: 163563731, thử lại 1/3
2025-09-22 06:16:47,259 WARNING: Lỗi HTTP 429 - product id: 163569558, thử lại 1/3
2025-09-22 06:16:47,417 WARNING: Lỗi HTTP 429 - product id: 163571675, thử lại 1/3
2025-09-22 06:16:47,507 WARNING: Lỗi HTTP 429 - product id: 163572587, thử lại 1/3
2025-09-22 06:16:47,518 WARNING: Lỗi HTTP 404: Không tim thấy product id - product id: 163570578
2025-09-22 06:16:47,546 WARNING: Lỗi HTTP 429 - product id: 163572792, thử lại 1/3
2025-09-22 06:16:47,564 WARNING: Lỗi HTTP 404: Không tim thấy product id - product id: 163570657
2025-09-22 06:16:47,582 WARNING: Lỗi HTTP 429 - product id: 163574068, thử lại 1/3
2025-09-22 06:16:47,605 WARNING: Lỗi HTTP 429 - product id: 163574136, thử lại 1/3
2025-09-22 06:16:47,606 WARNING: Lỗi HTTP 429 - product id: 163574119, thử lại 1/3
2025-09-22 06:16:47,626 WARNING: Lỗi HTTP 429 - product id: 163574198, thử lại 1/3
2025-09-22 06:16:47,687 WARNING: Lỗi HTTP 404: Không tim thấy product id - product id: 163570467
2025-09-22 06:16:47,708 WARNING: Lỗi HTTP 429 - product id: 163574256, thử lại 1/3
2025-09-22 06:16:47,733 WARNING: Lỗi HTTP 404: Không tim thấy product id - product id: 163570619
2025-09-22 06:16:47,856 WARNING: Lỗi HTTP 429 - product id: 163577803, thử lại 1/3
2025-09-22 06:16:48,054 WARNING: Lỗi HTTP 429 - product id: 163581489, thử lại 1/3
2025-09-22 06:16:48,114 WARNING: Lỗi HTTP 429 - product id: 163582784, thử lại 1/3
2025-09-22 06:16:48,230 WARNING: Lỗi HTTP 404: Không tim thấy product id - product id: 163569552
2025-09-22 06:16:48,330 WARNING: Lỗi HTTP 404: Không tim thấy product id - product id: 163570579
2025-09-22 06:16:48,416 WARNING: Lỗi HTTP 404: Không tim thấy product id - product id: 163570490
2025-09-22 06:16:49,265 WARNING: Lỗi HTTP 429 - product id: 163738903, thử lại 1/3
2025-09-22 06:16:49,308 WARNING: Lỗi HTTP 429 - product id: 163747208, thử lại 1/3
2025-09-22 06:16:49,311 WARNING: Lỗi HTTP 429 - product id: 163747211, thử lại 1/3
2025-09-22 06:16:49,464 WARNING: Lỗi HTTP 429 - product id: 163791425, thử lại 1/3
2025-09-22 06:16:49,605 WARNING: Lỗi HTTP 429 - product id: 163793575, thử lại 1/3
2025-09-22 06:16:49,607 WARNING: Lỗi HTTP 429 - product id: 163793600, thử lại 1/3
2025-09-22 06:16:49,622 WARNING: Lỗi HTTP 429 - product id: 163554381, thử lại 2/3
2025-09-22 06:16:49,668 WARNING: Lỗi HTTP 429 - product id: 163793827, thử lại 1/3
2025-09-22 06:16:49,837 WARNING: Lỗi HTTP 429 - product id: 163806140, thử lại 1/3
2025-09-22 06:16:49,856 WARNING: Lỗi HTTP 429 - product id: 163806178, thử lại 1/3
2025-09-22 06:16:49,910 WARNING: Lỗi HTTP 429 - product id: 163824675, thử lại 1/3
2025-09-22 06:16:49,985 WARNING: Lỗi HTTP 429 - product id: 163825372, thử lại 1/3
2025-09-22 06:16:50,532 WARNING: Lỗi HTTP 404: Không tim thấy product id - product id: 163569558
2025-09-22 06:16:50,563 WARNING: Lỗi HTTP 429 - product id: 163848904, thử lại 1/3
2025-09-22 06:16:50,667 WARNING: Lỗi HTTP 429 - product id: 163574136, thử lại 2/3
2025-09-22 06:16:50,669 WARNING: Lỗi HTTP 429 - product id: 163574119, thử lại 2/3
2025-09-22 06:16:50,816 WARNING: Lỗi HTTP 429 - product id: 163866214, thử lại 1/3
2025-09-22 06:16:50,824 WARNING: Lỗi HTTP 429 - product id: 163866534, thử lại 1/3
2025-09-22 06:16:52,229 WARNING: Lỗi HTTP 404: Không tim thấy product id - product id: 162966789
2025-09-22 06:16:56,825 INFO: Đã commit batch 109 (1000 sản phẩm)
2025-09-22 06:16:56,854 INFO: Đã ghi 989 sản phẩm vào file /home/quannh/projects_de/project_2/output/products_batch_109_989_ids.csv
2025-09-22 06:16:56,890 INFO: Bắt đầu crawl batch 110 (1000 sản phẩm)
2025-09-22 06:16:57,943 WARNING: Lỗi HTTP 429 - product id: 164032850, thử lại 1/3
2025-09-22 06:16:59,990 WARNING: Lỗi HTTP 429 - product id: 164196239, thử lại 1/3
2025-09-22 06:17:00,252 WARNING: Lỗi HTTP 429 - product id: 164238421, thử lại 1/3
2025-09-22 06:17:00,296 WARNING: Lỗi HTTP 429 - product id: 164241273, thử lại 1/3
2025-09-22 06:17:00,334 WARNING: Lỗi HTTP 429 - product id: 164244875, thử lại 1/3
2025-09-22 06:17:00,345 WARNING: Lỗi HTTP 429 - product id: 164244963, thử lại 1/3
2025-09-22 06:17:00,395 WARNING: Lỗi HTTP 429 - product id: 164245105, thử lại 1/3
2025-09-22 06:17:00,441 WARNING: Lỗi HTTP 429 - product id: 164245556, thử lại 1/3
2025-09-22 06:17:00,504 WARNING: Lỗi HTTP 429 - product id: 164251213, thử lại 1/3
2025-09-22 06:17:04,488 WARNING: Lỗi HTTP 429 - product id: 164542152, thử lại 1/3
2025-09-22 06:17:04,549 WARNING: Lỗi HTTP 429 - product id: 164542501, thử lại 1/3
2025-09-22 06:17:04,714 WARNING: Lỗi HTTP 404: Không tim thấy product id - product id: 164536069
2025-09-22 06:17:04,791 WARNING: Lỗi HTTP 429 - product id: 164553363, thử lại 1/3
2025-09-22 06:17:04,837 WARNING: Lỗi HTTP 429 - product id: 164553728, thử lại 1/3
2025-09-22 06:17:04,845 WARNING: Lỗi HTTP 429 - product id: 164553743, thử lại 1/3
2025-09-22 06:17:04,853 WARNING: Lỗi HTTP 429 - product id: 164553768, thử lại 1/3
2025-09-22 06:17:04,888 WARNING: Lỗi HTTP 429 - product id: 164556682, thử lại 1/3
2025-09-22 06:17:04,940 WARNING: Lỗi HTTP 429 - product id: 164558833, thử lại 1/3
2025-09-22 06:17:05,016 WARNING: Lỗi HTTP 404: Không tim thấy product id - product id: 164552469
2025-09-22 06:17:05,942 WARNING: Lỗi HTTP 429 - product id: 164598168, thử lại 1/3
2025-09-22 06:17:06,091 WARNING: Lỗi HTTP 429 - product id: 164602143, thử lại 1/3
2025-09-22 06:17:06,140 WARNING: Lỗi HTTP 429 - product id: 164691807, thử lại 1/3
2025-09-22 06:17:06,141 WARNING: Lỗi HTTP 429 - product id: 164694831, thử lại 1/3
2025-09-22 06:17:06,294 WARNING: Lỗi HTTP 429 - product id: 164728245, thử lại 1/3
2025-09-22 06:17:06,340 WARNING: Lỗi HTTP 429 - product id: 164756938, thử lại 1/3
2025-09-22 06:17:06,491 WARNING: Lỗi HTTP 429 - product id: 164767093, thử lại 1/3
2025-09-22 06:17:06,546 WARNING: Lỗi HTTP 429 - product id: 164775849, thử lại 1/3
2025-09-22 06:17:06,647 WARNING: Lỗi HTTP 429 - product id: 164783578, thử lại 1/3
2025-09-22 06:17:06,692 WARNING: Lỗi HTTP 429 - product id: 164789990, thử lại 1/3
2025-09-22 06:17:07,384 WARNING: Lỗi HTTP 429 - product id: 164806492, thử lại 1/3
2025-09-22 06:17:07,388 WARNING: Lỗi HTTP 429 - product id: 164807843, thử lại 1/3
2025-09-22 06:17:09,038 WARNING: Lỗi HTTP 429 - product id: 164947069, thử lại 1/3
2025-09-22 06:17:09,101 WARNING: Lỗi HTTP 429 - product id: 164947411, thử lại 1/3
2025-09-22 06:17:09,288 WARNING: Lỗi HTTP 429 - product id: 164962486, thử lại 1/3
2025-09-22 06:17:09,597 WARNING: Lỗi HTTP 404: Không tim thấy product id - product id: 164968086
2025-09-22 06:17:09,647 WARNING: Lỗi HTTP 429 - product id: 164767093, thử lại 2/3
2025-09-22 06:17:09,695 WARNING: Lỗi HTTP 429 - product id: 164982096, thử lại 1/3
2025-09-22 06:17:09,750 WARNING: Lỗi HTTP 429 - product id: 164775849, thử lại 2/3
2025-09-22 06:17:09,794 WARNING: Lỗi HTTP 429 - product id: 164986251, thử lại 1/3
2025-09-22 06:17:09,837 WARNING: Lỗi HTTP 429 - product id: 164789990, thử lại 2/3
2025-09-22 06:17:09,899 WARNING: Lỗi HTTP 429 - product id: 164987381, thử lại 1/3
2025-09-22 06:17:09,986 WARNING: Lỗi HTTP 429 - product id: 164992370, thử lại 1/3
2025-09-22 06:17:10,062 WARNING: Lỗi HTTP 404: Không tim thấy product id - product id: 164965404
2025-09-22 06:17:10,162 WARNING: Lỗi HTTP 404: Không tim thấy product id - product id: 164968515
2025-09-22 06:17:10,411 WARNING: Lỗi HTTP 404: Không tim thấy product id - product id: 164972793
2025-09-22 06:17:10,445 WARNING: Lỗi HTTP 404: Không tim thấy product id - product id: 165015382
2025-09-22 06:17:12,144 WARNING: Lỗi HTTP 429 - product id: 165236107, thử lại 1/3
2025-09-22 06:17:12,238 WARNING: Lỗi HTTP 429 - product id: 164947411, thử lại 2/3
2025-09-22 06:17:12,733 WARNING: Lỗi HTTP 429 - product id: 165237229, thử lại 1/3
2025-09-22 06:17:18,470 INFO: Đã commit batch 110 (1000 sản phẩm)
2025-09-22 06:17:18,500 INFO: Đã ghi 993 sản phẩm vào file /home/quannh/projects_de/project_2/output/products_batch_110_993_ids.csv
2025-09-22 06:17:18,535 INFO: Bắt đầu crawl batch 111 (1000 sản phẩm)
2025-09-22 06:17:20,982 WARNING: Lỗi HTTP 429 - product id: 165680557, thử lại 1/3
2025-09-22 06:17:21,227 WARNING: Lỗi HTTP 429 - product id: 165691167, thử lại 1/3
2025-09-22 06:17:21,229 WARNING: Lỗi HTTP 429 - product id: 165691171, thử lại 1/3
2025-09-22 06:17:21,481 WARNING: Lỗi HTTP 429 - product id: 165712787, thử lại 1/3
2025-09-22 06:17:22,229 WARNING: Lỗi HTTP 429 - product id: 165776248, thử lại 1/3
2025-09-22 06:17:23,382 WARNING: Lỗi HTTP 429 - product id: 165865787, thử lại 1/3
2025-09-22 06:17:23,484 WARNING: Lỗi HTTP 429 - product id: 165867625, thử lại 1/3
2025-09-22 06:17:23,549 WARNING: Lỗi HTTP 429 - product id: 165868589, thử lại 1/3
2025-09-22 06:17:24,146 WARNING: Lỗi HTTP 429 - product id: 165887433, thử lại 1/3
2025-09-22 06:17:24,222 WARNING: Lỗi HTTP 429 - product id: 165887691, thử lại 1/3
2025-09-22 06:17:24,233 WARNING: Lỗi HTTP 429 - product id: 165887736, thử lại 1/3
2025-09-22 06:17:24,382 WARNING: Lỗi HTTP 429 - product id: 165691167, thử lại 2/3
2025-09-22 06:17:24,432 WARNING: Lỗi HTTP 429 - product id: 165889119, thử lại 1/3
2025-09-22 06:17:24,443 WARNING: Lỗi HTTP 429 - product id: 165889216, thử lại 1/3
2025-09-22 06:17:24,494 WARNING: Lỗi HTTP 429 - product id: 165889494, thử lại 1/3
2025-09-22 06:17:24,632 WARNING: Lỗi HTTP 429 - product id: 165890613, thử lại 1/3
2025-09-22 06:17:24,938 WARNING: Lỗi HTTP 429 - product id: 165893760, thử lại 1/3
2025-09-22 06:17:25,140 WARNING: Lỗi HTTP 429 - product id: 165895887, thử lại 1/3
2025-09-22 06:17:25,338 WARNING: Lỗi HTTP 429 - product id: 165896910, thử lại 1/3
2025-09-22 06:17:25,388 WARNING: Lỗi HTTP 429 - product id: 165897369, thử lại 1/3
2025-09-22 06:17:25,478 WARNING: Lỗi HTTP 429 - product id: 165898136, thử lại 1/3
2025-09-22 06:17:25,729 WARNING: Lỗi HTTP 429 - product id: 165899438, thử lại 1/3
2025-09-22 06:17:25,784 WARNING: Lỗi HTTP 429 - product id: 165900070, thử lại 1/3
2025-09-22 06:17:26,130 WARNING: Lỗi HTTP 429 - product id: 165901907, thử lại 1/3
2025-09-22 06:17:26,582 WARNING: Lỗi HTTP 429 - product id: 165905096, thử lại 1/3
2025-09-22 06:17:26,678 WARNING: Lỗi HTTP 429 - product id: 165905839, thử lại 1/3
2025-09-22 06:17:26,798 WARNING: Lỗi HTTP 429 - product id: 165906393, thử lại 1/3
2025-09-22 06:17:26,976 WARNING: Lỗi HTTP 429 - product id: 165907308, thử lại 1/3
2025-09-22 06:17:26,983 WARNING: Lỗi HTTP 429 - product id: 165907327, thử lại 1/3
2025-09-22 06:17:27,025 WARNING: Lỗi HTTP 429 - product id: 165907688, thử lại 1/3
2025-09-22 06:17:27,379 WARNING: Lỗi HTTP 429 - product id: 165917714, thử lại 1/3
2025-09-22 06:17:27,531 WARNING: Lỗi HTTP 429 - product id: 165926851, thử lại 1/3
2025-09-22 06:17:28,025 WARNING: Lỗi HTTP 429 - product id: 165939098, thử lại 1/3
2025-09-22 06:17:28,089 WARNING: Lỗi HTTP 429 - product id: 165943223, thử lại 1/3
2025-09-22 06:17:28,187 WARNING: Lỗi HTTP 429 - product id: 165948161, thử lại 1/3
2025-09-22 06:17:28,237 WARNING: Lỗi HTTP 429 - product id: 165960079, thử lại 1/3
2025-09-22 06:17:28,274 WARNING: Lỗi HTTP 429 - product id: 165960367, thử lại 1/3
2025-09-22 06:17:28,334 WARNING: Lỗi HTTP 429 - product id: 165963320, thử lại 1/3
2025-09-22 06:17:29,389 WARNING: Lỗi HTTP 429 - product id: 166007949, thử lại 1/3
2025-09-22 06:17:29,937 WARNING: Lỗi HTTP 429 - product id: 166035233, thử lại 1/3
2025-09-22 06:17:30,397 WARNING: Lỗi HTTP 429 - product id: 166055143, thử lại 1/3
2025-09-22 06:17:30,500 WARNING: Lỗi HTTP 429 - product id: 165917714, thử lại 2/3
2025-09-22 06:17:30,586 WARNING: Lỗi HTTP 429 - product id: 166055674, thử lại 1/3
2025-09-22 06:17:30,639 WARNING: Lỗi HTTP 429 - product id: 166056501, thử lại 1/3
2025-09-22 06:17:30,669 WARNING: Lỗi HTTP 429 - product id: 165926851, thử lại 2/3
2025-09-22 06:17:30,885 WARNING: Lỗi HTTP 429 - product id: 166073897, thử lại 1/3
2025-09-22 06:17:30,942 WARNING: Lỗi HTTP 429 - product id: 166079150, thử lại 1/3
2025-09-22 06:17:30,948 WARNING: Lỗi HTTP 429 - product id: 166079306, thử lại 1/3
2025-09-22 06:17:31,006 WARNING: Lỗi HTTP 429 - product id: 166081180, thử lại 1/3
2025-09-22 06:17:31,036 WARNING: Lỗi HTTP 429 - product id: 166081913, thử lại 1/3
2025-09-22 06:17:31,092 WARNING: Lỗi HTTP 429 - product id: 166083445, thử lại 1/3
2025-09-22 06:17:31,134 WARNING: Lỗi HTTP 429 - product id: 166085428, thử lại 1/3
2025-09-22 06:17:31,932 WARNING: Lỗi HTTP 429 - product id: 166150978, thử lại 1/3
2025-09-22 06:17:32,035 WARNING: Lỗi HTTP 429 - product id: 166158894, thử lại 1/3
2025-09-22 06:17:32,083 WARNING: Lỗi HTTP 429 - product id: 166159041, thử lại 1/3
2025-09-22 06:17:32,125 WARNING: Lỗi HTTP 429 - product id: 166159103, thử lại 1/3
2025-09-22 06:17:32,533 WARNING: Lỗi HTTP 429 - product id: 166210052, thử lại 1/3
2025-09-22 06:17:32,881 WARNING: Lỗi HTTP 429 - product id: 166294949, thử lại 1/3
2025-09-22 06:17:33,204 WARNING: Lỗi HTTP 404: Không tim thấy product id - product id: 166208944
2025-09-22 06:17:33,330 WARNING: Lỗi HTTP 429 - product id: 166346637, thử lại 1/3
2025-09-22 06:17:33,355 WARNING: Lỗi HTTP 404: Không tim thấy product id - product id: 166209502
2025-09-22 06:17:33,605 WARNING: Lỗi HTTP 404: Không tim thấy product id - product id: 166233431
2025-09-22 06:17:34,134 WARNING: Lỗi HTTP 429 - product id: 166410068, thử lại 1/3
2025-09-22 06:17:34,184 WARNING: Lỗi HTTP 429 - product id: 166410113, thử lại 1/3
2025-09-22 06:17:37,274 INFO: Đã commit batch 111 (1000 sản phẩm)
2025-09-22 06:17:37,302 INFO: Đã ghi 997 sản phẩm vào file /home/quannh/projects_de/project_2/output/products_batch_111_997_ids.csv
2025-09-22 06:17:37,339 INFO: Bắt đầu crawl batch 112 (1000 sản phẩm)
2025-09-22 06:17:37,608 WARNING: Lỗi HTTP 404: Không tim thấy product id - product id: 166412645
2025-09-22 06:17:43,195 WARNING: Lỗi HTTP 429 - product id: 167061204, thử lại 1/3
2025-09-22 06:17:43,282 WARNING: Lỗi HTTP 429 - product id: 167111106, thử lại 1/3
2025-09-22 06:17:43,291 WARNING: Lỗi HTTP 429 - product id: 167111526, thử lại 1/3
2025-09-22 06:17:43,385 WARNING: Lỗi HTTP 429 - product id: 167113260, thử lại 1/3
2025-09-22 06:17:43,439 WARNING: Lỗi HTTP 429 - product id: 167119597, thử lại 1/3
2025-09-22 06:17:43,645 WARNING: Lỗi HTTP 429 - product id: 167122216, thử lại 1/3
2025-09-22 06:17:45,491 WARNING: Lỗi HTTP 429 - product id: 167211539, thử lại 1/3
2025-09-22 06:17:45,585 WARNING: Lỗi HTTP 429 - product id: 167213243, thử lại 1/3
2025-09-22 06:17:45,587 WARNING: Lỗi HTTP 429 - product id: 167213019, thử lại 1/3
2025-09-22 06:17:46,988 WARNING: Lỗi HTTP 429 - product id: 167319087, thử lại 1/3
2025-09-22 06:17:47,053 WARNING: Lỗi HTTP 429 - product id: 167359953, thử lại 1/3
2025-09-22 06:17:48,244 WARNING: Lỗi HTTP 429 - product id: 167433103, thử lại 1/3
2025-09-22 06:17:49,567 WARNING: Lỗi HTTP 404: Không tim thấy product id - product id: 167473816
2025-09-22 06:17:49,635 WARNING: Lỗi HTTP 429 - product id: 167481020, thử lại 1/3
2025-09-22 06:17:49,636 WARNING: Lỗi HTTP 429 - product id: 167480849, thử lại 1/3
2025-09-22 06:17:49,744 WARNING: Lỗi HTTP 429 - product id: 167482859, thử lại 1/3
2025-09-22 06:17:49,747 WARNING: Lỗi HTTP 429 - product id: 167482671, thử lại 1/3
2025-09-22 06:17:49,840 WARNING: Lỗi HTTP 429 - product id: 167489453, thử lại 1/3
2025-09-22 06:17:49,964 WARNING: Lỗi HTTP 404: Không tim thấy product id - product id: 167477366
2025-09-22 06:17:49,990 WARNING: Lỗi HTTP 429 - product id: 167508688, thử lại 1/3
2025-09-22 06:17:49,996 WARNING: Lỗi HTTP 429 - product id: 167508922, thử lại 1/3
2025-09-22 06:17:50,011 WARNING: Lỗi HTTP 404: Không tim thấy product id - product id: 167481417
2025-09-22 06:17:50,058 WARNING: Lỗi HTTP 404: Không tim thấy product id - product id: 167475454
2025-09-22 06:17:50,065 WARNING: Lỗi HTTP 404: Không tim thấy product id - product id: 167478124
2025-09-22 06:17:50,088 WARNING: Lỗi HTTP 429 - product id: 167509510, thử lại 1/3
2025-09-22 06:17:50,152 WARNING: Lỗi HTTP 429 - product id: 167513126, thử lại 1/3
2025-09-22 06:17:50,241 WARNING: Lỗi HTTP 429 - product id: 167521935, thử lại 1/3
2025-09-22 06:17:50,257 WARNING: Lỗi HTTP 404: Không tim thấy product id - product id: 167477772
2025-09-22 06:17:50,764 WARNING: Lỗi HTTP 404: Không tim thấy product id - product id: 167483500
2025-09-22 06:17:51,938 WARNING: Lỗi HTTP 429 - product id: 167607488, thử lại 1/3
2025-09-22 06:17:51,988 WARNING: Lỗi HTTP 429 - product id: 167607631, thử lại 1/3
2025-09-22 06:17:52,043 WARNING: Lỗi HTTP 429 - product id: 167607758, thử lại 1/3
2025-09-22 06:17:52,100 WARNING: Lỗi HTTP 429 - product id: 167607929, thử lại 1/3
2025-09-22 06:17:52,134 WARNING: Lỗi HTTP 429 - product id: 167610501, thử lại 1/3
2025-09-22 06:17:52,147 WARNING: Lỗi HTTP 429 - product id: 167611925, thử lại 1/3
2025-09-22 06:17:55,315 INFO: Đã commit batch 112 (1000 sản phẩm)
2025-09-22 06:17:55,345 INFO: Đã ghi 992 sản phẩm vào file /home/quannh/projects_de/project_2/output/products_batch_112_992_ids.csv
2025-09-22 06:17:55,381 INFO: Bắt đầu crawl batch 113 (1000 sản phẩm)
2025-09-22 06:17:57,480 WARNING: Lỗi HTTP 429 - product id: 167734837, thử lại 1/3
2025-09-22 06:17:59,580 WARNING: Lỗi HTTP 429 - product id: 167852226, thử lại 1/3
2025-09-22 06:17:59,683 WARNING: Lỗi HTTP 429 - product id: 167852667, thử lại 1/3
2025-09-22 06:17:59,833 WARNING: Lỗi HTTP 429 - product id: 167853221, thử lại 1/3
2025-09-22 06:17:59,880 WARNING: Lỗi HTTP 429 - product id: 167853376, thử lại 1/3
2025-09-22 06:17:59,943 WARNING: Lỗi HTTP 429 - product id: 167853613, thử lại 1/3
2025-09-22 06:17:59,979 WARNING: Lỗi HTTP 429 - product id: 167853717, thử lại 1/3
2025-09-22 06:18:05,577 WARNING: Lỗi HTTP 429 - product id: 168040155, thử lại 1/3
2025-09-22 06:18:06,235 WARNING: Lỗi HTTP 429 - product id: 168078320, thử lại 1/3
2025-09-22 06:18:06,336 WARNING: Lỗi HTTP 429 - product id: 168090545, thử lại 1/3
2025-09-22 06:18:06,379 WARNING: Lỗi HTTP 429 - product id: 168090606, thử lại 1/3
2025-09-22 06:18:06,436 WARNING: Lỗi HTTP 429 - product id: 168091013, thử lại 1/3
2025-09-22 06:18:06,481 WARNING: Lỗi HTTP 429 - product id: 168091239, thử lại 1/3
2025-09-22 06:18:06,482 WARNING: Lỗi HTTP 429 - product id: 168091229, thử lại 1/3
2025-09-22 06:18:06,542 WARNING: Lỗi HTTP 429 - product id: 168094035, thử lại 1/3
2025-09-22 06:18:07,127 WARNING: Lỗi HTTP 429 - product id: 168159445, thử lại 1/3
2025-09-22 06:18:07,190 WARNING: Lỗi HTTP 429 - product id: 168163048, thử lại 1/3
2025-09-22 06:18:07,232 WARNING: Lỗi HTTP 429 - product id: 168181612, thử lại 1/3
2025-09-22 06:18:07,644 WARNING: Lỗi HTTP 429 - product id: 168207250, thử lại 1/3
2025-09-22 06:18:07,729 WARNING: Lỗi HTTP 429 - product id: 168208766, thử lại 1/3
2025-09-22 06:18:07,733 WARNING: Lỗi HTTP 429 - product id: 168209373, thử lại 1/3
2025-09-22 06:18:07,834 WARNING: Lỗi HTTP 429 - product id: 168213990, thử lại 1/3
2025-09-22 06:18:07,880 WARNING: Lỗi HTTP 429 - product id: 168216768, thử lại 1/3
2025-09-22 06:18:07,897 WARNING: Lỗi HTTP 429 - product id: 168217874, thử lại 1/3
2025-09-22 06:18:08,386 WARNING: Lỗi HTTP 429 - product id: 168229169, thử lại 1/3
2025-09-22 06:18:08,537 WARNING: Lỗi HTTP 429 - product id: 168239395, thử lại 1/3
2025-09-22 06:18:09,056 WARNING: Lỗi HTTP 429 - product id: 168267854, thử lại 1/3
2025-09-22 06:18:09,139 WARNING: Lỗi HTTP 429 - product id: 168267959, thử lại 1/3
2025-09-22 06:18:09,789 WARNING: Lỗi HTTP 429 - product id: 168268571, thử lại 1/3
2025-09-22 06:18:09,832 WARNING: Lỗi HTTP 429 - product id: 168268614, thử lại 1/3
2025-09-22 06:18:09,936 WARNING: Lỗi HTTP 429 - product id: 168268732, thử lại 1/3
2025-09-22 06:18:10,039 WARNING: Lỗi HTTP 429 - product id: 168268789, thử lại 1/3
2025-09-22 06:18:13,128 INFO: Đã commit batch 113 (1000 sản phẩm)
2025-09-22 06:18:13,155 INFO: Đã ghi 1000 sản phẩm vào file /home/quannh/projects_de/project_2/output/products_batch_113_1000_ids.csv
2025-09-22 06:18:13,190 INFO: Bắt đầu crawl batch 114 (1000 sản phẩm)
2025-09-22 06:18:19,392 WARNING: Lỗi HTTP 429 - product id: 168373977, thử lại 1/3
2025-09-22 06:18:19,591 WARNING: Lỗi HTTP 429 - product id: 168422284, thử lại 1/3
2025-09-22 06:18:19,789 WARNING: Lỗi HTTP 429 - product id: 168470113, thử lại 1/3
2025-09-22 06:18:20,261 WARNING: Lỗi HTTP 404: Không tim thấy product id - product id: 168404037
2025-09-22 06:18:20,290 WARNING: Lỗi HTTP 429 - product id: 168498071, thử lại 1/3
2025-09-22 06:18:20,490 WARNING: Lỗi HTTP 429 - product id: 168498881, thử lại 1/3
2025-09-22 06:18:20,542 WARNING: Lỗi HTTP 429 - product id: 168499217, thử lại 1/3
2025-09-22 06:18:20,602 WARNING: Lỗi HTTP 429 - product id: 168503126, thử lại 1/3
2025-09-22 06:18:20,695 WARNING: Lỗi HTTP 429 - product id: 168505919, thử lại 1/3
2025-09-22 06:18:20,747 WARNING: Lỗi HTTP 429 - product id: 168514251, thử lại 1/3
2025-09-22 06:18:20,891 WARNING: Lỗi HTTP 429 - product id: 168514675, thử lại 1/3
2025-09-22 06:18:20,988 WARNING: Lỗi HTTP 429 - product id: 168518580, thử lại 1/3
2025-09-22 06:18:20,989 WARNING: Lỗi HTTP 429 - product id: 168519174, thử lại 1/3
2025-09-22 06:18:21,052 WARNING: Lỗi HTTP 429 - product id: 168519248, thử lại 1/3
2025-09-22 06:18:21,052 WARNING: Lỗi HTTP 429 - product id: 168519369, thử lại 1/3
2025-09-22 06:18:22,385 WARNING: Lỗi HTTP 429 - product id: 168581742, thử lại 1/3
2025-09-22 06:18:22,390 WARNING: Lỗi HTTP 429 - product id: 168581887, thử lại 1/3
2025-09-22 06:18:28,993 WARNING: Lỗi HTTP 429 - product id: 168826123, thử lại 1/3
2025-09-22 06:18:29,041 WARNING: Lỗi HTTP 429 - product id: 168826470, thử lại 1/3
2025-09-22 06:18:29,088 WARNING: Lỗi HTTP 429 - product id: 168826665, thử lại 1/3
2025-09-22 06:18:29,154 WARNING: Lỗi HTTP 429 - product id: 168827082, thử lại 1/3
2025-09-22 06:18:32,251 INFO: Đã commit batch 114 (1000 sản phẩm)
2025-09-22 06:18:32,279 INFO: Đã ghi 999 sản phẩm vào file /home/quannh/projects_de/project_2/output/products_batch_114_999_ids.csv
2025-09-22 06:18:32,313 INFO: Bắt đầu crawl batch 115 (1000 sản phẩm)
2025-09-22 06:18:37,413 WARNING: Lỗi HTTP 429 - product id: 169105736, thử lại 1/3
2025-09-22 06:18:37,466 WARNING: Lỗi HTTP 429 - product id: 169106301, thử lại 1/3
2025-09-22 06:18:37,478 WARNING: Lỗi HTTP 429 - product id: 169106356, thử lại 1/3
2025-09-22 06:18:37,518 WARNING: Lỗi HTTP 429 - product id: 169106555, thử lại 1/3
2025-09-22 06:18:37,542 WARNING: Lỗi HTTP 429 - product id: 169107021, thử lại 1/3
2025-09-22 06:18:37,550 WARNING: Lỗi HTTP 429 - product id: 169107054, thử lại 1/3
2025-09-22 06:18:37,769 WARNING: Lỗi HTTP 429 - product id: 169108465, thử lại 1/3
2025-09-22 06:18:37,815 WARNING: Lỗi HTTP 429 - product id: 169109299, thử lại 1/3
2025-09-22 06:18:37,877 WARNING: Lỗi HTTP 429 - product id: 169112247, thử lại 1/3
2025-09-22 06:18:38,206 WARNING: Lỗi HTTP 429 - product id: 169114643, thử lại 1/3
2025-09-22 06:18:38,216 WARNING: Lỗi HTTP 429 - product id: 169114748, thử lại 1/3
2025-09-22 06:18:38,309 WARNING: Lỗi HTTP 429 - product id: 169115454, thử lại 1/3
2025-09-22 06:18:38,310 WARNING: Lỗi HTTP 429 - product id: 169115262, thử lại 1/3
2025-09-22 06:18:38,371 WARNING: Lỗi HTTP 429 - product id: 169115932, thử lại 1/3
2025-09-22 06:18:38,412 WARNING: Lỗi HTTP 429 - product id: 169116198, thử lại 1/3
2025-09-22 06:18:38,460 WARNING: Lỗi HTTP 429 - product id: 169116420, thử lại 1/3
2025-09-22 06:18:38,462 WARNING: Lỗi HTTP 429 - product id: 169116421, thử lại 1/3
2025-09-22 06:18:38,913 WARNING: Lỗi HTTP 429 - product id: 169127146, thử lại 1/3
2025-09-22 06:18:48,325 WARNING: Lỗi HTTP 429 - product id: 169621366, thử lại 1/3
2025-09-22 06:18:51,446 INFO: Đã commit batch 115 (1000 sản phẩm)
2025-09-22 06:18:51,473 INFO: Đã ghi 1000 sản phẩm vào file /home/quannh/projects_de/project_2/output/products_batch_115_1000_ids.csv
2025-09-22 06:18:51,507 INFO: Bắt đầu crawl batch 116 (1000 sản phẩm)
2025-09-22 06:18:53,762 WARNING: Lỗi HTTP 429 - product id: 169714409, thử lại 1/3
2025-09-22 06:18:53,809 WARNING: Lỗi HTTP 429 - product id: 169716060, thử lại 1/3
2025-09-22 06:18:54,017 WARNING: Lỗi HTTP 429 - product id: 169716409, thử lại 1/3
2025-09-22 06:18:54,350 WARNING: Lỗi HTTP 429 - product id: 169733357, thử lại 1/3
2025-09-22 06:18:54,404 WARNING: Lỗi HTTP 429 - product id: 169734386, thử lại 1/3
2025-09-22 06:18:54,466 WARNING: Lỗi HTTP 429 - product id: 169734480, thử lại 1/3
2025-09-22 06:18:54,556 WARNING: Lỗi HTTP 429 - product id: 169736998, thử lại 1/3
2025-09-22 06:18:55,560 WARNING: Lỗi HTTP 429 - product id: 169775997, thử lại 1/3
2025-09-22 06:18:55,761 WARNING: Lỗi HTTP 429 - product id: 169797909, thử lại 1/3
2025-09-22 06:19:06,302 WARNING: Lỗi HTTP 429 - product id: 170276747, thử lại 1/3
2025-09-22 06:19:06,410 WARNING: Lỗi HTTP 429 - product id: 170277005, thử lại 1/3
2025-09-22 06:19:06,455 WARNING: Lỗi HTTP 429 - product id: 170277165, thử lại 1/3
2025-09-22 06:19:06,458 WARNING: Lỗi HTTP 429 - product id: 170277125, thử lại 1/3
2025-09-22 06:19:06,471 WARNING: Lỗi HTTP 429 - product id: 170277181, thử lại 1/3
2025-09-22 06:19:06,607 WARNING: Lỗi HTTP 429 - product id: 170277402, thử lại 1/3
2025-09-22 06:19:06,660 WARNING: Lỗi HTTP 429 - product id: 170277585, thử lại 1/3
2025-09-22 06:19:06,666 WARNING: Lỗi HTTP 429 - product id: 170277588, thử lại 1/3
2025-09-22 06:19:06,908 WARNING: Lỗi HTTP 429 - product id: 170288005, thử lại 1/3
2025-09-22 06:19:06,968 WARNING: Lỗi HTTP 429 - product id: 170288461, thử lại 1/3
2025-09-22 06:19:07,002 WARNING: Lỗi HTTP 429 - product id: 170296923, thử lại 1/3
2025-09-22 06:19:07,104 WARNING: Lỗi HTTP 429 - product id: 170311252, thử lại 1/3
2025-09-22 06:19:07,105 WARNING: Lỗi HTTP 429 - product id: 170311235, thử lại 1/3
2025-09-22 06:19:10,262 INFO: Đã commit batch 116 (1000 sản phẩm)
2025-09-22 06:19:10,289 INFO: Đã ghi 1000 sản phẩm vào file /home/quannh/projects_de/project_2/output/products_batch_116_1000_ids.csv
2025-09-22 06:19:10,323 INFO: Bắt đầu crawl batch 117 (1000 sản phẩm)
2025-09-22 06:19:12,268 WARNING: Lỗi HTTP 429 - product id: 170405750, thử lại 1/3
2025-09-22 06:19:15,179 WARNING: Lỗi HTTP 429 - product id: 170581183, thử lại 1/3
2025-09-22 06:19:22,033 WARNING: Lỗi HTTP 429 - product id: 170880731, thử lại 1/3
2025-09-22 06:19:23,283 WARNING: Lỗi HTTP 429 - product id: 170962602, thử lại 1/3
2025-09-22 06:19:23,331 WARNING: Lỗi HTTP 429 - product id: 170963017, thử lại 1/3
2025-09-22 06:19:23,331 WARNING: Lỗi HTTP 429 - product id: 170962986, thử lại 1/3
2025-09-22 06:19:23,414 WARNING: Lỗi HTTP 429 - product id: 170984415, thử lại 1/3
2025-09-22 06:19:23,428 WARNING: Lỗi HTTP 429 - product id: 170984462, thử lại 1/3
2025-09-22 06:19:23,525 WARNING: Lỗi HTTP 429 - product id: 170994882, thử lại 1/3
2025-09-22 06:19:24,324 WARNING: Lỗi HTTP 429 - product id: 171052506, thử lại 1/3
2025-09-22 06:19:24,376 WARNING: Lỗi HTTP 429 - product id: 171056585, thử lại 1/3
2025-09-22 06:19:24,419 WARNING: Lỗi HTTP 429 - product id: 171056676, thử lại 1/3
2025-09-22 06:19:24,424 WARNING: Lỗi HTTP 429 - product id: 171057376, thử lại 1/3
2025-09-22 06:19:26,146 WARNING: Lỗi HTTP 404: Không tim thấy product id - product id: 171104261
2025-09-22 06:19:27,518 INFO: Đã commit batch 117 (1000 sản phẩm)
2025-09-22 06:19:27,549 INFO: Đã ghi 999 sản phẩm vào file /home/quannh/projects_de/project_2/output/products_batch_117_999_ids.csv
2025-09-22 06:19:27,584 INFO: Bắt đầu crawl batch 118 (1000 sản phẩm)
2025-09-22 06:19:28,032 WARNING: Lỗi HTTP 429 - product id: 171166767, thử lại 1/3
2025-09-22 06:19:28,040 WARNING: Lỗi HTTP 429 - product id: 171167957, thử lại 1/3
2025-09-22 06:19:28,092 WARNING: Lỗi HTTP 429 - product id: 171169644, thử lại 1/3
2025-09-22 06:19:28,139 WARNING: Lỗi HTTP 429 - product id: 171176587, thử lại 1/3
2025-09-22 06:19:28,181 WARNING: Lỗi HTTP 429 - product id: 171178176, thử lại 1/3
2025-09-22 06:19:28,184 WARNING: Lỗi HTTP 429 - product id: 171181973, thử lại 1/3
2025-09-22 06:19:28,930 WARNING: Lỗi HTTP 429 - product id: 171199134, thử lại 1/3
2025-09-22 06:19:28,990 WARNING: Lỗi HTTP 429 - product id: 171199445, thử lại 1/3
2025-09-22 06:19:29,133 WARNING: Lỗi HTTP 429 - product id: 171208524, thử lại 1/3
2025-09-22 06:19:29,135 WARNING: Lỗi HTTP 429 - product id: 171203079, thử lại 1/3
2025-09-22 06:19:29,291 WARNING: Lỗi HTTP 429 - product id: 171214872, thử lại 1/3
2025-09-22 06:19:29,584 WARNING: Lỗi HTTP 429 - product id: 171247667, thử lại 1/3
2025-09-22 06:19:30,385 WARNING: Lỗi HTTP 429 - product id: 171321365, thử lại 1/3
2025-09-22 06:19:30,436 WARNING: Lỗi HTTP 429 - product id: 171321631, thử lại 1/3
2025-09-22 06:19:30,437 WARNING: Lỗi HTTP 429 - product id: 171321670, thử lại 1/3
2025-09-22 06:19:32,081 WARNING: Lỗi HTTP 429 - product id: 171469688, thử lại 1/3
2025-09-22 06:19:34,078 WARNING: Lỗi HTTP 429 - product id: 171555131, thử lại 1/3
2025-09-22 06:19:34,142 WARNING: Lỗi HTTP 429 - product id: 171566422, thử lại 1/3
2025-09-22 06:19:36,427 WARNING: Lỗi HTTP 429 - product id: 171658836, thử lại 1/3
2025-09-22 06:19:36,989 WARNING: Lỗi HTTP 429 - product id: 171662254, thử lại 1/3
2025-09-22 06:19:37,131 WARNING: Lỗi HTTP 429 - product id: 171666230, thử lại 1/3
2025-09-22 06:19:37,132 WARNING: Lỗi HTTP 429 - product id: 171666240, thử lại 1/3
2025-09-22 06:19:37,200 WARNING: Lỗi HTTP 429 - product id: 171666460, thử lại 1/3
2025-09-22 06:19:37,227 WARNING: Lỗi HTTP 429 - product id: 171666549, thử lại 1/3
2025-09-22 06:19:37,389 WARNING: Lỗi HTTP 429 - product id: 171666821, thử lại 1/3
2025-09-22 06:19:37,391 WARNING: Lỗi HTTP 429 - product id: 171666819, thử lại 1/3
2025-09-22 06:19:37,472 WARNING: Lỗi HTTP 429 - product id: 171668187, thử lại 1/3
2025-09-22 06:19:37,937 WARNING: Lỗi HTTP 429 - product id: 171673831, thử lại 1/3
2025-09-22 06:19:37,989 WARNING: Lỗi HTTP 429 - product id: 171674239, thử lại 1/3
2025-09-22 06:19:38,079 WARNING: Lỗi HTTP 429 - product id: 171677886, thử lại 1/3
2025-09-22 06:19:38,144 WARNING: Lỗi HTTP 429 - product id: 171681734, thử lại 1/3
2025-09-22 06:19:38,233 WARNING: Lỗi HTTP 429 - product id: 171682052, thử lại 1/3
2025-09-22 06:19:38,980 WARNING: Lỗi HTTP 429 - product id: 171702768, thử lại 1/3
2025-09-22 06:19:39,134 WARNING: Lỗi HTTP 429 - product id: 171715950, thử lại 1/3
2025-09-22 06:19:39,182 WARNING: Lỗi HTTP 429 - product id: 171716272, thử lại 1/3
2025-09-22 06:19:39,979 WARNING: Lỗi HTTP 429 - product id: 171759514, thử lại 1/3
2025-09-22 06:19:40,027 WARNING: Lỗi HTTP 429 - product id: 171759585, thử lại 1/3
2025-09-22 06:19:40,337 WARNING: Lỗi HTTP 429 - product id: 171763548, thử lại 1/3
2025-09-22 06:19:40,489 WARNING: Lỗi HTTP 429 - product id: 171666821, thử lại 2/3
2025-09-22 06:19:40,536 WARNING: Lỗi HTTP 429 - product id: 171790644, thử lại 1/3
2025-09-22 06:19:40,586 WARNING: Lỗi HTTP 429 - product id: 171668187, thử lại 2/3
2025-09-22 06:19:40,639 WARNING: Lỗi HTTP 429 - product id: 171794024, thử lại 1/3
2025-09-22 06:19:40,890 WARNING: Lỗi HTTP 429 - product id: 171799186, thử lại 1/3
2025-09-22 06:19:41,386 WARNING: Lỗi HTTP 429 - product id: 171812696, thử lại 1/3
2025-09-22 06:19:41,432 WARNING: Lỗi HTTP 429 - product id: 171812865, thử lại 1/3
2025-09-22 06:19:41,434 WARNING: Lỗi HTTP 429 - product id: 171812851, thử lại 1/3
2025-09-22 06:19:46,691 INFO: Đã commit batch 118 (1000 sản phẩm)
2025-09-22 06:19:46,722 INFO: Đã ghi 1000 sản phẩm vào file /home/quannh/projects_de/project_2/output/products_batch_118_1000_ids.csv
2025-09-22 06:19:46,756 INFO: Bắt đầu crawl batch 119 (1000 sản phẩm)
2025-09-22 06:19:49,908 WARNING: Lỗi HTTP 429 - product id: 172022663, thử lại 1/3
2025-09-22 06:19:50,098 WARNING: Lỗi HTTP 429 - product id: 172026903, thử lại 1/3
2025-09-22 06:19:50,103 WARNING: Lỗi HTTP 429 - product id: 172027812, thử lại 1/3
2025-09-22 06:19:50,111 WARNING: Lỗi HTTP 429 - product id: 172029417, thử lại 1/3
2025-09-22 06:19:50,161 WARNING: Lỗi HTTP 429 - product id: 172029926, thử lại 1/3
2025-09-22 06:19:50,168 WARNING: Lỗi HTTP 429 - product id: 172030107, thử lại 1/3
2025-09-22 06:19:50,204 WARNING: Lỗi HTTP 429 - product id: 172038644, thử lại 1/3
2025-09-22 06:19:50,213 WARNING: Lỗi HTTP 429 - product id: 172038723, thử lại 1/3
2025-09-22 06:19:50,233 WARNING: Lỗi HTTP 429 - product id: 172041127, thử lại 1/3
2025-09-22 06:19:50,353 WARNING: Lỗi HTTP 429 - product id: 172067531, thử lại 1/3
2025-09-22 06:19:50,719 WARNING: Lỗi HTTP 429 - product id: 172079630, thử lại 1/3
2025-09-22 06:19:50,828 WARNING: Lỗi HTTP 404: Không tim thấy product id - product id: 172069313
2025-09-22 06:19:50,853 WARNING: Lỗi HTTP 429 - product id: 172108236, thử lại 1/3
2025-09-22 06:19:51,206 WARNING: Lỗi HTTP 429 - product id: 172143542, thử lại 1/3
2025-09-22 06:19:52,206 WARNING: Lỗi HTTP 429 - product id: 172175911, thử lại 1/3
2025-09-22 06:19:52,266 WARNING: Lỗi HTTP 429 - product id: 172191346, thử lại 1/3
2025-09-22 06:19:53,010 WARNING: Lỗi HTTP 429 - product id: 172208750, thử lại 1/3
2025-09-22 06:19:53,156 WARNING: Lỗi HTTP 429 - product id: 172239242, thử lại 1/3
2025-09-22 06:19:53,165 WARNING: Lỗi HTTP 429 - product id: 172026903, thử lại 2/3
2025-09-22 06:19:53,257 WARNING: Lỗi HTTP 429 - product id: 172029926, thử lại 2/3
2025-09-22 06:19:53,322 WARNING: Lỗi HTTP 429 - product id: 172038723, thử lại 2/3
2025-09-22 06:19:53,756 WARNING: Lỗi HTTP 429 - product id: 172257180, thử lại 1/3
2025-09-22 06:19:53,926 WARNING: Lỗi HTTP 404: Không tim thấy product id - product id: 172067531
2025-09-22 06:19:54,008 WARNING: Lỗi HTTP 429 - product id: 172108236, thử lại 2/3
2025-09-22 06:19:54,104 WARNING: Lỗi HTTP 429 - product id: 172275270, thử lại 1/3
2025-09-22 06:19:54,114 WARNING: Lỗi HTTP 429 - product id: 172275332, thử lại 1/3
2025-09-22 06:19:54,164 WARNING: Lỗi HTTP 429 - product id: 172279376, thử lại 1/3
2025-09-22 06:19:54,204 WARNING: Lỗi HTTP 429 - product id: 172283198, thử lại 1/3
2025-09-22 06:19:54,366 WARNING: Lỗi HTTP 429 - product id: 172287901, thử lại 1/3
2025-09-22 06:19:55,004 WARNING: Lỗi HTTP 429 - product id: 172316932, thử lại 1/3
2025-09-22 06:19:56,604 WARNING: Lỗi HTTP 429 - product id: 172348084, thử lại 1/3
2025-09-22 06:19:57,706 WARNING: Lỗi HTTP 429 - product id: 172386258, thử lại 1/3
2025-09-22 06:19:58,750 WARNING: Lỗi HTTP 429 - product id: 172482224, thử lại 1/3
2025-09-22 06:19:58,763 WARNING: Lỗi HTTP 429 - product id: 172482230, thử lại 1/3
2025-09-22 06:19:58,803 WARNING: Lỗi HTTP 429 - product id: 172482274, thử lại 1/3
2025-09-22 06:19:58,804 WARNING: Lỗi HTTP 429 - product id: 172482298, thử lại 1/3
2025-09-22 06:19:58,867 WARNING: Lỗi HTTP 429 - product id: 172482945, thử lại 1/3
2025-09-22 06:19:58,901 WARNING: Lỗi HTTP 429 - product id: 172483642, thử lại 1/3
2025-09-22 06:19:59,362 WARNING: Lỗi HTTP 429 - product id: 172491700, thử lại 1/3
2025-09-22 06:19:59,760 WARNING: Lỗi HTTP 429 - product id: 172348084, thử lại 2/3
2025-09-22 06:20:00,763 WARNING: Lỗi HTTP 429 - product id: 172546509, thử lại 1/3
2025-09-22 06:20:01,518 WARNING: Lỗi HTTP 429 - product id: 172658134, thử lại 1/3
2025-09-22 06:20:01,859 WARNING: Lỗi HTTP 429 - product id: 172668642, thử lại 1/3
2025-09-22 06:20:01,905 WARNING: Lỗi HTTP 429 - product id: 172482224, thử lại 2/3
2025-09-22 06:20:01,946 WARNING: Lỗi HTTP 429 - product id: 172669540, thử lại 1/3
2025-09-22 06:20:01,949 WARNING: Lỗi HTTP 429 - product id: 172671005, thử lại 1/3
2025-09-22 06:20:02,007 WARNING: Lỗi HTTP 429 - product id: 172673746, thử lại 1/3
2025-09-22 06:20:08,017 INFO: Đã commit batch 119 (1000 sản phẩm)
2025-09-22 06:20:08,047 INFO: Đã ghi 998 sản phẩm vào file /home/quannh/projects_de/project_2/output/products_batch_119_998_ids.csv
2025-09-22 06:20:08,080 INFO: Bắt đầu crawl batch 120 (1000 sản phẩm)
2025-09-22 06:20:11,581 WARNING: Lỗi HTTP 429 - product id: 172994685, thử lại 1/3
2025-09-22 06:20:12,035 WARNING: Lỗi HTTP 429 - product id: 173004055, thử lại 1/3
2025-09-22 06:20:12,092 WARNING: Lỗi HTTP 429 - product id: 173006914, thử lại 1/3
2025-09-22 06:20:12,107 WARNING: Lỗi HTTP 429 - product id: 173008363, thử lại 1/3
2025-09-22 06:20:12,534 WARNING: Lỗi HTTP 429 - product id: 173020067, thử lại 1/3
2025-09-22 06:20:12,686 WARNING: Lỗi HTTP 429 - product id: 173030831, thử lại 1/3
2025-09-22 06:20:13,031 WARNING: Lỗi HTTP 429 - product id: 173039565, thử lại 1/3
2025-09-22 06:20:13,282 WARNING: Lỗi HTTP 429 - product id: 173062120, thử lại 1/3
2025-09-22 06:20:13,989 WARNING: Lỗi HTTP 429 - product id: 173125061, thử lại 1/3
2025-09-22 06:20:14,236 WARNING: Lỗi HTTP 429 - product id: 173129086, thử lại 1/3
2025-09-22 06:20:14,391 WARNING: Lỗi HTTP 429 - product id: 173135213, thử lại 1/3
2025-09-22 06:20:14,585 WARNING: Lỗi HTTP 429 - product id: 173151715, thử lại 1/3
2025-09-22 06:20:14,941 WARNING: Lỗi HTTP 429 - product id: 173164817, thử lại 1/3
2025-09-22 06:20:15,025 WARNING: Lỗi HTTP 429 - product id: 173172885, thử lại 1/3
2025-09-22 06:20:15,184 WARNING: Lỗi HTTP 429 - product id: 173175556, thử lại 1/3
2025-09-22 06:20:15,282 WARNING: Lỗi HTTP 429 - product id: 173186876, thử lại 1/3
2025-09-22 06:20:15,284 WARNING: Lỗi HTTP 429 - product id: 173187935, thử lại 1/3
2025-09-22 06:20:15,338 WARNING: Lỗi HTTP 429 - product id: 173190313, thử lại 1/3
2025-09-22 06:20:15,347 WARNING: Lỗi HTTP 429 - product id: 173194761, thử lại 1/3
2025-09-22 06:20:15,410 WARNING: Lỗi HTTP 429 - product id: 173204814, thử lại 1/3
2025-09-22 06:20:15,430 WARNING: Lỗi HTTP 429 - product id: 173206803, thử lại 1/3
2025-09-22 06:20:15,432 WARNING: Lỗi HTTP 429 - product id: 173210348, thử lại 1/3
2025-09-22 06:20:15,578 WARNING: Lỗi HTTP 429 - product id: 173218992, thử lại 1/3
2025-09-22 06:20:15,581 WARNING: Lỗi HTTP 429 - product id: 173220074, thử lại 1/3
2025-09-22 06:20:15,596 WARNING: Lỗi HTTP 429 - product id: 173020067, thử lại 2/3
2025-09-22 06:20:15,835 WARNING: Lỗi HTTP 429 - product id: 173234282, thử lại 1/3
2025-09-22 06:20:15,874 WARNING: Lỗi HTTP 429 - product id: 173235017, thử lại 1/3
2025-09-22 06:20:16,227 WARNING: Lỗi HTTP 404: Không tim thấy product id - product id: 173237581
2025-09-22 06:20:16,950 WARNING: Lỗi HTTP 404: Không tim thấy product id - product id: 173238278
2025-09-22 06:20:17,080 WARNING: Lỗi HTTP 429 - product id: 173276384, thử lại 1/3
2025-09-22 06:20:17,132 WARNING: Lỗi HTTP 429 - product id: 173276907, thử lại 1/3
2025-09-22 06:20:17,174 WARNING: Lỗi HTTP 429 - product id: 173281124, thử lại 1/3
2025-09-22 06:20:17,486 WARNING: Lỗi HTTP 429 - product id: 173300575, thử lại 1/3
2025-09-22 06:20:17,537 WARNING: Lỗi HTTP 429 - product id: 173301117, thử lại 1/3
2025-09-22 06:20:17,753 WARNING: Lỗi HTTP 404: Không tim thấy product id - product id: 173281156
2025-09-22 06:20:18,051 WARNING: Lỗi HTTP 404: Không tim thấy product id - product id: 173276282
2025-09-22 06:20:18,437 WARNING: Lỗi HTTP 429 - product id: 173194761, thử lại 2/3
2025-09-22 06:20:18,942 WARNING: Lỗi HTTP 429 - product id: 173356177, thử lại 1/3
2025-09-22 06:20:19,030 WARNING: Lỗi HTTP 429 - product id: 173235017, thử lại 2/3
2025-09-22 06:20:19,239 WARNING: Lỗi HTTP 429 - product id: 173360838, thử lại 1/3
2025-09-22 06:20:19,382 WARNING: Lỗi HTTP 429 - product id: 173378164, thử lại 1/3
2025-09-22 06:20:20,030 WARNING: Lỗi HTTP 404: Không tim thấy product id - product id: 173380362
2025-09-22 06:20:20,825 WARNING: Lỗi HTTP 429 - product id: 173398234, thử lại 1/3
2025-09-22 06:20:20,833 WARNING: Lỗi HTTP 429 - product id: 173398241, thử lại 1/3
2025-09-22 06:20:20,878 WARNING: Lỗi HTTP 429 - product id: 173398820, thử lại 1/3
2025-09-22 06:20:20,919 WARNING: Lỗi HTTP 429 - product id: 173401183, thử lại 1/3
2025-09-22 06:20:21,033 WARNING: Lỗi HTTP 429 - product id: 173404698, thử lại 1/3
2025-09-22 06:20:21,533 WARNING: Lỗi HTTP 429 - product id: 173417192, thử lại 1/3
2025-09-22 06:20:23,502 WARNING: Lỗi HTTP 429 - product id: 173447644, thử lại 1/3
2025-09-22 06:20:23,634 WARNING: Lỗi HTTP 429 - product id: 173448877, thử lại 1/3
2025-09-22 06:20:23,695 WARNING: Lỗi HTTP 429 - product id: 173457874, thử lại 1/3
2025-09-22 06:20:23,730 WARNING: Lỗi HTTP 429 - product id: 173461466, thử lại 1/3
2025-09-22 06:20:26,818 INFO: Đã commit batch 120 (1000 sản phẩm)
2025-09-22 06:20:26,849 INFO: Đã ghi 995 sản phẩm vào file /home/quannh/projects_de/project_2/output/products_batch_120_995_ids.csv
2025-09-22 06:20:26,883 INFO: Bắt đầu crawl batch 121 (1000 sản phẩm)
2025-09-22 06:20:33,687 WARNING: Lỗi HTTP 429 - product id: 173787942, thử lại 1/3
2025-09-22 06:20:38,782 WARNING: Lỗi HTTP 429 - product id: 173967821, thử lại 1/3
2025-09-22 06:20:38,833 WARNING: Lỗi HTTP 429 - product id: 173967857, thử lại 1/3
2025-09-22 06:20:40,589 WARNING: Lỗi HTTP 429 - product id: 173999943, thử lại 1/3
2025-09-22 06:20:40,788 WARNING: Lỗi HTTP 429 - product id: 174013879, thử lại 1/3
2025-09-22 06:20:43,927 INFO: Đã commit batch 121 (1000 sản phẩm)
2025-09-22 06:20:43,961 INFO: Đã ghi 1000 sản phẩm vào file /home/quannh/projects_de/project_2/output/products_batch_121_1000_ids.csv
2025-09-22 06:20:43,995 INFO: Bắt đầu crawl batch 122 (1000 sản phẩm)
2025-09-22 06:20:46,521 WARNING: Lỗi HTTP 429 - product id: 174114088, thử lại 1/3
2025-09-22 06:20:46,617 WARNING: Lỗi HTTP 429 - product id: 174114410, thử lại 1/3
2025-09-22 06:20:46,661 WARNING: Lỗi HTTP 429 - product id: 174114447, thử lại 1/3
2025-09-22 06:20:46,666 WARNING: Lỗi HTTP 429 - product id: 174114467, thử lại 1/3
2025-09-22 06:20:46,679 WARNING: Lỗi HTTP 429 - product id: 174114921, thử lại 1/3
2025-09-22 06:20:46,690 WARNING: Lỗi HTTP 404: Không tim thấy product id - product id: 174113468
2025-09-22 06:20:46,719 WARNING: Lỗi HTTP 429 - product id: 174115787, thử lại 1/3
2025-09-22 06:20:46,769 WARNING: Lỗi HTTP 429 - product id: 174123105, thử lại 1/3
2025-09-22 06:20:47,865 WARNING: Lỗi HTTP 429 - product id: 174175683, thử lại 1/3
2025-09-22 06:20:48,319 WARNING: Lỗi HTTP 429 - product id: 174198751, thử lại 1/3
2025-09-22 06:20:48,321 WARNING: Lỗi HTTP 429 - product id: 174199742, thử lại 1/3
2025-09-22 06:20:48,471 WARNING: Lỗi HTTP 429 - product id: 174211269, thử lại 1/3
2025-09-22 06:20:48,570 WARNING: Lỗi HTTP 429 - product id: 174216239, thử lại 1/3
2025-09-22 06:20:48,621 WARNING: Lỗi HTTP 429 - product id: 174216291, thử lại 1/3
2025-09-22 06:20:48,684 WARNING: Lỗi HTTP 429 - product id: 174216431, thử lại 1/3
2025-09-22 06:20:48,824 WARNING: Lỗi HTTP 429 - product id: 174217270, thử lại 1/3
2025-09-22 06:20:48,826 WARNING: Lỗi HTTP 429 - product id: 174217281, thử lại 1/3
2025-09-22 06:20:48,913 WARNING: Lỗi HTTP 429 - product id: 174217348, thử lại 1/3
2025-09-22 06:20:48,969 WARNING: Lỗi HTTP 429 - product id: 174217676, thử lại 1/3
2025-09-22 06:20:49,176 WARNING: Lỗi HTTP 429 - product id: 174220387, thử lại 1/3
2025-09-22 06:20:49,533 WARNING: Lỗi HTTP 429 - product id: 174230202, thử lại 1/3
2025-09-22 06:20:49,557 WARNING: Lỗi HTTP 429 - product id: 174230329, thử lại 1/3
2025-09-22 06:20:49,566 WARNING: Lỗi HTTP 429 - product id: 174231837, thử lại 1/3
2025-09-22 06:20:49,679 WARNING: Lỗi HTTP 429 - product id: 174114410, thử lại 2/3
2025-09-22 06:20:49,721 WARNING: Lỗi HTTP 429 - product id: 174114447, thử lại 2/3
2025-09-22 06:20:49,970 WARNING: Lỗi HTTP 429 - product id: 174238831, thử lại 1/3
2025-09-22 06:20:50,119 WARNING: Lỗi HTTP 429 - product id: 174243602, thử lại 1/3
2025-09-22 06:20:51,118 WARNING: Lỗi HTTP 429 - product id: 174272576, thử lại 1/3
2025-09-22 06:20:51,118 WARNING: Lỗi HTTP 429 - product id: 174272440, thử lại 1/3
2025-09-22 06:20:51,218 WARNING: Lỗi HTTP 429 - product id: 174280494, thử lại 1/3
2025-09-22 06:20:51,566 WARNING: Lỗi HTTP 429 - product id: 174294057, thử lại 1/3
2025-09-22 06:20:51,725 WARNING: Lỗi HTTP 429 - product id: 174295083, thử lại 1/3
2025-09-22 06:20:51,915 WARNING: Lỗi HTTP 429 - product id: 174295218, thử lại 1/3
2025-09-22 06:20:52,026 WARNING: Lỗi HTTP 429 - product id: 174295774, thử lại 1/3
2025-09-22 06:20:52,116 WARNING: Lỗi HTTP 429 - product id: 174295985, thử lại 1/3
2025-09-22 06:20:57,422 WARNING: Lỗi HTTP 429 - product id: 174450253, thử lại 1/3
2025-09-22 06:20:57,622 WARNING: Lỗi HTTP 429 - product id: 174469856, thử lại 1/3
2025-09-22 06:20:57,715 WARNING: Lỗi HTTP 429 - product id: 174470208, thử lại 1/3
2025-09-22 06:20:57,778 WARNING: Lỗi HTTP 429 - product id: 174470339, thử lại 1/3
2025-09-22 06:20:57,817 WARNING: Lỗi HTTP 429 - product id: 174470512, thử lại 1/3
2025-09-22 06:20:57,856 WARNING: Lỗi HTTP 429 - product id: 174470608, thử lại 1/3
2025-09-22 06:20:57,857 WARNING: Lỗi HTTP 429 - product id: 174470764, thử lại 1/3
2025-09-22 06:20:57,869 WARNING: Lỗi HTTP 429 - product id: 174470789, thử lại 1/3
2025-09-22 06:20:57,917 WARNING: Lỗi HTTP 429 - product id: 174481425, thử lại 1/3
2025-09-22 06:20:57,925 WARNING: Lỗi HTTP 429 - product id: 174481835, thử lại 1/3
2025-09-22 06:20:57,975 WARNING: Lỗi HTTP 429 - product id: 174482099, thử lại 1/3
2025-09-22 06:20:57,977 WARNING: Lỗi HTTP 429 - product id: 174482260, thử lại 1/3
2025-09-22 06:20:58,043 WARNING: Lỗi HTTP 429 - product id: 174483123, thử lại 1/3
2025-09-22 06:20:58,367 WARNING: Lỗi HTTP 429 - product id: 174487038, thử lại 1/3
2025-09-22 06:20:58,369 WARNING: Lỗi HTTP 429 - product id: 174486992, thử lại 1/3
2025-09-22 06:20:58,432 WARNING: Lỗi HTTP 429 - product id: 174493940, thử lại 1/3
2025-09-22 06:20:58,470 WARNING: Lỗi HTTP 429 - product id: 174494692, thử lại 1/3
2025-09-22 06:20:59,168 WARNING: Lỗi HTTP 429 - product id: 174508844, thử lại 1/3
2025-09-22 06:20:59,218 WARNING: Lỗi HTTP 429 - product id: 174509213, thử lại 1/3
2025-09-22 06:20:59,355 WARNING: Lỗi HTTP 429 - product id: 174510394, thử lại 1/3
2025-09-22 06:20:59,415 WARNING: Lỗi HTTP 429 - product id: 174510938, thử lại 1/3
2025-09-22 06:20:59,466 WARNING: Lỗi HTTP 429 - product id: 174511027, thử lại 1/3
2025-09-22 06:21:02,559 INFO: Đã commit batch 122 (1000 sản phẩm)
2025-09-22 06:21:02,593 INFO: Đã ghi 999 sản phẩm vào file /home/quannh/projects_de/project_2/output/products_batch_122_999_ids.csv
2025-09-22 06:21:02,626 INFO: Bắt đầu crawl batch 123 (1000 sản phẩm)
2025-09-22 06:21:04,976 WARNING: Lỗi HTTP 429 - product id: 174603739, thử lại 1/3
2025-09-22 06:21:05,072 WARNING: Lỗi HTTP 429 - product id: 174603925, thử lại 1/3
2025-09-22 06:21:05,136 WARNING: Lỗi HTTP 429 - product id: 174605661, thử lại 1/3
2025-09-22 06:21:05,324 WARNING: Lỗi HTTP 429 - product id: 174612335, thử lại 1/3
2025-09-22 06:21:05,386 WARNING: Lỗi HTTP 429 - product id: 174618413, thử lại 1/3
2025-09-22 06:21:05,733 WARNING: Lỗi HTTP 429 - product id: 174622645, thử lại 1/3
2025-09-22 06:21:06,324 WARNING: Lỗi HTTP 429 - product id: 174636551, thử lại 1/3
2025-09-22 06:21:06,389 WARNING: Lỗi HTTP 429 - product id: 174636780, thử lại 1/3
2025-09-22 06:21:06,476 WARNING: Lỗi HTTP 429 - product id: 174637682, thử lại 1/3
2025-09-22 06:21:06,479 WARNING: Lỗi HTTP 429 - product id: 174638438, thử lại 1/3
2025-09-22 06:21:06,528 WARNING: Lỗi HTTP 429 - product id: 174639116, thử lại 1/3
2025-09-22 06:21:06,538 WARNING: Lỗi HTTP 429 - product id: 174640924, thử lại 1/3
2025-09-22 06:21:06,680 WARNING: Lỗi HTTP 429 - product id: 174648881, thử lại 1/3
2025-09-22 06:21:06,827 WARNING: Lỗi HTTP 429 - product id: 174650493, thử lại 1/3
2025-09-22 06:21:06,983 WARNING: Lỗi HTTP 429 - product id: 174651050, thử lại 1/3
2025-09-22 06:21:07,077 WARNING: Lỗi HTTP 429 - product id: 174651179, thử lại 1/3
2025-09-22 06:21:07,078 WARNING: Lỗi HTTP 429 - product id: 174651489, thử lại 1/3
2025-09-22 06:21:07,122 WARNING: Lỗi HTTP 429 - product id: 174652011, thử lại 1/3
2025-09-22 06:21:07,482 WARNING: Lỗi HTTP 429 - product id: 174661466, thử lại 1/3
2025-09-22 06:21:08,181 WARNING: Lỗi HTTP 429 - product id: 174817928, thử lại 1/3
2025-09-22 06:21:08,225 WARNING: Lỗi HTTP 429 - product id: 174817940, thử lại 1/3
2025-09-22 06:21:08,275 WARNING: Lỗi HTTP 429 - product id: 174820743, thử lại 1/3
2025-09-22 06:21:09,278 WARNING: Lỗi HTTP 429 - product id: 174842689, thử lại 1/3
2025-09-22 06:21:09,280 WARNING: Lỗi HTTP 429 - product id: 174842721, thử lại 1/3
2025-09-22 06:21:09,474 WARNING: Lỗi HTTP 429 - product id: 174848568, thử lại 1/3
2025-09-22 06:21:09,476 WARNING: Lỗi HTTP 429 - product id: 174848651, thử lại 1/3
2025-09-22 06:21:09,627 WARNING: Lỗi HTTP 429 - product id: 174850993, thử lại 1/3
2025-09-22 06:21:09,687 WARNING: Lỗi HTTP 429 - product id: 174855649, thử lại 1/3
2025-09-22 06:21:09,724 WARNING: Lỗi HTTP 429 - product id: 174856961, thử lại 1/3
2025-09-22 06:21:09,926 WARNING: Lỗi HTTP 429 - product id: 174861427, thử lại 1/3
2025-09-22 06:21:10,633 WARNING: Lỗi HTTP 429 - product id: 174894582, thử lại 1/3
2025-09-22 06:21:11,279 WARNING: Lỗi HTTP 429 - product id: 174932071, thử lại 1/3
2025-09-22 06:21:13,595 WARNING: Lỗi HTTP 404: Không tim thấy product id - product id: 175150254
2025-09-22 06:21:13,699 WARNING: Lỗi HTTP 404: Không tim thấy product id - product id: 175150267
2025-09-22 06:21:14,783 WARNING: Lỗi HTTP 429 - product id: 175419313, thử lại 1/3
2025-09-22 06:21:14,926 WARNING: Lỗi HTTP 429 - product id: 175425133, thử lại 1/3
2025-09-22 06:21:15,075 WARNING: Lỗi HTTP 429 - product id: 175432265, thử lại 1/3
2025-09-22 06:21:15,171 WARNING: Lỗi HTTP 429 - product id: 175433470, thử lại 1/3
2025-09-22 06:21:15,348 WARNING: Lỗi HTTP 404: Không tim thấy product id - product id: 174932071
2025-09-22 06:21:16,281 WARNING: Lỗi HTTP 429 - product id: 175551986, thử lại 1/3
2025-09-22 06:21:16,393 WARNING: Lỗi HTTP 429 - product id: 175567357, thử lại 1/3
2025-09-22 06:21:16,428 WARNING: Lỗi HTTP 429 - product id: 175573687, thử lại 1/3
2025-09-22 06:21:16,526 WARNING: Lỗi HTTP 429 - product id: 175575147, thử lại 1/3
2025-09-22 06:21:16,985 WARNING: Lỗi HTTP 429 - product id: 175655675, thử lại 1/3
2025-09-22 06:21:17,027 WARNING: Lỗi HTTP 429 - product id: 175655968, thử lại 1/3
2025-09-22 06:21:17,128 WARNING: Lỗi HTTP 429 - product id: 175656306, thử lại 1/3
2025-09-22 06:21:20,222 INFO: Đã commit batch 123 (1000 sản phẩm)
2025-09-22 06:21:20,260 INFO: Đã ghi 997 sản phẩm vào file /home/quannh/projects_de/project_2/output/products_batch_123_997_ids.csv
2025-09-22 06:21:20,294 INFO: Bắt đầu crawl batch 124 (1000 sản phẩm)
2025-09-22 06:21:23,447 WARNING: Lỗi HTTP 429 - product id: 175868259, thử lại 1/3
2025-09-22 06:21:23,740 WARNING: Lỗi HTTP 429 - product id: 175876527, thử lại 1/3
2025-09-22 06:21:23,804 WARNING: Lỗi HTTP 429 - product id: 175885517, thử lại 1/3
2025-09-22 06:21:23,841 WARNING: Lỗi HTTP 429 - product id: 175886051, thử lại 1/3
2025-09-22 06:21:23,893 WARNING: Lỗi HTTP 429 - product id: 175901429, thử lại 1/3
2025-09-22 06:21:23,998 WARNING: Lỗi HTTP 429 - product id: 175904591, thử lại 1/3
2025-09-22 06:21:24,098 WARNING: Lỗi HTTP 429 - product id: 175948995, thử lại 1/3
2025-09-22 06:21:24,254 WARNING: Lỗi HTTP 429 - product id: 175966078, thử lại 1/3
2025-09-22 06:21:24,444 WARNING: Lỗi HTTP 429 - product id: 175975524, thử lại 1/3
2025-09-22 06:21:24,494 WARNING: Lỗi HTTP 429 - product id: 175976084, thử lại 1/3
2025-09-22 06:21:24,494 WARNING: Lỗi HTTP 429 - product id: 175975784, thử lại 1/3
2025-09-22 06:21:24,794 WARNING: Lỗi HTTP 429 - product id: 175990776, thử lại 1/3
2025-09-22 06:21:24,857 WARNING: Lỗi HTTP 429 - product id: 175990978, thử lại 1/3
2025-09-22 06:21:24,910 WARNING: Lỗi HTTP 429 - product id: 175991308, thử lại 1/3
2025-09-22 06:21:24,946 WARNING: Lỗi HTTP 429 - product id: 175991786, thử lại 1/3
2025-09-22 06:21:24,996 WARNING: Lỗi HTTP 429 - product id: 175992165, thử lại 1/3
2025-09-22 06:21:25,194 WARNING: Lỗi HTTP 429 - product id: 175993894, thử lại 1/3
2025-09-22 06:21:25,238 WARNING: Lỗi HTTP 429 - product id: 175994893, thử lại 1/3
2025-09-22 06:21:25,249 WARNING: Lỗi HTTP 429 - product id: 175995207, thử lại 1/3
2025-09-22 06:21:25,352 WARNING: Lỗi HTTP 429 - product id: 175996503, thử lại 1/3
2025-09-22 06:21:25,988 WARNING: Lỗi HTTP 429 - product id: 176008870, thử lại 1/3
2025-09-22 06:21:27,101 WARNING: Lỗi HTTP 429 - product id: 176054035, thử lại 1/3
2025-09-22 06:21:27,258 WARNING: Lỗi HTTP 429 - product id: 176055461, thử lại 1/3
2025-09-22 06:21:27,547 WARNING: Lỗi HTTP 429 - product id: 176057283, thử lại 1/3
2025-09-22 06:21:27,646 WARNING: Lỗi HTTP 429 - product id: 176058988, thử lại 1/3
2025-09-22 06:21:27,750 WARNING: Lỗi HTTP 429 - product id: 176062128, thử lại 1/3
2025-09-22 06:21:28,039 WARNING: Lỗi HTTP 429 - product id: 176070556, thử lại 1/3
2025-09-22 06:21:28,349 WARNING: Lỗi HTTP 429 - product id: 175993894, thử lại 2/3
2025-09-22 06:21:28,446 WARNING: Lỗi HTTP 429 - product id: 176081949, thử lại 1/3
2025-09-22 06:21:28,691 WARNING: Lỗi HTTP 429 - product id: 176099946, thử lại 1/3
2025-09-22 06:21:28,898 WARNING: Lỗi HTTP 429 - product id: 176105422, thử lại 1/3
2025-09-22 06:21:28,986 WARNING: Lỗi HTTP 429 - product id: 176106645, thử lại 1/3
2025-09-22 06:21:28,989 WARNING: Lỗi HTTP 429 - product id: 176106730, thử lại 1/3
2025-09-22 06:21:31,100 WARNING: Lỗi HTTP 429 - product id: 176146856, thử lại 1/3
2025-09-22 06:21:31,206 WARNING: Lỗi HTTP 429 - product id: 176150171, thử lại 1/3
2025-09-22 06:21:31,495 WARNING: Lỗi HTTP 429 - product id: 176156087, thử lại 1/3
2025-09-22 06:21:31,501 WARNING: Lỗi HTTP 429 - product id: 176156168, thử lại 1/3
2025-09-22 06:21:31,549 WARNING: Lỗi HTTP 429 - product id: 176156407, thử lại 1/3
2025-09-22 06:21:31,595 WARNING: Lỗi HTTP 429 - product id: 176081949, thử lại 2/3
2025-09-22 06:21:31,642 WARNING: Lỗi HTTP 429 - product id: 176165787, thử lại 1/3
2025-09-22 06:21:31,651 WARNING: Lỗi HTTP 429 - product id: 176166342, thử lại 1/3
2025-09-22 06:21:31,748 WARNING: Lỗi HTTP 429 - product id: 176170219, thử lại 1/3
2025-09-22 06:21:31,795 WARNING: Lỗi HTTP 429 - product id: 176174889, thử lại 1/3
2025-09-22 06:21:31,845 WARNING: Lỗi HTTP 429 - product id: 176185607, thử lại 1/3
2025-09-22 06:21:31,944 WARNING: Lỗi HTTP 429 - product id: 176211928, thử lại 1/3
2025-09-22 06:21:32,097 WARNING: Lỗi HTTP 429 - product id: 176213620, thử lại 1/3
2025-09-22 06:21:32,151 WARNING: Lỗi HTTP 429 - product id: 176217273, thử lại 1/3
2025-09-22 06:21:32,220 WARNING: Lỗi HTTP 429 - product id: 176218542, thử lại 1/3
2025-09-22 06:21:32,225 WARNING: Lỗi HTTP 404: Không tim thấy product id - product id: 176150593
2025-09-22 06:21:32,240 WARNING: Lỗi HTTP 429 - product id: 176218569, thử lại 1/3
2025-09-22 06:21:32,270 WARNING: Lỗi HTTP 429 - product id: 176218634, thử lại 1/3
2025-09-22 06:21:32,290 WARNING: Lỗi HTTP 429 - product id: 176218638, thử lại 1/3
2025-09-22 06:21:32,352 WARNING: Lỗi HTTP 429 - product id: 176218741, thử lại 1/3
2025-09-22 06:21:35,398 WARNING: Lỗi HTTP 429 - product id: 176292786, thử lại 1/3
2025-09-22 06:21:35,597 WARNING: Lỗi HTTP 429 - product id: 176218741, thử lại 2/3
2025-09-22 06:21:35,654 WARNING: Lỗi HTTP 429 - product id: 176294441, thử lại 1/3
2025-09-22 06:21:35,692 WARNING: Lỗi HTTP 429 - product id: 176295684, thử lại 1/3
2025-09-22 06:21:35,700 WARNING: Lỗi HTTP 429 - product id: 176295733, thử lại 1/3
2025-09-22 06:21:35,789 WARNING: Lỗi HTTP 429 - product id: 176304087, thử lại 1/3
2025-09-22 06:21:35,791 WARNING: Lỗi HTTP 429 - product id: 176304269, thử lại 1/3
2025-09-22 06:21:35,794 WARNING: Lỗi HTTP 429 - product id: 176304529, thử lại 1/3
2025-09-22 06:21:35,852 WARNING: Lỗi HTTP 429 - product id: 176304619, thử lại 1/3
2025-09-22 06:21:35,852 WARNING: Lỗi HTTP 429 - product id: 176304693, thử lại 1/3
2025-09-22 06:21:35,853 WARNING: Lỗi HTTP 429 - product id: 176306185, thử lại 1/3
2025-09-22 06:21:35,855 WARNING: Lỗi HTTP 429 - product id: 176306206, thử lại 1/3
2025-09-22 06:21:35,948 WARNING: Lỗi HTTP 429 - product id: 176307272, thử lại 1/3
2025-09-22 06:21:35,949 WARNING: Lỗi HTTP 429 - product id: 176307280, thử lại 1/3
2025-09-22 06:21:41,704 INFO: Đã commit batch 124 (1000 sản phẩm)
2025-09-22 06:21:41,736 INFO: Đã ghi 999 sản phẩm vào file /home/quannh/projects_de/project_2/output/products_batch_124_999_ids.csv
2025-09-22 06:21:41,771 INFO: Bắt đầu crawl batch 125 (1000 sản phẩm)
2025-09-22 06:21:44,020 WARNING: Lỗi HTTP 429 - product id: 176451005, thử lại 1/3
2025-09-22 06:21:44,034 WARNING: Lỗi HTTP 429 - product id: 176451083, thử lại 1/3
2025-09-22 06:21:44,084 WARNING: Lỗi HTTP 429 - product id: 176451563, thử lại 1/3
2025-09-22 06:21:44,127 WARNING: Lỗi HTTP 429 - product id: 176452824, thử lại 1/3
2025-09-22 06:21:44,417 WARNING: Lỗi HTTP 429 - product id: 176457230, thử lại 1/3
2025-09-22 06:21:44,421 WARNING: Lỗi HTTP 429 - product id: 176457234, thử lại 1/3
2025-09-22 06:21:44,476 WARNING: Lỗi HTTP 429 - product id: 176457366, thử lại 1/3
2025-09-22 06:21:45,131 WARNING: Lỗi HTTP 429 - product id: 176465871, thử lại 1/3
2025-09-22 06:21:45,518 WARNING: Lỗi HTTP 429 - product id: 176474065, thử lại 1/3
2025-09-22 06:21:46,173 WARNING: Lỗi HTTP 429 - product id: 176485587, thử lại 1/3
2025-09-22 06:21:46,217 WARNING: Lỗi HTTP 429 - product id: 176485600, thử lại 1/3
2025-09-22 06:21:46,265 WARNING: Lỗi HTTP 429 - product id: 176485628, thử lại 1/3
2025-09-22 06:21:46,790 WARNING: Lỗi HTTP 404: Không tim thấy product id - product id: 176488082
2025-09-22 06:21:47,291 WARNING: Lỗi HTTP 404: Không tim thấy product id - product id: 176508941
2025-09-22 06:21:48,518 WARNING: Lỗi HTTP 429 - product id: 176573706, thử lại 1/3
2025-09-22 06:21:48,590 WARNING: Lỗi HTTP 429 - product id: 176573723, thử lại 1/3
2025-09-22 06:21:48,617 WARNING: Lỗi HTTP 429 - product id: 176573732, thử lại 1/3
2025-09-22 06:21:48,679 WARNING: Lỗi HTTP 429 - product id: 176573751, thử lại 1/3
2025-09-22 06:21:51,173 WARNING: Lỗi HTTP 429 - product id: 176695957, thử lại 1/3
2025-09-22 06:21:51,269 WARNING: Lỗi HTTP 429 - product id: 176698454, thử lại 1/3
2025-09-22 06:21:51,275 WARNING: Lỗi HTTP 429 - product id: 176698969, thử lại 1/3
2025-09-22 06:21:51,323 WARNING: Lỗi HTTP 429 - product id: 176699648, thử lại 1/3
2025-09-22 06:21:51,387 WARNING: Lỗi HTTP 429 - product id: 176704432, thử lại 1/3
2025-09-22 06:21:51,425 WARNING: Lỗi HTTP 429 - product id: 176704669, thử lại 1/3
2025-09-22 06:21:51,720 WARNING: Lỗi HTTP 429 - product id: 176713318, thử lại 1/3
2025-09-22 06:21:51,928 WARNING: Lỗi HTTP 429 - product id: 176721404, thử lại 1/3
2025-09-22 06:21:52,031 WARNING: Lỗi HTTP 429 - product id: 176728935, thử lại 1/3
2025-09-22 06:21:52,068 WARNING: Lỗi HTTP 429 - product id: 176729066, thử lại 1/3
2025-09-22 06:21:52,518 WARNING: Lỗi HTTP 429 - product id: 176751365, thử lại 1/3
2025-09-22 06:21:52,631 WARNING: Lỗi HTTP 429 - product id: 176759248, thử lại 1/3
2025-09-22 06:21:52,668 WARNING: Lỗi HTTP 429 - product id: 176759494, thử lại 1/3
2025-09-22 06:21:52,721 WARNING: Lỗi HTTP 429 - product id: 176764368, thử lại 1/3
2025-09-22 06:21:52,731 WARNING: Lỗi HTTP 429 - product id: 176769889, thử lại 1/3
2025-09-22 06:21:54,234 WARNING: Lỗi HTTP 429 - product id: 176851443, thử lại 1/3
2025-09-22 06:21:55,382 WARNING: Lỗi HTTP 429 - product id: 176907846, thử lại 1/3
2025-09-22 06:21:55,422 WARNING: Lỗi HTTP 429 - product id: 176907897, thử lại 1/3
2025-09-22 06:21:55,470 WARNING: Lỗi HTTP 429 - product id: 176908084, thử lại 1/3
2025-09-22 06:21:55,536 WARNING: Lỗi HTTP 429 - product id: 176909088, thử lại 1/3
2025-09-22 06:21:55,665 WARNING: Lỗi HTTP 429 - product id: 176921684, thử lại 1/3
2025-09-22 06:21:55,769 WARNING: Lỗi HTTP 429 - product id: 176933552, thử lại 1/3
2025-09-22 06:21:55,825 WARNING: Lỗi HTTP 429 - product id: 176759494, thử lại 2/3
2025-09-22 06:21:56,029 WARNING: Lỗi HTTP 429 - product id: 176936337, thử lại 1/3
2025-09-22 06:21:56,076 WARNING: Lỗi HTTP 429 - product id: 176936959, thử lại 1/3
2025-09-22 06:21:56,361 WARNING: Lỗi HTTP 429 - product id: 176939659, thử lại 1/3
2025-09-22 06:22:01,934 INFO: Đã commit batch 125 (1000 sản phẩm)
2025-09-22 06:22:01,965 INFO: Đã ghi 998 sản phẩm vào file /home/quannh/projects_de/project_2/output/products_batch_125_998_ids.csv
2025-09-22 06:22:01,999 INFO: Bắt đầu crawl batch 126 (1000 sản phẩm)
2025-09-22 06:22:04,601 WARNING: Lỗi HTTP 429 - product id: 177208863, thử lại 1/3
2025-09-22 06:22:05,055 WARNING: Lỗi HTTP 429 - product id: 177232149, thử lại 1/3
2025-09-22 06:22:10,149 WARNING: Lỗi HTTP 429 - product id: 177545803, thử lại 1/3
2025-09-22 06:22:10,195 WARNING: Lỗi HTTP 429 - product id: 177546199, thử lại 1/3
2025-09-22 06:22:10,254 WARNING: Lỗi HTTP 429 - product id: 177552373, thử lại 1/3
2025-09-22 06:22:10,262 WARNING: Lỗi HTTP 429 - product id: 177552384, thử lại 1/3
2025-09-22 06:22:11,450 WARNING: Lỗi HTTP 429 - product id: 177564215, thử lại 1/3
2025-09-22 06:22:11,505 WARNING: Lỗi HTTP 429 - product id: 177564315, thử lại 1/3
2025-09-22 06:22:11,602 WARNING: Lỗi HTTP 429 - product id: 177565773, thử lại 1/3
2025-09-22 06:22:11,747 WARNING: Lỗi HTTP 429 - product id: 177568426, thử lại 1/3
2025-09-22 06:22:11,748 WARNING: Lỗi HTTP 429 - product id: 177568465, thử lại 1/3
2025-09-22 06:22:11,814 WARNING: Lỗi HTTP 429 - product id: 177569210, thử lại 1/3
2025-09-22 06:22:11,845 WARNING: Lỗi HTTP 429 - product id: 177569605, thử lại 1/3
2025-09-22 06:22:12,904 WARNING: Lỗi HTTP 429 - product id: 177591028, thử lại 1/3
2025-09-22 06:22:13,709 WARNING: Lỗi HTTP 429 - product id: 177617336, thử lại 1/3
2025-09-22 06:22:13,748 WARNING: Lỗi HTTP 429 - product id: 177617539, thử lại 1/3
2025-09-22 06:22:13,753 WARNING: Lỗi HTTP 429 - product id: 177618441, thử lại 1/3
2025-09-22 06:22:14,000 WARNING: Lỗi HTTP 429 - product id: 177631699, thử lại 1/3
2025-09-22 06:22:14,046 WARNING: Lỗi HTTP 429 - product id: 177632091, thử lại 1/3
2025-09-22 06:22:14,112 WARNING: Lỗi HTTP 429 - product id: 177639381, thử lại 1/3
2025-09-22 06:22:14,161 WARNING: Lỗi HTTP 429 - product id: 177641379, thử lại 1/3
2025-09-22 06:22:14,198 WARNING: Lỗi HTTP 429 - product id: 177647218, thử lại 1/3
2025-09-22 06:22:14,251 WARNING: Lỗi HTTP 429 - product id: 177660554, thử lại 1/3
2025-09-22 06:22:14,698 WARNING: Lỗi HTTP 429 - product id: 177703021, thử lại 1/3
2025-09-22 06:22:14,801 WARNING: Lỗi HTTP 404: Không tim thấy product id - product id: 177703051
2025-09-22 06:22:14,852 WARNING: Lỗi HTTP 404: Không tim thấy product id - product id: 177703093
2025-09-22 06:22:14,901 WARNING: Lỗi HTTP 404: Không tim thấy product id - product id: 177703256
2025-09-22 06:22:14,954 WARNING: Lỗi HTTP 404: Không tim thấy product id - product id: 177703218
2025-09-22 06:22:15,002 WARNING: Lỗi HTTP 404: Không tim thấy product id - product id: 177703395
2025-09-22 06:22:15,051 WARNING: Lỗi HTTP 404: Không tim thấy product id - product id: 177703463
2025-09-22 06:22:15,618 WARNING: Lỗi HTTP 404: Không tim thấy product id - product id: 177703356
2025-09-22 06:22:15,720 WARNING: Lỗi HTTP 404: Không tim thấy product id - product id: 177703412
2025-09-22 06:22:16,006 WARNING: Lỗi HTTP 429 - product id: 177722390, thử lại 1/3
2025-09-22 06:22:16,396 WARNING: Lỗi HTTP 429 - product id: 177727057, thử lại 1/3
2025-09-22 06:22:16,457 WARNING: Lỗi HTTP 429 - product id: 177727477, thử lại 1/3
2025-09-22 06:22:16,539 WARNING: Lỗi HTTP 429 - product id: 177733041, thử lại 1/3
2025-09-22 06:22:17,547 WARNING: Lỗi HTTP 429 - product id: 177755236, thử lại 1/3
2025-09-22 06:22:17,843 WARNING: Lỗi HTTP 429 - product id: 177771216, thử lại 1/3
2025-09-22 06:22:17,846 WARNING: Lỗi HTTP 429 - product id: 177771335, thử lại 1/3
2025-09-22 06:22:18,502 WARNING: Lỗi HTTP 404: Không tim thấy product id - product id: 177703021
2025-09-22 06:22:20,987 INFO: Đã commit batch 126 (1000 sản phẩm)
2025-09-22 06:22:21,018 INFO: Đã ghi 991 sản phẩm vào file /home/quannh/projects_de/project_2/output/products_batch_126_991_ids.csv
2025-09-22 06:22:21,052 INFO: Bắt đầu crawl batch 127 (1000 sản phẩm)
2025-09-22 06:22:21,923 WARNING: Lỗi HTTP 404: Không tim thấy product id - product id: 177813776
2025-09-22 06:22:22,399 WARNING: Lỗi HTTP 429 - product id: 177919361, thử lại 1/3
2025-09-22 06:22:25,625 WARNING: Lỗi HTTP 429 - product id: 178012404, thử lại 1/3
2025-09-22 06:22:26,401 WARNING: Lỗi HTTP 404: Không tim thấy product id - product id: 178041627
2025-09-22 06:22:26,448 WARNING: Lỗi HTTP 404: Không tim thấy product id - product id: 178042421
2025-09-22 06:22:26,873 WARNING: Lỗi HTTP 429 - product id: 178053642, thử lại 1/3
2025-09-22 06:22:26,877 WARNING: Lỗi HTTP 404: Không tim thấy product id - product id: 178041869
2025-09-22 06:22:26,877 WARNING: Lỗi HTTP 404: Không tim thấy product id - product id: 178042194
2025-09-22 06:22:26,923 WARNING: Lỗi HTTP 404: Không tim thấy product id - product id: 178042430
2025-09-22 06:22:26,923 WARNING: Lỗi HTTP 404: Không tim thấy product id - product id: 178042489
2025-09-22 06:22:27,122 WARNING: Lỗi HTTP 404: Không tim thấy product id - product id: 178042439
2025-09-22 06:22:27,125 WARNING: Lỗi HTTP 429 - product id: 178054230, thử lại 1/3
2025-09-22 06:22:27,125 WARNING: Lỗi HTTP 404: Không tim thấy product id - product id: 178042482
2025-09-22 06:22:27,126 WARNING: Lỗi HTTP 404: Không tim thấy product id - product id: 178041921
2025-09-22 06:22:27,464 WARNING: Lỗi HTTP 429 - product id: 178057679, thử lại 1/3
2025-09-22 06:22:27,631 WARNING: Lỗi HTTP 429 - product id: 178058291, thử lại 1/3
2025-09-22 06:22:27,633 WARNING: Lỗi HTTP 429 - product id: 178058271, thử lại 1/3
2025-09-22 06:22:28,114 WARNING: Lỗi HTTP 429 - product id: 178077959, thử lại 1/3
2025-09-22 06:22:28,254 WARNING: Lỗi HTTP 429 - product id: 178078930, thử lại 1/3
2025-09-22 06:22:28,357 WARNING: Lỗi HTTP 429 - product id: 178089857, thử lại 1/3
2025-09-22 06:22:28,500 WARNING: Lỗi HTTP 429 - product id: 178093356, thử lại 1/3
2025-09-22 06:22:28,566 WARNING: Lỗi HTTP 429 - product id: 178095716, thử lại 1/3
2025-09-22 06:22:28,722 WARNING: Lỗi HTTP 404: Không tim thấy product id - product id: 178088896
2025-09-22 06:22:29,146 WARNING: Lỗi HTTP 429 - product id: 178111447, thử lại 1/3
2025-09-22 06:22:29,209 WARNING: Lỗi HTTP 429 - product id: 178112245, thử lại 1/3
2025-09-22 06:22:29,299 WARNING: Lỗi HTTP 429 - product id: 178114650, thử lại 1/3
2025-09-22 06:22:29,301 WARNING: Lỗi HTTP 429 - product id: 178116245, thử lại 1/3
2025-09-22 06:22:29,722 WARNING: Lỗi HTTP 404: Không tim thấy product id - product id: 178111489
2025-09-22 06:22:32,747 WARNING: Lỗi HTTP 429 - product id: 178314306, thử lại 1/3
2025-09-22 06:22:32,924 WARNING: Lỗi HTTP 404: Không tim thấy product id - product id: 178297848
2025-09-22 06:22:33,557 WARNING: Lỗi HTTP 429 - product id: 178329973, thử lại 1/3
2025-09-22 06:22:33,900 WARNING: Lỗi HTTP 429 - product id: 178339892, thử lại 1/3
2025-09-22 06:22:33,916 WARNING: Lỗi HTTP 429 - product id: 178340190, thử lại 1/3
2025-09-22 06:22:33,960 WARNING: Lỗi HTTP 429 - product id: 178457954, thử lại 1/3
2025-09-22 06:22:33,963 WARNING: Lỗi HTTP 429 - product id: 178461005, thử lại 1/3
2025-09-22 06:22:34,212 WARNING: Lỗi HTTP 429 - product id: 178466111, thử lại 1/3
2025-09-22 06:22:34,365 WARNING: Lỗi HTTP 429 - product id: 178467005, thử lại 1/3
2025-09-22 06:22:34,457 WARNING: Lỗi HTTP 429 - product id: 178468136, thử lại 1/3
2025-09-22 06:22:34,550 WARNING: Lỗi HTTP 429 - product id: 178476422, thử lại 1/3
2025-09-22 06:22:34,559 WARNING: Lỗi HTTP 429 - product id: 178477123, thử lại 1/3
2025-09-22 06:22:34,896 WARNING: Lỗi HTTP 429 - product id: 178506913, thử lại 1/3
2025-09-22 06:22:34,955 WARNING: Lỗi HTTP 429 - product id: 178506977, thử lại 1/3
2025-09-22 06:22:34,958 WARNING: Lỗi HTTP 429 - product id: 178507214, thử lại 1/3
2025-09-22 06:22:35,059 WARNING: Lỗi HTTP 429 - product id: 178509130, thử lại 1/3
2025-09-22 06:22:35,094 WARNING: Lỗi HTTP 429 - product id: 178509140, thử lại 1/3
2025-09-22 06:22:35,248 WARNING: Lỗi HTTP 429 - product id: 178511328, thử lại 1/3
2025-09-22 06:22:35,248 WARNING: Lỗi HTTP 429 - product id: 178511311, thử lại 1/3
2025-09-22 06:22:35,362 WARNING: Lỗi HTTP 429 - product id: 178511608, thử lại 1/3
2025-09-22 06:22:35,962 WARNING: Lỗi HTTP 429 - product id: 178536432, thử lại 1/3
2025-09-22 06:22:36,009 WARNING: Lỗi HTTP 429 - product id: 178537626, thử lại 1/3
2025-09-22 06:22:39,096 INFO: Đã commit batch 127 (1000 sản phẩm)
2025-09-22 06:22:39,125 INFO: Đã ghi 987 sản phẩm vào file /home/quannh/projects_de/project_2/output/products_batch_127_987_ids.csv
2025-09-22 06:22:39,158 INFO: Bắt đầu crawl batch 128 (1000 sản phẩm)
2025-09-22 06:22:41,105 WARNING: Lỗi HTTP 429 - product id: 178608836, thử lại 1/3
2025-09-22 06:22:41,364 WARNING: Lỗi HTTP 429 - product id: 178729997, thử lại 1/3
2025-09-22 06:22:41,452 WARNING: Lỗi HTTP 429 - product id: 178740249, thử lại 1/3
2025-09-22 06:22:41,457 WARNING: Lỗi HTTP 429 - product id: 178736229, thử lại 1/3
2025-09-22 06:22:41,680 WARNING: Lỗi HTTP 404: Không tim thấy product id - product id: 178606776
2025-09-22 06:22:41,915 WARNING: Lỗi HTTP 429 - product id: 178776363, thử lại 1/3
2025-09-22 06:22:42,003 WARNING: Lỗi HTTP 429 - product id: 178779133, thử lại 1/3
2025-09-22 06:22:42,009 WARNING: Lỗi HTTP 429 - product id: 178779135, thử lại 1/3
2025-09-22 06:22:42,064 WARNING: Lỗi HTTP 429 - product id: 178780416, thử lại 1/3
2025-09-22 06:22:42,155 WARNING: Lỗi HTTP 429 - product id: 178827020, thử lại 1/3
2025-09-22 06:22:42,160 WARNING: Lỗi HTTP 429 - product id: 178827573, thử lại 1/3
2025-09-22 06:22:42,378 WARNING: Lỗi HTTP 404: Không tim thấy product id - product id: 178745135
2025-09-22 06:22:42,520 WARNING: Lỗi HTTP 429 - product id: 178945368, thử lại 1/3
2025-09-22 06:22:43,004 WARNING: Lỗi HTTP 429 - product id: 178953843, thử lại 1/3
2025-09-22 06:22:43,470 WARNING: Lỗi HTTP 429 - product id: 179013405, thử lại 1/3
2025-09-22 06:22:43,609 WARNING: Lỗi HTTP 429 - product id: 179060126, thử lại 1/3
2025-09-22 06:22:43,668 WARNING: Lỗi HTTP 429 - product id: 179064450, thử lại 1/3
2025-09-22 06:22:43,764 WARNING: Lỗi HTTP 429 - product id: 179074046, thử lại 1/3
2025-09-22 06:22:43,913 WARNING: Lỗi HTTP 429 - product id: 179105008, thử lại 1/3
2025-09-22 06:22:44,207 WARNING: Lỗi HTTP 429 - product id: 179128025, thử lại 1/3
2025-09-22 06:22:44,614 WARNING: Lỗi HTTP 429 - product id: 179142038, thử lại 1/3
2025-09-22 06:22:44,707 WARNING: Lỗi HTTP 429 - product id: 179142316, thử lại 1/3
2025-09-22 06:22:44,712 WARNING: Lỗi HTTP 429 - product id: 179142359, thử lại 1/3
2025-09-22 06:22:44,855 WARNING: Lỗi HTTP 429 - product id: 179142437, thử lại 1/3
2025-09-22 06:22:44,873 WARNING: Lỗi HTTP 404: Không tim thấy product id - product id: 179142419
2025-09-22 06:22:45,066 WARNING: Lỗi HTTP 429 - product id: 178779133, thử lại 2/3
2025-09-22 06:22:45,074 WARNING: Lỗi HTTP 429 - product id: 178779135, thử lại 2/3
2025-09-22 06:22:45,104 WARNING: Lỗi HTTP 429 - product id: 179146934, thử lại 1/3
2025-09-22 06:22:45,213 WARNING: Lỗi HTTP 429 - product id: 179147952, thử lại 1/3
2025-09-22 06:22:45,259 WARNING: Lỗi HTTP 429 - product id: 179148315, thử lại 1/3
2025-09-22 06:22:45,412 WARNING: Lỗi HTTP 429 - product id: 179149529, thử lại 1/3
2025-09-22 06:22:45,505 WARNING: Lỗi HTTP 429 - product id: 179150560, thử lại 1/3
2025-09-22 06:22:46,069 WARNING: Lỗi HTTP 429 - product id: 178953843, thử lại 2/3
2025-09-22 06:22:46,510 WARNING: Lỗi HTTP 429 - product id: 179155820, thử lại 1/3
2025-09-22 06:22:46,564 WARNING: Lỗi HTTP 429 - product id: 179159243, thử lại 1/3
2025-09-22 06:22:46,607 WARNING: Lỗi HTTP 429 - product id: 179159313, thử lại 1/3
2025-09-22 06:22:47,116 WARNING: Lỗi HTTP 429 - product id: 179163679, thử lại 1/3
2025-09-22 06:22:47,217 WARNING: Lỗi HTTP 429 - product id: 179164068, thử lại 1/3
2025-09-22 06:22:48,007 WARNING: Lỗi HTTP 429 - product id: 179221297, thử lại 1/3
2025-09-22 06:22:48,107 WARNING: Lỗi HTTP 429 - product id: 179230818, thử lại 1/3
2025-09-22 06:22:48,151 WARNING: Lỗi HTTP 429 - product id: 179237613, thử lại 1/3
2025-09-22 06:22:48,168 WARNING: Lỗi HTTP 429 - product id: 179268202, thử lại 1/3
2025-09-22 06:22:48,680 WARNING: Lỗi HTTP 404: Không tim thấy product id - product id: 179142316
2025-09-22 06:22:49,069 WARNING: Lỗi HTTP 429 - product id: 179401635, thử lại 1/3
2025-09-22 06:22:50,105 WARNING: Lỗi HTTP 429 - product id: 179439189, thử lại 1/3
2025-09-22 06:22:50,255 WARNING: Lỗi HTTP 429 - product id: 179163679, thử lại 2/3
2025-09-22 06:22:50,260 WARNING: Lỗi HTTP 429 - product id: 179493092, thử lại 1/3
2025-09-22 06:22:50,464 WARNING: Lỗi HTTP 429 - product id: 179500438, thử lại 1/3
2025-09-22 06:22:50,557 WARNING: Lỗi HTTP 429 - product id: 179502165, thử lại 1/3
2025-09-22 06:22:50,557 WARNING: Lỗi HTTP 429 - product id: 179501986, thử lại 1/3
2025-09-22 06:22:52,300 WARNING: Lỗi HTTP 429 - product id: 179534435, thử lại 1/3
2025-09-22 06:22:52,309 WARNING: Lỗi HTTP 429 - product id: 179534500, thử lại 1/3
2025-09-22 06:22:52,311 WARNING: Lỗi HTTP 429 - product id: 179534508, thử lại 1/3
2025-09-22 06:22:52,372 WARNING: Lỗi HTTP 429 - product id: 179538962, thử lại 1/3
2025-09-22 06:22:52,433 WARNING: Lỗi HTTP 429 - product id: 179539187, thử lại 1/3
2025-09-22 06:22:52,495 WARNING: Lỗi HTTP 429 - product id: 179539335, thử lại 1/3
2025-09-22 06:22:52,611 WARNING: Lỗi HTTP 429 - product id: 179539768, thử lại 1/3
2025-09-22 06:22:54,109 WARNING: Lỗi HTTP 429 - product id: 179556421, thử lại 1/3
2025-09-22 06:22:54,263 WARNING: Lỗi HTTP 429 - product id: 179567862, thử lại 1/3
2025-09-22 06:22:54,399 WARNING: Lỗi HTTP 429 - product id: 179570621, thử lại 1/3
2025-09-22 06:22:54,406 WARNING: Lỗi HTTP 429 - product id: 179570699, thử lại 1/3
2025-09-22 06:22:54,462 WARNING: Lỗi HTTP 429 - product id: 179575306, thử lại 1/3
2025-09-22 06:22:54,859 WARNING: Lỗi HTTP 429 - product id: 179592721, thử lại 1/3
2025-09-22 06:22:57,985 INFO: Đã commit batch 128 (1000 sản phẩm)
2025-09-22 06:22:58,014 INFO: Đã ghi 996 sản phẩm vào file /home/quannh/projects_de/project_2/output/products_batch_128_996_ids.csv
2025-09-22 06:22:58,047 INFO: Bắt đầu crawl batch 129 (1000 sản phẩm)
2025-09-22 06:23:00,246 WARNING: Lỗi HTTP 429 - product id: 179764679, thử lại 1/3
2025-09-22 06:23:00,308 WARNING: Lỗi HTTP 429 - product id: 179771867, thử lại 1/3
2025-09-22 06:23:00,656 WARNING: Lỗi HTTP 429 - product id: 179772787, thử lại 1/3
2025-09-22 06:23:00,657 WARNING: Lỗi HTTP 429 - product id: 179772774, thử lại 1/3
2025-09-22 06:23:00,901 WARNING: Lỗi HTTP 429 - product id: 179773008, thử lại 1/3
2025-09-22 06:23:03,749 WARNING: Lỗi HTTP 429 - product id: 179884835, thử lại 1/3
2025-09-22 06:23:03,794 WARNING: Lỗi HTTP 429 - product id: 179884938, thử lại 1/3
2025-09-22 06:23:03,855 WARNING: Lỗi HTTP 429 - product id: 179885642, thử lại 1/3
2025-09-22 06:23:03,904 WARNING: Lỗi HTTP 429 - product id: 179772774, thử lại 2/3
2025-09-22 06:23:04,002 WARNING: Lỗi HTTP 429 - product id: 179921342, thử lại 1/3
2025-09-22 06:23:04,104 WARNING: Lỗi HTTP 429 - product id: 179930153, thử lại 1/3
2025-09-22 06:23:04,150 WARNING: Lỗi HTTP 429 - product id: 179773008, thử lại 2/3
2025-09-22 06:23:04,153 WARNING: Lỗi HTTP 429 - product id: 179931086, thử lại 1/3
2025-09-22 06:23:04,203 WARNING: Lỗi HTTP 429 - product id: 179932321, thử lại 1/3
2025-09-22 06:23:04,203 WARNING: Lỗi HTTP 429 - product id: 179932283, thử lại 1/3
2025-09-22 06:23:05,248 WARNING: Lỗi HTTP 429 - product id: 179970479, thử lại 1/3
2025-09-22 06:23:05,312 WARNING: Lỗi HTTP 429 - product id: 179979311, thử lại 1/3
2025-09-22 06:23:05,553 WARNING: Lỗi HTTP 429 - product id: 179982093, thử lại 1/3
2025-09-22 06:23:05,898 WARNING: Lỗi HTTP 429 - product id: 179987017, thử lại 1/3
2025-09-22 06:23:06,500 WARNING: Lỗi HTTP 429 - product id: 180030204, thử lại 1/3
2025-09-22 06:23:06,546 WARNING: Lỗi HTTP 429 - product id: 180030394, thử lại 1/3
2025-09-22 06:23:06,560 WARNING: Lỗi HTTP 429 - product id: 180037101, thử lại 1/3
2025-09-22 06:23:07,245 WARNING: Lỗi HTTP 429 - product id: 180104214, thử lại 1/3
2025-09-22 06:23:07,800 WARNING: Lỗi HTTP 429 - product id: 180236584, thử lại 1/3
2025-09-22 06:23:07,801 WARNING: Lỗi HTTP 429 - product id: 180236611, thử lại 1/3
2025-09-22 06:23:07,893 WARNING: Lỗi HTTP 429 - product id: 180244008, thử lại 1/3
2025-09-22 06:23:07,896 WARNING: Lỗi HTTP 429 - product id: 180247331, thử lại 1/3
2025-09-22 06:23:07,903 WARNING: Lỗi HTTP 429 - product id: 180247372, thử lại 1/3
2025-09-22 06:23:07,946 WARNING: Lỗi HTTP 429 - product id: 180249231, thử lại 1/3
2025-09-22 06:23:07,954 WARNING: Lỗi HTTP 429 - product id: 180250503, thử lại 1/3
2025-09-22 06:23:07,995 WARNING: Lỗi HTTP 429 - product id: 180255011, thử lại 1/3
2025-09-22 06:23:08,050 WARNING: Lỗi HTTP 429 - product id: 180268304, thử lại 1/3
2025-09-22 06:23:08,099 WARNING: Lỗi HTTP 429 - product id: 180299146, thử lại 1/3
2025-09-22 06:23:08,310 WARNING: Lỗi HTTP 429 - product id: 179970479, thử lại 2/3
2025-09-22 06:23:08,648 WARNING: Lỗi HTTP 429 - product id: 180308539, thử lại 1/3
2025-09-22 06:23:08,952 WARNING: Lỗi HTTP 429 - product id: 180318627, thử lại 1/3
2025-09-22 06:23:08,961 WARNING: Lỗi HTTP 429 - product id: 179987017, thử lại 2/3
2025-09-22 06:23:09,048 WARNING: Lỗi HTTP 429 - product id: 180319548, thử lại 1/3
2025-09-22 06:23:09,095 WARNING: Lỗi HTTP 429 - product id: 180320297, thử lại 1/3
2025-09-22 06:23:09,399 WARNING: Lỗi HTTP 429 - product id: 180324654, thử lại 1/3
2025-09-22 06:23:09,400 WARNING: Lỗi HTTP 429 - product id: 180324629, thử lại 1/3
2025-09-22 06:23:09,572 WARNING: Lỗi HTTP 429 - product id: 180327684, thử lại 1/3
2025-09-22 06:23:09,583 WARNING: Lỗi HTTP 429 - product id: 180327694, thử lại 1/3
2025-09-22 06:23:09,598 WARNING: Lỗi HTTP 429 - product id: 180327806, thử lại 1/3
2025-09-22 06:23:09,612 WARNING: Lỗi HTTP 429 - product id: 180030394, thử lại 2/3
2025-09-22 06:23:09,655 WARNING: Lỗi HTTP 429 - product id: 180327988, thử lại 1/3
2025-09-22 06:23:10,560 WARNING: Lỗi HTTP 429 - product id: 180389906, thử lại 1/3
2025-09-22 06:23:11,293 WARNING: Lỗi HTTP 429 - product id: 180391521, thử lại 1/3
2025-09-22 06:23:11,296 WARNING: Lỗi HTTP 429 - product id: 180391540, thử lại 1/3
2025-09-22 06:23:11,493 WARNING: Lỗi HTTP 429 - product id: 180394425, thử lại 1/3
2025-09-22 06:23:11,593 WARNING: Lỗi HTTP 429 - product id: 180396683, thử lại 1/3
2025-09-22 06:23:12,350 WARNING: Lỗi HTTP 429 - product id: 180400631, thử lại 1/3
2025-09-22 06:23:12,395 WARNING: Lỗi HTTP 429 - product id: 180402287, thử lại 1/3
2025-09-22 06:23:12,449 WARNING: Lỗi HTTP 429 - product id: 180402507, thử lại 1/3
2025-09-22 06:23:12,999 WARNING: Lỗi HTTP 429 - product id: 180567343, thử lại 1/3
2025-09-22 06:23:13,048 WARNING: Lỗi HTTP 429 - product id: 180567362, thử lại 1/3
2025-09-22 06:23:13,258 WARNING: Lỗi HTTP 429 - product id: 180567451, thử lại 1/3
2025-09-22 06:23:13,400 WARNING: Lỗi HTTP 429 - product id: 180567501, thử lại 1/3
2025-09-22 06:23:13,448 WARNING: Lỗi HTTP 429 - product id: 180567522, thử lại 1/3
2025-09-22 06:23:13,498 WARNING: Lỗi HTTP 429 - product id: 180567545, thử lại 1/3
2025-09-22 06:23:16,585 INFO: Đã commit batch 129 (1000 sản phẩm)
2025-09-22 06:23:16,613 INFO: Đã ghi 1000 sản phẩm vào file /home/quannh/projects_de/project_2/output/products_batch_129_1000_ids.csv
2025-09-22 06:23:16,646 INFO: Bắt đầu crawl batch 130 (1000 sản phẩm)
2025-09-22 06:23:17,148 WARNING: Lỗi HTTP 429 - product id: 180592715, thử lại 1/3
2025-09-22 06:23:17,365 WARNING: Lỗi HTTP 404: Không tim thấy product id - product id: 180576324
2025-09-22 06:23:17,568 WARNING: Lỗi HTTP 404: Không tim thấy product id - product id: 180585063
2025-09-22 06:23:17,616 WARNING: Lỗi HTTP 404: Không tim thấy product id - product id: 180585865
2025-09-22 06:23:17,641 WARNING: Lỗi HTTP 429 - product id: 180604736, thử lại 1/3
2025-09-22 06:23:17,656 WARNING: Lỗi HTTP 429 - product id: 180604754, thử lại 1/3
2025-09-22 06:23:18,067 WARNING: Lỗi HTTP 404: Không tim thấy product id - product id: 180592620
2025-09-22 06:23:20,242 WARNING: Lỗi HTTP 429 - product id: 180906877, thử lại 1/3
2025-09-22 06:23:20,446 WARNING: Lỗi HTTP 429 - product id: 180907128, thử lại 1/3
2025-09-22 06:23:20,593 WARNING: Lỗi HTTP 429 - product id: 180907846, thử lại 1/3
2025-09-22 06:23:20,643 WARNING: Lỗi HTTP 429 - product id: 180907912, thử lại 1/3
2025-09-22 06:23:20,652 WARNING: Lỗi HTTP 429 - product id: 180907945, thử lại 1/3
2025-09-22 06:23:20,710 WARNING: Lỗi HTTP 429 - product id: 180907958, thử lại 1/3
2025-09-22 06:23:20,710 WARNING: Lỗi HTTP 429 - product id: 180908056, thử lại 1/3
2025-09-22 06:23:20,775 WARNING: Lỗi HTTP 429 - product id: 180908109, thử lại 1/3
2025-09-22 06:23:20,791 WARNING: Lỗi HTTP 429 - product id: 180908178, thử lại 1/3
2025-09-22 06:23:20,795 WARNING: Lỗi HTTP 429 - product id: 180908191, thử lại 1/3
2025-09-22 06:23:20,841 WARNING: Lỗi HTTP 429 - product id: 180908220, thử lại 1/3
2025-09-22 06:23:20,855 WARNING: Lỗi HTTP 429 - product id: 180908242, thử lại 1/3
2025-09-22 06:23:20,860 WARNING: Lỗi HTTP 429 - product id: 180908253, thử lại 1/3
2025-09-22 06:23:20,901 WARNING: Lỗi HTTP 429 - product id: 180908313, thử lại 1/3
2025-09-22 06:23:20,946 WARNING: Lỗi HTTP 429 - product id: 180908450, thử lại 1/3
2025-09-22 06:23:21,203 WARNING: Lỗi HTTP 429 - product id: 180908918, thử lại 1/3
2025-09-22 06:23:21,246 WARNING: Lỗi HTTP 429 - product id: 180909039, thử lại 1/3
2025-09-22 06:23:21,291 WARNING: Lỗi HTTP 429 - product id: 180909202, thử lại 1/3
2025-09-22 06:23:21,298 WARNING: Lỗi HTTP 429 - product id: 180909241, thử lại 1/3
2025-09-22 06:23:21,796 WARNING: Lỗi HTTP 429 - product id: 180910092, thử lại 1/3
2025-09-22 06:23:21,892 WARNING: Lỗi HTTP 429 - product id: 180910235, thử lại 1/3
2025-09-22 06:23:22,095 WARNING: Lỗi HTTP 429 - product id: 180910765, thử lại 1/3
2025-09-22 06:23:22,190 WARNING: Lỗi HTTP 429 - product id: 180910869, thử lại 1/3
2025-09-22 06:23:22,296 WARNING: Lỗi HTTP 429 - product id: 180911040, thử lại 1/3
2025-09-22 06:23:22,340 WARNING: Lỗi HTTP 429 - product id: 180911047, thử lại 1/3
2025-09-22 06:23:22,345 WARNING: Lỗi HTTP 429 - product id: 180911072, thử lại 1/3
2025-09-22 06:23:22,546 WARNING: Lỗi HTTP 429 - product id: 180911295, thử lại 1/3
2025-09-22 06:23:22,549 WARNING: Lỗi HTTP 429 - product id: 180911301, thử lại 1/3
2025-09-22 06:23:24,343 WARNING: Lỗi HTTP 429 - product id: 180914482, thử lại 1/3
2025-09-22 06:23:24,397 WARNING: Lỗi HTTP 429 - product id: 180914497, thử lại 1/3
2025-09-22 06:23:24,460 WARNING: Lỗi HTTP 429 - product id: 180914592, thử lại 1/3
2025-09-22 06:23:24,497 WARNING: Lỗi HTTP 429 - product id: 180914615, thử lại 1/3
2025-09-22 06:23:24,546 WARNING: Lỗi HTTP 429 - product id: 180914685, thử lại 1/3
2025-09-22 06:23:24,558 WARNING: Lỗi HTTP 429 - product id: 180914733, thử lại 1/3
2025-09-22 06:23:24,640 WARNING: Lỗi HTTP 429 - product id: 180914885, thử lại 1/3
2025-09-22 06:23:24,641 WARNING: Lỗi HTTP 429 - product id: 180914889, thử lại 1/3
2025-09-22 06:23:25,591 WARNING: Lỗi HTTP 429 - product id: 180916169, thử lại 1/3
2025-09-22 06:23:25,843 WARNING: Lỗi HTTP 429 - product id: 180916480, thử lại 1/3
2025-09-22 06:23:25,993 WARNING: Lỗi HTTP 429 - product id: 180916900, thử lại 1/3
2025-09-22 06:23:26,242 WARNING: Lỗi HTTP 429 - product id: 180917233, thử lại 1/3
2025-09-22 06:23:26,795 WARNING: Lỗi HTTP 429 - product id: 180918033, thử lại 1/3
2025-09-22 06:23:26,998 WARNING: Lỗi HTTP 429 - product id: 180918449, thử lại 1/3
2025-09-22 06:23:27,060 WARNING: Lỗi HTTP 429 - product id: 180918551, thử lại 1/3
2025-09-22 06:23:27,346 WARNING: Lỗi HTTP 429 - product id: 180919109, thử lại 1/3
2025-09-22 06:23:27,400 WARNING: Lỗi HTTP 429 - product id: 180919163, thử lại 1/3
2025-09-22 06:23:27,896 WARNING: Lỗi HTTP 429 - product id: 180919752, thử lại 1/3
2025-09-22 06:23:27,944 WARNING: Lỗi HTTP 429 - product id: 180919790, thử lại 1/3
2025-09-22 06:23:28,043 WARNING: Lỗi HTTP 429 - product id: 180919978, thử lại 1/3
2025-09-22 06:23:28,107 WARNING: Lỗi HTTP 429 - product id: 180920064, thử lại 1/3
2025-09-22 06:23:28,143 WARNING: Lỗi HTTP 429 - product id: 180920126, thử lại 1/3
2025-09-22 06:23:28,193 WARNING: Lỗi HTTP 429 - product id: 180920223, thử lại 1/3
2025-09-22 06:23:28,239 WARNING: Lỗi HTTP 429 - product id: 180920304, thử lại 1/3
2025-09-22 06:23:28,407 WARNING: Lỗi HTTP 429 - product id: 180920417, thử lại 1/3
2025-09-22 06:23:28,438 WARNING: Lỗi HTTP 429 - product id: 180920454, thử lại 1/3
2025-09-22 06:23:28,439 WARNING: Lỗi HTTP 429 - product id: 180920476, thử lại 1/3
2025-09-22 06:23:28,602 WARNING: Lỗi HTTP 429 - product id: 180920685, thử lại 1/3
2025-09-22 06:23:29,490 WARNING: Lỗi HTTP 429 - product id: 180922233, thử lại 1/3
2025-09-22 06:23:29,587 WARNING: Lỗi HTTP 429 - product id: 180922431, thử lại 1/3
2025-09-22 06:23:29,745 WARNING: Lỗi HTTP 429 - product id: 180923449, thử lại 1/3
2025-09-22 06:23:29,791 WARNING: Lỗi HTTP 429 - product id: 180925206, thử lại 1/3
2025-09-22 06:23:29,950 WARNING: Lỗi HTTP 429 - product id: 180925826, thử lại 1/3
2025-09-22 06:23:30,685 WARNING: Lỗi HTTP 429 - product id: 180937703, thử lại 1/3
2025-09-22 06:23:30,688 WARNING: Lỗi HTTP 429 - product id: 180937980, thử lại 1/3
2025-09-22 06:23:31,251 WARNING: Lỗi HTTP 429 - product id: 180940383, thử lại 1/3
2025-09-22 06:23:31,298 WARNING: Lỗi HTTP 429 - product id: 180940463, thử lại 1/3
2025-09-22 06:23:31,385 WARNING: Lỗi HTTP 429 - product id: 180940694, thử lại 1/3
2025-09-22 06:23:31,645 WARNING: Lỗi HTTP 429 - product id: 180941865, thử lại 1/3
2025-09-22 06:23:31,696 WARNING: Lỗi HTTP 429 - product id: 180942055, thử lại 1/3
2025-09-22 06:23:31,751 WARNING: Lỗi HTTP 429 - product id: 180942198, thử lại 1/3
2025-09-22 06:23:31,756 WARNING: Lỗi HTTP 429 - product id: 180942246, thử lại 1/3
2025-09-22 06:23:31,757 WARNING: Lỗi HTTP 429 - product id: 180942427, thử lại 1/3
2025-09-22 06:23:34,850 INFO: Đã commit batch 130 (1000 sản phẩm)
2025-09-22 06:23:34,872 INFO: Đã ghi 996 sản phẩm vào file /home/quannh/projects_de/project_2/output/products_batch_130_996_ids.csv
2025-09-22 06:23:34,905 INFO: Bắt đầu crawl batch 131 (1000 sản phẩm)
2025-09-22 06:23:38,353 WARNING: Lỗi HTTP 429 - product id: 181096020, thử lại 1/3
2025-09-22 06:23:45,903 WARNING: Lỗi HTTP 429 - product id: 181656910, thử lại 1/3
2025-09-22 06:23:45,904 WARNING: Lỗi HTTP 429 - product id: 181656835, thử lại 1/3
2025-09-22 06:23:48,059 WARNING: Lỗi HTTP 429 - product id: 181776683, thử lại 1/3
2025-09-22 06:23:48,105 WARNING: Lỗi HTTP 429 - product id: 181776909, thử lại 1/3
2025-09-22 06:23:48,150 WARNING: Lỗi HTTP 429 - product id: 181779270, thử lại 1/3
2025-09-22 06:23:48,451 WARNING: Lỗi HTTP 429 - product id: 181783547, thử lại 1/3
2025-09-22 06:23:48,459 WARNING: Lỗi HTTP 429 - product id: 181785301, thử lại 1/3
2025-09-22 06:23:48,657 WARNING: Lỗi HTTP 429 - product id: 181786756, thử lại 1/3
2025-09-22 06:23:48,747 WARNING: Lỗi HTTP 429 - product id: 181788242, thử lại 1/3
2025-09-22 06:23:48,808 WARNING: Lỗi HTTP 429 - product id: 181788588, thử lại 1/3
2025-09-22 06:23:48,954 WARNING: Lỗi HTTP 429 - product id: 181791719, thử lại 1/3
2025-09-22 06:23:49,019 WARNING: Lỗi HTTP 429 - product id: 181794473, thử lại 1/3
2025-09-22 06:23:49,103 WARNING: Lỗi HTTP 429 - product id: 181795533, thử lại 1/3
2025-09-22 06:23:49,951 WARNING: Lỗi HTTP 429 - product id: 181908551, thử lại 1/3
2025-09-22 06:23:50,013 WARNING: Lỗi HTTP 429 - product id: 181910166, thử lại 1/3
2025-09-22 06:23:50,103 WARNING: Lỗi HTTP 429 - product id: 181915447, thử lại 1/3
2025-09-22 06:23:50,107 WARNING: Lỗi HTTP 429 - product id: 181915448, thử lại 1/3
2025-09-22 06:23:50,150 WARNING: Lỗi HTTP 429 - product id: 181915593, thử lại 1/3
2025-09-22 06:23:50,164 WARNING: Lỗi HTTP 429 - product id: 181915942, thử lại 1/3
2025-09-22 06:23:53,288 INFO: Đã commit batch 131 (1000 sản phẩm)
2025-09-22 06:23:53,317 INFO: Đã ghi 1000 sản phẩm vào file /home/quannh/projects_de/project_2/output/products_batch_131_1000_ids.csv
2025-09-22 06:23:53,350 INFO: Bắt đầu crawl batch 132 (1000 sản phẩm)
2025-09-22 06:23:53,623 WARNING: Lỗi HTTP 404: Không tim thấy product id - product id: 181940296
2025-09-22 06:23:53,900 WARNING: Lỗi HTTP 429 - product id: 181976992, thử lại 1/3
2025-09-22 06:23:53,902 WARNING: Lỗi HTTP 429 - product id: 181977495, thử lại 1/3
2025-09-22 06:23:54,004 WARNING: Lỗi HTTP 429 - product id: 181979349, thử lại 1/3
2025-09-22 06:23:54,056 WARNING: Lỗi HTTP 429 - product id: 181980381, thử lại 1/3
2025-09-22 06:23:54,096 WARNING: Lỗi HTTP 429 - product id: 181981109, thử lại 1/3
2025-09-22 06:23:54,155 WARNING: Lỗi HTTP 429 - product id: 181983922, thử lại 1/3
2025-09-22 06:23:54,156 WARNING: Lỗi HTTP 429 - product id: 181985706, thử lại 1/3
2025-09-22 06:23:54,201 WARNING: Lỗi HTTP 429 - product id: 181986841, thử lại 1/3
2025-09-22 06:23:54,217 WARNING: Lỗi HTTP 429 - product id: 181990289, thử lại 1/3
2025-09-22 06:23:54,240 WARNING: Lỗi HTTP 429 - product id: 181991285, thử lại 1/3
2025-09-22 06:23:54,245 WARNING: Lỗi HTTP 429 - product id: 181991402, thử lại 1/3
2025-09-22 06:23:54,498 WARNING: Lỗi HTTP 429 - product id: 181994791, thử lại 1/3
2025-09-22 06:23:55,554 WARNING: Lỗi HTTP 429 - product id: 182133721, thử lại 1/3
2025-09-22 06:23:55,653 WARNING: Lỗi HTTP 429 - product id: 182135452, thử lại 1/3
2025-09-22 06:23:55,750 WARNING: Lỗi HTTP 429 - product id: 182142949, thử lại 1/3
2025-09-22 06:23:55,756 WARNING: Lỗi HTTP 429 - product id: 182143146, thử lại 1/3
2025-09-22 06:23:55,847 WARNING: Lỗi HTTP 429 - product id: 182144270, thử lại 1/3
2025-09-22 06:23:59,049 WARNING: Lỗi HTTP 429 - product id: 182545467, thử lại 1/3
2025-09-22 06:24:03,049 WARNING: Lỗi HTTP 429 - product id: 182743990, thử lại 1/3
2025-09-22 06:24:07,822 WARNING: Lỗi HTTP 404: Không tim thấy product id - product id: 183034117
2025-09-22 06:24:10,333 INFO: Đã commit batch 132 (1000 sản phẩm)
2025-09-22 06:24:10,361 INFO: Đã ghi 998 sản phẩm vào file /home/quannh/projects_de/project_2/output/products_batch_132_998_ids.csv
2025-09-22 06:24:10,395 INFO: Bắt đầu crawl batch 133 (1000 sản phẩm)
2025-09-22 06:24:10,470 WARNING: Lỗi HTTP 429 - product id: 183113235, thử lại 1/3
2025-09-22 06:24:10,809 WARNING: Lỗi HTTP 429 - product id: 183244246, thử lại 1/3
2025-09-22 06:24:10,898 WARNING: Lỗi HTTP 429 - product id: 183250273, thử lại 1/3
2025-09-22 06:24:15,467 WARNING: Lỗi HTTP 404: Không tim thấy product id - product id: 183491790
2025-09-22 06:24:15,700 WARNING: Lỗi HTTP 429 - product id: 183506212, thử lại 1/3
2025-09-22 06:24:15,752 WARNING: Lỗi HTTP 429 - product id: 183506826, thử lại 1/3
2025-09-22 06:24:15,752 WARNING: Lỗi HTTP 429 - product id: 183506334, thử lại 1/3
2025-09-22 06:24:15,805 WARNING: Lỗi HTTP 429 - product id: 183511174, thử lại 1/3
2025-09-22 06:24:15,807 WARNING: Lỗi HTTP 429 - product id: 183510787, thử lại 1/3
2025-09-22 06:24:16,595 WARNING: Lỗi HTTP 429 - product id: 183532523, thử lại 1/3
2025-09-22 06:24:16,647 WARNING: Lỗi HTTP 429 - product id: 183532669, thử lại 1/3
2025-09-22 06:24:16,753 WARNING: Lỗi HTTP 429 - product id: 183533226, thử lại 1/3
2025-09-22 06:24:17,991 WARNING: Lỗi HTTP 429 - product id: 183567669, thử lại 1/3
2025-09-22 06:24:18,052 WARNING: Lỗi HTTP 429 - product id: 183634546, thử lại 1/3
2025-09-22 06:24:18,113 WARNING: Lỗi HTTP 429 - product id: 183682063, thử lại 1/3
2025-09-22 06:24:18,151 WARNING: Lỗi HTTP 429 - product id: 183683280, thử lại 1/3
2025-09-22 06:24:18,245 WARNING: Lỗi HTTP 429 - product id: 183684483, thử lại 1/3
2025-09-22 06:24:18,299 WARNING: Lỗi HTTP 429 - product id: 183685353, thử lại 1/3
2025-09-22 06:24:18,311 WARNING: Lỗi HTTP 429 - product id: 183685427, thử lại 1/3
2025-09-22 06:24:18,354 WARNING: Lỗi HTTP 429 - product id: 183685446, thử lại 1/3
2025-09-22 06:24:18,600 WARNING: Lỗi HTTP 429 - product id: 183701081, thử lại 1/3
2025-09-22 06:24:18,647 WARNING: Lỗi HTTP 429 - product id: 183701091, thử lại 1/3
2025-09-22 06:24:19,097 WARNING: Lỗi HTTP 429 - product id: 183726025, thử lại 1/3
2025-09-22 06:24:19,194 WARNING: Lỗi HTTP 429 - product id: 183728029, thử lại 1/3
2025-09-22 06:24:19,257 WARNING: Lỗi HTTP 429 - product id: 183731773, thử lại 1/3
2025-09-22 06:24:19,451 WARNING: Lỗi HTTP 429 - product id: 183744534, thử lại 1/3
2025-09-22 06:24:20,698 WARNING: Lỗi HTTP 429 - product id: 183750038, thử lại 1/3
2025-09-22 06:24:20,807 WARNING: Lỗi HTTP 429 - product id: 183750377, thử lại 1/3
2025-09-22 06:24:20,807 WARNING: Lỗi HTTP 429 - product id: 183750366, thử lại 1/3
2025-09-22 06:24:21,044 WARNING: Lỗi HTTP 429 - product id: 183751585, thử lại 1/3
2025-09-22 06:24:22,093 WARNING: Lỗi HTTP 429 - product id: 183910516, thử lại 1/3
2025-09-22 06:24:22,947 WARNING: Lỗi HTTP 429 - product id: 183920523, thử lại 1/3
2025-09-22 06:24:23,041 WARNING: Lỗi HTTP 429 - product id: 183920919, thử lại 1/3
2025-09-22 06:24:24,097 WARNING: Lỗi HTTP 429 - product id: 184068885, thử lại 1/3
2025-09-22 06:24:24,201 WARNING: Lỗi HTTP 429 - product id: 184070321, thử lại 1/3
2025-09-22 06:24:25,743 WARNING: Lỗi HTTP 429 - product id: 184114747, thử lại 1/3
2025-09-22 06:24:25,941 WARNING: Lỗi HTTP 429 - product id: 184115401, thử lại 1/3
2025-09-22 06:24:26,014 WARNING: Lỗi HTTP 429 - product id: 184115521, thử lại 1/3
2025-09-22 06:24:26,044 WARNING: Lỗi HTTP 429 - product id: 184115712, thử lại 1/3
2025-09-22 06:24:29,152 INFO: Đã commit batch 133 (1000 sản phẩm)
2025-09-22 06:24:29,182 INFO: Đã ghi 999 sản phẩm vào file /home/quannh/projects_de/project_2/output/products_batch_133_999_ids.csv
2025-09-22 06:24:29,216 INFO: Bắt đầu crawl batch 134 (1000 sản phẩm)
2025-09-22 06:24:30,721 WARNING: Lỗi HTTP 429 - product id: 184281598, thử lại 1/3
2025-09-22 06:24:30,824 WARNING: Lỗi HTTP 429 - product id: 184283084, thử lại 1/3
2025-09-22 06:24:31,010 WARNING: Lỗi HTTP 429 - product id: 184295129, thử lại 1/3
2025-09-22 06:24:33,321 WARNING: Lỗi HTTP 429 - product id: 184449765, thử lại 1/3
2025-09-22 06:24:33,612 WARNING: Lỗi HTTP 429 - product id: 184468339, thử lại 1/3
2025-09-22 06:24:33,663 WARNING: Lỗi HTTP 429 - product id: 184468749, thử lại 1/3
2025-09-22 06:24:33,666 WARNING: Lỗi HTTP 429 - product id: 184468702, thử lại 1/3
2025-09-22 06:24:33,964 WARNING: Lỗi HTTP 429 - product id: 184486826, thử lại 1/3
2025-09-22 06:24:34,467 WARNING: Lỗi HTTP 429 - product id: 184497487, thử lại 1/3
2025-09-22 06:24:38,036 WARNING: Lỗi HTTP 404: Không tim thấy product id - product id: 184698105
2025-09-22 06:24:38,215 WARNING: Lỗi HTTP 429 - product id: 184760662, thử lại 1/3
2025-09-22 06:24:38,370 WARNING: Lỗi HTTP 429 - product id: 184761289, thử lại 1/3
2025-09-22 06:24:42,918 WARNING: Lỗi HTTP 429 - product id: 184919394, thử lại 1/3
2025-09-22 06:24:42,923 WARNING: Lỗi HTTP 429 - product id: 184920095, thử lại 1/3
2025-09-22 06:24:43,465 WARNING: Lỗi HTTP 429 - product id: 184999934, thử lại 1/3
2025-09-22 06:24:44,614 WARNING: Lỗi HTTP 429 - product id: 185088613, thử lại 1/3
2025-09-22 06:24:44,675 WARNING: Lỗi HTTP 429 - product id: 185088961, thử lại 1/3
2025-09-22 06:24:44,720 WARNING: Lỗi HTTP 429 - product id: 185092891, thử lại 1/3
2025-09-22 06:24:44,762 WARNING: Lỗi HTTP 429 - product id: 185096160, thử lại 1/3
2025-09-22 06:24:44,867 WARNING: Lỗi HTTP 429 - product id: 185101757, thử lại 1/3
2025-09-22 06:24:44,930 WARNING: Lỗi HTTP 429 - product id: 185114785, thử lại 1/3
2025-09-22 06:24:45,082 WARNING: Lỗi HTTP 429 - product id: 185147068, thử lại 1/3
2025-09-22 06:24:48,176 INFO: Đã commit batch 134 (1000 sản phẩm)
2025-09-22 06:24:48,207 INFO: Đã ghi 999 sản phẩm vào file /home/quannh/projects_de/project_2/output/products_batch_134_999_ids.csv
2025-09-22 06:24:48,240 INFO: Bắt đầu crawl batch 135 (1000 sản phẩm)
2025-09-22 06:24:49,292 WARNING: Lỗi HTTP 429 - product id: 185271898, thử lại 1/3
2025-09-22 06:24:49,341 WARNING: Lỗi HTTP 429 - product id: 185274914, thử lại 1/3
2025-09-22 06:24:49,434 WARNING: Lỗi HTTP 429 - product id: 185276321, thử lại 1/3
2025-09-22 06:24:49,512 WARNING: Lỗi HTTP 404: Không tim thấy product id - product id: 185235526
2025-09-22 06:24:51,543 WARNING: Lỗi HTTP 429 - product id: 185439362, thử lại 1/3
2025-09-22 06:24:53,186 WARNING: Lỗi HTTP 429 - product id: 185544375, thử lại 1/3
2025-09-22 06:24:53,186 WARNING: Lỗi HTTP 429 - product id: 185543459, thử lại 1/3
2025-09-22 06:24:54,986 WARNING: Lỗi HTTP 429 - product id: 185711071, thử lại 1/3
2025-09-22 06:24:55,297 WARNING: Lỗi HTTP 429 - product id: 185715434, thử lại 1/3
2025-09-22 06:24:55,334 WARNING: Lỗi HTTP 429 - product id: 185717457, thử lại 1/3
2025-09-22 06:24:55,686 WARNING: Lỗi HTTP 429 - product id: 185751381, thử lại 1/3
2025-09-22 06:24:55,689 WARNING: Lỗi HTTP 429 - product id: 185751354, thử lại 1/3
2025-09-22 06:24:55,992 WARNING: Lỗi HTTP 429 - product id: 185758171, thử lại 1/3
2025-09-22 06:24:56,087 WARNING: Lỗi HTTP 429 - product id: 185759506, thử lại 1/3
2025-09-22 06:24:56,289 WARNING: Lỗi HTTP 429 - product id: 185781999, thử lại 1/3
2025-09-22 06:24:56,401 WARNING: Lỗi HTTP 429 - product id: 185806416, thử lại 1/3
2025-09-22 06:24:56,504 WARNING: Lỗi HTTP 429 - product id: 185807021, thử lại 1/3
2025-09-22 06:24:57,292 WARNING: Lỗi HTTP 429 - product id: 185843698, thử lại 1/3
2025-09-22 06:24:57,501 WARNING: Lỗi HTTP 429 - product id: 185851594, thử lại 1/3
2025-09-22 06:24:57,791 WARNING: Lỗi HTTP 429 - product id: 185862717, thử lại 1/3
2025-09-22 06:24:57,855 WARNING: Lỗi HTTP 429 - product id: 185864129, thử lại 1/3
2025-09-22 06:24:57,920 WARNING: Lỗi HTTP 429 - product id: 185864346, thử lại 1/3
2025-09-22 06:24:57,931 WARNING: Lỗi HTTP 429 - product id: 185864358, thử lại 1/3
2025-09-22 06:24:57,948 WARNING: Lỗi HTTP 429 - product id: 185864548, thử lại 1/3
2025-09-22 06:24:58,062 WARNING: Lỗi HTTP 404: Không tim thấy product id - product id: 185851073
2025-09-22 06:24:58,098 WARNING: Lỗi HTTP 429 - product id: 185869852, thử lại 1/3
2025-09-22 06:25:01,801 WARNING: Lỗi HTTP 429 - product id: 185947831, thử lại 1/3
2025-09-22 06:25:01,942 WARNING: Lỗi HTTP 429 - product id: 185949119, thử lại 1/3
2025-09-22 06:25:01,991 WARNING: Lỗi HTTP 429 - product id: 185949490, thử lại 1/3
2025-09-22 06:25:01,996 WARNING: Lỗi HTTP 429 - product id: 185949512, thử lại 1/3
2025-09-22 06:25:02,039 WARNING: Lỗi HTTP 429 - product id: 185949564, thử lại 1/3
2025-09-22 06:25:02,043 WARNING: Lỗi HTTP 429 - product id: 185951220, thử lại 1/3
2025-09-22 06:25:02,051 WARNING: Lỗi HTTP 429 - product id: 185959480, thử lại 1/3
2025-09-22 06:25:02,102 WARNING: Lỗi HTTP 429 - product id: 185966421, thử lại 1/3
2025-09-22 06:25:02,538 WARNING: Lỗi HTTP 429 - product id: 185992956, thử lại 1/3
2025-09-22 06:25:03,003 WARNING: Lỗi HTTP 429 - product id: 186061893, thử lại 1/3
2025-09-22 06:25:03,899 WARNING: Lỗi HTTP 429 - product id: 186080721, thử lại 1/3
2025-09-22 06:25:04,051 WARNING: Lỗi HTTP 429 - product id: 186085724, thử lại 1/3
2025-09-22 06:25:07,134 INFO: Đã commit batch 135 (1000 sản phẩm)
2025-09-22 06:25:07,171 INFO: Đã ghi 998 sản phẩm vào file /home/quannh/projects_de/project_2/output/products_batch_135_998_ids.csv
2025-09-22 06:25:07,205 INFO: Bắt đầu crawl batch 136 (1000 sản phẩm)
2025-09-22 06:25:08,754 WARNING: Lỗi HTTP 429 - product id: 186201036, thử lại 1/3
2025-09-22 06:25:08,868 WARNING: Lỗi HTTP 429 - product id: 186201367, thử lại 1/3
2025-09-22 06:25:08,909 WARNING: Lỗi HTTP 429 - product id: 186201440, thử lại 1/3
2025-09-22 06:25:08,959 WARNING: Lỗi HTTP 429 - product id: 186202031, thử lại 1/3
2025-09-22 06:25:09,003 WARNING: Lỗi HTTP 429 - product id: 186202413, thử lại 1/3
2025-09-22 06:25:09,053 WARNING: Lỗi HTTP 429 - product id: 186202821, thử lại 1/3
2025-09-22 06:25:09,055 WARNING: Lỗi HTTP 429 - product id: 186202823, thử lại 1/3
2025-09-22 06:25:09,108 WARNING: Lỗi HTTP 429 - product id: 186202988, thử lại 1/3
2025-09-22 06:25:09,117 WARNING: Lỗi HTTP 429 - product id: 186203572, thử lại 1/3
2025-09-22 06:25:09,601 WARNING: Lỗi HTTP 429 - product id: 186214053, thử lại 1/3
2025-09-22 06:25:09,603 WARNING: Lỗi HTTP 429 - product id: 186214075, thử lại 1/3
2025-09-22 06:25:09,606 WARNING: Lỗi HTTP 429 - product id: 186214123, thử lại 1/3
2025-09-22 06:25:09,668 WARNING: Lỗi HTTP 429 - product id: 186214539, thử lại 1/3
2025-09-22 06:25:10,049 WARNING: Lỗi HTTP 429 - product id: 186215916, thử lại 1/3
2025-09-22 06:25:10,109 WARNING: Lỗi HTTP 429 - product id: 186218444, thử lại 1/3
2025-09-22 06:25:10,110 WARNING: Lỗi HTTP 429 - product id: 186218193, thử lại 1/3
2025-09-22 06:25:10,200 WARNING: Lỗi HTTP 429 - product id: 186229950, thử lại 1/3
2025-09-22 06:25:10,662 WARNING: Lỗi HTTP 429 - product id: 186242715, thử lại 1/3
2025-09-22 06:25:10,756 WARNING: Lỗi HTTP 429 - product id: 186243387, thử lại 1/3
2025-09-22 06:25:10,853 WARNING: Lỗi HTTP 429 - product id: 186243945, thử lại 1/3
2025-09-22 06:25:12,510 WARNING: Lỗi HTTP 429 - product id: 186276831, thử lại 1/3
2025-09-22 06:25:17,252 WARNING: Lỗi HTTP 429 - product id: 186501887, thử lại 1/3
2025-09-22 06:25:17,358 WARNING: Lỗi HTTP 429 - product id: 186517427, thử lại 1/3
2025-09-22 06:25:17,403 WARNING: Lỗi HTTP 429 - product id: 186523033, thử lại 1/3
2025-09-22 06:25:17,407 WARNING: Lỗi HTTP 429 - product id: 186523086, thử lại 1/3
2025-09-22 06:25:17,450 WARNING: Lỗi HTTP 429 - product id: 186527456, thử lại 1/3
2025-09-22 06:25:17,455 WARNING: Lỗi HTTP 429 - product id: 186527288, thử lại 1/3
2025-09-22 06:25:17,463 WARNING: Lỗi HTTP 429 - product id: 186527513, thử lại 1/3
2025-09-22 06:25:17,554 WARNING: Lỗi HTTP 429 - product id: 186532990, thử lại 1/3
2025-09-22 06:25:18,011 WARNING: Lỗi HTTP 429 - product id: 186558480, thử lại 1/3
2025-09-22 06:25:18,478 WARNING: Lỗi HTTP 404: Không tim thấy product id - product id: 186552167
2025-09-22 06:25:18,804 WARNING: Lỗi HTTP 429 - product id: 186607926, thử lại 1/3
2025-09-22 06:25:18,818 WARNING: Lỗi HTTP 429 - product id: 186608165, thử lại 1/3
2025-09-22 06:25:18,911 WARNING: Lỗi HTTP 429 - product id: 186615491, thử lại 1/3
2025-09-22 06:25:18,957 WARNING: Lỗi HTTP 429 - product id: 186615548, thử lại 1/3
2025-09-22 06:25:19,607 WARNING: Lỗi HTTP 429 - product id: 186628362, thử lại 1/3
2025-09-22 06:25:19,653 WARNING: Lỗi HTTP 429 - product id: 186628365, thử lại 1/3
2025-09-22 06:25:19,703 WARNING: Lỗi HTTP 429 - product id: 186629983, thử lại 1/3
2025-09-22 06:25:19,704 WARNING: Lỗi HTTP 429 - product id: 186629975, thử lại 1/3
2025-09-22 06:25:20,104 WARNING: Lỗi HTTP 429 - product id: 186633086, thử lại 1/3
2025-09-22 06:25:20,445 WARNING: Lỗi HTTP 429 - product id: 186638901, thử lại 1/3
2025-09-22 06:25:20,453 WARNING: Lỗi HTTP 429 - product id: 186640015, thử lại 1/3
2025-09-22 06:25:20,765 WARNING: Lỗi HTTP 429 - product id: 186649927, thử lại 1/3
2025-09-22 06:25:20,908 WARNING: Lỗi HTTP 429 - product id: 186674088, thử lại 1/3
2025-09-22 06:25:21,130 WARNING: Lỗi HTTP 404: Không tim thấy product id - product id: 186676376
2025-09-22 06:25:22,903 WARNING: Lỗi HTTP 429 - product id: 186803216, thử lại 1/3
2025-09-22 06:25:22,910 WARNING: Lỗi HTTP 429 - product id: 186629975, thử lại 2/3
2025-09-22 06:25:29,023 INFO: Đã commit batch 136 (1000 sản phẩm)
2025-09-22 06:25:29,061 INFO: Đã ghi 998 sản phẩm vào file /home/quannh/projects_de/project_2/output/products_batch_136_998_ids.csv
2025-09-22 06:25:29,114 INFO: Bắt đầu crawl batch 137 (1000 sản phẩm)
2025-09-22 06:25:29,417 WARNING: Lỗi HTTP 429 - product id: 186868865, thử lại 1/3
2025-09-22 06:25:30,870 WARNING: Lỗi HTTP 429 - product id: 186907640, thử lại 1/3
2025-09-22 06:25:31,989 WARNING: Lỗi HTTP 404: Không tim thấy product id - product id: 186909064
2025-09-22 06:25:32,119 WARNING: Lỗi HTTP 429 - product id: 187013554, thử lại 1/3
2025-09-22 06:25:32,569 WARNING: Lỗi HTTP 429 - product id: 187051233, thử lại 1/3
2025-09-22 06:25:33,866 WARNING: Lỗi HTTP 429 - product id: 187190996, thử lại 1/3
2025-09-22 06:25:34,224 WARNING: Lỗi HTTP 429 - product id: 187248789, thử lại 1/3
2025-09-22 06:25:34,616 WARNING: Lỗi HTTP 429 - product id: 187301381, thử lại 1/3
2025-09-22 06:25:34,712 WARNING: Lỗi HTTP 429 - product id: 187314608, thử lại 1/3
2025-09-22 06:25:34,970 WARNING: Lỗi HTTP 429 - product id: 187339264, thử lại 1/3
2025-09-22 06:25:35,111 WARNING: Lỗi HTTP 429 - product id: 187354161, thử lại 1/3
2025-09-22 06:25:35,117 WARNING: Lỗi HTTP 429 - product id: 187354186, thử lại 1/3
2025-09-22 06:25:35,222 WARNING: Lỗi HTTP 429 - product id: 187362301, thử lại 1/3
2025-09-22 06:25:35,269 WARNING: Lỗi HTTP 429 - product id: 187362985, thử lại 1/3
2025-09-22 06:25:35,313 WARNING: Lỗi HTTP 429 - product id: 187364322, thử lại 1/3
2025-09-22 06:25:35,324 WARNING: Lỗi HTTP 429 - product id: 187364876, thử lại 1/3
2025-09-22 06:25:35,368 WARNING: Lỗi HTTP 429 - product id: 187365414, thử lại 1/3
2025-09-22 06:25:35,372 WARNING: Lỗi HTTP 429 - product id: 187366310, thử lại 1/3
2025-09-22 06:25:35,430 WARNING: Lỗi HTTP 429 - product id: 187366653, thử lại 1/3
2025-09-22 06:25:35,821 WARNING: Lỗi HTTP 429 - product id: 187382849, thử lại 1/3
2025-09-22 06:25:37,215 WARNING: Lỗi HTTP 429 - product id: 187589431, thử lại 1/3
2025-09-22 06:25:37,275 WARNING: Lỗi HTTP 429 - product id: 187589972, thử lại 1/3
2025-09-22 06:25:37,320 WARNING: Lỗi HTTP 429 - product id: 187590247, thử lại 1/3
2025-09-22 06:25:38,436 WARNING: Lỗi HTTP 404: Không tim thấy product id - product id: 187598558
2025-09-22 06:25:40,273 WARNING: Lỗi HTTP 429 - product id: 187788000, thử lại 1/3
2025-09-22 06:25:40,274 WARNING: Lỗi HTTP 429 - product id: 187791626, thử lại 1/3
2025-09-22 06:25:40,275 WARNING: Lỗi HTTP 429 - product id: 187788796, thử lại 1/3
2025-09-22 06:25:40,431 WARNING: Lỗi HTTP 429 - product id: 187809185, thử lại 1/3
2025-09-22 06:25:40,517 WARNING: Lỗi HTTP 429 - product id: 187589972, thử lại 2/3
2025-09-22 06:25:40,570 WARNING: Lỗi HTTP 429 - product id: 187816986, thử lại 1/3
2025-09-22 06:25:42,275 WARNING: Lỗi HTTP 429 - product id: 187861258, thử lại 1/3
2025-09-22 06:25:42,614 WARNING: Lỗi HTTP 429 - product id: 187861893, thử lại 1/3
2025-09-22 06:25:42,672 WARNING: Lỗi HTTP 429 - product id: 187862105, thử lại 1/3
2025-09-22 06:25:42,814 WARNING: Lỗi HTTP 429 - product id: 187862248, thử lại 1/3
2025-09-22 06:25:42,815 WARNING: Lỗi HTTP 429 - product id: 187862307, thử lại 1/3
2025-09-22 06:25:42,862 WARNING: Lỗi HTTP 429 - product id: 187862328, thử lại 1/3
2025-09-22 06:25:43,317 WARNING: Lỗi HTTP 429 - product id: 187862930, thử lại 1/3
2025-09-22 06:25:43,767 WARNING: Lỗi HTTP 429 - product id: 187863361, thử lại 1/3
2025-09-22 06:25:44,168 WARNING: Lỗi HTTP 429 - product id: 187864125, thử lại 1/3
2025-09-22 06:25:44,219 WARNING: Lỗi HTTP 429 - product id: 187864224, thử lại 1/3
2025-09-22 06:25:44,266 WARNING: Lỗi HTTP 429 - product id: 187864306, thử lại 1/3
2025-09-22 06:25:44,268 WARNING: Lỗi HTTP 429 - product id: 187864349, thử lại 1/3
2025-09-22 06:25:47,403 INFO: Đã commit batch 137 (1000 sản phẩm)
2025-09-22 06:25:47,432 INFO: Đã ghi 998 sản phẩm vào file /home/quannh/projects_de/project_2/output/products_batch_137_998_ids.csv
2025-09-22 06:25:47,466 INFO: Bắt đầu crawl batch 138 (1000 sản phẩm)
2025-09-22 06:25:47,636 WARNING: Lỗi HTTP 404: Không tim thấy product id - product id: 187946670
2025-09-22 06:25:49,777 WARNING: Lỗi HTTP 429 - product id: 188147889, thử lại 1/3
2025-09-22 06:25:49,966 WARNING: Lỗi HTTP 429 - product id: 188189063, thử lại 1/3
2025-09-22 06:25:49,975 WARNING: Lỗi HTTP 429 - product id: 188189093, thử lại 1/3
2025-09-22 06:25:50,413 WARNING: Lỗi HTTP 429 - product id: 188210780, thử lại 1/3
2025-09-22 06:25:50,473 WARNING: Lỗi HTTP 429 - product id: 188214003, thử lại 1/3
2025-09-22 06:25:50,620 WARNING: Lỗi HTTP 429 - product id: 188279400, thử lại 1/3
2025-09-22 06:25:51,813 WARNING: Lỗi HTTP 429 - product id: 188388963, thử lại 1/3
2025-09-22 06:25:54,462 WARNING: Lỗi HTTP 429 - product id: 188559911, thử lại 1/3
2025-09-22 06:25:55,269 WARNING: Lỗi HTTP 429 - product id: 188599244, thử lại 1/3
2025-09-22 06:25:55,366 WARNING: Lỗi HTTP 429 - product id: 188620674, thử lại 1/3
2025-09-22 06:25:55,368 WARNING: Lỗi HTTP 429 - product id: 188621117, thử lại 1/3
2025-09-22 06:25:55,418 WARNING: Lỗi HTTP 429 - product id: 188623437, thử lại 1/3
2025-09-22 06:25:55,560 WARNING: Lỗi HTTP 429 - product id: 188654898, thử lại 1/3
2025-09-22 06:25:55,613 WARNING: Lỗi HTTP 429 - product id: 188658022, thử lại 1/3
2025-09-22 06:25:55,616 WARNING: Lỗi HTTP 429 - product id: 188658156, thử lại 1/3
2025-09-22 06:25:55,680 WARNING: Lỗi HTTP 429 - product id: 188660634, thử lại 1/3
2025-09-22 06:25:55,872 WARNING: Lỗi HTTP 429 - product id: 188689921, thử lại 1/3
2025-09-22 06:25:55,977 WARNING: Lỗi HTTP 429 - product id: 188692222, thử lại 1/3
2025-09-22 06:25:56,027 WARNING: Lỗi HTTP 429 - product id: 188695329, thử lại 1/3
2025-09-22 06:25:56,167 WARNING: Lỗi HTTP 429 - product id: 188698308, thử lại 1/3
2025-09-22 06:25:56,172 WARNING: Lỗi HTTP 429 - product id: 188701167, thử lại 1/3
2025-09-22 06:25:57,663 WARNING: Lỗi HTTP 429 - product id: 188844524, thử lại 1/3
2025-09-22 06:25:57,725 WARNING: Lỗi HTTP 429 - product id: 188844873, thử lại 1/3
2025-09-22 06:25:57,966 WARNING: Lỗi HTTP 429 - product id: 188847351, thử lại 1/3
2025-09-22 06:25:58,065 WARNING: Lỗi HTTP 429 - product id: 188874977, thử lại 1/3
2025-09-22 06:25:58,066 WARNING: Lỗi HTTP 429 - product id: 188858204, thử lại 1/3
2025-09-22 06:25:58,352 WARNING: Lỗi HTTP 429 - product id: 188902798, thử lại 1/3
2025-09-22 06:25:58,365 WARNING: Lỗi HTTP 429 - product id: 188902892, thử lại 1/3
2025-09-22 06:25:58,963 WARNING: Lỗi HTTP 429 - product id: 188919473, thử lại 1/3
2025-09-22 06:25:59,411 WARNING: Lỗi HTTP 429 - product id: 188947700, thử lại 1/3
2025-09-22 06:25:59,471 WARNING: Lỗi HTTP 429 - product id: 188947990, thử lại 1/3
2025-09-22 06:25:59,509 WARNING: Lỗi HTTP 429 - product id: 188948956, thử lại 1/3
2025-09-22 06:25:59,672 WARNING: Lỗi HTTP 429 - product id: 188961074, thử lại 1/3
2025-09-22 06:25:59,713 WARNING: Lỗi HTTP 429 - product id: 188963587, thử lại 1/3
2025-09-22 06:26:04,303 INFO: Đã commit batch 138 (1000 sản phẩm)
2025-09-22 06:26:04,333 INFO: Đã ghi 999 sản phẩm vào file /home/quannh/projects_de/project_2/output/products_batch_138_999_ids.csv
2025-09-22 06:26:04,365 INFO: Bắt đầu crawl batch 139 (1000 sản phẩm)
2025-09-22 06:26:04,788 WARNING: Lỗi HTTP 404: Không tim thấy product id - product id: 189235633
2025-09-22 06:26:05,933 WARNING: Lỗi HTTP 404: Không tim thấy product id - product id: 189420388
2025-09-22 06:26:08,420 WARNING: Lỗi HTTP 429 - product id: 189648221, thử lại 1/3
2025-09-22 06:26:09,412 WARNING: Lỗi HTTP 429 - product id: 189655798, thử lại 1/3
2025-09-22 06:26:09,765 WARNING: Lỗi HTTP 429 - product id: 189671538, thử lại 1/3
2025-09-22 06:26:09,916 WARNING: Lỗi HTTP 429 - product id: 189674928, thử lại 1/3
2025-09-22 06:26:09,977 WARNING: Lỗi HTTP 429 - product id: 189676790, thử lại 1/3
2025-09-22 06:26:10,060 WARNING: Lỗi HTTP 429 - product id: 189677427, thử lại 1/3
2025-09-22 06:26:10,062 WARNING: Lỗi HTTP 429 - product id: 189677550, thử lại 1/3
2025-09-22 06:26:10,070 WARNING: Lỗi HTTP 429 - product id: 189678597, thử lại 1/3
2025-09-22 06:26:10,520 WARNING: Lỗi HTTP 429 - product id: 189701174, thử lại 1/3
2025-09-22 06:26:10,612 WARNING: Lỗi HTTP 429 - product id: 189749478, thử lại 1/3
2025-09-22 06:26:10,615 WARNING: Lỗi HTTP 429 - product id: 189750140, thử lại 1/3
2025-09-22 06:26:10,676 WARNING: Lỗi HTTP 429 - product id: 189760993, thử lại 1/3
2025-09-22 06:26:10,720 WARNING: Lỗi HTTP 429 - product id: 189786582, thử lại 1/3
2025-09-22 06:26:10,818 WARNING: Lỗi HTTP 429 - product id: 189867584, thử lại 1/3
2025-09-22 06:26:10,962 WARNING: Lỗi HTTP 429 - product id: 189896701, thử lại 1/3
2025-09-22 06:26:10,971 WARNING: Lỗi HTTP 429 - product id: 189896714, thử lại 1/3
2025-09-22 06:26:11,018 WARNING: Lỗi HTTP 429 - product id: 189896753, thử lại 1/3
2025-09-22 06:26:11,115 WARNING: Lỗi HTTP 429 - product id: 189897274, thử lại 1/3
2025-09-22 06:26:11,166 WARNING: Lỗi HTTP 429 - product id: 189900412, thử lại 1/3
2025-09-22 06:26:11,214 WARNING: Lỗi HTTP 429 - product id: 189923996, thử lại 1/3
2025-09-22 06:26:12,624 WARNING: Lỗi HTTP 429 - product id: 189944417, thử lại 1/3
2025-09-22 06:26:12,966 WARNING: Lỗi HTTP 429 - product id: 189944914, thử lại 1/3
2025-09-22 06:26:13,014 WARNING: Lỗi HTTP 429 - product id: 189944994, thử lại 1/3
2025-09-22 06:26:13,118 WARNING: Lỗi HTTP 429 - product id: 189945079, thử lại 1/3
2025-09-22 06:26:13,128 WARNING: Lỗi HTTP 429 - product id: 189677550, thử lại 2/3
2025-09-22 06:26:13,877 WARNING: Lỗi HTTP 429 - product id: 190086804, thử lại 1/3
2025-09-22 06:26:13,930 WARNING: Lỗi HTTP 429 - product id: 190087683, thử lại 1/3
2025-09-22 06:26:14,976 WARNING: Lỗi HTTP 429 - product id: 190125528, thử lại 1/3
2025-09-22 06:26:15,063 WARNING: Lỗi HTTP 429 - product id: 190134142, thử lại 1/3
2025-09-22 06:26:15,569 WARNING: Lỗi HTTP 429 - product id: 190155879, thử lại 1/3
2025-09-22 06:26:15,713 WARNING: Lỗi HTTP 429 - product id: 190171718, thử lại 1/3
2025-09-22 06:26:15,778 WARNING: Lỗi HTTP 429 - product id: 189944417, thử lại 2/3
2025-09-22 06:26:15,865 WARNING: Lỗi HTTP 429 - product id: 190188796, thử lại 1/3
2025-09-22 06:26:15,922 WARNING: Lỗi HTTP 429 - product id: 190195037, thử lại 1/3
2025-09-22 06:26:15,970 WARNING: Lỗi HTTP 429 - product id: 190195252, thử lại 1/3
2025-09-22 06:26:16,018 WARNING: Lỗi HTTP 429 - product id: 190208062, thử lại 1/3
2025-09-22 06:26:16,054 WARNING: Lỗi HTTP 429 - product id: 190208431, thử lại 1/3
2025-09-22 06:26:16,066 WARNING: Lỗi HTTP 429 - product id: 189944914, thử lại 2/3
2025-09-22 06:26:16,125 WARNING: Lỗi HTTP 429 - product id: 190209733, thử lại 1/3
2025-09-22 06:26:16,177 WARNING: Lỗi HTTP 429 - product id: 190216309, thử lại 1/3
2025-09-22 06:26:16,217 WARNING: Lỗi HTTP 429 - product id: 190219188, thử lại 1/3
2025-09-22 06:26:19,253 WARNING: Lỗi HTTP 404: Không tim thấy product id - product id: 190367084
2025-09-22 06:26:19,573 WARNING: Lỗi HTTP 429 - product id: 190462744, thử lại 1/3
2025-09-22 06:26:19,640 WARNING: Lỗi HTTP 429 - product id: 190464091, thử lại 1/3
2025-09-22 06:26:19,719 WARNING: Lỗi HTTP 429 - product id: 190467100, thử lại 1/3
2025-09-22 06:26:19,876 WARNING: Lỗi HTTP 429 - product id: 190469683, thử lại 1/3
2025-09-22 06:26:22,970 INFO: Đã commit batch 139 (1000 sản phẩm)
2025-09-22 06:26:23,000 INFO: Đã ghi 997 sản phẩm vào file /home/quannh/projects_de/project_2/output/products_batch_139_997_ids.csv
2025-09-22 06:26:23,034 INFO: Bắt đầu crawl batch 140 (1000 sản phẩm)
2025-09-22 06:26:23,108 WARNING: Lỗi HTTP 429 - product id: 190524949, thử lại 1/3
2025-09-22 06:26:23,635 WARNING: Lỗi HTTP 429 - product id: 190544274, thử lại 1/3
2025-09-22 06:26:23,729 WARNING: Lỗi HTTP 429 - product id: 190547862, thử lại 1/3
2025-09-22 06:26:23,837 WARNING: Lỗi HTTP 429 - product id: 190551777, thử lại 1/3
2025-09-22 06:26:25,336 WARNING: Lỗi HTTP 429 - product id: 190623883, thử lại 1/3
2025-09-22 06:26:25,541 WARNING: Lỗi HTTP 429 - product id: 190632324, thử lại 1/3
2025-09-22 06:26:25,588 WARNING: Lỗi HTTP 429 - product id: 190635362, thử lại 1/3
2025-09-22 06:26:25,688 WARNING: Lỗi HTTP 429 - product id: 190641491, thử lại 1/3
2025-09-22 06:26:25,780 WARNING: Lỗi HTTP 429 - product id: 190641984, thử lại 1/3
2025-09-22 06:26:25,781 WARNING: Lỗi HTTP 429 - product id: 190642003, thử lại 1/3
2025-09-22 06:26:25,845 WARNING: Lỗi HTTP 429 - product id: 190660789, thử lại 1/3
2025-09-22 06:26:26,038 WARNING: Lỗi HTTP 429 - product id: 190681078, thử lại 1/3
2025-09-22 06:26:26,081 WARNING: Lỗi HTTP 429 - product id: 190681174, thử lại 1/3
2025-09-22 06:26:26,085 WARNING: Lỗi HTTP 429 - product id: 190681176, thử lại 1/3
2025-09-22 06:26:26,281 WARNING: Lỗi HTTP 429 - product id: 190682089, thử lại 1/3
2025-09-22 06:26:26,758 WARNING: Lỗi HTTP 404: Không tim thấy product id - product id: 190695872
2025-09-22 06:26:26,884 WARNING: Lỗi HTTP 429 - product id: 190703185, thử lại 1/3
2025-09-22 06:26:26,888 WARNING: Lỗi HTTP 429 - product id: 190703174, thử lại 1/3
2025-09-22 06:26:27,157 WARNING: Lỗi HTTP 404: Không tim thấy product id - product id: 190703501
2025-09-22 06:26:27,654 WARNING: Lỗi HTTP 404: Không tim thấy product id - product id: 190702768
2025-09-22 06:26:27,708 WARNING: Lỗi HTTP 404: Không tim thấy product id - product id: 190702979
2025-09-22 06:26:27,754 WARNING: Lỗi HTTP 404: Không tim thấy product id - product id: 190703156
2025-09-22 06:26:30,355 WARNING: Lỗi HTTP 404: Không tim thấy product id - product id: 190824033
2025-09-22 06:26:30,409 WARNING: Lỗi HTTP 404: Không tim thấy product id - product id: 190826135
2025-09-22 06:26:31,982 WARNING: Lỗi HTTP 429 - product id: 191123232, thử lại 1/3
2025-09-22 06:26:32,180 WARNING: Lỗi HTTP 429 - product id: 191124170, thử lại 1/3
2025-09-22 06:26:32,181 WARNING: Lỗi HTTP 429 - product id: 191124588, thử lại 1/3
2025-09-22 06:26:32,439 WARNING: Lỗi HTTP 429 - product id: 191126341, thử lại 1/3
2025-09-22 06:26:32,588 WARNING: Lỗi HTTP 429 - product id: 191127441, thử lại 1/3
2025-09-22 06:26:32,741 WARNING: Lỗi HTTP 429 - product id: 191139473, thử lại 1/3
2025-09-22 06:26:32,825 WARNING: Lỗi HTTP 429 - product id: 191140843, thử lại 1/3
2025-09-22 06:26:32,826 WARNING: Lỗi HTTP 429 - product id: 191140880, thử lại 1/3
2025-09-22 06:26:32,956 WARNING: Lỗi HTTP 404: Không tim thấy product id - product id: 191123281
2025-09-22 06:26:34,745 WARNING: Lỗi HTTP 429 - product id: 191287305, thử lại 1/3
2025-09-22 06:26:34,838 WARNING: Lỗi HTTP 429 - product id: 191296466, thử lại 1/3
2025-09-22 06:26:35,332 WARNING: Lỗi HTTP 429 - product id: 191309944, thử lại 1/3
2025-09-22 06:26:35,335 WARNING: Lỗi HTTP 429 - product id: 191309954, thử lại 1/3
2025-09-22 06:26:35,534 WARNING: Lỗi HTTP 429 - product id: 191320032, thử lại 1/3
2025-09-22 06:26:35,637 WARNING: Lỗi HTTP 429 - product id: 191321022, thử lại 1/3
2025-09-22 06:26:35,737 WARNING: Lỗi HTTP 429 - product id: 191330272, thử lại 1/3
2025-09-22 06:26:35,841 WARNING: Lỗi HTTP 429 - product id: 191351462, thử lại 1/3
2025-09-22 06:26:37,775 WARNING: Lỗi HTTP 429 - product id: 191420603, thử lại 1/3
2025-09-22 06:26:37,933 WARNING: Lỗi HTTP 429 - product id: 191287305, thử lại 2/3
2025-09-22 06:26:37,936 WARNING: Lỗi HTTP 429 - product id: 191421889, thử lại 1/3
2025-09-22 06:26:37,987 WARNING: Lỗi HTTP 429 - product id: 191422165, thử lại 1/3
2025-09-22 06:26:38,086 WARNING: Lỗi HTTP 429 - product id: 191425973, thử lại 1/3
2025-09-22 06:26:44,015 INFO: Đã commit batch 140 (1000 sản phẩm)
2025-09-22 06:26:44,049 INFO: Đã ghi 992 sản phẩm vào file /home/quannh/projects_de/project_2/output/products_batch_140_992_ids.csv
2025-09-22 06:26:44,081 INFO: Bắt đầu crawl batch 141 (1000 sản phẩm)
2025-09-22 06:26:45,134 WARNING: Lỗi HTTP 429 - product id: 191516954, thử lại 1/3
2025-09-22 06:26:45,630 WARNING: Lỗi HTTP 429 - product id: 191544553, thử lại 1/3
2025-09-22 06:26:45,632 WARNING: Lỗi HTTP 429 - product id: 191544596, thử lại 1/3
2025-09-22 06:26:45,793 WARNING: Lỗi HTTP 429 - product id: 191545496, thử lại 1/3
2025-09-22 06:26:45,880 WARNING: Lỗi HTTP 429 - product id: 191545862, thử lại 1/3
2025-09-22 06:26:45,880 WARNING: Lỗi HTTP 429 - product id: 191545816, thử lại 1/3
2025-09-22 06:26:45,938 WARNING: Lỗi HTTP 429 - product id: 191546276, thử lại 1/3
2025-09-22 06:26:46,830 WARNING: Lỗi HTTP 429 - product id: 191575624, thử lại 1/3
2025-09-22 06:26:46,842 WARNING: Lỗi HTTP 429 - product id: 191575838, thử lại 1/3
2025-09-22 06:26:48,027 WARNING: Lỗi HTTP 429 - product id: 191638273, thử lại 1/3
2025-09-22 06:26:48,275 WARNING: Lỗi HTTP 429 - product id: 191639018, thử lại 1/3
2025-09-22 06:26:48,687 WARNING: Lỗi HTTP 429 - product id: 191639733, thử lại 1/3
2025-09-22 06:26:48,687 WARNING: Lỗi HTTP 429 - product id: 191639827, thử lại 1/3
2025-09-22 06:26:48,753 WARNING: Lỗi HTTP 429 - product id: 191639964, thử lại 1/3
2025-09-22 06:26:48,777 WARNING: Lỗi HTTP 429 - product id: 191639968, thử lại 1/3
2025-09-22 06:26:48,829 WARNING: Lỗi HTTP 429 - product id: 191640185, thử lại 1/3
2025-09-22 06:26:48,930 WARNING: Lỗi HTTP 429 - product id: 191640268, thử lại 1/3
2025-09-22 06:26:52,384 WARNING: Lỗi HTTP 429 - product id: 191646703, thử lại 1/3
2025-09-22 06:26:57,834 WARNING: Lỗi HTTP 429 - product id: 191666877, thử lại 1/3
2025-09-22 06:26:57,932 WARNING: Lỗi HTTP 429 - product id: 191667089, thử lại 1/3
2025-09-22 06:26:57,983 WARNING: Lỗi HTTP 429 - product id: 191667110, thử lại 1/3
2025-09-22 06:26:58,025 WARNING: Lỗi HTTP 429 - product id: 191667164, thử lại 1/3
2025-09-22 06:26:58,080 WARNING: Lỗi HTTP 429 - product id: 191667362, thử lại 1/3
2025-09-22 06:26:58,281 WARNING: Lỗi HTTP 429 - product id: 191667795, thử lại 1/3
2025-09-22 06:26:58,487 WARNING: Lỗi HTTP 429 - product id: 191668237, thử lại 1/3
2025-09-22 06:26:58,531 WARNING: Lỗi HTTP 429 - product id: 191668252, thử lại 1/3
2025-09-22 06:26:58,683 WARNING: Lỗi HTTP 429 - product id: 191668824, thử lại 1/3
2025-09-22 06:26:58,736 WARNING: Lỗi HTTP 429 - product id: 191669060, thử lại 1/3
2025-09-22 06:26:58,784 WARNING: Lỗi HTTP 429 - product id: 191669179, thử lại 1/3
2025-09-22 06:26:58,878 WARNING: Lỗi HTTP 429 - product id: 191669417, thử lại 1/3
2025-09-22 06:26:58,884 WARNING: Lỗi HTTP 429 - product id: 191669462, thử lại 1/3
2025-09-22 06:26:58,934 WARNING: Lỗi HTTP 429 - product id: 191669539, thử lại 1/3
2025-09-22 06:26:58,938 WARNING: Lỗi HTTP 429 - product id: 191669581, thử lại 1/3
2025-09-22 06:26:58,986 WARNING: Lỗi HTTP 429 - product id: 191669897, thử lại 1/3
2025-09-22 06:26:59,027 WARNING: Lỗi HTTP 429 - product id: 191669988, thử lại 1/3
2025-09-22 06:26:59,390 WARNING: Lỗi HTTP 429 - product id: 191671084, thử lại 1/3
2025-09-22 06:26:59,584 WARNING: Lỗi HTTP 429 - product id: 191671596, thử lại 1/3
2025-09-22 06:26:59,780 WARNING: Lỗi HTTP 429 - product id: 191671789, thử lại 1/3
2025-09-22 06:26:59,790 WARNING: Lỗi HTTP 429 - product id: 191671843, thử lại 1/3
2025-09-22 06:27:02,877 INFO: Đã commit batch 141 (1000 sản phẩm)
2025-09-22 06:27:02,900 INFO: Đã ghi 1000 sản phẩm vào file /home/quannh/projects_de/project_2/output/products_batch_141_1000_ids.csv
2025-09-22 06:27:02,932 INFO: Bắt đầu crawl batch 142 (1000 sản phẩm)
2025-09-22 06:27:04,187 WARNING: Lỗi HTTP 429 - product id: 191753031, thử lại 1/3
2025-09-22 06:27:04,293 WARNING: Lỗi HTTP 429 - product id: 191754322, thử lại 1/3
2025-09-22 06:27:04,432 WARNING: Lỗi HTTP 429 - product id: 191757282, thử lại 1/3
2025-09-22 06:27:04,498 WARNING: Lỗi HTTP 429 - product id: 191764557, thử lại 1/3
2025-09-22 06:27:04,585 WARNING: Lỗi HTTP 429 - product id: 191770263, thử lại 1/3
2025-09-22 06:27:06,033 WARNING: Lỗi HTTP 429 - product id: 191819262, thử lại 1/3
2025-09-22 06:27:06,097 WARNING: Lỗi HTTP 429 - product id: 191819547, thử lại 1/3
2025-09-22 06:27:09,584 WARNING: Lỗi HTTP 429 - product id: 191984564, thử lại 1/3
2025-09-22 06:27:09,634 WARNING: Lỗi HTTP 429 - product id: 191986062, thử lại 1/3
2025-09-22 06:27:09,698 WARNING: Lỗi HTTP 429 - product id: 191992477, thử lại 1/3
2025-09-22 06:27:09,881 WARNING: Lỗi HTTP 429 - product id: 192010962, thử lại 1/3
2025-09-22 06:27:09,985 WARNING: Lỗi HTTP 429 - product id: 192013470, thử lại 1/3
2025-09-22 06:27:10,028 WARNING: Lỗi HTTP 429 - product id: 192013592, thử lại 1/3
2025-09-22 06:27:10,047 WARNING: Lỗi HTTP 429 - product id: 192013596, thử lại 1/3
2025-09-22 06:27:10,128 WARNING: Lỗi HTTP 429 - product id: 192014047, thử lại 1/3
2025-09-22 06:27:10,190 WARNING: Lỗi HTTP 429 - product id: 192014232, thử lại 1/3
2025-09-22 06:27:10,235 WARNING: Lỗi HTTP 429 - product id: 192014487, thử lại 1/3
2025-09-22 06:27:10,305 WARNING: Lỗi HTTP 429 - product id: 192014728, thử lại 1/3
2025-09-22 06:27:10,523 WARNING: Lỗi HTTP 429 - product id: 192017104, thử lại 1/3
2025-09-22 06:27:10,936 WARNING: Lỗi HTTP 429 - product id: 192063363, thử lại 1/3
2025-09-22 06:27:10,943 WARNING: Lỗi HTTP 429 - product id: 192063435, thử lại 1/3
2025-09-22 06:27:11,004 WARNING: Lỗi HTTP 429 - product id: 192063846, thử lại 1/3
2025-09-22 06:27:11,017 WARNING: Lỗi HTTP 429 - product id: 192063957, thử lại 1/3
2025-09-22 06:27:11,181 WARNING: Lỗi HTTP 429 - product id: 192103401, thử lại 1/3
2025-09-22 06:27:11,690 WARNING: Lỗi HTTP 429 - product id: 192121223, thử lại 1/3
2025-09-22 06:27:11,735 WARNING: Lỗi HTTP 429 - product id: 192121385, thử lại 1/3
2025-09-22 06:27:12,040 WARNING: Lỗi HTTP 429 - product id: 192129971, thử lại 1/3
2025-09-22 06:27:12,934 WARNING: Lỗi HTTP 429 - product id: 192173473, thử lại 1/3
2025-09-22 06:27:12,947 WARNING: Lỗi HTTP 429 - product id: 192010962, thử lại 2/3
2025-09-22 06:27:13,095 WARNING: Lỗi HTTP 429 - product id: 192013592, thử lại 2/3
2025-09-22 06:27:13,112 WARNING: Lỗi HTTP 429 - product id: 192178740, thử lại 1/3
2025-09-22 06:27:13,480 WARNING: Lỗi HTTP 429 - product id: 192195918, thử lại 1/3
2025-09-22 06:27:13,547 WARNING: Lỗi HTTP 429 - product id: 192197030, thử lại 1/3
2025-09-22 06:27:13,627 WARNING: Lỗi HTTP 429 - product id: 192200774, thử lại 1/3
2025-09-22 06:27:13,738 WARNING: Lỗi HTTP 429 - product id: 192204068, thử lại 1/3
2025-09-22 06:27:13,870 WARNING: Lỗi HTTP 429 - product id: 192204313, thử lại 1/3
2025-09-22 06:27:16,984 WARNING: Lỗi HTTP 404: Không tim thấy product id - product id: 192259825
2025-09-22 06:27:17,795 WARNING: Lỗi HTTP 429 - product id: 192292892, thử lại 1/3
2025-09-22 06:27:18,133 WARNING: Lỗi HTTP 429 - product id: 192303246, thử lại 1/3
2025-09-22 06:27:18,217 WARNING: Lỗi HTTP 429 - product id: 192309332, thử lại 1/3
2025-09-22 06:27:18,231 WARNING: Lỗi HTTP 429 - product id: 192323830, thử lại 1/3
2025-09-22 06:27:18,234 WARNING: Lỗi HTTP 429 - product id: 192321893, thử lại 1/3
2025-09-22 06:27:18,278 WARNING: Lỗi HTTP 429 - product id: 192323989, thử lại 1/3
2025-09-22 06:27:18,294 WARNING: Lỗi HTTP 429 - product id: 192324009, thử lại 1/3
2025-09-22 06:27:18,642 WARNING: Lỗi HTTP 429 - product id: 192333999, thử lại 1/3
2025-09-22 06:27:18,784 WARNING: Lỗi HTTP 429 - product id: 192340113, thử lại 1/3
2025-09-22 06:27:21,873 INFO: Đã commit batch 142 (1000 sản phẩm)
2025-09-22 06:27:21,905 INFO: Đã ghi 999 sản phẩm vào file /home/quannh/projects_de/project_2/output/products_batch_142_999_ids.csv
2025-09-22 06:27:21,937 INFO: Bắt đầu crawl batch 143 (1000 sản phẩm)
2025-09-22 06:27:26,242 WARNING: Lỗi HTTP 429 - product id: 192420158, thử lại 1/3
2025-09-22 06:27:26,242 WARNING: Lỗi HTTP 429 - product id: 192420193, thử lại 1/3
2025-09-22 06:27:29,256 WARNING: Lỗi HTTP 429 - product id: 192460745, thử lại 1/3
2025-09-22 06:27:29,258 WARNING: Lỗi HTTP 429 - product id: 192461052, thử lại 1/3
2025-09-22 06:27:29,509 WARNING: Lỗi HTTP 429 - product id: 192420193, thử lại 2/3
2025-09-22 06:27:29,509 WARNING: Lỗi HTTP 429 - product id: 192420158, thử lại 2/3
2025-09-22 06:27:33,833 WARNING: Lỗi HTTP 429 - product id: 192695775, thử lại 1/3
2025-09-22 06:27:33,894 WARNING: Lỗi HTTP 429 - product id: 192698667, thử lại 1/3
2025-09-22 06:27:34,344 WARNING: Lỗi HTTP 429 - product id: 192710154, thử lại 1/3
2025-09-22 06:27:34,388 WARNING: Lỗi HTTP 429 - product id: 192710459, thử lại 1/3
2025-09-22 06:27:34,417 WARNING: Lỗi HTTP 429 - product id: 192710769, thử lại 1/3
2025-09-22 06:27:34,443 WARNING: Lỗi HTTP 429 - product id: 192710944, thử lại 1/3
2025-09-22 06:27:34,450 WARNING: Lỗi HTTP 429 - product id: 192711042, thử lại 1/3
2025-09-22 06:27:34,519 WARNING: Lỗi HTTP 429 - product id: 192712407, thử lại 1/3
2025-09-22 06:27:34,591 WARNING: Lỗi HTTP 429 - product id: 192714082, thử lại 1/3
2025-09-22 06:27:34,653 WARNING: Lỗi HTTP 429 - product id: 192714376, thử lại 1/3
2025-09-22 06:27:34,738 WARNING: Lỗi HTTP 429 - product id: 192714876, thử lại 1/3
2025-09-22 06:27:34,739 WARNING: Lỗi HTTP 429 - product id: 192715175, thử lại 1/3
2025-09-22 06:27:34,742 WARNING: Lỗi HTTP 429 - product id: 192715727, thử lại 1/3
2025-09-22 06:27:34,802 WARNING: Lỗi HTTP 429 - product id: 192717522, thử lại 1/3
2025-09-22 06:27:35,939 WARNING: Lỗi HTTP 404: Không tim thấy product id - product id: 192784272
2025-09-22 06:27:35,988 WARNING: Lỗi HTTP 404: Không tim thấy product id - product id: 192786153
2025-09-22 06:27:36,043 WARNING: Lỗi HTTP 404: Không tim thấy product id - product id: 192754653
2025-09-22 06:27:36,309 WARNING: Lỗi HTTP 404: Không tim thấy product id - product id: 192757872
2025-09-22 06:27:36,362 WARNING: Lỗi HTTP 404: Không tim thấy product id - product id: 192761524
2025-09-22 06:27:37,272 WARNING: Lỗi HTTP 429 - product id: 192852726, thử lại 1/3
2025-09-22 06:27:37,541 WARNING: Lỗi HTTP 429 - product id: 192861024, thử lại 1/3
2025-09-22 06:27:37,582 WARNING: Lỗi HTTP 429 - product id: 192710944, thử lại 2/3
2025-09-22 06:27:37,797 WARNING: Lỗi HTTP 429 - product id: 192880559, thử lại 1/3
2025-09-22 06:27:37,834 WARNING: Lỗi HTTP 429 - product id: 192714376, thử lại 2/3
2025-09-22 06:27:37,897 WARNING: Lỗi HTTP 429 - product id: 192883209, thử lại 1/3
2025-09-22 06:27:43,922 INFO: Đã commit batch 143 (1000 sản phẩm)
2025-09-22 06:27:43,952 INFO: Đã ghi 995 sản phẩm vào file /home/quannh/projects_de/project_2/output/products_batch_143_995_ids.csv
2025-09-22 06:27:43,984 INFO: Bắt đầu crawl batch 144 (1000 sản phẩm)
2025-09-22 06:27:46,951 WARNING: Lỗi HTTP 404: Không tim thấy product id - product id: 192970180
2025-09-22 06:27:47,627 WARNING: Lỗi HTTP 429 - product id: 193001566, thử lại 1/3
2025-09-22 06:27:47,741 WARNING: Lỗi HTTP 429 - product id: 193001702, thử lại 1/3
2025-09-22 06:27:47,934 WARNING: Lỗi HTTP 429 - product id: 193001881, thử lại 1/3
2025-09-22 06:27:47,987 WARNING: Lỗi HTTP 429 - product id: 193001883, thử lại 1/3
2025-09-22 06:27:47,992 WARNING: Lỗi HTTP 429 - product id: 193001884, thử lại 1/3
2025-09-22 06:27:48,484 WARNING: Lỗi HTTP 429 - product id: 193005070, thử lại 1/3
2025-09-22 06:27:49,332 WARNING: Lỗi HTTP 429 - product id: 193010206, thử lại 1/3
2025-09-22 06:27:49,381 WARNING: Lỗi HTTP 429 - product id: 193010270, thử lại 1/3
2025-09-22 06:27:49,391 WARNING: Lỗi HTTP 429 - product id: 193010317, thử lại 1/3
2025-09-22 06:27:49,443 WARNING: Lỗi HTTP 429 - product id: 193010497, thử lại 1/3
2025-09-22 06:27:49,678 WARNING: Lỗi HTTP 429 - product id: 193010844, thử lại 1/3
2025-09-22 06:27:49,729 WARNING: Lỗi HTTP 429 - product id: 193011032, thử lại 1/3
2025-09-22 06:27:50,079 WARNING: Lỗi HTTP 429 - product id: 193012370, thử lại 1/3
2025-09-22 06:27:50,081 WARNING: Lỗi HTTP 429 - product id: 193012363, thử lại 1/3
2025-09-22 06:27:50,140 WARNING: Lỗi HTTP 429 - product id: 193013338, thử lại 1/3
2025-09-22 06:27:50,145 WARNING: Lỗi HTTP 429 - product id: 193013498, thử lại 1/3
2025-09-22 06:27:50,184 WARNING: Lỗi HTTP 429 - product id: 193042455, thử lại 1/3
2025-09-22 06:27:50,283 WARNING: Lỗi HTTP 429 - product id: 193050692, thử lại 1/3
2025-09-22 06:27:54,534 WARNING: Lỗi HTTP 429 - product id: 193092943, thử lại 1/3
2025-09-22 06:27:56,237 WARNING: Lỗi HTTP 429 - product id: 193124408, thử lại 1/3
2025-09-22 06:27:56,483 WARNING: Lỗi HTTP 429 - product id: 193128567, thử lại 1/3
2025-09-22 06:27:56,929 WARNING: Lỗi HTTP 429 - product id: 193137814, thử lại 1/3
2025-09-22 06:27:56,932 WARNING: Lỗi HTTP 429 - product id: 193138132, thử lại 1/3
2025-09-22 06:27:56,983 WARNING: Lỗi HTTP 429 - product id: 193142160, thử lại 1/3
2025-09-22 06:27:56,991 WARNING: Lỗi HTTP 429 - product id: 193142771, thử lại 1/3
2025-09-22 06:27:57,031 WARNING: Lỗi HTTP 429 - product id: 193146869, thử lại 1/3
2025-09-22 06:27:57,554 WARNING: Lỗi HTTP 404: Không tim thấy product id - product id: 193155919
2025-09-22 06:27:57,629 WARNING: Lỗi HTTP 429 - product id: 193180774, thử lại 1/3
2025-09-22 06:27:57,692 WARNING: Lỗi HTTP 429 - product id: 193185237, thử lại 1/3
2025-09-22 06:27:57,780 WARNING: Lỗi HTTP 429 - product id: 193186923, thử lại 1/3
2025-09-22 06:27:57,784 WARNING: Lỗi HTTP 429 - product id: 193186397, thử lại 1/3
2025-09-22 06:28:00,883 INFO: Đã commit batch 144 (1000 sản phẩm)
2025-09-22 06:28:00,911 INFO: Đã ghi 998 sản phẩm vào file /home/quannh/projects_de/project_2/output/products_batch_144_998_ids.csv
2025-09-22 06:28:00,943 INFO: Bắt đầu crawl batch 145 (1000 sản phẩm)
2025-09-22 06:28:03,593 WARNING: Lỗi HTTP 429 - product id: 193420608, thử lại 1/3
2025-09-22 06:28:03,852 WARNING: Lỗi HTTP 429 - product id: 193422095, thử lại 1/3
2025-09-22 06:28:04,038 WARNING: Lỗi HTTP 429 - product id: 193423538, thử lại 1/3
2025-09-22 06:28:04,503 WARNING: Lỗi HTTP 429 - product id: 193425648, thử lại 1/3
2025-09-22 06:28:04,545 WARNING: Lỗi HTTP 429 - product id: 193426053, thử lại 1/3
2025-09-22 06:28:04,589 WARNING: Lỗi HTTP 429 - product id: 193426208, thử lại 1/3
2025-09-22 06:28:04,592 WARNING: Lỗi HTTP 429 - product id: 193426377, thử lại 1/3
2025-09-22 06:28:04,610 WARNING: Lỗi HTTP 429 - product id: 193426463, thử lại 1/3
2025-09-22 06:28:04,651 WARNING: Lỗi HTTP 429 - product id: 193427122, thử lại 1/3
2025-09-22 06:28:04,656 WARNING: Lỗi HTTP 429 - product id: 193427128, thử lại 1/3
2025-09-22 06:28:04,686 WARNING: Lỗi HTTP 429 - product id: 193427573, thử lại 1/3
2025-09-22 06:28:04,742 WARNING: Lỗi HTTP 429 - product id: 193427841, thử lại 1/3
2025-09-22 06:28:04,747 WARNING: Lỗi HTTP 429 - product id: 193428105, thử lại 1/3
2025-09-22 06:28:04,806 WARNING: Lỗi HTTP 429 - product id: 193428488, thử lại 1/3
2025-09-22 06:28:04,806 WARNING: Lỗi HTTP 429 - product id: 193428464, thử lại 1/3
2025-09-22 06:28:04,808 WARNING: Lỗi HTTP 429 - product id: 193428739, thử lại 1/3
2025-09-22 06:28:04,890 WARNING: Lỗi HTTP 429 - product id: 193429131, thử lại 1/3
2025-09-22 06:28:05,944 WARNING: Lỗi HTTP 429 - product id: 193511893, thử lại 1/3
2025-09-22 06:28:06,938 WARNING: Lỗi HTTP 429 - product id: 193531047, thử lại 1/3
2025-09-22 06:28:07,197 WARNING: Lỗi HTTP 429 - product id: 193531419, thử lại 1/3
2025-09-22 06:28:07,239 WARNING: Lỗi HTTP 429 - product id: 193531535, thử lại 1/3
2025-09-22 06:28:07,288 WARNING: Lỗi HTTP 429 - product id: 193531657, thử lại 1/3
2025-09-22 06:28:07,289 WARNING: Lỗi HTTP 429 - product id: 193531578, thử lại 1/3
2025-09-22 06:28:09,195 WARNING: Lỗi HTTP 429 - product id: 193578342, thử lại 1/3
2025-09-22 06:28:10,348 WARNING: Lỗi HTTP 429 - product id: 193601279, thử lại 1/3
2025-09-22 06:28:10,441 WARNING: Lỗi HTTP 429 - product id: 193602774, thử lại 1/3
2025-09-22 06:28:10,545 WARNING: Lỗi HTTP 429 - product id: 193531657, thử lại 2/3
2025-09-22 06:28:10,896 WARNING: Lỗi HTTP 429 - product id: 193606508, thử lại 1/3
2025-09-22 06:28:11,607 WARNING: Lỗi HTTP 429 - product id: 193620535, thử lại 1/3
2025-09-22 06:28:11,900 WARNING: Lỗi HTTP 429 - product id: 193624049, thử lại 1/3
2025-09-22 06:28:11,941 WARNING: Lỗi HTTP 429 - product id: 193624180, thử lại 1/3
2025-09-22 06:28:12,290 WARNING: Lỗi HTTP 429 - product id: 193631700, thử lại 1/3
2025-09-22 06:28:12,390 WARNING: Lỗi HTTP 429 - product id: 193638128, thử lại 1/3
2025-09-22 06:28:12,496 WARNING: Lỗi HTTP 429 - product id: 193638771, thử lại 1/3
2025-09-22 06:28:13,350 WARNING: Lỗi HTTP 429 - product id: 193666562, thử lại 1/3
2025-09-22 06:28:13,390 WARNING: Lỗi HTTP 429 - product id: 193666943, thử lại 1/3
2025-09-22 06:28:13,816 WARNING: Lỗi HTTP 404: Không tim thấy product id - product id: 193647601
2025-09-22 06:28:14,997 WARNING: Lỗi HTTP 429 - product id: 193720422, thử lại 1/3
2025-09-22 06:28:15,154 WARNING: Lỗi HTTP 429 - product id: 193723518, thử lại 1/3
2025-09-22 06:28:15,240 WARNING: Lỗi HTTP 429 - product id: 193724263, thử lại 1/3
2025-09-22 06:28:15,247 WARNING: Lỗi HTTP 429 - product id: 193724461, thử lại 1/3
2025-09-22 06:28:15,286 WARNING: Lỗi HTTP 429 - product id: 193725308, thử lại 1/3
2025-09-22 06:28:15,348 WARNING: Lỗi HTTP 429 - product id: 193734347, thử lại 1/3
2025-09-22 06:28:15,349 WARNING: Lỗi HTTP 429 - product id: 193734208, thử lại 1/3
2025-09-22 06:28:15,454 WARNING: Lỗi HTTP 429 - product id: 193736442, thử lại 1/3
2025-09-22 06:28:15,542 WARNING: Lỗi HTTP 429 - product id: 193737275, thử lại 1/3
2025-09-22 06:28:17,316 WARNING: Lỗi HTTP 404: Không tim thấy product id - product id: 193767656
2025-09-22 06:28:18,629 INFO: Đã commit batch 145 (1000 sản phẩm)
2025-09-22 06:28:18,659 INFO: Đã ghi 998 sản phẩm vào file /home/quannh/projects_de/project_2/output/products_batch_145_998_ids.csv
2025-09-22 06:28:18,690 INFO: Bắt đầu crawl batch 146 (1000 sản phẩm)
2025-09-22 06:28:21,696 WARNING: Lỗi HTTP 429 - product id: 193923970, thử lại 1/3
2025-09-22 06:28:23,989 WARNING: Lỗi HTTP 429 - product id: 194039857, thử lại 1/3
2025-09-22 06:28:25,489 WARNING: Lỗi HTTP 429 - product id: 194084671, thử lại 1/3
2025-09-22 06:28:25,538 WARNING: Lỗi HTTP 429 - product id: 194085675, thử lại 1/3
2025-09-22 06:28:25,583 WARNING: Lỗi HTTP 429 - product id: 194085820, thử lại 1/3
2025-09-22 06:28:26,191 WARNING: Lỗi HTTP 429 - product id: 194103787, thử lại 1/3
2025-09-22 06:28:26,338 WARNING: Lỗi HTTP 429 - product id: 194109669, thử lại 1/3
2025-09-22 06:28:26,405 WARNING: Lỗi HTTP 429 - product id: 194110239, thử lại 1/3
2025-09-22 06:28:26,739 WARNING: Lỗi HTTP 429 - product id: 194121118, thử lại 1/3
2025-09-22 06:28:26,802 WARNING: Lỗi HTTP 429 - product id: 194122866, thử lại 1/3
2025-09-22 06:28:26,881 WARNING: Lỗi HTTP 429 - product id: 194124855, thử lại 1/3
2025-09-22 06:28:26,995 WARNING: Lỗi HTTP 429 - product id: 194127646, thử lại 1/3
2025-09-22 06:28:27,084 WARNING: Lỗi HTTP 429 - product id: 194129372, thử lại 1/3
2025-09-22 06:28:27,089 WARNING: Lỗi HTTP 429 - product id: 194129533, thử lại 1/3
2025-09-22 06:28:27,134 WARNING: Lỗi HTTP 429 - product id: 194039857, thử lại 2/3
2025-09-22 06:28:27,139 WARNING: Lỗi HTTP 429 - product id: 194130253, thử lại 1/3
2025-09-22 06:28:27,146 WARNING: Lỗi HTTP 429 - product id: 194130436, thử lại 1/3
2025-09-22 06:28:27,209 WARNING: Lỗi HTTP 429 - product id: 194132404, thử lại 1/3
2025-09-22 06:28:27,485 WARNING: Lỗi HTTP 429 - product id: 194143852, thử lại 1/3
2025-09-22 06:28:27,585 WARNING: Lỗi HTTP 429 - product id: 194143875, thử lại 1/3
2025-09-22 06:28:27,587 WARNING: Lỗi HTTP 429 - product id: 194146920, thử lại 1/3
2025-09-22 06:28:28,539 WARNING: Lỗi HTTP 429 - product id: 194186845, thử lại 1/3
2025-09-22 06:28:28,556 WARNING: Lỗi HTTP 429 - product id: 194084671, thử lại 2/3
2025-09-22 06:28:29,137 WARNING: Lỗi HTTP 429 - product id: 194200439, thử lại 1/3
2025-09-22 06:28:29,193 WARNING: Lỗi HTTP 429 - product id: 194205905, thử lại 1/3
2025-09-22 06:28:29,886 WARNING: Lỗi HTTP 429 - product id: 194327596, thử lại 1/3
2025-09-22 06:28:30,536 WARNING: Lỗi HTTP 429 - product id: 194372823, thử lại 1/3
2025-09-22 06:28:30,581 WARNING: Lỗi HTTP 429 - product id: 194375041, thử lại 1/3
2025-09-22 06:28:30,599 WARNING: Lỗi HTTP 429 - product id: 194393763, thử lại 1/3
2025-09-22 06:28:30,671 WARNING: Lỗi HTTP 429 - product id: 194394085, thử lại 1/3
2025-09-22 06:28:30,736 WARNING: Lỗi HTTP 429 - product id: 194146920, thử lại 2/3
2025-09-22 06:28:30,744 WARNING: Lỗi HTTP 429 - product id: 194394282, thử lại 1/3
2025-09-22 06:28:30,792 WARNING: Lỗi HTTP 429 - product id: 194394492, thử lại 1/3
2025-09-22 06:28:30,797 WARNING: Lỗi HTTP 429 - product id: 194394551, thử lại 1/3
2025-09-22 06:28:30,893 WARNING: Lỗi HTTP 429 - product id: 194394794, thử lại 1/3
2025-09-22 06:28:31,036 WARNING: Lỗi HTTP 429 - product id: 194395759, thử lại 1/3
2025-09-22 06:28:31,090 WARNING: Lỗi HTTP 429 - product id: 194395777, thử lại 1/3
2025-09-22 06:28:31,135 WARNING: Lỗi HTTP 429 - product id: 194395816, thử lại 1/3
2025-09-22 06:28:33,546 WARNING: Lỗi HTTP 429 - product id: 194445297, thử lại 1/3
2025-09-22 06:28:33,591 WARNING: Lỗi HTTP 429 - product id: 194446149, thử lại 1/3
2025-09-22 06:28:33,732 WARNING: Lỗi HTTP 429 - product id: 194446477, thử lại 1/3
2025-09-22 06:28:33,790 WARNING: Lỗi HTTP 429 - product id: 194394085, thử lại 2/3
2025-09-22 06:28:33,958 WARNING: Lỗi HTTP 429 - product id: 194447409, thử lại 1/3
2025-09-22 06:28:34,042 WARNING: Lỗi HTTP 429 - product id: 194449389, thử lại 1/3
2025-09-22 06:28:34,087 WARNING: Lỗi HTTP 429 - product id: 194454243, thử lại 1/3
2025-09-22 06:28:34,153 WARNING: Lỗi HTTP 429 - product id: 194455105, thử lại 1/3
2025-09-22 06:28:34,235 WARNING: Lỗi HTTP 429 - product id: 194456418, thử lại 1/3
2025-09-22 06:28:39,880 INFO: Đã commit batch 146 (1000 sản phẩm)
2025-09-22 06:28:39,910 INFO: Đã ghi 1000 sản phẩm vào file /home/quannh/projects_de/project_2/output/products_batch_146_1000_ids.csv
2025-09-22 06:28:39,942 INFO: Bắt đầu crawl batch 147 (1000 sản phẩm)
2025-09-22 06:28:42,646 WARNING: Lỗi HTTP 429 - product id: 194810030, thử lại 1/3
2025-09-22 06:28:42,744 WARNING: Lỗi HTTP 429 - product id: 194810206, thử lại 1/3
2025-09-22 06:28:42,789 WARNING: Lỗi HTTP 429 - product id: 194810304, thử lại 1/3
2025-09-22 06:28:42,945 WARNING: Lỗi HTTP 429 - product id: 194810804, thử lại 1/3
2025-09-22 06:28:42,988 WARNING: Lỗi HTTP 429 - product id: 194810926, thử lại 1/3
2025-09-22 06:28:43,047 WARNING: Lỗi HTTP 429 - product id: 194811726, thử lại 1/3
2025-09-22 06:28:43,047 WARNING: Lỗi HTTP 429 - product id: 194811656, thử lại 1/3
2025-09-22 06:28:44,457 WARNING: Lỗi HTTP 429 - product id: 194860494, thử lại 1/3
2025-09-22 06:28:44,543 WARNING: Lỗi HTTP 429 - product id: 194860627, thử lại 1/3
2025-09-22 06:28:44,552 WARNING: Lỗi HTTP 429 - product id: 194860672, thử lại 1/3
2025-09-22 06:28:44,608 WARNING: Lỗi HTTP 429 - product id: 194861941, thử lại 1/3
2025-09-22 06:28:44,641 WARNING: Lỗi HTTP 429 - product id: 194864567, thử lại 1/3
2025-09-22 06:28:44,695 WARNING: Lỗi HTTP 429 - product id: 194865819, thử lại 1/3
2025-09-22 06:28:48,092 WARNING: Lỗi HTTP 429 - product id: 195151076, thử lại 1/3
2025-09-22 06:28:48,095 WARNING: Lỗi HTTP 429 - product id: 195151227, thử lại 1/3
2025-09-22 06:28:48,237 WARNING: Lỗi HTTP 429 - product id: 195162257, thử lại 1/3
2025-09-22 06:28:48,296 WARNING: Lỗi HTTP 429 - product id: 195166346, thử lại 1/3
2025-09-22 06:28:49,388 WARNING: Lỗi HTTP 429 - product id: 195213017, thử lại 1/3
2025-09-22 06:28:50,442 WARNING: Lỗi HTTP 429 - product id: 195242520, thử lại 1/3
2025-09-22 06:28:50,815 WARNING: Lỗi HTTP 404: Không tim thấy product id - product id: 195238171
2025-09-22 06:28:53,895 WARNING: Lỗi HTTP 429 - product id: 195338766, thử lại 1/3
2025-09-22 06:28:56,983 INFO: Đã commit batch 147 (1000 sản phẩm)
2025-09-22 06:28:57,016 INFO: Đã ghi 999 sản phẩm vào file /home/quannh/projects_de/project_2/output/products_batch_147_999_ids.csv
2025-09-22 06:28:57,049 INFO: Bắt đầu crawl batch 148 (1000 sản phẩm)
2025-09-22 06:28:59,303 WARNING: Lỗi HTTP 429 - product id: 195465110, thử lại 1/3
2025-09-22 06:28:59,348 WARNING: Lỗi HTTP 429 - product id: 195465155, thử lại 1/3
2025-09-22 06:29:01,506 WARNING: Lỗi HTTP 429 - product id: 195541839, thử lại 1/3
2025-09-22 06:29:01,556 WARNING: Lỗi HTTP 429 - product id: 195542199, thử lại 1/3
2025-09-22 06:29:01,571 WARNING: Lỗi HTTP 429 - product id: 195542306, thử lại 1/3
2025-09-22 06:29:02,370 WARNING: Lỗi HTTP 404: Không tim thấy product id - product id: 195548070
2025-09-22 06:29:05,717 WARNING: Lỗi HTTP 404: Không tim thấy product id - product id: 195745514
2025-09-22 06:29:06,898 WARNING: Lỗi HTTP 429 - product id: 195801890, thử lại 1/3
2025-09-22 06:29:06,962 WARNING: Lỗi HTTP 429 - product id: 195807002, thử lại 1/3
2025-09-22 06:29:07,042 WARNING: Lỗi HTTP 429 - product id: 195815326, thử lại 1/3
2025-09-22 06:29:07,245 WARNING: Lỗi HTTP 429 - product id: 195832446, thử lại 1/3
2025-09-22 06:29:07,544 WARNING: Lỗi HTTP 429 - product id: 195853798, thử lại 1/3
2025-09-22 06:29:07,549 WARNING: Lỗi HTTP 429 - product id: 195853900, thử lại 1/3
2025-09-22 06:29:07,961 WARNING: Lỗi HTTP 429 - product id: 195864765, thử lại 1/3
2025-09-22 06:29:08,259 WARNING: Lỗi HTTP 429 - product id: 195865277, thử lại 1/3
2025-09-22 06:29:08,748 WARNING: Lỗi HTTP 429 - product id: 195866524, thử lại 1/3
2025-09-22 06:29:09,055 WARNING: Lỗi HTTP 429 - product id: 195873904, thử lại 1/3
2025-09-22 06:29:11,752 WARNING: Lỗi HTTP 429 - product id: 195946961, thử lại 1/3
2025-09-22 06:29:12,019 WARNING: Lỗi HTTP 404: Không tim thấy product id - product id: 195940874
2025-09-22 06:29:12,051 WARNING: Lỗi HTTP 429 - product id: 195953108, thử lại 1/3
2025-09-22 06:29:12,155 WARNING: Lỗi HTTP 429 - product id: 195960182, thử lại 1/3
2025-09-22 06:29:12,196 WARNING: Lỗi HTTP 429 - product id: 195961094, thử lại 1/3
2025-09-22 06:29:12,246 WARNING: Lỗi HTTP 429 - product id: 195962070, thử lại 1/3
2025-09-22 06:29:12,895 WARNING: Lỗi HTTP 429 - product id: 195978961, thử lại 1/3
2025-09-22 06:29:12,961 WARNING: Lỗi HTTP 429 - product id: 195979483, thử lại 1/3
2025-09-22 06:29:16,050 INFO: Đã commit batch 148 (1000 sản phẩm)
2025-09-22 06:29:16,082 INFO: Đã ghi 997 sản phẩm vào file /home/quannh/projects_de/project_2/output/products_batch_148_997_ids.csv
2025-09-22 06:29:16,114 INFO: Bắt đầu crawl batch 149 (1000 sản phẩm)
2025-09-22 06:29:17,420 WARNING: Lỗi HTTP 429 - product id: 196026130, thử lại 1/3
2025-09-22 06:29:17,511 WARNING: Lỗi HTTP 429 - product id: 196026223, thử lại 1/3
2025-09-22 06:29:17,513 WARNING: Lỗi HTTP 429 - product id: 196026238, thử lại 1/3
2025-09-22 06:29:17,982 WARNING: Lỗi HTTP 429 - product id: 196031344, thử lại 1/3
2025-09-22 06:29:17,982 WARNING: Lỗi HTTP 429 - product id: 196031400, thử lại 1/3
2025-09-22 06:29:18,047 WARNING: Lỗi HTTP 429 - product id: 196047323, thử lại 1/3
2025-09-22 06:29:18,048 WARNING: Lỗi HTTP 429 - product id: 196044807, thử lại 1/3
2025-09-22 06:29:18,067 WARNING: Lỗi HTTP 429 - product id: 196047582, thử lại 1/3
2025-09-22 06:29:19,326 WARNING: Lỗi HTTP 429 - product id: 196070080, thử lại 1/3
2025-09-22 06:29:19,407 WARNING: Lỗi HTTP 429 - product id: 196072704, thử lại 1/3
2025-09-22 06:29:20,113 WARNING: Lỗi HTTP 429 - product id: 196095761, thử lại 1/3
2025-09-22 06:29:20,117 WARNING: Lỗi HTTP 429 - product id: 196095672, thử lại 1/3
2025-09-22 06:29:20,313 WARNING: Lỗi HTTP 429 - product id: 196145252, thử lại 1/3
2025-09-22 06:29:20,411 WARNING: Lỗi HTTP 429 - product id: 196147474, thử lại 1/3
2025-09-22 06:29:20,475 WARNING: Lỗi HTTP 429 - product id: 196148878, thử lại 1/3
2025-09-22 06:29:20,559 WARNING: Lỗi HTTP 429 - product id: 196151302, thử lại 1/3
2025-09-22 06:29:20,617 WARNING: Lỗi HTTP 429 - product id: 196026238, thử lại 2/3
2025-09-22 06:29:20,621 WARNING: Lỗi HTTP 429 - product id: 196153866, thử lại 1/3
2025-09-22 06:29:20,658 WARNING: Lỗi HTTP 429 - product id: 196154227, thử lại 1/3
2025-09-22 06:29:20,683 WARNING: Lỗi HTTP 429 - product id: 196155614, thử lại 1/3
2025-09-22 06:29:20,763 WARNING: Lỗi HTTP 429 - product id: 196157701, thử lại 1/3
2025-09-22 06:29:20,813 WARNING: Lỗi HTTP 429 - product id: 196158075, thử lại 1/3
2025-09-22 06:29:20,865 WARNING: Lỗi HTTP 429 - product id: 196158322, thử lại 1/3
2025-09-22 06:29:20,915 WARNING: Lỗi HTTP 429 - product id: 196158350, thử lại 1/3
2025-09-22 06:29:22,185 WARNING: Lỗi HTTP 404: Không tim thấy product id - product id: 196175015
2025-09-22 06:29:22,765 WARNING: Lỗi HTTP 429 - product id: 196215149, thử lại 1/3
2025-09-22 06:29:22,912 WARNING: Lỗi HTTP 429 - product id: 196223070, thử lại 1/3
2025-09-22 06:29:23,316 WARNING: Lỗi HTTP 429 - product id: 196225518, thử lại 1/3
2025-09-22 06:29:24,958 WARNING: Lỗi HTTP 429 - product id: 196288458, thử lại 1/3
2025-09-22 06:29:25,413 WARNING: Lỗi HTTP 429 - product id: 196305556, thử lại 1/3
2025-09-22 06:29:25,462 WARNING: Lỗi HTTP 429 - product id: 196313146, thử lại 1/3
2025-09-22 06:29:25,478 WARNING: Lỗi HTTP 429 - product id: 196313516, thử lại 1/3
2025-09-22 06:29:28,061 WARNING: Lỗi HTTP 429 - product id: 196332540, thử lại 1/3
2025-09-22 06:29:28,127 WARNING: Lỗi HTTP 429 - product id: 196332865, thử lại 1/3
2025-09-22 06:29:29,016 WARNING: Lỗi HTTP 429 - product id: 196349997, thử lại 1/3
2025-09-22 06:29:29,064 WARNING: Lỗi HTTP 429 - product id: 196350024, thử lại 1/3
2025-09-22 06:29:29,111 WARNING: Lỗi HTTP 429 - product id: 196350049, thử lại 1/3
2025-09-22 06:29:29,155 WARNING: Lỗi HTTP 429 - product id: 196350089, thử lại 1/3
2025-09-22 06:29:29,174 WARNING: Lỗi HTTP 429 - product id: 196350107, thử lại 1/3
2025-09-22 06:29:29,263 WARNING: Lỗi HTTP 429 - product id: 196350149, thử lại 1/3
2025-09-22 06:29:29,362 WARNING: Lỗi HTTP 429 - product id: 196351104, thử lại 1/3
2025-09-22 06:29:29,362 WARNING: Lỗi HTTP 429 - product id: 196351139, thử lại 1/3
2025-09-22 06:29:29,572 WARNING: Lỗi HTTP 429 - product id: 196361362, thử lại 1/3
2025-09-22 06:29:29,762 WARNING: Lỗi HTTP 429 - product id: 196370377, thử lại 1/3
2025-09-22 06:29:32,333 WARNING: Lỗi HTTP 404: Không tim thấy product id - product id: 196469884
2025-09-22 06:29:33,056 INFO: Đã commit batch 149 (1000 sản phẩm)
2025-09-22 06:29:33,091 INFO: Đã ghi 998 sản phẩm vào file /home/quannh/projects_de/project_2/output/products_batch_149_998_ids.csv
2025-09-22 06:29:33,123 INFO: Bắt đầu crawl batch 150 (1000 sản phẩm)
2025-09-22 06:29:34,374 WARNING: Lỗi HTTP 429 - product id: 196579761, thử lại 1/3
2025-09-22 06:29:34,723 WARNING: Lỗi HTTP 429 - product id: 196603127, thử lại 1/3
2025-09-22 06:29:34,724 WARNING: Lỗi HTTP 429 - product id: 196603203, thử lại 1/3
2025-09-22 06:29:35,624 WARNING: Lỗi HTTP 429 - product id: 196758079, thử lại 1/3
2025-09-22 06:29:35,625 WARNING: Lỗi HTTP 429 - product id: 196757732, thử lại 1/3
2025-09-22 06:29:35,687 WARNING: Lỗi HTTP 429 - product id: 196758967, thử lại 1/3
2025-09-22 06:29:35,718 WARNING: Lỗi HTTP 429 - product id: 196759193, thử lại 1/3
2025-09-22 06:29:35,730 WARNING: Lỗi HTTP 429 - product id: 196759390, thử lại 1/3
2025-09-22 06:29:35,731 WARNING: Lỗi HTTP 429 - product id: 196759595, thử lại 1/3
2025-09-22 06:29:38,398 WARNING: Lỗi HTTP 404: Không tim thấy product id - product id: 196800922
2025-09-22 06:29:38,827 WARNING: Lỗi HTTP 429 - product id: 196831356, thử lại 1/3
2025-09-22 06:29:38,926 WARNING: Lỗi HTTP 429 - product id: 196832034, thử lại 1/3
2025-09-22 06:29:39,018 WARNING: Lỗi HTTP 429 - product id: 196759390, thử lại 2/3
2025-09-22 06:29:39,073 WARNING: Lỗi HTTP 429 - product id: 196837716, thử lại 1/3
2025-09-22 06:29:39,220 WARNING: Lỗi HTTP 429 - product id: 196838284, thử lại 1/3
2025-09-22 06:29:39,281 WARNING: Lỗi HTTP 429 - product id: 196839354, thử lại 1/3
2025-09-22 06:29:39,369 WARNING: Lỗi HTTP 429 - product id: 196849235, thử lại 1/3
2025-09-22 06:29:39,423 WARNING: Lỗi HTTP 429 - product id: 196851276, thử lại 1/3
2025-09-22 06:29:39,520 WARNING: Lỗi HTTP 429 - product id: 196853391, thử lại 1/3
2025-09-22 06:29:39,568 WARNING: Lỗi HTTP 429 - product id: 196853399, thử lại 1/3
2025-09-22 06:29:39,627 WARNING: Lỗi HTTP 429 - product id: 196854380, thử lại 1/3
2025-09-22 06:29:40,080 WARNING: Lỗi HTTP 429 - product id: 196856504, thử lại 1/3
2025-09-22 06:29:40,774 WARNING: Lỗi HTTP 429 - product id: 196873525, thử lại 1/3
2025-09-22 06:29:40,775 WARNING: Lỗi HTTP 429 - product id: 196873526, thử lại 1/3
2025-09-22 06:29:40,824 WARNING: Lỗi HTTP 429 - product id: 196873709, thử lại 1/3
2025-09-22 06:29:40,838 WARNING: Lỗi HTTP 429 - product id: 196873794, thử lại 1/3
2025-09-22 06:29:40,839 WARNING: Lỗi HTTP 429 - product id: 196873715, thử lại 1/3
2025-09-22 06:29:40,887 WARNING: Lỗi HTTP 429 - product id: 196874104, thử lại 1/3
2025-09-22 06:29:42,135 WARNING: Lỗi HTTP 429 - product id: 196837716, thử lại 2/3
2025-09-22 06:29:42,184 WARNING: Lỗi HTTP 429 - product id: 196904678, thử lại 1/3
2025-09-22 06:29:42,285 WARNING: Lỗi HTTP 429 - product id: 196838284, thử lại 2/3
2025-09-22 06:29:42,434 WARNING: Lỗi HTTP 429 - product id: 196849235, thử lại 2/3
2025-09-22 06:29:42,480 WARNING: Lỗi HTTP 429 - product id: 196905234, thử lại 1/3
2025-09-22 06:29:42,528 WARNING: Lỗi HTTP 429 - product id: 196905329, thử lại 1/3
2025-09-22 06:29:42,723 WARNING: Lỗi HTTP 429 - product id: 196905864, thử lại 1/3
2025-09-22 06:29:42,819 WARNING: Lỗi HTTP 429 - product id: 196906576, thử lại 1/3
2025-09-22 06:29:44,872 WARNING: Lỗi HTTP 429 - product id: 197070050, thử lại 1/3
2025-09-22 06:29:44,929 WARNING: Lỗi HTTP 429 - product id: 197070951, thử lại 1/3
2025-09-22 06:29:45,016 WARNING: Lỗi HTTP 429 - product id: 197083819, thử lại 1/3
2025-09-22 06:29:48,224 WARNING: Lỗi HTTP 429 - product id: 197171293, thử lại 1/3
2025-09-22 06:29:48,227 WARNING: Lỗi HTTP 429 - product id: 197171300, thử lại 1/3
2025-09-22 06:29:48,284 WARNING: Lỗi HTTP 429 - product id: 197083819, thử lại 2/3
2025-09-22 06:29:48,429 WARNING: Lỗi HTTP 429 - product id: 197172034, thử lại 1/3
2025-09-22 06:29:48,463 WARNING: Lỗi HTTP 429 - product id: 197172088, thử lại 1/3
2025-09-22 06:29:48,467 WARNING: Lỗi HTTP 429 - product id: 197172099, thử lại 1/3
2025-09-22 06:29:48,468 WARNING: Lỗi HTTP 429 - product id: 196838284, thử lại 3/3
2025-09-22 06:29:48,469 WARNING: Crawl thất bại sau 3 lần thử lại - product id: 196838284 - Lỗi HTTP 429
2025-09-22 06:29:48,677 WARNING: Lỗi HTTP 429 - product id: 197175736, thử lại 1/3
2025-09-22 06:29:48,934 WARNING: Lỗi HTTP 429 - product id: 197189492, thử lại 1/3
2025-09-22 06:29:54,393 INFO: Đã commit batch 150 (1000 sản phẩm)
2025-09-22 06:29:54,423 INFO: Đã ghi 998 sản phẩm vào file /home/quannh/projects_de/project_2/output/products_batch_150_998_ids.csv
2025-09-22 06:29:54,455 INFO: Bắt đầu crawl batch 151 (1000 sản phẩm)
2025-09-22 06:29:54,660 WARNING: Lỗi HTTP 429 - product id: 197222752, thử lại 1/3
2025-09-22 06:29:54,753 WARNING: Lỗi HTTP 429 - product id: 197223777, thử lại 1/3
2025-09-22 06:29:54,804 WARNING: Lỗi HTTP 429 - product id: 197224095, thử lại 1/3
2025-09-22 06:29:54,814 WARNING: Lỗi HTTP 429 - product id: 197224160, thử lại 1/3
2025-09-22 06:29:54,854 WARNING: Lỗi HTTP 429 - product id: 197225261, thử lại 1/3
2025-09-22 06:29:54,856 WARNING: Lỗi HTTP 429 - product id: 197225348, thử lại 1/3
2025-09-22 06:29:54,905 WARNING: Lỗi HTTP 429 - product id: 197225612, thử lại 1/3
2025-09-22 06:29:54,918 WARNING: Lỗi HTTP 429 - product id: 197227213, thử lại 1/3
2025-09-22 06:29:54,951 WARNING: Lỗi HTTP 429 - product id: 197227681, thử lại 1/3
2025-09-22 06:29:54,955 WARNING: Lỗi HTTP 429 - product id: 197228677, thử lại 1/3
2025-09-22 06:29:56,355 WARNING: Lỗi HTTP 429 - product id: 197365454, thử lại 1/3
2025-09-22 06:29:56,426 WARNING: Lỗi HTTP 404: Không tim thấy product id - product id: 197329296
2025-09-22 06:29:56,453 WARNING: Lỗi HTTP 429 - product id: 197365875, thử lại 1/3
2025-09-22 06:29:56,876 WARNING: Lỗi HTTP 404: Không tim thấy product id - product id: 197366896
2025-09-22 06:29:57,151 WARNING: Lỗi HTTP 429 - product id: 197386832, thử lại 1/3
2025-09-22 06:29:57,213 WARNING: Lỗi HTTP 429 - product id: 197390172, thử lại 1/3
2025-09-22 06:29:57,215 WARNING: Lỗi HTTP 429 - product id: 197387476, thử lại 1/3
2025-09-22 06:29:57,307 WARNING: Lỗi HTTP 429 - product id: 197392223, thử lại 1/3
2025-09-22 06:29:57,453 WARNING: Lỗi HTTP 429 - product id: 197397417, thử lại 1/3
2025-09-22 06:29:57,559 WARNING: Lỗi HTTP 429 - product id: 197399427, thử lại 1/3
2025-09-22 06:29:57,560 WARNING: Lỗi HTTP 429 - product id: 197398134, thử lại 1/3
2025-09-22 06:29:57,575 WARNING: Lỗi HTTP 404: Không tim thấy product id - product id: 197379419
2025-09-22 06:29:58,006 WARNING: Lỗi HTTP 429 - product id: 197225612, thử lại 2/3
2025-09-22 06:29:58,107 WARNING: Lỗi HTTP 429 - product id: 197228677, thử lại 2/3
2025-09-22 06:29:58,112 WARNING: Lỗi HTTP 429 - product id: 197409473, thử lại 1/3
2025-09-22 06:29:58,163 WARNING: Lỗi HTTP 429 - product id: 197409743, thử lại 1/3
2025-09-22 06:29:58,197 WARNING: Lỗi HTTP 429 - product id: 197410479, thử lại 1/3
2025-09-22 06:29:58,258 WARNING: Lỗi HTTP 429 - product id: 197410998, thử lại 1/3
2025-09-22 06:29:58,352 WARNING: Lỗi HTTP 429 - product id: 197418262, thử lại 1/3
2025-09-22 06:29:58,401 WARNING: Lỗi HTTP 429 - product id: 197418326, thử lại 1/3
2025-09-22 06:29:58,412 WARNING: Lỗi HTTP 429 - product id: 197419265, thử lại 1/3
2025-09-22 06:29:59,561 WARNING: Lỗi HTTP 429 - product id: 197525760, thử lại 1/3
2025-09-22 06:29:59,661 WARNING: Lỗi HTTP 429 - product id: 197529071, thử lại 1/3
2025-09-22 06:30:00,865 WARNING: Lỗi HTTP 429 - product id: 197552546, thử lại 1/3
2025-09-22 06:30:00,906 WARNING: Lỗi HTTP 429 - product id: 197552928, thử lại 1/3
2025-09-22 06:30:00,914 WARNING: Lỗi HTTP 429 - product id: 197553118, thử lại 1/3
2025-09-22 06:30:01,116 WARNING: Lỗi HTTP 429 - product id: 197567962, thử lại 1/3
2025-09-22 06:30:01,158 WARNING: Lỗi HTTP 429 - product id: 197568362, thử lại 1/3
2025-09-22 06:30:01,266 WARNING: Lỗi HTTP 429 - product id: 197572046, thử lại 1/3
2025-09-22 06:30:01,618 WARNING: Lỗi HTTP 429 - product id: 197588039, thử lại 1/3
2025-09-22 06:30:01,686 WARNING: Lỗi HTTP 429 - product id: 197590073, thử lại 1/3
2025-09-22 06:30:01,703 WARNING: Lỗi HTTP 429 - product id: 197590507, thử lại 1/3
2025-09-22 06:30:01,715 WARNING: Lỗi HTTP 429 - product id: 197592885, thử lại 1/3
2025-09-22 06:30:01,759 WARNING: Lỗi HTTP 429 - product id: 197595760, thử lại 1/3
2025-09-22 06:30:01,817 WARNING: Lỗi HTTP 429 - product id: 197595980, thử lại 1/3
2025-09-22 06:30:02,055 WARNING: Lỗi HTTP 429 - product id: 197600670, thử lại 1/3
2025-09-22 06:30:02,657 WARNING: Lỗi HTTP 429 - product id: 197605434, thử lại 1/3
2025-09-22 06:30:02,764 WARNING: Lỗi HTTP 429 - product id: 197606692, thử lại 1/3
2025-09-22 06:30:02,813 WARNING: Lỗi HTTP 429 - product id: 197606863, thử lại 1/3
2025-09-22 06:30:03,461 WARNING: Lỗi HTTP 429 - product id: 197625526, thử lại 1/3
2025-09-22 06:30:03,508 WARNING: Lỗi HTTP 429 - product id: 197626875, thử lại 1/3
2025-09-22 06:30:03,512 WARNING: Lỗi HTTP 429 - product id: 197627120, thử lại 1/3
2025-09-22 06:30:03,755 WARNING: Lỗi HTTP 429 - product id: 197629097, thử lại 1/3
2025-09-22 06:30:04,353 WARNING: Lỗi HTTP 429 - product id: 197638110, thử lại 1/3
2025-09-22 06:30:04,360 WARNING: Lỗi HTTP 429 - product id: 197638179, thử lại 1/3
2025-09-22 06:30:04,398 WARNING: Lỗi HTTP 429 - product id: 197638831, thử lại 1/3
2025-09-22 06:30:04,703 WARNING: Lỗi HTTP 429 - product id: 197645095, thử lại 1/3
2025-09-22 06:30:04,748 WARNING: Lỗi HTTP 429 - product id: 197645327, thử lại 1/3
2025-09-22 06:30:04,766 WARNING: Lỗi HTTP 429 - product id: 197590507, thử lại 2/3
2025-09-22 06:30:05,699 WARNING: Lỗi HTTP 429 - product id: 197657083, thử lại 1/3
2025-09-22 06:30:06,700 WARNING: Lỗi HTTP 429 - product id: 197674695, thử lại 1/3
2025-09-22 06:30:06,750 WARNING: Lỗi HTTP 429 - product id: 197675445, thử lại 1/3
2025-09-22 06:30:06,761 WARNING: Lỗi HTTP 429 - product id: 197675664, thử lại 1/3
2025-09-22 06:30:06,800 WARNING: Lỗi HTTP 429 - product id: 197676416, thử lại 1/3
2025-09-22 06:30:06,813 WARNING: Lỗi HTTP 429 - product id: 197676821, thử lại 1/3
2025-09-22 06:30:06,893 WARNING: Lỗi HTTP 429 - product id: 197679135, thử lại 1/3
2025-09-22 06:30:06,954 WARNING: Lỗi HTTP 429 - product id: 197685266, thử lại 1/3
2025-09-22 06:30:08,553 WARNING: Lỗi HTTP 429 - product id: 197740275, thử lại 1/3
2025-09-22 06:30:08,801 WARNING: Lỗi HTTP 429 - product id: 197746166, thử lại 1/3
2025-09-22 06:30:08,930 WARNING: Lỗi HTTP 404: Không tim thấy product id - product id: 197730935
2025-09-22 06:30:08,975 WARNING: Lỗi HTTP 404: Không tim thấy product id - product id: 197729017
2025-09-22 06:30:09,158 WARNING: Lỗi HTTP 429 - product id: 197749161, thử lại 1/3
2025-09-22 06:30:09,446 WARNING: Lỗi HTTP 429 - product id: 197777816, thử lại 1/3
2025-09-22 06:30:09,450 WARNING: Lỗi HTTP 429 - product id: 197777829, thử lại 1/3
2025-09-22 06:30:12,585 INFO: Đã commit batch 151 (1000 sản phẩm)
2025-09-22 06:30:12,617 INFO: Đã ghi 995 sản phẩm vào file /home/quannh/projects_de/project_2/output/products_batch_151_995_ids.csv
2025-09-22 06:30:12,649 INFO: Bắt đầu crawl batch 152 (1000 sản phẩm)
2025-09-22 06:30:14,425 WARNING: Lỗi HTTP 404: Không tim thấy product id - product id: 197856197
2025-09-22 06:30:14,523 WARNING: Lỗi HTTP 404: Không tim thấy product id - product id: 197856522
2025-09-22 06:30:14,851 WARNING: Lỗi HTTP 429 - product id: 197894767, thử lại 1/3
2025-09-22 06:30:14,953 WARNING: Lỗi HTTP 429 - product id: 197897089, thử lại 1/3
2025-09-22 06:30:15,151 WARNING: Lỗi HTTP 429 - product id: 197900180, thử lại 1/3
2025-09-22 06:30:15,453 WARNING: Lỗi HTTP 429 - product id: 197909603, thử lại 1/3
2025-09-22 06:30:15,454 WARNING: Lỗi HTTP 429 - product id: 197909300, thử lại 1/3
2025-09-22 06:30:16,446 WARNING: Lỗi HTTP 429 - product id: 197973644, thử lại 1/3
2025-09-22 06:30:16,455 WARNING: Lỗi HTTP 429 - product id: 197973701, thử lại 1/3
2025-09-22 06:30:16,705 WARNING: Lỗi HTTP 429 - product id: 197974375, thử lại 1/3
2025-09-22 06:30:16,756 WARNING: Lỗi HTTP 429 - product id: 197974570, thử lại 1/3
2025-09-22 06:30:16,800 WARNING: Lỗi HTTP 429 - product id: 197974792, thử lại 1/3
2025-09-22 06:30:16,850 WARNING: Lỗi HTTP 429 - product id: 197974904, thử lại 1/3
2025-09-22 06:30:16,853 WARNING: Lỗi HTTP 429 - product id: 197974913, thử lại 1/3
2025-09-22 06:30:16,864 WARNING: Lỗi HTTP 429 - product id: 197974978, thử lại 1/3
2025-09-22 06:30:18,647 WARNING: Lỗi HTTP 429 - product id: 198029425, thử lại 1/3
2025-09-22 06:30:18,854 WARNING: Lỗi HTTP 429 - product id: 198035636, thử lại 1/3
2025-09-22 06:30:18,896 WARNING: Lỗi HTTP 429 - product id: 198040714, thử lại 1/3
2025-09-22 06:30:19,355 WARNING: Lỗi HTTP 429 - product id: 198075375, thử lại 1/3
2025-09-22 06:30:19,451 WARNING: Lỗi HTTP 429 - product id: 198076812, thử lại 1/3
2025-09-22 06:30:19,719 WARNING: Lỗi HTTP 404: Không tim thấy product id - product id: 198074821
2025-09-22 06:30:19,845 WARNING: Lỗi HTTP 429 - product id: 198082083, thử lại 1/3
2025-09-22 06:30:19,847 WARNING: Lỗi HTTP 429 - product id: 198082097, thử lại 1/3
2025-09-22 06:30:19,908 WARNING: Lỗi HTTP 429 - product id: 198082372, thử lại 1/3
2025-09-22 06:30:19,998 WARNING: Lỗi HTTP 429 - product id: 197974904, thử lại 2/3
2025-09-22 06:30:20,199 WARNING: Lỗi HTTP 429 - product id: 198091818, thử lại 1/3
2025-09-22 06:30:20,250 WARNING: Lỗi HTTP 429 - product id: 198095558, thử lại 1/3
2025-09-22 06:30:20,299 WARNING: Lỗi HTTP 429 - product id: 198098870, thử lại 1/3
2025-09-22 06:30:20,548 WARNING: Lỗi HTTP 429 - product id: 198103603, thử lại 1/3
2025-09-22 06:30:20,620 WARNING: Lỗi HTTP 404: Không tim thấy product id - product id: 198079078
2025-09-22 06:30:22,446 WARNING: Lỗi HTTP 429 - product id: 198211048, thử lại 1/3
2025-09-22 06:30:24,712 WARNING: Lỗi HTTP 429 - product id: 198283086, thử lại 1/3
2025-09-22 06:30:24,815 WARNING: Lỗi HTTP 429 - product id: 198288648, thử lại 1/3
2025-09-22 06:30:25,048 WARNING: Lỗi HTTP 429 - product id: 198292313, thử lại 1/3
2025-09-22 06:30:25,124 WARNING: Lỗi HTTP 404: Không tim thấy product id - product id: 198289547
2025-09-22 06:30:25,399 WARNING: Lỗi HTTP 429 - product id: 198304030, thử lại 1/3
2025-09-22 06:30:25,405 WARNING: Lỗi HTTP 429 - product id: 198305012, thử lại 1/3
2025-09-22 06:30:25,599 WARNING: Lỗi HTTP 429 - product id: 198308847, thử lại 1/3
2025-09-22 06:30:28,519 WARNING: Lỗi HTTP 404: Không tim thấy product id - product id: 198364422
2025-09-22 06:30:29,397 INFO: Đã commit batch 152 (1000 sản phẩm)
2025-09-22 06:30:29,429 INFO: Đã ghi 994 sản phẩm vào file /home/quannh/projects_de/project_2/output/products_batch_152_994_ids.csv
2025-09-22 06:30:29,463 INFO: Bắt đầu crawl batch 153 (1000 sản phẩm)
2025-09-22 06:30:29,810 WARNING: Lỗi HTTP 429 - product id: 198412059, thử lại 1/3
2025-09-22 06:30:29,815 WARNING: Lỗi HTTP 429 - product id: 198412065, thử lại 1/3
2025-09-22 06:30:29,912 WARNING: Lỗi HTTP 429 - product id: 198412272, thử lại 1/3
2025-09-22 06:30:29,913 WARNING: Lỗi HTTP 429 - product id: 198412345, thử lại 1/3
2025-09-22 06:30:30,882 WARNING: Lỗi HTTP 404: Không tim thấy product id - product id: 198414835
2025-09-22 06:30:32,230 WARNING: Lỗi HTTP 404: Không tim thấy product id - product id: 198465853
2025-09-22 06:30:33,267 WARNING: Lỗi HTTP 429 - product id: 198530678, thử lại 1/3
2025-09-22 06:30:33,514 WARNING: Lỗi HTTP 429 - product id: 198537386, thử lại 1/3
2025-09-22 06:30:33,517 WARNING: Lỗi HTTP 429 - product id: 198537714, thử lại 1/3
2025-09-22 06:30:34,965 WARNING: Lỗi HTTP 429 - product id: 198563333, thử lại 1/3
2025-09-22 06:30:35,010 WARNING: Lỗi HTTP 429 - product id: 198564670, thử lại 1/3
2025-09-22 06:30:35,035 WARNING: Lỗi HTTP 429 - product id: 198565554, thử lại 1/3
2025-09-22 06:30:35,062 WARNING: Lỗi HTTP 429 - product id: 198565638, thử lại 1/3
2025-09-22 06:30:35,073 WARNING: Lỗi HTTP 429 - product id: 198568024, thử lại 1/3
2025-09-22 06:30:35,258 WARNING: Lỗi HTTP 429 - product id: 198573130, thử lại 1/3
2025-09-22 06:30:35,354 WARNING: Lỗi HTTP 429 - product id: 198575316, thử lại 1/3
2025-09-22 06:30:35,607 WARNING: Lỗi HTTP 429 - product id: 198584516, thử lại 1/3
2025-09-22 06:30:35,757 WARNING: Lỗi HTTP 429 - product id: 198587006, thử lại 1/3
2025-09-22 06:30:35,809 WARNING: Lỗi HTTP 429 - product id: 198587426, thử lại 1/3
2025-09-22 06:30:35,809 WARNING: Lỗi HTTP 429 - product id: 198587285, thử lại 1/3
2025-09-22 06:30:35,862 WARNING: Lỗi HTTP 429 - product id: 198587763, thử lại 1/3
2025-09-22 06:30:35,954 WARNING: Lỗi HTTP 429 - product id: 198589409, thử lại 1/3
2025-09-22 06:30:36,206 WARNING: Lỗi HTTP 429 - product id: 198592026, thử lại 1/3
2025-09-22 06:30:36,307 WARNING: Lỗi HTTP 429 - product id: 198611055, thử lại 1/3
2025-09-22 06:30:36,464 WARNING: Lỗi HTTP 429 - product id: 198613535, thử lại 1/3
2025-09-22 06:30:36,597 WARNING: Lỗi HTTP 429 - product id: 198617631, thử lại 1/3
2025-09-22 06:30:36,610 WARNING: Lỗi HTTP 429 - product id: 198617923, thử lại 1/3
2025-09-22 06:30:37,258 WARNING: Lỗi HTTP 429 - product id: 198648403, thử lại 1/3
2025-09-22 06:30:37,429 WARNING: Lỗi HTTP 429 - product id: 198650156, thử lại 1/3
2025-09-22 06:30:40,007 WARNING: Lỗi HTTP 429 - product id: 198784697, thử lại 1/3
2025-09-22 06:30:40,069 WARNING: Lỗi HTTP 429 - product id: 198788163, thử lại 1/3
2025-09-22 06:30:41,530 WARNING: Lỗi HTTP 404: Không tim thấy product id - product id: 198817566
2025-09-22 06:30:46,205 INFO: Đã commit batch 153 (1000 sản phẩm)
2025-09-22 06:30:46,237 INFO: Đã ghi 997 sản phẩm vào file /home/quannh/projects_de/project_2/output/products_batch_153_997_ids.csv
2025-09-22 06:30:46,269 INFO: Bắt đầu crawl batch 154 (1000 sản phẩm)
2025-09-22 06:30:46,720 WARNING: Lỗi HTTP 429 - product id: 199033998, thử lại 1/3
2025-09-22 06:30:46,728 WARNING: Lỗi HTTP 429 - product id: 199034037, thử lại 1/3
2025-09-22 06:30:47,421 WARNING: Lỗi HTTP 429 - product id: 199053647, thử lại 1/3
2025-09-22 06:30:47,422 WARNING: Lỗi HTTP 429 - product id: 199054267, thử lại 1/3
2025-09-22 06:30:47,514 WARNING: Lỗi HTTP 429 - product id: 199059007, thử lại 1/3
2025-09-22 06:30:47,625 WARNING: Lỗi HTTP 429 - product id: 199066971, thử lại 1/3
2025-09-22 06:30:47,717 WARNING: Lỗi HTTP 429 - product id: 199069119, thử lại 1/3
2025-09-22 06:30:47,775 WARNING: Lỗi HTTP 429 - product id: 199078074, thử lại 1/3
2025-09-22 06:30:48,018 WARNING: Lỗi HTTP 429 - product id: 199078632, thử lại 1/3
2025-09-22 06:30:48,082 WARNING: Lỗi HTTP 429 - product id: 199098863, thử lại 1/3
2025-09-22 06:30:48,268 WARNING: Lỗi HTTP 429 - product id: 199099314, thử lại 1/3
2025-09-22 06:30:48,365 WARNING: Lỗi HTTP 429 - product id: 199101133, thử lại 1/3
2025-09-22 06:30:48,419 WARNING: Lỗi HTTP 429 - product id: 199102588, thử lại 1/3
2025-09-22 06:30:48,427 WARNING: Lỗi HTTP 429 - product id: 199102655, thử lại 1/3
2025-09-22 06:30:48,470 WARNING: Lỗi HTTP 429 - product id: 199103172, thử lại 1/3
2025-09-22 06:30:49,015 WARNING: Lỗi HTTP 429 - product id: 199108572, thử lại 1/3
2025-09-22 06:30:49,019 WARNING: Lỗi HTTP 429 - product id: 199108582, thử lại 1/3
2025-09-22 06:30:49,992 WARNING: Lỗi HTTP 404: Không tim thấy product id - product id: 199108529
2025-09-22 06:30:51,541 WARNING: Lỗi HTTP 404: Không tim thấy product id - product id: 199144320
2025-09-22 06:30:51,593 WARNING: Lỗi HTTP 404: Không tim thấy product id - product id: 199144679
2025-09-22 06:30:52,567 WARNING: Lỗi HTTP 429 - product id: 199224279, thử lại 1/3
2025-09-22 06:30:52,669 WARNING: Lỗi HTTP 429 - product id: 199236229, thử lại 1/3
2025-09-22 06:30:52,736 WARNING: Lỗi HTTP 429 - product id: 199236519, thử lại 1/3
2025-09-22 06:30:52,768 WARNING: Lỗi HTTP 429 - product id: 199240699, thử lại 1/3
2025-09-22 06:30:52,816 WARNING: Lỗi HTTP 429 - product id: 199241762, thử lại 1/3
2025-09-22 06:30:52,821 WARNING: Lỗi HTTP 429 - product id: 199241945, thử lại 1/3
2025-09-22 06:30:52,829 WARNING: Lỗi HTTP 429 - product id: 199242680, thử lại 1/3
2025-09-22 06:30:52,883 WARNING: Lỗi HTTP 429 - product id: 199243060, thử lại 1/3
2025-09-22 06:30:52,922 WARNING: Lỗi HTTP 429 - product id: 199243293, thử lại 1/3
2025-09-22 06:30:52,960 WARNING: Lỗi HTTP 429 - product id: 199243583, thử lại 1/3
2025-09-22 06:30:53,070 WARNING: Lỗi HTTP 429 - product id: 199244647, thử lại 1/3
2025-09-22 06:30:53,586 WARNING: Lỗi HTTP 429 - product id: 199264196, thử lại 1/3
2025-09-22 06:30:53,666 WARNING: Lỗi HTTP 429 - product id: 199268723, thử lại 1/3
2025-09-22 06:30:53,722 WARNING: Lỗi HTTP 429 - product id: 199268991, thử lại 1/3
2025-09-22 06:30:53,815 WARNING: Lỗi HTTP 429 - product id: 199269664, thử lại 1/3
2025-09-22 06:30:53,822 WARNING: Lỗi HTTP 429 - product id: 199269734, thử lại 1/3
2025-09-22 06:30:53,964 WARNING: Lỗi HTTP 429 - product id: 199495414, thử lại 1/3
2025-09-22 06:30:54,063 WARNING: Lỗi HTTP 429 - product id: 199515544, thử lại 1/3
2025-09-22 06:30:54,775 WARNING: Lỗi HTTP 429 - product id: 199539003, thử lại 1/3
2025-09-22 06:30:54,823 WARNING: Lỗi HTTP 429 - product id: 199539908, thử lại 1/3
2025-09-22 06:30:55,221 WARNING: Lỗi HTTP 429 - product id: 199547208, thử lại 1/3
2025-09-22 06:30:55,778 WARNING: Lỗi HTTP 429 - product id: 199554195, thử lại 1/3
2025-09-22 06:30:55,869 WARNING: Lỗi HTTP 429 - product id: 199554936, thử lại 1/3
2025-09-22 06:30:55,935 WARNING: Lỗi HTTP 429 - product id: 199566388, thử lại 1/3
2025-09-22 06:30:56,007 WARNING: Lỗi HTTP 429 - product id: 199567563, thử lại 1/3
2025-09-22 06:30:56,119 WARNING: Lỗi HTTP 429 - product id: 199569181, thử lại 1/3
2025-09-22 06:30:56,475 WARNING: Lỗi HTTP 429 - product id: 199579487, thử lại 1/3
2025-09-22 06:30:56,618 WARNING: Lỗi HTTP 429 - product id: 199592773, thử lại 1/3
2025-09-22 06:30:56,619 WARNING: Lỗi HTTP 429 - product id: 199592777, thử lại 1/3
2025-09-22 06:30:56,649 WARNING: Lỗi HTTP 429 - product id: 199264196, thử lại 2/3
2025-09-22 06:30:57,013 WARNING: Lỗi HTTP 429 - product id: 199606929, thử lại 1/3
2025-09-22 06:30:57,172 WARNING: Lỗi HTTP 404: Không tim thấy product id - product id: 199607003
2025-09-22 06:30:57,419 WARNING: Lỗi HTTP 429 - product id: 199619358, thử lại 1/3
2025-09-22 06:30:57,472 WARNING: Lỗi HTTP 429 - product id: 199621945, thử lại 1/3
2025-09-22 06:30:57,485 WARNING: Lỗi HTTP 429 - product id: 199621975, thử lại 1/3
2025-09-22 06:30:58,371 WARNING: Lỗi HTTP 429 - product id: 199630008, thử lại 1/3
2025-09-22 06:30:58,372 WARNING: Lỗi HTTP 429 - product id: 199630049, thử lại 1/3
2025-09-22 06:30:58,421 WARNING: Lỗi HTTP 429 - product id: 199630158, thử lại 1/3
2025-09-22 06:30:58,572 WARNING: Lỗi HTTP 429 - product id: 199630455, thử lại 1/3
2025-09-22 06:30:58,867 WARNING: Lỗi HTTP 429 - product id: 199631026, thử lại 1/3
2025-09-22 06:30:58,880 WARNING: Lỗi HTTP 429 - product id: 199631094, thử lại 1/3
2025-09-22 06:31:00,342 WARNING: Lỗi HTTP 404: Không tim thấy product id - product id: 199638230
2025-09-22 06:31:00,405 WARNING: Lỗi HTTP 429 - product id: 199646506, thử lại 1/3
2025-09-22 06:31:00,419 WARNING: Lỗi HTTP 429 - product id: 199646531, thử lại 1/3
2025-09-22 06:31:00,485 WARNING: Lỗi HTTP 429 - product id: 199650094, thử lại 1/3
2025-09-22 06:31:00,771 WARNING: Lỗi HTTP 429 - product id: 199668838, thử lại 1/3
2025-09-22 06:31:00,962 WARNING: Lỗi HTTP 429 - product id: 199671812, thử lại 1/3
2025-09-22 06:31:00,978 WARNING: Lỗi HTTP 429 - product id: 199671842, thử lại 1/3
2025-09-22 06:31:01,320 WARNING: Lỗi HTTP 429 - product id: 199682286, thử lại 1/3
2025-09-22 06:31:01,387 WARNING: Lỗi HTTP 429 - product id: 199682374, thử lại 1/3
2025-09-22 06:31:01,430 WARNING: Lỗi HTTP 429 - product id: 199682468, thử lại 1/3
2025-09-22 06:31:01,454 WARNING: Lỗi HTTP 429 - product id: 199630049, thử lại 2/3
2025-09-22 06:31:01,617 WARNING: Lỗi HTTP 429 - product id: 199683173, thử lại 1/3
2025-09-22 06:31:01,679 WARNING: Lỗi HTTP 429 - product id: 199683240, thử lại 1/3
2025-09-22 06:31:01,816 WARNING: Lỗi HTTP 429 - product id: 199683634, thử lại 1/3
2025-09-22 06:31:01,820 WARNING: Lỗi HTTP 429 - product id: 199683646, thử lại 1/3
2025-09-22 06:31:01,921 WARNING: Lỗi HTTP 429 - product id: 199683784, thử lại 1/3
2025-09-22 06:31:01,922 WARNING: Lỗi HTTP 429 - product id: 199683861, thử lại 1/3
2025-09-22 06:31:01,932 WARNING: Lỗi HTTP 429 - product id: 199631026, thử lại 2/3
2025-09-22 06:31:01,980 WARNING: Lỗi HTTP 429 - product id: 199684050, thử lại 1/3
2025-09-22 06:31:02,901 WARNING: Lỗi HTTP 404: Không tim thấy product id - product id: 199684298
2025-09-22 06:31:02,945 WARNING: Lỗi HTTP 404: Không tim thấy product id - product id: 199684319
2025-09-22 06:31:08,137 INFO: Đã commit batch 154 (1000 sản phẩm)
2025-09-22 06:31:08,167 INFO: Đã ghi 993 sản phẩm vào file /home/quannh/projects_de/project_2/output/products_batch_154_993_ids.csv
2025-09-22 06:31:08,198 INFO: Bắt đầu crawl batch 155 (1000 sản phẩm)
2025-09-22 06:31:10,050 WARNING: Lỗi HTTP 429 - product id: 199899211, thử lại 1/3
2025-09-22 06:31:10,347 WARNING: Lỗi HTTP 429 - product id: 199902266, thử lại 1/3
2025-09-22 06:31:10,444 WARNING: Lỗi HTTP 429 - product id: 199909868, thử lại 1/3
2025-09-22 06:31:10,447 WARNING: Lỗi HTTP 429 - product id: 199906694, thử lại 1/3
2025-09-22 06:31:10,506 WARNING: Lỗi HTTP 429 - product id: 199910127, thử lại 1/3
2025-09-22 06:31:10,696 WARNING: Lỗi HTTP 429 - product id: 199916906, thử lại 1/3
2025-09-22 06:31:10,698 WARNING: Lỗi HTTP 429 - product id: 199922917, thử lại 1/3
2025-09-22 06:31:10,759 WARNING: Lỗi HTTP 429 - product id: 199929250, thử lại 1/3
2025-09-22 06:31:10,762 WARNING: Lỗi HTTP 429 - product id: 199926630, thử lại 1/3
2025-09-22 06:31:10,842 WARNING: Lỗi HTTP 429 - product id: 199932581, thử lại 1/3
2025-09-22 06:31:10,847 WARNING: Lỗi HTTP 429 - product id: 199934479, thử lại 1/3
2025-09-22 06:31:12,002 WARNING: Lỗi HTTP 429 - product id: 199971917, thử lại 1/3
2025-09-22 06:31:12,002 WARNING: Lỗi HTTP 429 - product id: 199972276, thử lại 1/3
2025-09-22 06:31:12,051 WARNING: Lỗi HTTP 429 - product id: 199974102, thử lại 1/3
2025-09-22 06:31:12,397 WARNING: Lỗi HTTP 429 - product id: 199993379, thử lại 1/3
2025-09-22 06:31:14,459 WARNING: Lỗi HTTP 429 - product id: 200522054, thử lại 1/3
2025-09-22 06:31:14,536 WARNING: Lỗi HTTP 429 - product id: 200550020, thử lại 1/3
2025-09-22 06:31:14,542 WARNING: Lỗi HTTP 429 - product id: 200551129, thử lại 1/3
2025-09-22 06:31:14,669 WARNING: Lỗi HTTP 404: Không tim thấy product id - product id: 200539150
2025-09-22 06:31:14,720 WARNING: Lỗi HTTP 404: Không tim thấy product id - product id: 200546939
2025-09-22 06:31:15,469 WARNING: Lỗi HTTP 404: Không tim thấy product id - product id: 200528988
2025-09-22 06:31:15,519 WARNING: Lỗi HTTP 404: Không tim thấy product id - product id: 200548604
2025-09-22 06:31:16,099 WARNING: Lỗi HTTP 429 - product id: 200653062, thử lại 1/3
2025-09-22 06:31:16,212 WARNING: Lỗi HTTP 429 - product id: 200665840, thử lại 1/3
2025-09-22 06:31:16,393 WARNING: Lỗi HTTP 429 - product id: 200676322, thử lại 1/3
2025-09-22 06:31:16,700 WARNING: Lỗi HTTP 429 - product id: 200689002, thử lại 1/3
2025-09-22 06:31:16,753 WARNING: Lỗi HTTP 429 - product id: 200692456, thử lại 1/3
2025-09-22 06:31:18,368 WARNING: Lỗi HTTP 404: Không tim thấy product id - product id: 200551129
2025-09-22 06:31:18,371 WARNING: Lỗi HTTP 404: Không tim thấy product id - product id: 200550020
2025-09-22 06:31:18,997 WARNING: Lỗi HTTP 429 - product id: 200762173, thử lại 1/3
2025-09-22 06:31:19,363 WARNING: Lỗi HTTP 429 - product id: 200765181, thử lại 1/3
2025-09-22 06:31:19,613 WARNING: Lỗi HTTP 429 - product id: 200770081, thử lại 1/3
2025-09-22 06:31:19,756 WARNING: Lỗi HTTP 429 - product id: 200776014, thử lại 1/3
2025-09-22 06:31:19,996 WARNING: Lỗi HTTP 429 - product id: 200692456, thử lại 2/3
2025-09-22 06:31:19,996 WARNING: Lỗi HTTP 429 - product id: 200784306, thử lại 1/3
2025-09-22 06:31:20,052 WARNING: Lỗi HTTP 429 - product id: 200787135, thử lại 1/3
2025-09-22 06:31:20,059 WARNING: Lỗi HTTP 429 - product id: 200787381, thử lại 1/3
2025-09-22 06:31:20,114 WARNING: Lỗi HTTP 429 - product id: 200787813, thử lại 1/3
2025-09-22 06:31:20,122 WARNING: Lỗi HTTP 429 - product id: 200787961, thử lại 1/3
2025-09-22 06:31:20,142 WARNING: Lỗi HTTP 429 - product id: 200787986, thử lại 1/3
2025-09-22 06:31:20,147 WARNING: Lỗi HTTP 429 - product id: 200788065, thử lại 1/3
2025-09-22 06:31:20,214 WARNING: Lỗi HTTP 429 - product id: 200789846, thử lại 1/3
2025-09-22 06:31:20,796 WARNING: Lỗi HTTP 429 - product id: 200800397, thử lại 1/3
2025-09-22 06:31:20,816 WARNING: Lỗi HTTP 404: Không tim thấy product id - product id: 200795801
2025-09-22 06:31:20,846 WARNING: Lỗi HTTP 429 - product id: 200801984, thử lại 1/3
2025-09-22 06:31:20,869 WARNING: Lỗi HTTP 404: Không tim thấy product id - product id: 200797882
2025-09-22 06:31:20,917 WARNING: Lỗi HTTP 404: Không tim thấy product id - product id: 200798618
2025-09-22 06:31:21,019 WARNING: Lỗi HTTP 404: Không tim thấy product id - product id: 200800257
2025-09-22 06:31:21,419 WARNING: Lỗi HTTP 404: Không tim thấy product id - product id: 200797942
2025-09-22 06:31:21,470 WARNING: Lỗi HTTP 404: Không tim thấy product id - product id: 200799084
2025-09-22 06:31:21,520 WARNING: Lỗi HTTP 404: Không tim thấy product id - product id: 200799409
2025-09-22 06:31:21,566 WARNING: Lỗi HTTP 404: Không tim thấy product id - product id: 200798555
2025-09-22 06:31:21,618 WARNING: Lỗi HTTP 404: Không tim thấy product id - product id: 200798631
2025-09-22 06:31:21,668 WARNING: Lỗi HTTP 404: Không tim thấy product id - product id: 200798638
2025-09-22 06:31:21,718 WARNING: Lỗi HTTP 404: Không tim thấy product id - product id: 200799123
2025-09-22 06:31:21,769 WARNING: Lỗi HTTP 404: Không tim thấy product id - product id: 200800067
2025-09-22 06:31:22,251 WARNING: Lỗi HTTP 429 - product id: 200852348, thử lại 1/3
2025-09-22 06:31:22,449 WARNING: Lỗi HTTP 429 - product id: 200858218, thử lại 1/3
2025-09-22 06:31:24,517 WARNING: Lỗi HTTP 404: Không tim thấy product id - product id: 200935495
2025-09-22 06:31:24,822 WARNING: Lỗi HTTP 404: Không tim thấy product id - product id: 200800397
2025-09-22 06:31:26,102 INFO: Đã commit batch 155 (1000 sản phẩm)
2025-09-22 06:31:26,133 INFO: Đã ghi 980 sản phẩm vào file /home/quannh/projects_de/project_2/output/products_batch_155_980_ids.csv
2025-09-22 06:31:26,164 INFO: Bắt đầu crawl batch 156 (1000 sản phẩm)
2025-09-22 06:31:26,807 WARNING: Lỗi HTTP 429 - product id: 200976375, thử lại 1/3
2025-09-22 06:31:26,858 WARNING: Lỗi HTTP 429 - product id: 200977143, thử lại 1/3
2025-09-22 06:31:26,867 WARNING: Lỗi HTTP 429 - product id: 200977241, thử lại 1/3
2025-09-22 06:31:26,868 WARNING: Lỗi HTTP 429 - product id: 200978519, thử lại 1/3
2025-09-22 06:31:27,111 WARNING: Lỗi HTTP 429 - product id: 200991773, thử lại 1/3
2025-09-22 06:31:27,211 WARNING: Lỗi HTTP 429 - product id: 200995359, thử lại 1/3
2025-09-22 06:31:27,418 WARNING: Lỗi HTTP 429 - product id: 201001698, thử lại 1/3
2025-09-22 06:31:28,360 WARNING: Lỗi HTTP 429 - product id: 201027625, thử lại 1/3
2025-09-22 06:31:28,422 WARNING: Lỗi HTTP 429 - product id: 201028266, thử lại 1/3
2025-09-22 06:31:30,162 WARNING: Lỗi HTTP 429 - product id: 201056522, thử lại 1/3
2025-09-22 06:31:31,960 WARNING: Lỗi HTTP 429 - product id: 201115000, thử lại 1/3
2025-09-22 06:31:32,014 WARNING: Lỗi HTTP 429 - product id: 201115826, thử lại 1/3
2025-09-22 06:31:32,162 WARNING: Lỗi HTTP 429 - product id: 201117979, thử lại 1/3
2025-09-22 06:31:32,164 WARNING: Lỗi HTTP 429 - product id: 201118161, thử lại 1/3
2025-09-22 06:31:32,262 WARNING: Lỗi HTTP 429 - product id: 201120619, thử lại 1/3
2025-09-22 06:31:32,322 WARNING: Lỗi HTTP 429 - product id: 201121123, thử lại 1/3
2025-09-22 06:31:32,512 WARNING: Lỗi HTTP 429 - product id: 201122943, thử lại 1/3
2025-09-22 06:31:32,613 WARNING: Lỗi HTTP 429 - product id: 201123441, thử lại 1/3
2025-09-22 06:31:32,625 WARNING: Lỗi HTTP 429 - product id: 201125388, thử lại 1/3
2025-09-22 06:31:32,834 WARNING: Lỗi HTTP 404: Không tim thấy product id - product id: 201121651
2025-09-22 06:31:33,016 WARNING: Lỗi HTTP 429 - product id: 201127323, thử lại 1/3
2025-09-22 06:31:33,217 WARNING: Lỗi HTTP 429 - product id: 201145868, thử lại 1/3
2025-09-22 06:31:33,518 WARNING: Lỗi HTTP 429 - product id: 201148171, thử lại 1/3
2025-09-22 06:31:33,524 WARNING: Lỗi HTTP 429 - product id: 201149209, thử lại 1/3
2025-09-22 06:31:39,210 WARNING: Lỗi HTTP 429 - product id: 201515520, thử lại 1/3
2025-09-22 06:31:41,107 WARNING: Lỗi HTTP 429 - product id: 201516244, thử lại 1/3
2025-09-22 06:31:44,201 INFO: Đã commit batch 156 (1000 sản phẩm)
2025-09-22 06:31:44,231 INFO: Đã ghi 999 sản phẩm vào file /home/quannh/projects_de/project_2/output/products_batch_156_999_ids.csv
2025-09-22 06:31:44,261 INFO: Bắt đầu crawl batch 157 (1000 sản phẩm)
2025-09-22 06:31:48,816 WARNING: Lỗi HTTP 429 - product id: 201579536, thử lại 1/3
2025-09-22 06:31:48,858 WARNING: Lỗi HTTP 429 - product id: 201579853, thử lại 1/3
2025-09-22 06:31:48,859 WARNING: Lỗi HTTP 429 - product id: 201579881, thử lại 1/3
2025-09-22 06:31:48,915 WARNING: Lỗi HTTP 429 - product id: 201580242, thử lại 1/3
2025-09-22 06:31:48,917 WARNING: Lỗi HTTP 429 - product id: 201580144, thử lại 1/3
2025-09-22 06:31:48,920 WARNING: Lỗi HTTP 429 - product id: 201580363, thử lại 1/3
2025-09-22 06:31:48,922 WARNING: Lỗi HTTP 429 - product id: 201580395, thử lại 1/3
2025-09-22 06:31:48,977 WARNING: Lỗi HTTP 429 - product id: 201592559, thử lại 1/3
2025-09-22 06:31:49,013 WARNING: Lỗi HTTP 429 - product id: 201592728, thử lại 1/3
2025-09-22 06:31:49,062 WARNING: Lỗi HTTP 429 - product id: 201592775, thử lại 1/3
2025-09-22 06:31:49,077 WARNING: Lỗi HTTP 429 - product id: 201592909, thử lại 1/3
2025-09-22 06:31:49,128 WARNING: Lỗi HTTP 429 - product id: 201593083, thử lại 1/3
2025-09-22 06:31:49,209 WARNING: Lỗi HTTP 429 - product id: 201594583, thử lại 1/3
2025-09-22 06:31:49,270 WARNING: Lỗi HTTP 429 - product id: 201597686, thử lại 1/3
2025-09-22 06:31:49,407 WARNING: Lỗi HTTP 429 - product id: 201601657, thử lại 1/3
2025-09-22 06:31:49,422 WARNING: Lỗi HTTP 429 - product id: 201602041, thử lại 1/3
2025-09-22 06:31:50,130 WARNING: Lỗi HTTP 404: Không tim thấy product id - product id: 201610324
2025-09-22 06:31:50,183 WARNING: Lỗi HTTP 404: Không tim thấy product id - product id: 201610378
2025-09-22 06:31:53,714 WARNING: Lỗi HTTP 429 - product id: 201820636, thử lại 1/3
2025-09-22 06:31:53,808 WARNING: Lỗi HTTP 429 - product id: 201828842, thử lại 1/3
2025-09-22 06:31:54,057 WARNING: Lỗi HTTP 429 - product id: 201841184, thử lại 1/3
2025-09-22 06:31:54,060 WARNING: Lỗi HTTP 429 - product id: 201841394, thử lại 1/3
2025-09-22 06:31:54,559 WARNING: Lỗi HTTP 429 - product id: 201851027, thử lại 1/3
2025-09-22 06:31:54,628 WARNING: Lỗi HTTP 429 - product id: 201852706, thử lại 1/3
2025-09-22 06:31:54,660 WARNING: Lỗi HTTP 429 - product id: 201852859, thử lại 1/3
2025-09-22 06:31:54,707 WARNING: Lỗi HTTP 429 - product id: 201853860, thử lại 1/3
2025-09-22 06:31:54,721 WARNING: Lỗi HTTP 429 - product id: 201854824, thử lại 1/3
2025-09-22 06:31:54,780 WARNING: Lỗi HTTP 429 - product id: 201855194, thử lại 1/3
2025-09-22 06:31:54,847 WARNING: Lỗi HTTP 429 - product id: 201859750, thử lại 1/3
2025-09-22 06:31:54,867 WARNING: Lỗi HTTP 429 - product id: 201861559, thử lại 1/3
2025-09-22 06:31:54,970 WARNING: Lỗi HTTP 429 - product id: 201862144, thử lại 1/3
2025-09-22 06:31:55,056 WARNING: Lỗi HTTP 429 - product id: 201863383, thử lại 1/3
2025-09-22 06:31:55,120 WARNING: Lỗi HTTP 429 - product id: 201864114, thử lại 1/3
2025-09-22 06:31:55,319 WARNING: Lỗi HTTP 429 - product id: 201866216, thử lại 1/3
2025-09-22 06:31:55,355 WARNING: Lỗi HTTP 429 - product id: 201866419, thử lại 1/3
2025-09-22 06:31:55,559 WARNING: Lỗi HTTP 429 - product id: 201867818, thử lại 1/3
2025-09-22 06:31:55,608 WARNING: Lỗi HTTP 429 - product id: 201867906, thử lại 1/3
2025-09-22 06:31:56,011 WARNING: Lỗi HTTP 429 - product id: 201878454, thử lại 1/3
2025-09-22 06:31:56,116 WARNING: Lỗi HTTP 429 - product id: 201879052, thử lại 1/3
2025-09-22 06:31:56,258 WARNING: Lỗi HTTP 429 - product id: 201879880, thử lại 1/3
2025-09-22 06:31:56,957 WARNING: Lỗi HTTP 429 - product id: 201884203, thử lại 1/3
2025-09-22 06:31:57,019 WARNING: Lỗi HTTP 429 - product id: 201884606, thử lại 1/3
2025-09-22 06:31:57,123 WARNING: Lỗi HTTP 429 - product id: 201841394, thử lại 2/3
2025-09-22 06:31:57,862 WARNING: Lỗi HTTP 429 - product id: 201887288, thử lại 1/3
2025-09-22 06:31:58,011 WARNING: Lỗi HTTP 429 - product id: 201887759, thử lại 1/3
2025-09-22 06:31:58,509 WARNING: Lỗi HTTP 429 - product id: 201889075, thử lại 1/3
2025-09-22 06:31:58,571 WARNING: Lỗi HTTP 429 - product id: 201889299, thử lại 1/3
2025-09-22 06:31:58,610 WARNING: Lỗi HTTP 429 - product id: 201889513, thử lại 1/3
2025-09-22 06:31:58,670 WARNING: Lỗi HTTP 429 - product id: 201867818, thử lại 2/3
2025-09-22 06:31:58,753 WARNING: Lỗi HTTP 429 - product id: 201890495, thử lại 1/3
2025-09-22 06:31:58,915 WARNING: Lỗi HTTP 429 - product id: 201891562, thử lại 1/3
2025-09-22 06:31:58,971 WARNING: Lỗi HTTP 429 - product id: 201892141, thử lại 1/3
2025-09-22 06:31:59,256 WARNING: Lỗi HTTP 429 - product id: 201916999, thử lại 1/3
2025-09-22 06:32:04,782 INFO: Đã commit batch 157 (1000 sản phẩm)
2025-09-22 06:32:04,809 INFO: Đã ghi 998 sản phẩm vào file /home/quannh/projects_de/project_2/output/products_batch_157_998_ids.csv
2025-09-22 06:32:04,841 INFO: Bắt đầu crawl batch 158 (1000 sản phẩm)
2025-09-22 06:32:05,215 WARNING: Lỗi HTTP 404: Không tim thấy product id - product id: 202012916
2025-09-22 06:32:07,835 WARNING: Lỗi HTTP 429 - product id: 202233268, thử lại 1/3
2025-09-22 06:32:08,245 WARNING: Lỗi HTTP 429 - product id: 202243815, thử lại 1/3
2025-09-22 06:32:09,593 WARNING: Lỗi HTTP 429 - product id: 202334879, thử lại 1/3
2025-09-22 06:32:10,389 WARNING: Lỗi HTTP 429 - product id: 202383692, thử lại 1/3
2025-09-22 06:32:10,390 WARNING: Lỗi HTTP 429 - product id: 202383680, thử lại 1/3
2025-09-22 06:32:10,451 WARNING: Lỗi HTTP 429 - product id: 202385133, thử lại 1/3
2025-09-22 06:32:10,546 WARNING: Lỗi HTTP 429 - product id: 202395372, thử lại 1/3
2025-09-22 06:32:10,597 WARNING: Lỗi HTTP 429 - product id: 202403471, thử lại 1/3
2025-09-22 06:32:10,599 WARNING: Lỗi HTTP 429 - product id: 202403546, thử lại 1/3
2025-09-22 06:32:10,684 WARNING: Lỗi HTTP 429 - product id: 202411999, thử lại 1/3
2025-09-22 06:32:10,687 WARNING: Lỗi HTTP 429 - product id: 202412001, thử lại 1/3
2025-09-22 06:32:10,746 WARNING: Lỗi HTTP 429 - product id: 202412303, thử lại 1/3
2025-09-22 06:32:10,749 WARNING: Lỗi HTTP 429 - product id: 202412371, thử lại 1/3
2025-09-22 06:32:10,795 WARNING: Lỗi HTTP 429 - product id: 202413099, thử lại 1/3
2025-09-22 06:32:10,891 WARNING: Lỗi HTTP 429 - product id: 202413842, thử lại 1/3
2025-09-22 06:32:10,896 WARNING: Lỗi HTTP 429 - product id: 202413920, thử lại 1/3
2025-09-22 06:32:10,959 WARNING: Lỗi HTTP 429 - product id: 202414229, thử lại 1/3
2025-09-22 06:32:16,050 WARNING: Lỗi HTTP 429 - product id: 202664282, thử lại 1/3
2025-09-22 06:32:16,138 WARNING: Lỗi HTTP 429 - product id: 202706409, thử lại 1/3
2025-09-22 06:32:17,012 WARNING: Lỗi HTTP 404: Không tim thấy product id - product id: 202715453
2025-09-22 06:32:17,034 WARNING: Lỗi HTTP 429 - product id: 202759451, thử lại 1/3
2025-09-22 06:32:17,211 WARNING: Lỗi HTTP 404: Không tim thấy product id - product id: 202724634
2025-09-22 06:32:17,715 WARNING: Lỗi HTTP 404: Không tim thấy product id - product id: 202719601
2025-09-22 06:32:18,861 WARNING: Lỗi HTTP 404: Không tim thấy product id - product id: 202784141
2025-09-22 06:32:18,914 WARNING: Lỗi HTTP 404: Không tim thấy product id - product id: 202784158
2025-09-22 06:32:19,012 WARNING: Lỗi HTTP 404: Không tim thấy product id - product id: 202784229
2025-09-22 06:32:19,060 WARNING: Lỗi HTTP 404: Không tim thấy product id - product id: 202785989
2025-09-22 06:32:19,061 WARNING: Lỗi HTTP 404: Không tim thấy product id - product id: 202784196
2025-09-22 06:32:19,067 WARNING: Lỗi HTTP 404: Không tim thấy product id - product id: 202784240
2025-09-22 06:32:19,114 WARNING: Lỗi HTTP 404: Không tim thấy product id - product id: 202786108
2025-09-22 06:32:19,114 WARNING: Lỗi HTTP 404: Không tim thấy product id - product id: 202784251
2025-09-22 06:32:19,161 WARNING: Lỗi HTTP 404: Không tim thấy product id - product id: 202788110
2025-09-22 06:32:19,463 WARNING: Lỗi HTTP 404: Không tim thấy product id - product id: 202787474
2025-09-22 06:32:19,513 WARNING: Lỗi HTTP 404: Không tim thấy product id - product id: 202788159
2025-09-22 06:32:19,662 WARNING: Lỗi HTTP 404: Không tim thấy product id - product id: 202798804
2025-09-22 06:32:19,712 WARNING: Lỗi HTTP 404: Không tim thấy product id - product id: 202799211
2025-09-22 06:32:21,781 INFO: Đã commit batch 158 (1000 sản phẩm)
2025-09-22 06:32:21,814 INFO: Đã ghi 983 sản phẩm vào file /home/quannh/projects_de/project_2/output/products_batch_158_983_ids.csv
2025-09-22 06:32:21,845 INFO: Bắt đầu crawl batch 159 (1000 sản phẩm)
2025-09-22 06:32:23,114 WARNING: Lỗi HTTP 404: Không tim thấy product id - product id: 202957538
2025-09-22 06:32:24,389 WARNING: Lỗi HTTP 429 - product id: 203126096, thử lại 1/3
2025-09-22 06:32:24,395 WARNING: Lỗi HTTP 429 - product id: 203128205, thử lại 1/3
2025-09-22 06:32:24,448 WARNING: Lỗi HTTP 429 - product id: 203136213, thử lại 1/3
2025-09-22 06:32:24,449 WARNING: Lỗi HTTP 429 - product id: 203142138, thử lại 1/3
2025-09-22 06:32:25,548 WARNING: Lỗi HTTP 429 - product id: 203188776, thử lại 1/3
2025-09-22 06:32:26,263 WARNING: Lỗi HTTP 404: Không tim thấy product id - product id: 203200763
2025-09-22 06:32:30,248 WARNING: Lỗi HTTP 429 - product id: 203499923, thử lại 1/3
2025-09-22 06:32:30,494 WARNING: Lỗi HTTP 429 - product id: 203507250, thử lại 1/3
2025-09-22 06:32:31,727 WARNING: Lỗi HTTP 404: Không tim thấy product id - product id: 203704047
2025-09-22 06:32:31,921 WARNING: Lỗi HTTP 404: Không tim thấy product id - product id: 203730958
2025-09-22 06:32:31,983 WARNING: Lỗi HTTP 404: Không tim thấy product id - product id: 203703280
2025-09-22 06:32:32,026 WARNING: Lỗi HTTP 404: Không tim thấy product id - product id: 203703583
2025-09-22 06:32:32,138 WARNING: Lỗi HTTP 404: Không tim thấy product id - product id: 203730972
2025-09-22 06:32:32,181 WARNING: Lỗi HTTP 404: Không tim thấy product id - product id: 203731026
2025-09-22 06:32:32,693 WARNING: Lỗi HTTP 429 - product id: 203821507, thử lại 1/3
2025-09-22 06:32:32,739 WARNING: Lỗi HTTP 429 - product id: 203831396, thử lại 1/3
2025-09-22 06:32:33,393 WARNING: Lỗi HTTP 429 - product id: 203850211, thử lại 1/3
2025-09-22 06:32:33,393 WARNING: Lỗi HTTP 429 - product id: 203851236, thử lại 1/3
2025-09-22 06:32:33,901 WARNING: Lỗi HTTP 429 - product id: 203860849, thử lại 1/3
2025-09-22 06:32:37,424 WARNING: Lỗi HTTP 404: Không tim thấy product id - product id: 203960697
2025-09-22 06:32:37,467 WARNING: Lỗi HTTP 404: Không tim thấy product id - product id: 203958134
2025-09-22 06:32:37,491 WARNING: Lỗi HTTP 404: Không tim thấy product id - product id: 203960862
2025-09-22 06:32:37,729 WARNING: Lỗi HTTP 404: Không tim thấy product id - product id: 203960855
2025-09-22 06:32:37,731 WARNING: Lỗi HTTP 404: Không tim thấy product id - product id: 203960914
2025-09-22 06:32:37,769 WARNING: Lỗi HTTP 404: Không tim thấy product id - product id: 203960672
2025-09-22 06:32:37,815 WARNING: Lỗi HTTP 404: Không tim thấy product id - product id: 203960707
2025-09-22 06:32:37,867 WARNING: Lỗi HTTP 404: Không tim thấy product id - product id: 203960975
2025-09-22 06:32:37,870 WARNING: Lỗi HTTP 404: Không tim thấy product id - product id: 203960964
2025-09-22 06:32:37,916 WARNING: Lỗi HTTP 404: Không tim thấy product id - product id: 203961147
2025-09-22 06:32:37,923 WARNING: Lỗi HTTP 404: Không tim thấy product id - product id: 203961052
2025-09-22 06:32:37,977 WARNING: Lỗi HTTP 404: Không tim thấy product id - product id: 203960841
2025-09-22 06:32:38,001 WARNING: Lỗi HTTP 404: Không tim thấy product id - product id: 203960845
2025-09-22 06:32:38,120 WARNING: Lỗi HTTP 404: Không tim thấy product id - product id: 203960840
2025-09-22 06:32:38,168 WARNING: Lỗi HTTP 404: Không tim thấy product id - product id: 203960851
2025-09-22 06:32:38,219 WARNING: Lỗi HTTP 404: Không tim thấy product id - product id: 203960916
2025-09-22 06:32:38,267 WARNING: Lỗi HTTP 404: Không tim thấy product id - product id: 203960952
2025-09-22 06:32:38,320 WARNING: Lỗi HTTP 404: Không tim thấy product id - product id: 203961026
2025-09-22 06:32:38,367 WARNING: Lỗi HTTP 404: Không tim thấy product id - product id: 203961125
2025-09-22 06:32:38,419 WARNING: Lỗi HTTP 404: Không tim thấy product id - product id: 203961169
2025-09-22 06:32:38,767 WARNING: Lỗi HTTP 404: Không tim thấy product id - product id: 203982877
2025-09-22 06:32:38,939 INFO: Đã commit batch 159 (1000 sản phẩm)
2025-09-22 06:32:38,971 INFO: Đã ghi 971 sản phẩm vào file /home/quannh/projects_de/project_2/output/products_batch_159_971_ids.csv
2025-09-22 06:32:39,002 INFO: Bắt đầu crawl batch 160 (1000 sản phẩm)
2025-09-22 06:32:39,076 WARNING: Lỗi HTTP 404: Không tim thấy product id - product id: 203992243
2025-09-22 06:32:39,124 WARNING: Lỗi HTTP 404: Không tim thấy product id - product id: 203992328
2025-09-22 06:32:39,320 WARNING: Lỗi HTTP 404: Không tim thấy product id - product id: 203992149
2025-09-22 06:32:39,525 WARNING: Lỗi HTTP 404: Không tim thấy product id - product id: 203998899
2025-09-22 06:32:39,571 WARNING: Lỗi HTTP 404: Không tim thấy product id - product id: 203992378
2025-09-22 06:32:39,622 WARNING: Lỗi HTTP 404: Không tim thấy product id - product id: 203998915
2025-09-22 06:32:39,718 WARNING: Lỗi HTTP 404: Không tim thấy product id - product id: 203999080
2025-09-22 06:32:40,072 WARNING: Lỗi HTTP 404: Không tim thấy product id - product id: 203999042
2025-09-22 06:32:40,118 WARNING: Lỗi HTTP 404: Không tim thấy product id - product id: 203999095
2025-09-22 06:32:41,572 WARNING: Lỗi HTTP 404: Không tim thấy product id - product id: 204044482
2025-09-22 06:32:41,824 WARNING: Lỗi HTTP 404: Không tim thấy product id - product id: 204049817
2025-09-22 06:32:42,372 WARNING: Lỗi HTTP 404: Không tim thấy product id - product id: 204064369
2025-09-22 06:32:42,420 WARNING: Lỗi HTTP 404: Không tim thấy product id - product id: 204064371
2025-09-22 06:32:42,478 WARNING: Lỗi HTTP 404: Không tim thấy product id - product id: 204064746
2025-09-22 06:32:42,522 WARNING: Lỗi HTTP 404: Không tim thấy product id - product id: 204064542
2025-09-22 06:32:42,522 WARNING: Lỗi HTTP 404: Không tim thấy product id - product id: 204064320
2025-09-22 06:32:42,524 WARNING: Lỗi HTTP 404: Không tim thấy product id - product id: 204064846
2025-09-22 06:32:42,569 WARNING: Lỗi HTTP 404: Không tim thấy product id - product id: 204064755
2025-09-22 06:32:42,569 WARNING: Lỗi HTTP 404: Không tim thấy product id - product id: 204064409
2025-09-22 06:32:42,570 WARNING: Lỗi HTTP 404: Không tim thấy product id - product id: 204065056
2025-09-22 06:32:42,619 WARNING: Lỗi HTTP 404: Không tim thấy product id - product id: 204064916
2025-09-22 06:32:42,673 WARNING: Lỗi HTTP 404: Không tim thấy product id - product id: 204065025
2025-09-22 06:32:42,677 WARNING: Lỗi HTTP 404: Không tim thấy product id - product id: 204064447
2025-09-22 06:32:42,725 WARNING: Lỗi HTTP 404: Không tim thấy product id - product id: 204065506
2025-09-22 06:32:42,726 WARNING: Lỗi HTTP 404: Không tim thấy product id - product id: 204064488
2025-09-22 06:32:42,777 WARNING: Lỗi HTTP 404: Không tim thấy product id - product id: 204064868
2025-09-22 06:32:42,824 WARNING: Lỗi HTTP 404: Không tim thấy product id - product id: 204064908
2025-09-22 06:32:42,873 WARNING: Lỗi HTTP 404: Không tim thấy product id - product id: 204065053
2025-09-22 06:32:42,922 WARNING: Lỗi HTTP 404: Không tim thấy product id - product id: 204065101
2025-09-22 06:32:44,244 WARNING: Lỗi HTTP 429 - product id: 204249929, thử lại 1/3
2025-09-22 06:32:44,254 WARNING: Lỗi HTTP 429 - product id: 204250174, thử lại 1/3
2025-09-22 06:32:44,301 WARNING: Lỗi HTTP 429 - product id: 204251406, thử lại 1/3
2025-09-22 06:32:44,306 WARNING: Lỗi HTTP 429 - product id: 204252303, thử lại 1/3
2025-09-22 06:32:44,318 WARNING: Lỗi HTTP 429 - product id: 204252594, thử lại 1/3
2025-09-22 06:32:44,352 WARNING: Lỗi HTTP 429 - product id: 204255897, thử lại 1/3
2025-09-22 06:32:44,380 WARNING: Lỗi HTTP 429 - product id: 204267077, thử lại 1/3
2025-09-22 06:32:44,396 WARNING: Lỗi HTTP 429 - product id: 204267164, thử lại 1/3
2025-09-22 06:32:44,402 WARNING: Lỗi HTTP 429 - product id: 204268129, thử lại 1/3
2025-09-22 06:32:44,455 WARNING: Lỗi HTTP 429 - product id: 204278674, thử lại 1/3
2025-09-22 06:32:44,458 WARNING: Lỗi HTTP 429 - product id: 204279173, thử lại 1/3
2025-09-22 06:32:44,554 WARNING: Lỗi HTTP 429 - product id: 204282985, thử lại 1/3
2025-09-22 06:32:44,903 WARNING: Lỗi HTTP 429 - product id: 204301390, thử lại 1/3
2025-09-22 06:32:44,955 WARNING: Lỗi HTTP 429 - product id: 204303531, thử lại 1/3
2025-09-22 06:32:44,965 WARNING: Lỗi HTTP 429 - product id: 204304740, thử lại 1/3
2025-09-22 06:32:45,151 WARNING: Lỗi HTTP 429 - product id: 204310560, thử lại 1/3
2025-09-22 06:32:45,267 WARNING: Lỗi HTTP 429 - product id: 204317256, thử lại 1/3
2025-09-22 06:32:47,352 WARNING: Lỗi HTTP 429 - product id: 204399056, thử lại 1/3
2025-09-22 06:32:47,357 WARNING: Lỗi HTTP 429 - product id: 204399066, thử lại 1/3
2025-09-22 06:32:47,562 WARNING: Lỗi HTTP 429 - product id: 204401446, thử lại 1/3
2025-09-22 06:32:47,699 WARNING: Lỗi HTTP 429 - product id: 204403049, thử lại 1/3
2025-09-22 06:32:47,700 WARNING: Lỗi HTTP 429 - product id: 204403103, thử lại 1/3
2025-09-22 06:32:47,762 WARNING: Lỗi HTTP 429 - product id: 204403381, thử lại 1/3
2025-09-22 06:32:47,847 WARNING: Lỗi HTTP 429 - product id: 204404757, thử lại 1/3
2025-09-22 06:32:47,898 WARNING: Lỗi HTTP 429 - product id: 204408178, thử lại 1/3
2025-09-22 06:32:47,950 WARNING: Lỗi HTTP 429 - product id: 204412929, thử lại 1/3
2025-09-22 06:32:47,972 WARNING: Lỗi HTTP 404: Không tim thấy product id - product id: 204411026
2025-09-22 06:32:48,021 WARNING: Lỗi HTTP 404: Không tim thấy product id - product id: 204411099
2025-09-22 06:32:48,451 WARNING: Lỗi HTTP 429 - product id: 204421117, thử lại 1/3
2025-09-22 06:32:48,466 WARNING: Lỗi HTTP 429 - product id: 204421274, thử lại 1/3
2025-09-22 06:32:48,512 WARNING: Lỗi HTTP 429 - product id: 204424799, thử lại 1/3
2025-09-22 06:32:48,657 WARNING: Lỗi HTTP 429 - product id: 204428474, thử lại 1/3
2025-09-22 06:32:48,921 WARNING: Lỗi HTTP 404: Không tim thấy product id - product id: 204411091
2025-09-22 06:32:49,973 WARNING: Lỗi HTTP 404: Không tim thấy product id - product id: 204429541
2025-09-22 06:32:50,121 WARNING: Lỗi HTTP 404: Không tim thấy product id - product id: 204430928
2025-09-22 06:32:50,320 WARNING: Lỗi HTTP 404: Không tim thấy product id - product id: 204437733
2025-09-22 06:32:50,922 WARNING: Lỗi HTTP 404: Không tim thấy product id - product id: 204437406
2025-09-22 06:32:50,970 WARNING: Lỗi HTTP 404: Không tim thấy product id - product id: 204437759
2025-09-22 06:32:51,178 WARNING: Lỗi HTTP 404: Không tim thấy product id - product id: 204437685
2025-09-22 06:32:51,859 WARNING: Lỗi HTTP 404: Không tim thấy product id - product id: 204450798
2025-09-22 06:32:52,161 WARNING: Lỗi HTTP 429 - product id: 204537595, thử lại 1/3
2025-09-22 06:32:52,516 WARNING: Lỗi HTTP 429 - product id: 204610166, thử lại 1/3
2025-09-22 06:32:52,552 WARNING: Lỗi HTTP 429 - product id: 204610492, thử lại 1/3
2025-09-22 06:32:52,581 WARNING: Lỗi HTTP 429 - product id: 204610871, thử lại 1/3
2025-09-22 06:32:52,696 WARNING: Lỗi HTTP 429 - product id: 204611289, thử lại 1/3
2025-09-22 06:32:52,710 WARNING: Lỗi HTTP 429 - product id: 204611297, thử lại 1/3
2025-09-22 06:32:53,690 WARNING: Lỗi HTTP 429 - product id: 204641084, thử lại 1/3
2025-09-22 06:32:54,382 WARNING: Lỗi HTTP 429 - product id: 204645859, thử lại 1/3
2025-09-22 06:32:54,393 WARNING: Lỗi HTTP 429 - product id: 204645890, thử lại 1/3
2025-09-22 06:32:54,503 WARNING: Lỗi HTTP 429 - product id: 204646054, thử lại 1/3
2025-09-22 06:32:54,569 WARNING: Lỗi HTTP 429 - product id: 204646147, thử lại 1/3
2025-09-22 06:32:54,601 WARNING: Lỗi HTTP 429 - product id: 204650196, thử lại 1/3
2025-09-22 06:32:54,636 WARNING: Lỗi HTTP 429 - product id: 204658871, thử lại 1/3
2025-09-22 06:32:54,661 WARNING: Lỗi HTTP 429 - product id: 204659761, thử lại 1/3
2025-09-22 06:32:54,665 WARNING: Lỗi HTTP 429 - product id: 204659855, thử lại 1/3
2025-09-22 06:32:54,691 WARNING: Lỗi HTTP 429 - product id: 204660057, thử lại 1/3
2025-09-22 06:32:54,702 WARNING: Lỗi HTTP 429 - product id: 204660065, thử lại 1/3
2025-09-22 06:32:54,729 WARNING: Lỗi HTTP 429 - product id: 204660941, thử lại 1/3
2025-09-22 06:32:54,740 WARNING: Lỗi HTTP 429 - product id: 204662061, thử lại 1/3
2025-09-22 06:32:54,744 WARNING: Lỗi HTTP 429 - product id: 204662735, thử lại 1/3
2025-09-22 06:32:55,624 WARNING: Lỗi HTTP 404: Không tim thấy product id - product id: 204658727
2025-09-22 06:32:57,676 WARNING: Lỗi HTTP 404: Không tim thấy product id - product id: 204650196
2025-09-22 06:32:57,722 WARNING: Lỗi HTTP 404: Không tim thấy product id - product id: 204658871
2025-09-22 06:32:57,925 INFO: Đã commit batch 160 (1000 sản phẩm)
2025-09-22 06:32:57,957 INFO: Đã ghi 958 sản phẩm vào file /home/quannh/projects_de/project_2/output/products_batch_160_958_ids.csv
2025-09-22 06:32:57,990 INFO: Bắt đầu crawl batch 161 (1000 sản phẩm)
2025-09-22 06:32:58,997 WARNING: Lỗi HTTP 429 - product id: 204768468, thử lại 1/3
2025-09-22 06:32:59,088 WARNING: Lỗi HTTP 429 - product id: 204768560, thử lại 1/3
2025-09-22 06:32:59,247 WARNING: Lỗi HTTP 429 - product id: 204768622, thử lại 1/3
2025-09-22 06:32:59,301 WARNING: Lỗi HTTP 429 - product id: 204768671, thử lại 1/3
2025-09-22 06:32:59,341 WARNING: Lỗi HTTP 429 - product id: 204768752, thử lại 1/3
2025-09-22 06:32:59,441 WARNING: Lỗi HTTP 429 - product id: 204768812, thử lại 1/3
2025-09-22 06:32:59,643 WARNING: Lỗi HTTP 429 - product id: 204768892, thử lại 1/3
2025-09-22 06:32:59,733 WARNING: Lỗi HTTP 429 - product id: 204768937, thử lại 1/3
2025-09-22 06:32:59,735 WARNING: Lỗi HTTP 429 - product id: 204768946, thử lại 1/3
2025-09-22 06:32:59,794 WARNING: Lỗi HTTP 429 - product id: 204768979, thử lại 1/3
2025-09-22 06:32:59,885 WARNING: Lỗi HTTP 429 - product id: 204769061, thử lại 1/3
2025-09-22 06:32:59,886 WARNING: Lỗi HTTP 429 - product id: 204769068, thử lại 1/3
2025-09-22 06:32:59,946 WARNING: Lỗi HTTP 429 - product id: 204769094, thử lại 1/3
2025-09-22 06:32:59,947 WARNING: Lỗi HTTP 429 - product id: 204769091, thử lại 1/3
2025-09-22 06:33:00,026 WARNING: Lỗi HTTP 429 - product id: 204769204, thử lại 1/3
2025-09-22 06:33:00,031 WARNING: Lỗi HTTP 429 - product id: 204769214, thử lại 1/3
2025-09-22 06:33:00,035 WARNING: Lỗi HTTP 429 - product id: 204769244, thử lại 1/3
2025-09-22 06:33:00,092 WARNING: Lỗi HTTP 429 - product id: 204782571, thử lại 1/3
2025-09-22 06:33:01,146 WARNING: Lỗi HTTP 429 - product id: 204847941, thử lại 1/3
2025-09-22 06:33:01,191 WARNING: Lỗi HTTP 429 - product id: 204847987, thử lại 1/3
2025-09-22 06:33:01,238 WARNING: Lỗi HTTP 429 - product id: 204848002, thử lại 1/3
2025-09-22 06:33:01,285 WARNING: Lỗi HTTP 429 - product id: 204848036, thử lại 1/3
2025-09-22 06:33:01,339 WARNING: Lỗi HTTP 429 - product id: 204848062, thử lại 1/3
2025-09-22 06:33:01,441 WARNING: Lỗi HTTP 429 - product id: 204848108, thử lại 1/3
2025-09-22 06:33:02,726 WARNING: Lỗi HTTP 429 - product id: 204877678, thử lại 1/3
2025-09-22 06:33:02,739 WARNING: Lỗi HTTP 429 - product id: 204878666, thử lại 1/3
2025-09-22 06:33:02,947 WARNING: Lỗi HTTP 429 - product id: 204769061, thử lại 2/3
2025-09-22 06:33:03,637 WARNING: Lỗi HTTP 429 - product id: 204915657, thử lại 1/3
2025-09-22 06:33:07,134 WARNING: Lỗi HTTP 429 - product id: 205008075, thử lại 1/3
2025-09-22 06:33:07,483 WARNING: Lỗi HTTP 429 - product id: 205010950, thử lại 1/3
2025-09-22 06:33:07,617 WARNING: Lỗi HTTP 429 - product id: 205018109, thử lại 1/3
2025-09-22 06:33:07,635 WARNING: Lỗi HTTP 429 - product id: 205018163, thử lại 1/3
2025-09-22 06:33:07,678 WARNING: Lỗi HTTP 429 - product id: 205018335, thử lại 1/3
2025-09-22 06:33:07,684 WARNING: Lỗi HTTP 429 - product id: 205018343, thử lại 1/3
2025-09-22 06:33:07,690 WARNING: Lỗi HTTP 429 - product id: 205018349, thử lại 1/3
2025-09-22 06:33:07,744 WARNING: Lỗi HTTP 429 - product id: 205018498, thử lại 1/3
2025-09-22 06:33:07,746 WARNING: Lỗi HTTP 429 - product id: 205018534, thử lại 1/3
2025-09-22 06:33:07,850 WARNING: Lỗi HTTP 429 - product id: 205019473, thử lại 1/3
2025-09-22 06:33:08,585 WARNING: Lỗi HTTP 429 - product id: 205037375, thử lại 1/3
2025-09-22 06:33:08,649 WARNING: Lỗi HTTP 429 - product id: 205039962, thử lại 1/3
2025-09-22 06:33:08,843 WARNING: Lỗi HTTP 429 - product id: 205046351, thử lại 1/3
2025-09-22 06:33:09,691 WARNING: Lỗi HTTP 429 - product id: 205070177, thử lại 1/3
2025-09-22 06:33:09,734 WARNING: Lỗi HTTP 429 - product id: 205071155, thử lại 1/3
2025-09-22 06:33:09,735 WARNING: Lỗi HTTP 429 - product id: 205071274, thử lại 1/3
2025-09-22 06:33:09,785 WARNING: Lỗi HTTP 429 - product id: 205072067, thử lại 1/3
2025-09-22 06:33:09,798 WARNING: Lỗi HTTP 429 - product id: 205072796, thử lại 1/3
2025-09-22 06:33:10,344 WARNING: Lỗi HTTP 429 - product id: 205083718, thử lại 1/3
2025-09-22 06:33:10,699 WARNING: Lỗi HTTP 429 - product id: 205018163, thử lại 2/3
2025-09-22 06:33:10,782 WARNING: Lỗi HTTP 429 - product id: 205018349, thử lại 2/3
2025-09-22 06:33:10,843 WARNING: Lỗi HTTP 404: Không tim thấy product id - product id: 205081143
2025-09-22 06:33:10,848 WARNING: Lỗi HTTP 429 - product id: 205018498, thử lại 2/3
2025-09-22 06:33:10,913 WARNING: Lỗi HTTP 429 - product id: 205111209, thử lại 1/3
2025-09-22 06:33:11,162 WARNING: Lỗi HTTP 404: Không tim thấy product id - product id: 205113157
2025-09-22 06:33:11,411 WARNING: Lỗi HTTP 404: Không tim thấy product id - product id: 205115266
2025-09-22 06:33:11,588 WARNING: Lỗi HTTP 429 - product id: 205162765, thử lại 1/3
2025-09-22 06:33:11,649 WARNING: Lỗi HTTP 429 - product id: 205163021, thử lại 1/3
2025-09-22 06:33:11,739 WARNING: Lỗi HTTP 429 - product id: 205172245, thử lại 1/3
2025-09-22 06:33:11,801 WARNING: Lỗi HTTP 429 - product id: 205173510, thử lại 1/3
2025-09-22 06:33:12,094 WARNING: Lỗi HTTP 404: Không tim thấy product id - product id: 205116826
2025-09-22 06:33:12,490 WARNING: Lỗi HTTP 429 - product id: 205180609, thử lại 1/3
2025-09-22 06:33:12,876 WARNING: Lỗi HTTP 429 - product id: 205195358, thử lại 1/3
2025-09-22 06:33:12,971 WARNING: Lỗi HTTP 429 - product id: 205207043, thử lại 1/3
2025-09-22 06:33:13,180 WARNING: Lỗi HTTP 429 - product id: 205218258, thử lại 1/3
2025-09-22 06:33:13,333 WARNING: Lỗi HTTP 429 - product id: 205220200, thử lại 1/3
2025-09-22 06:33:13,337 WARNING: Lỗi HTTP 429 - product id: 205220253, thử lại 1/3
2025-09-22 06:33:16,938 INFO: Đã commit batch 161 (1000 sản phẩm)
2025-09-22 06:33:16,967 INFO: Đã ghi 996 sản phẩm vào file /home/quannh/projects_de/project_2/output/products_batch_161_996_ids.csv
2025-09-22 06:33:16,998 INFO: Bắt đầu crawl batch 162 (1000 sản phẩm)
2025-09-22 06:33:19,368 WARNING: Lỗi HTTP 404: Không tim thấy product id - product id: 205278683
2025-09-22 06:33:19,374 WARNING: Lỗi HTTP 404: Không tim thấy product id - product id: 205285722
2025-09-22 06:33:19,421 WARNING: Lỗi HTTP 404: Không tim thấy product id - product id: 205280846
2025-09-22 06:33:19,473 WARNING: Lỗi HTTP 404: Không tim thấy product id - product id: 205286057
2025-09-22 06:33:20,370 WARNING: Lỗi HTTP 404: Không tim thấy product id - product id: 205298840
2025-09-22 06:33:20,469 WARNING: Lỗi HTTP 404: Không tim thấy product id - product id: 205297523
2025-09-22 06:33:21,252 WARNING: Lỗi HTTP 429 - product id: 205396444, thử lại 1/3
2025-09-22 06:33:21,253 WARNING: Lỗi HTTP 429 - product id: 205396422, thử lại 1/3
2025-09-22 06:33:21,299 WARNING: Lỗi HTTP 429 - product id: 205405276, thử lại 1/3
2025-09-22 06:33:21,321 WARNING: Lỗi HTTP 429 - product id: 205408729, thử lại 1/3
2025-09-22 06:33:21,350 WARNING: Lỗi HTTP 429 - product id: 205410650, thử lại 1/3
2025-09-22 06:33:22,469 WARNING: Lỗi HTTP 404: Không tim thấy product id - product id: 205422991
2025-09-22 06:33:24,149 WARNING: Lỗi HTTP 429 - product id: 205511855, thử lại 1/3
2025-09-22 06:33:26,169 WARNING: Lỗi HTTP 404: Không tim thấy product id - product id: 205529304
2025-09-22 06:33:28,804 WARNING: Lỗi HTTP 429 - product id: 205605066, thử lại 1/3
2025-09-22 06:33:30,249 WARNING: Lỗi HTTP 429 - product id: 205644502, thử lại 1/3
2025-09-22 06:33:30,489 WARNING: Lỗi HTTP 429 - product id: 205644774, thử lại 1/3
2025-09-22 06:33:30,549 WARNING: Lỗi HTTP 429 - product id: 205644949, thử lại 1/3
2025-09-22 06:33:30,918 WARNING: Lỗi HTTP 404: Không tim thấy product id - product id: 205666051
2025-09-22 06:33:30,947 WARNING: Lỗi HTTP 429 - product id: 205690661, thử lại 1/3
2025-09-22 06:33:31,117 WARNING: Lỗi HTTP 404: Không tim thấy product id - product id: 205685450
2025-09-22 06:33:31,268 WARNING: Lỗi HTTP 404: Không tim thấy product id - product id: 205691936
2025-09-22 06:33:31,321 WARNING: Lỗi HTTP 404: Không tim thấy product id - product id: 205692600
2025-09-22 06:33:31,370 WARNING: Lỗi HTTP 404: Không tim thấy product id - product id: 205673512
2025-09-22 06:33:31,649 WARNING: Lỗi HTTP 429 - product id: 205710614, thử lại 1/3
2025-09-22 06:33:31,752 WARNING: Lỗi HTTP 429 - product id: 205712015, thử lại 1/3
2025-09-22 06:33:31,771 WARNING: Lỗi HTTP 404: Không tim thấy product id - product id: 205685551
2025-09-22 06:33:31,847 WARNING: Lỗi HTTP 429 - product id: 205713009, thử lại 1/3
2025-09-22 06:33:31,899 WARNING: Lỗi HTTP 429 - product id: 205713480, thử lại 1/3
2025-09-22 06:33:31,952 WARNING: Lỗi HTTP 429 - product id: 205714109, thử lại 1/3
2025-09-22 06:33:31,968 WARNING: Lỗi HTTP 404: Không tim thấy product id - product id: 205691354
2025-09-22 06:33:32,086 WARNING: Lỗi HTTP 429 - product id: 205715832, thử lại 1/3
2025-09-22 06:33:32,149 WARNING: Lỗi HTTP 429 - product id: 205718877, thử lại 1/3
2025-09-22 06:33:32,355 WARNING: Lỗi HTTP 429 - product id: 205725960, thử lại 1/3
2025-09-22 06:33:32,407 WARNING: Lỗi HTTP 429 - product id: 205726642, thử lại 1/3
2025-09-22 06:33:34,035 WARNING: Lỗi HTTP 404: Không tim thấy product id - product id: 205690661
2025-09-22 06:33:35,491 INFO: Đã commit batch 162 (1000 sản phẩm)
2025-09-22 06:33:35,523 INFO: Đã ghi 984 sản phẩm vào file /home/quannh/projects_de/project_2/output/products_batch_162_984_ids.csv
2025-09-22 06:33:35,555 INFO: Bắt đầu crawl batch 163 (1000 sản phẩm)
2025-09-22 06:33:36,328 WARNING: Lỗi HTTP 404: Không tim thấy product id - product id: 205810478
2025-09-22 06:33:36,376 WARNING: Lỗi HTTP 404: Không tim thấy product id - product id: 205793001
2025-09-22 06:33:38,129 WARNING: Lỗi HTTP 404: Không tim thấy product id - product id: 205829904
2025-09-22 06:33:38,279 WARNING: Lỗi HTTP 404: Không tim thấy product id - product id: 205829661
2025-09-22 06:33:38,428 WARNING: Lỗi HTTP 404: Không tim thấy product id - product id: 205829900
2025-09-22 06:33:38,526 WARNING: Lỗi HTTP 404: Không tim thấy product id - product id: 205829906
2025-09-22 06:33:38,656 WARNING: Lỗi HTTP 429 - product id: 205858623, thử lại 1/3
2025-09-22 06:33:38,708 WARNING: Lỗi HTTP 429 - product id: 205863255, thử lại 1/3
2025-09-22 06:33:38,717 WARNING: Lỗi HTTP 429 - product id: 205863256, thử lại 1/3
2025-09-22 06:33:39,829 WARNING: Lỗi HTTP 404: Không tim thấy product id - product id: 205889379
2025-09-22 06:33:39,878 WARNING: Lỗi HTTP 404: Không tim thấy product id - product id: 205886057
2025-09-22 06:33:39,980 WARNING: Lỗi HTTP 404: Không tim thấy product id - product id: 205892589
2025-09-22 06:33:40,004 WARNING: Lỗi HTTP 429 - product id: 205915660, thử lại 1/3
2025-09-22 06:33:42,426 WARNING: Lỗi HTTP 404: Không tim thấy product id - product id: 205977423
2025-09-22 06:33:43,846 WARNING: Lỗi HTTP 429 - product id: 206135227, thử lại 1/3
2025-09-22 06:33:43,855 WARNING: Lỗi HTTP 429 - product id: 206135259, thử lại 1/3
2025-09-22 06:33:43,910 WARNING: Lỗi HTTP 429 - product id: 206140598, thử lại 1/3
2025-09-22 06:33:43,911 WARNING: Lỗi HTTP 429 - product id: 206140474, thử lại 1/3
2025-09-22 06:33:43,974 WARNING: Lỗi HTTP 429 - product id: 206141383, thử lại 1/3
2025-09-22 06:33:44,000 WARNING: Lỗi HTTP 429 - product id: 206141541, thử lại 1/3
2025-09-22 06:33:44,308 WARNING: Lỗi HTTP 429 - product id: 206185434, thử lại 1/3
2025-09-22 06:33:44,457 WARNING: Lỗi HTTP 429 - product id: 206204719, thử lại 1/3
2025-09-22 06:33:44,505 WARNING: Lỗi HTTP 429 - product id: 206205238, thử lại 1/3
2025-09-22 06:33:44,570 WARNING: Lỗi HTTP 429 - product id: 206218656, thử lại 1/3
2025-09-22 06:33:44,577 WARNING: Lỗi HTTP 404: Không tim thấy product id - product id: 206134891
2025-09-22 06:33:44,780 WARNING: Lỗi HTTP 404: Không tim thấy product id - product id: 206147376
2025-09-22 06:33:45,081 WARNING: Lỗi HTTP 404: Không tim thấy product id - product id: 206147399
2025-09-22 06:33:45,155 WARNING: Lỗi HTTP 429 - product id: 206243281, thử lại 1/3
2025-09-22 06:33:45,178 WARNING: Lỗi HTTP 404: Không tim thấy product id - product id: 206147748
2025-09-22 06:33:45,201 WARNING: Lỗi HTTP 429 - product id: 206243336, thử lại 1/3
2025-09-22 06:33:45,207 WARNING: Lỗi HTTP 429 - product id: 206243777, thử lại 1/3
2025-09-22 06:33:45,215 WARNING: Lỗi HTTP 429 - product id: 206243801, thử lại 1/3
2025-09-22 06:33:45,311 WARNING: Lỗi HTTP 429 - product id: 206244700, thử lại 1/3
2025-09-22 06:33:45,361 WARNING: Lỗi HTTP 429 - product id: 206244820, thử lại 1/3
2025-09-22 06:33:45,365 WARNING: Lỗi HTTP 429 - product id: 206244840, thử lại 1/3
2025-09-22 06:33:45,406 WARNING: Lỗi HTTP 429 - product id: 206245889, thử lại 1/3
2025-09-22 06:33:45,407 WARNING: Lỗi HTTP 429 - product id: 206245825, thử lại 1/3
2025-09-22 06:33:45,528 WARNING: Lỗi HTTP 404: Không tim thấy product id - product id: 206244672
2025-09-22 06:33:46,129 WARNING: Lỗi HTTP 404: Không tim thấy product id - product id: 206246426
2025-09-22 06:33:46,954 WARNING: Lỗi HTTP 429 - product id: 206304788, thử lại 1/3
2025-09-22 06:33:47,154 WARNING: Lỗi HTTP 429 - product id: 206306722, thử lại 1/3
2025-09-22 06:33:47,215 WARNING: Lỗi HTTP 429 - product id: 206307278, thử lại 1/3
2025-09-22 06:33:47,566 WARNING: Lỗi HTTP 429 - product id: 206308367, thử lại 1/3
2025-09-22 06:33:47,604 WARNING: Lỗi HTTP 429 - product id: 206308378, thử lại 1/3
2025-09-22 06:33:47,860 WARNING: Lỗi HTTP 429 - product id: 206320021, thử lại 1/3
2025-09-22 06:33:48,004 WARNING: Lỗi HTTP 429 - product id: 206320203, thử lại 1/3
2025-09-22 06:33:48,150 WARNING: Lỗi HTTP 429 - product id: 206321499, thử lại 1/3
2025-09-22 06:33:48,203 WARNING: Lỗi HTTP 429 - product id: 206330686, thử lại 1/3
2025-09-22 06:33:48,217 WARNING: Lỗi HTTP 429 - product id: 206330688, thử lại 1/3
2025-09-22 06:33:48,264 WARNING: Lỗi HTTP 429 - product id: 206243336, thử lại 2/3
2025-09-22 06:33:48,270 WARNING: Lỗi HTTP 429 - product id: 206330905, thử lại 1/3
2025-09-22 06:33:48,468 WARNING: Lỗi HTTP 429 - product id: 206335794, thử lại 1/3
2025-09-22 06:33:48,956 WARNING: Lỗi HTTP 429 - product id: 206375722, thử lại 1/3
2025-09-22 06:33:48,956 WARNING: Lỗi HTTP 429 - product id: 206375708, thử lại 1/3
2025-09-22 06:33:49,017 WARNING: Lỗi HTTP 429 - product id: 206388520, thử lại 1/3
2025-09-22 06:33:49,019 WARNING: Lỗi HTTP 429 - product id: 206389058, thử lại 1/3
2025-09-22 06:33:49,117 WARNING: Lỗi HTTP 429 - product id: 206390920, thử lại 1/3
2025-09-22 06:33:49,155 WARNING: Lỗi HTTP 429 - product id: 206392275, thử lại 1/3
2025-09-22 06:33:49,156 WARNING: Lỗi HTTP 429 - product id: 206392156, thử lại 1/3
2025-09-22 06:33:49,407 WARNING: Lỗi HTTP 429 - product id: 206399889, thử lại 1/3
2025-09-22 06:33:49,462 WARNING: Lỗi HTTP 429 - product id: 206401840, thử lại 1/3
2025-09-22 06:33:49,505 WARNING: Lỗi HTTP 429 - product id: 206402565, thử lại 1/3
2025-09-22 06:33:49,515 WARNING: Lỗi HTTP 429 - product id: 206402619, thử lại 1/3
2025-09-22 06:33:49,561 WARNING: Lỗi HTTP 429 - product id: 206403212, thử lại 1/3
2025-09-22 06:33:49,770 WARNING: Lỗi HTTP 429 - product id: 206407533, thử lại 1/3
2025-09-22 06:33:49,807 WARNING: Lỗi HTTP 429 - product id: 206408279, thử lại 1/3
2025-09-22 06:33:50,160 WARNING: Lỗi HTTP 429 - product id: 206417198, thử lại 1/3
2025-09-22 06:33:50,305 WARNING: Lỗi HTTP 429 - product id: 206418736, thử lại 1/3
2025-09-22 06:33:51,358 WARNING: Lỗi HTTP 429 - product id: 206438705, thử lại 1/3
2025-09-22 06:33:54,441 INFO: Đã commit batch 163 (1000 sản phẩm)
2025-09-22 06:33:54,473 INFO: Đã ghi 984 sản phẩm vào file /home/quannh/projects_de/project_2/output/products_batch_163_984_ids.csv
2025-09-22 06:33:54,504 INFO: Bắt đầu crawl batch 164 (1000 sản phẩm)
2025-09-22 06:33:56,147 WARNING: Lỗi HTTP 404: Không tim thấy product id - product id: 206470218
2025-09-22 06:33:56,346 WARNING: Lỗi HTTP 404: Không tim thấy product id - product id: 206473684
2025-09-22 06:33:57,100 WARNING: Lỗi HTTP 404: Không tim thấy product id - product id: 206488185
2025-09-22 06:33:57,823 WARNING: Lỗi HTTP 429 - product id: 206503967, thử lại 1/3
2025-09-22 06:33:57,875 WARNING: Lỗi HTTP 429 - product id: 206504613, thử lại 1/3
2025-09-22 06:33:57,931 WARNING: Lỗi HTTP 429 - product id: 206505904, thử lại 1/3
2025-09-22 06:33:58,273 WARNING: Lỗi HTTP 429 - product id: 206514852, thử lại 1/3
2025-09-22 06:33:58,319 WARNING: Lỗi HTTP 429 - product id: 206515173, thử lại 1/3
2025-09-22 06:33:58,337 WARNING: Lỗi HTTP 429 - product id: 206516004, thử lại 1/3
2025-09-22 06:33:58,469 WARNING: Lỗi HTTP 429 - product id: 206520252, thử lại 1/3
2025-09-22 06:33:58,624 WARNING: Lỗi HTTP 429 - product id: 206526783, thử lại 1/3
2025-09-22 06:33:58,727 WARNING: Lỗi HTTP 429 - product id: 206527252, thử lại 1/3
2025-09-22 06:33:58,778 WARNING: Lỗi HTTP 429 - product id: 206527662, thử lại 1/3
2025-09-22 06:33:59,181 WARNING: Lỗi HTTP 429 - product id: 206536630, thử lại 1/3
2025-09-22 06:33:59,269 WARNING: Lỗi HTTP 429 - product id: 206548604, thử lại 1/3
2025-09-22 06:33:59,421 WARNING: Lỗi HTTP 429 - product id: 206553941, thử lại 1/3
2025-09-22 06:33:59,496 WARNING: Lỗi HTTP 404: Không tim thấy product id - product id: 206553948
2025-09-22 06:33:59,523 WARNING: Lỗi HTTP 429 - product id: 206554056, thử lại 1/3
2025-09-22 06:33:59,524 WARNING: Lỗi HTTP 429 - product id: 206554046, thử lại 1/3
2025-09-22 06:33:59,597 WARNING: Lỗi HTTP 404: Không tim thấy product id - product id: 206554060
2025-09-22 06:33:59,931 WARNING: Lỗi HTTP 429 - product id: 206563891, thử lại 1/3
2025-09-22 06:33:59,974 WARNING: Lỗi HTTP 429 - product id: 206564054, thử lại 1/3
2025-09-22 06:33:59,974 WARNING: Lỗi HTTP 429 - product id: 206564034, thử lại 1/3
2025-09-22 06:34:00,141 WARNING: Lỗi HTTP 404: Không tim thấy product id - product id: 206553261
2025-09-22 06:34:00,193 WARNING: Lỗi HTTP 404: Không tim thấy product id - product id: 206553302
2025-09-22 06:34:00,246 WARNING: Lỗi HTTP 404: Không tim thấy product id - product id: 206553308
2025-09-22 06:34:00,297 WARNING: Lỗi HTTP 404: Không tim thấy product id - product id: 206553272
2025-09-22 06:34:00,297 WARNING: Lỗi HTTP 404: Không tim thấy product id - product id: 206553450
2025-09-22 06:34:00,344 WARNING: Lỗi HTTP 404: Không tim thấy product id - product id: 206553432
2025-09-22 06:34:00,347 WARNING: Lỗi HTTP 404: Không tim thấy product id - product id: 206553412
2025-09-22 06:34:00,394 WARNING: Lỗi HTTP 404: Không tim thấy product id - product id: 206553965
2025-09-22 06:34:00,444 WARNING: Lỗi HTTP 404: Không tim thấy product id - product id: 206553980
2025-09-22 06:34:00,515 WARNING: Lỗi HTTP 429 - product id: 206620266, thử lại 1/3
2025-09-22 06:34:00,884 WARNING: Lỗi HTTP 429 - product id: 206503967, thử lại 2/3
2025-09-22 06:34:00,923 WARNING: Lỗi HTTP 429 - product id: 206641138, thử lại 1/3
2025-09-22 06:34:00,926 WARNING: Lỗi HTTP 429 - product id: 206640988, thử lại 1/3
2025-09-22 06:34:02,375 WARNING: Lỗi HTTP 429 - product id: 206669545, thử lại 1/3
2025-09-22 06:34:02,424 WARNING: Lỗi HTTP 429 - product id: 206669550, thử lại 1/3
2025-09-22 06:34:02,477 WARNING: Lỗi HTTP 429 - product id: 206669586, thử lại 1/3
2025-09-22 06:34:02,943 WARNING: Lỗi HTTP 404: Không tim thấy product id - product id: 206553941
2025-09-22 06:34:02,975 WARNING: Lỗi HTTP 429 - product id: 206696195, thử lại 1/3
2025-09-22 06:34:03,144 WARNING: Lỗi HTTP 404: Không tim thấy product id - product id: 206554056
2025-09-22 06:34:03,382 WARNING: Lỗi HTTP 404: Không tim thấy product id - product id: 206673684
2025-09-22 06:34:05,444 WARNING: Lỗi HTTP 404: Không tim thấy product id - product id: 206713368
2025-09-22 06:34:05,498 WARNING: Lỗi HTTP 429 - product id: 206832396, thử lại 1/3
2025-09-22 06:34:05,522 WARNING: Lỗi HTTP 429 - product id: 206832458, thử lại 1/3
2025-09-22 06:34:05,527 WARNING: Lỗi HTTP 429 - product id: 206832574, thử lại 1/3
2025-09-22 06:34:05,845 WARNING: Lỗi HTTP 404: Không tim thấy product id - product id: 206781402
2025-09-22 06:34:05,895 WARNING: Lỗi HTTP 404: Không tim thấy product id - product id: 206781406
2025-09-22 06:34:05,896 WARNING: Lỗi HTTP 404: Không tim thấy product id - product id: 206781415
2025-09-22 06:34:06,029 WARNING: Lỗi HTTP 429 - product id: 206835876, thử lại 1/3
2025-09-22 06:34:06,029 WARNING: Lỗi HTTP 429 - product id: 206835715, thử lại 1/3
2025-09-22 06:34:06,171 WARNING: Lỗi HTTP 429 - product id: 206836481, thử lại 1/3
2025-09-22 06:34:06,219 WARNING: Lỗi HTTP 429 - product id: 206836526, thử lại 1/3
2025-09-22 06:34:06,282 WARNING: Lỗi HTTP 429 - product id: 206837120, thử lại 1/3
2025-09-22 06:34:06,326 WARNING: Lỗi HTTP 429 - product id: 206837296, thử lại 1/3
2025-09-22 06:34:06,385 WARNING: Lỗi HTTP 429 - product id: 206837536, thử lại 1/3
2025-09-22 06:34:06,436 WARNING: Lỗi HTTP 429 - product id: 206838465, thử lại 1/3
2025-09-22 06:34:06,474 WARNING: Lỗi HTTP 429 - product id: 206839536, thử lại 1/3
2025-09-22 06:34:06,566 WARNING: Lỗi HTTP 429 - product id: 206841417, thử lại 1/3
2025-09-22 06:34:07,093 WARNING: Lỗi HTTP 404: Không tim thấy product id - product id: 206836167
2025-09-22 06:34:07,871 WARNING: Lỗi HTTP 429 - product id: 206919197, thử lại 1/3
2025-09-22 06:34:07,916 WARNING: Lỗi HTTP 429 - product id: 206945959, thử lại 1/3
2025-09-22 06:34:07,918 WARNING: Lỗi HTTP 429 - product id: 206946362, thử lại 1/3
2025-09-22 06:34:08,580 WARNING: Lỗi HTTP 404: Không tim thấy product id - product id: 206984985
2025-09-22 06:34:08,779 WARNING: Lỗi HTTP 404: Không tim thấy product id - product id: 206987457
2025-09-22 06:34:08,790 WARNING: Lỗi HTTP 404: Không tim thấy product id - product id: 206914169
2025-09-22 06:34:08,830 WARNING: Lỗi HTTP 404: Không tim thấy product id - product id: 206987459
2025-09-22 06:34:09,141 WARNING: Lỗi HTTP 404: Không tim thấy product id - product id: 206987830
2025-09-22 06:34:11,414 INFO: Đã commit batch 164 (1000 sản phẩm)
2025-09-22 06:34:11,441 INFO: Đã ghi 973 sản phẩm vào file /home/quannh/projects_de/project_2/output/products_batch_164_973_ids.csv
2025-09-22 06:34:11,472 INFO: Bắt đầu crawl batch 165 (1000 sản phẩm)
2025-09-22 06:34:11,791 WARNING: Lỗi HTTP 404: Không tim thấy product id - product id: 207067802
2025-09-22 06:34:12,693 WARNING: Lỗi HTTP 404: Không tim thấy product id - product id: 207194970
2025-09-22 06:34:13,321 WARNING: Lỗi HTTP 429 - product id: 207211682, thử lại 1/3
2025-09-22 06:34:13,721 WARNING: Lỗi HTTP 429 - product id: 207220253, thử lại 1/3
2025-09-22 06:34:14,720 WARNING: Lỗi HTTP 429 - product id: 207255986, thử lại 1/3
2025-09-22 06:34:14,944 WARNING: Lỗi HTTP 404: Không tim thấy product id - product id: 207255107
2025-09-22 06:34:15,141 WARNING: Lỗi HTTP 404: Không tim thấy product id - product id: 207256868
2025-09-22 06:34:15,471 WARNING: Lỗi HTTP 429 - product id: 207280686, thử lại 1/3
2025-09-22 06:34:15,572 WARNING: Lỗi HTTP 429 - product id: 207282440, thử lại 1/3
2025-09-22 06:34:15,584 WARNING: Lỗi HTTP 429 - product id: 207282945, thử lại 1/3
2025-09-22 06:34:15,620 WARNING: Lỗi HTTP 429 - product id: 207283177, thử lại 1/3
2025-09-22 06:34:15,744 WARNING: Lỗi HTTP 404: Không tim thấy product id - product id: 207268453
2025-09-22 06:34:15,744 WARNING: Lỗi HTTP 404: Không tim thấy product id - product id: 207281745
2025-09-22 06:34:15,940 WARNING: Lỗi HTTP 404: Không tim thấy product id - product id: 207271258
2025-09-22 06:34:16,492 WARNING: Lỗi HTTP 404: Không tim thấy product id - product id: 207285065
2025-09-22 06:34:16,694 WARNING: Lỗi HTTP 404: Không tim thấy product id - product id: 207289508
2025-09-22 06:34:16,895 WARNING: Lỗi HTTP 404: Không tim thấy product id - product id: 207299029
2025-09-22 06:34:16,940 WARNING: Lỗi HTTP 404: Không tim thấy product id - product id: 207299276
2025-09-22 06:34:17,173 WARNING: Lỗi HTTP 429 - product id: 207326079, thử lại 1/3
2025-09-22 06:34:17,241 WARNING: Lỗi HTTP 429 - product id: 207328049, thử lại 1/3
2025-09-22 06:34:17,278 WARNING: Lỗi HTTP 429 - product id: 207328867, thử lại 1/3
2025-09-22 06:34:18,176 WARNING: Lỗi HTTP 429 - product id: 207354610, thử lại 1/3
2025-09-22 06:34:18,272 WARNING: Lỗi HTTP 429 - product id: 207356563, thử lại 1/3
2025-09-22 06:34:18,485 WARNING: Lỗi HTTP 429 - product id: 207357457, thử lại 1/3
2025-09-22 06:34:18,631 WARNING: Lỗi HTTP 429 - product id: 207280686, thử lại 2/3
2025-09-22 06:34:18,676 WARNING: Lỗi HTTP 429 - product id: 207360024, thử lại 1/3
2025-09-22 06:34:18,724 WARNING: Lỗi HTTP 429 - product id: 207360196, thử lại 1/3
2025-09-22 06:34:18,764 WARNING: Lỗi HTTP 429 - product id: 207360452, thử lại 1/3
2025-09-22 06:34:18,818 WARNING: Lỗi HTTP 429 - product id: 207360530, thử lại 1/3
2025-09-22 06:34:18,820 WARNING: Lỗi HTTP 429 - product id: 207360645, thử lại 1/3
2025-09-22 06:34:18,890 WARNING: Lỗi HTTP 404: Không tim thấy product id - product id: 207341537
2025-09-22 06:34:18,973 WARNING: Lỗi HTTP 429 - product id: 207375560, thử lại 1/3
2025-09-22 06:34:18,980 WARNING: Lỗi HTTP 429 - product id: 207375664, thử lại 1/3
2025-09-22 06:34:19,629 WARNING: Lỗi HTTP 429 - product id: 207385742, thử lại 1/3
2025-09-22 06:34:19,670 WARNING: Lỗi HTTP 429 - product id: 207385756, thử lại 1/3
2025-09-22 06:34:19,773 WARNING: Lỗi HTTP 429 - product id: 207386086, thử lại 1/3
2025-09-22 06:34:19,919 WARNING: Lỗi HTTP 429 - product id: 207388501, thử lại 1/3
2025-09-22 06:34:21,142 WARNING: Lỗi HTTP 404: Không tim thấy product id - product id: 207397535
2025-09-22 06:34:24,322 WARNING: Lỗi HTTP 429 - product id: 207508595, thử lại 1/3
2025-09-22 06:34:24,370 WARNING: Lỗi HTTP 429 - product id: 207508741, thử lại 1/3
2025-09-22 06:34:24,420 WARNING: Lỗi HTTP 429 - product id: 207508814, thử lại 1/3
2025-09-22 06:34:24,468 WARNING: Lỗi HTTP 429 - product id: 207508911, thử lại 1/3
2025-09-22 06:34:24,527 WARNING: Lỗi HTTP 429 - product id: 207509137, thử lại 1/3
2025-09-22 06:34:24,621 WARNING: Lỗi HTTP 429 - product id: 207509417, thử lại 1/3
2025-09-22 06:34:24,674 WARNING: Lỗi HTTP 429 - product id: 207509542, thử lại 1/3
2025-09-22 06:34:24,684 WARNING: Lỗi HTTP 429 - product id: 207509666, thử lại 1/3
2025-09-22 06:34:24,764 WARNING: Lỗi HTTP 429 - product id: 207509892, thử lại 1/3
2025-09-22 06:34:24,771 WARNING: Lỗi HTTP 429 - product id: 207509930, thử lại 1/3
2025-09-22 06:34:24,822 WARNING: Lỗi HTTP 429 - product id: 207510047, thử lại 1/3
2025-09-22 06:34:25,079 WARNING: Lỗi HTTP 429 - product id: 207511111, thử lại 1/3
2025-09-22 06:34:25,165 WARNING: Lỗi HTTP 429 - product id: 207512447, thử lại 1/3
2025-09-22 06:34:25,172 WARNING: Lỗi HTTP 429 - product id: 207512600, thử lại 1/3
2025-09-22 06:34:25,237 WARNING: Lỗi HTTP 429 - product id: 207521333, thử lại 1/3
2025-09-22 06:34:25,237 WARNING: Lỗi HTTP 429 - product id: 207520840, thử lại 1/3
2025-09-22 06:34:25,526 WARNING: Lỗi HTTP 429 - product id: 207555041, thử lại 1/3
2025-09-22 06:34:25,567 WARNING: Lỗi HTTP 429 - product id: 207556442, thử lại 1/3
2025-09-22 06:34:25,625 WARNING: Lỗi HTTP 429 - product id: 207558497, thử lại 1/3
2025-09-22 06:34:25,967 WARNING: Lỗi HTTP 429 - product id: 207564511, thử lại 1/3
2025-09-22 06:34:29,061 INFO: Đã commit batch 165 (1000 sản phẩm)
2025-09-22 06:34:29,091 INFO: Đã ghi 987 sản phẩm vào file /home/quannh/projects_de/project_2/output/products_batch_165_987_ids.csv
2025-09-22 06:34:29,122 INFO: Bắt đầu crawl batch 166 (1000 sản phẩm)
2025-09-22 06:34:29,543 WARNING: Lỗi HTTP 404: Không tim thấy product id - product id: 207709582
2025-09-22 06:34:30,178 WARNING: Lỗi HTTP 429 - product id: 207750843, thử lại 1/3
2025-09-22 06:34:30,472 WARNING: Lỗi HTTP 429 - product id: 207757014, thử lại 1/3
2025-09-22 06:34:30,526 WARNING: Lỗi HTTP 429 - product id: 207758449, thử lại 1/3
2025-09-22 06:34:30,847 WARNING: Lỗi HTTP 404: Không tim thấy product id - product id: 207749479
2025-09-22 06:34:30,946 WARNING: Lỗi HTTP 404: Không tim thấy product id - product id: 207749486
2025-09-22 06:34:31,178 WARNING: Lỗi HTTP 429 - product id: 207777911, thử lại 1/3
2025-09-22 06:34:31,228 WARNING: Lỗi HTTP 429 - product id: 207779153, thử lại 1/3
2025-09-22 06:34:31,332 WARNING: Lỗi HTTP 429 - product id: 207779597, thử lại 1/3
2025-09-22 06:34:31,525 WARNING: Lỗi HTTP 429 - product id: 207781267, thử lại 1/3
2025-09-22 06:34:31,576 WARNING: Lỗi HTTP 429 - product id: 207781306, thử lại 1/3
2025-09-22 06:34:31,583 WARNING: Lỗi HTTP 429 - product id: 207781342, thử lại 1/3
2025-09-22 06:34:31,722 WARNING: Lỗi HTTP 429 - product id: 207782739, thử lại 1/3
2025-09-22 06:34:32,271 WARNING: Lỗi HTTP 429 - product id: 207815574, thử lại 1/3
2025-09-22 06:34:32,321 WARNING: Lỗi HTTP 429 - product id: 207816984, thử lại 1/3
2025-09-22 06:34:32,383 WARNING: Lỗi HTTP 429 - product id: 207818299, thử lại 1/3
2025-09-22 06:34:32,427 WARNING: Lỗi HTTP 429 - product id: 207819085, thử lại 1/3
2025-09-22 06:34:32,471 WARNING: Lỗi HTTP 429 - product id: 207819098, thử lại 1/3
2025-09-22 06:34:33,245 WARNING: Lỗi HTTP 404: Không tim thấy product id - product id: 207831478
2025-09-22 06:34:34,344 WARNING: Lỗi HTTP 404: Không tim thấy product id - product id: 207876075
2025-09-22 06:34:35,919 WARNING: Lỗi HTTP 429 - product id: 207916807, thử lại 1/3
2025-09-22 06:34:35,982 WARNING: Lỗi HTTP 429 - product id: 207917582, thử lại 1/3
2025-09-22 06:34:36,519 WARNING: Lỗi HTTP 429 - product id: 207924050, thử lại 1/3
2025-09-22 06:34:37,076 WARNING: Lỗi HTTP 429 - product id: 207947149, thử lại 1/3
2025-09-22 06:34:37,122 WARNING: Lỗi HTTP 429 - product id: 207947416, thử lại 1/3
2025-09-22 06:34:37,182 WARNING: Lỗi HTTP 429 - product id: 207948294, thử lại 1/3
2025-09-22 06:34:37,878 WARNING: Lỗi HTTP 429 - product id: 207977358, thử lại 1/3
2025-09-22 06:34:38,244 WARNING: Lỗi HTTP 404: Không tim thấy product id - product id: 207990670
2025-09-22 06:34:38,284 WARNING: Lỗi HTTP 429 - product id: 207997316, thử lại 1/3
2025-09-22 06:34:38,322 WARNING: Lỗi HTTP 429 - product id: 207999643, thử lại 1/3
2025-09-22 06:34:38,344 WARNING: Lỗi HTTP 404: Không tim thấy product id - product id: 207997494
2025-09-22 06:34:38,368 WARNING: Lỗi HTTP 429 - product id: 208010238, thử lại 1/3
2025-09-22 06:34:38,415 WARNING: Lỗi HTTP 429 - product id: 208010276, thử lại 1/3
2025-09-22 06:34:38,430 WARNING: Lỗi HTTP 429 - product id: 208010414, thử lại 1/3
2025-09-22 06:34:38,671 WARNING: Lỗi HTTP 429 - product id: 208027752, thử lại 1/3
2025-09-22 06:34:38,730 WARNING: Lỗi HTTP 429 - product id: 208050556, thử lại 1/3
2025-09-22 06:34:38,966 WARNING: Lỗi HTTP 429 - product id: 208056472, thử lại 1/3
2025-09-22 06:34:39,341 WARNING: Lỗi HTTP 404: Không tim thấy product id - product id: 208062183
2025-09-22 06:34:39,569 WARNING: Lỗi HTTP 429 - product id: 208069255, thử lại 1/3
2025-09-22 06:34:39,636 WARNING: Lỗi HTTP 429 - product id: 208070120, thử lại 1/3
2025-09-22 06:34:40,073 WARNING: Lỗi HTTP 429 - product id: 208093622, thử lại 1/3
2025-09-22 06:34:40,641 WARNING: Lỗi HTTP 404: Không tim thấy product id - product id: 208071217
2025-09-22 06:34:41,947 WARNING: Lỗi HTTP 404: Không tim thấy product id - product id: 208120165
2025-09-22 06:34:42,392 WARNING: Lỗi HTTP 404: Không tim thấy product id - product id: 208122526
2025-09-22 06:34:45,968 INFO: Đã commit batch 166 (1000 sản phẩm)
2025-09-22 06:34:45,999 INFO: Đã ghi 989 sản phẩm vào file /home/quannh/projects_de/project_2/output/products_batch_166_989_ids.csv
2025-09-22 06:34:46,031 INFO: Bắt đầu crawl batch 167 (1000 sản phẩm)
2025-09-22 06:34:47,828 WARNING: Lỗi HTTP 429 - product id: 208285671, thử lại 1/3
2025-09-22 06:34:48,478 WARNING: Lỗi HTTP 429 - product id: 208295395, thử lại 1/3
2025-09-22 06:34:54,329 WARNING: Lỗi HTTP 429 - product id: 208526173, thử lại 1/3
2025-09-22 06:34:55,233 WARNING: Lỗi HTTP 429 - product id: 208555266, thử lại 1/3
2025-09-22 06:34:55,431 WARNING: Lỗi HTTP 429 - product id: 208569284, thử lại 1/3
2025-09-22 06:34:55,834 WARNING: Lỗi HTTP 429 - product id: 208600740, thử lại 1/3
2025-09-22 06:34:55,928 WARNING: Lỗi HTTP 429 - product id: 208602971, thử lại 1/3
2025-09-22 06:34:55,928 WARNING: Lỗi HTTP 429 - product id: 208600843, thử lại 1/3
2025-09-22 06:34:55,974 WARNING: Lỗi HTTP 429 - product id: 208603451, thử lại 1/3
2025-09-22 06:34:56,028 WARNING: Lỗi HTTP 429 - product id: 208613163, thử lại 1/3
2025-09-22 06:34:56,090 WARNING: Lỗi HTTP 429 - product id: 208615804, thử lại 1/3
2025-09-22 06:34:56,150 WARNING: Lỗi HTTP 404: Không tim thấy product id - product id: 208613149
2025-09-22 06:34:56,689 WARNING: Lỗi HTTP 429 - product id: 208623911, thử lại 1/3
2025-09-22 06:34:56,728 WARNING: Lỗi HTTP 429 - product id: 208629761, thử lại 1/3
2025-09-22 06:34:56,779 WARNING: Lỗi HTTP 429 - product id: 208631475, thử lại 1/3
2025-09-22 06:34:56,792 WARNING: Lỗi HTTP 429 - product id: 208631949, thử lại 1/3
2025-09-22 06:34:57,537 WARNING: Lỗi HTTP 429 - product id: 208658112, thử lại 1/3
2025-09-22 06:34:57,780 WARNING: Lỗi HTTP 429 - product id: 208662660, thử lại 1/3
2025-09-22 06:34:57,893 WARNING: Lỗi HTTP 429 - product id: 208673018, thử lại 1/3
2025-09-22 06:34:58,182 WARNING: Lỗi HTTP 429 - product id: 208679010, thử lại 1/3
2025-09-22 06:34:58,726 WARNING: Lỗi HTTP 429 - product id: 208683752, thử lại 1/3
2025-09-22 06:34:58,732 WARNING: Lỗi HTTP 429 - product id: 208683802, thử lại 1/3
2025-09-22 06:35:00,130 WARNING: Lỗi HTTP 429 - product id: 208752524, thử lại 1/3
2025-09-22 06:35:00,187 WARNING: Lỗi HTTP 429 - product id: 208752741, thử lại 1/3
2025-09-22 06:35:00,192 WARNING: Lỗi HTTP 429 - product id: 208753250, thử lại 1/3
2025-09-22 06:35:00,203 WARNING: Lỗi HTTP 404: Không tim thấy product id - product id: 208748014
2025-09-22 06:35:00,234 WARNING: Lỗi HTTP 429 - product id: 208754772, thử lại 1/3
2025-09-22 06:35:00,284 WARNING: Lỗi HTTP 429 - product id: 208755538, thử lại 1/3
2025-09-22 06:35:00,325 WARNING: Lỗi HTTP 429 - product id: 208755665, thử lại 1/3
2025-09-22 06:35:00,436 WARNING: Lỗi HTTP 429 - product id: 208757659, thử lại 1/3
2025-09-22 06:35:00,528 WARNING: Lỗi HTTP 429 - product id: 208761035, thử lại 1/3
2025-09-22 06:35:00,586 WARNING: Lỗi HTTP 429 - product id: 208761862, thử lại 1/3
2025-09-22 06:35:00,590 WARNING: Lỗi HTTP 429 - product id: 208762755, thử lại 1/3
2025-09-22 06:35:00,681 WARNING: Lỗi HTTP 429 - product id: 208763153, thử lại 1/3
2025-09-22 06:35:00,850 WARNING: Lỗi HTTP 404: Không tim thấy product id - product id: 208748025
2025-09-22 06:35:01,498 WARNING: Lỗi HTTP 404: Không tim thấy product id - product id: 208760933
2025-09-22 06:35:03,783 INFO: Đã commit batch 167 (1000 sản phẩm)
2025-09-22 06:35:03,819 INFO: Đã ghi 996 sản phẩm vào file /home/quannh/projects_de/project_2/output/products_batch_167_996_ids.csv
2025-09-22 06:35:03,854 INFO: Bắt đầu crawl batch 168 (1000 sản phẩm)
2025-09-22 06:35:04,556 WARNING: Lỗi HTTP 429 - product id: 208911228, thử lại 1/3
2025-09-22 06:35:04,652 WARNING: Lỗi HTTP 429 - product id: 208911666, thử lại 1/3
2025-09-22 06:35:05,152 WARNING: Lỗi HTTP 429 - product id: 208916661, thử lại 1/3
2025-09-22 06:35:05,350 WARNING: Lỗi HTTP 429 - product id: 208917141, thử lại 1/3
2025-09-22 06:35:05,354 WARNING: Lỗi HTTP 429 - product id: 208917240, thử lại 1/3
2025-09-22 06:35:05,455 WARNING: Lỗi HTTP 429 - product id: 209095578, thử lại 1/3
2025-09-22 06:35:05,460 WARNING: Lỗi HTTP 429 - product id: 209102632, thử lại 1/3
2025-09-22 06:35:06,627 WARNING: Lỗi HTTP 404: Không tim thấy product id - product id: 209165145
2025-09-22 06:35:06,776 WARNING: Lỗi HTTP 404: Không tim thấy product id - product id: 209165308
2025-09-22 06:35:06,881 WARNING: Lỗi HTTP 404: Không tim thấy product id - product id: 209165158
2025-09-22 06:35:08,402 WARNING: Lỗi HTTP 429 - product id: 209351173, thử lại 1/3
2025-09-22 06:35:08,455 WARNING: Lỗi HTTP 429 - product id: 209351292, thử lại 1/3
2025-09-22 06:35:09,974 WARNING: Lỗi HTTP 404: Không tim thấy product id - product id: 209378834
2025-09-22 06:35:10,026 WARNING: Lỗi HTTP 404: Không tim thấy product id - product id: 209377538
2025-09-22 06:35:10,496 WARNING: Lỗi HTTP 429 - product id: 209406527, thử lại 1/3
2025-09-22 06:35:11,852 WARNING: Lỗi HTTP 429 - product id: 209414088, thử lại 1/3
2025-09-22 06:35:11,904 WARNING: Lỗi HTTP 429 - product id: 209414323, thử lại 1/3
2025-09-22 06:35:12,250 WARNING: Lỗi HTTP 429 - product id: 209465691, thử lại 1/3
2025-09-22 06:35:12,256 WARNING: Lỗi HTTP 429 - product id: 209467338, thử lại 1/3
2025-09-22 06:35:16,176 WARNING: Lỗi HTTP 404: Không tim thấy product id - product id: 209907468
2025-09-22 06:35:16,375 WARNING: Lỗi HTTP 404: Không tim thấy product id - product id: 209907945
2025-09-22 06:35:16,377 WARNING: Lỗi HTTP 404: Không tim thấy product id - product id: 209908633
2025-09-22 06:35:16,426 WARNING: Lỗi HTTP 404: Không tim thấy product id - product id: 209908200
2025-09-22 06:35:16,875 WARNING: Lỗi HTTP 404: Không tim thấy product id - product id: 209909083
2025-09-22 06:35:18,625 WARNING: Lỗi HTTP 404: Không tim thấy product id - product id: 210132074
2025-09-22 06:35:19,653 WARNING: Lỗi HTTP 429 - product id: 210145619, thử lại 1/3
2025-09-22 06:35:19,698 WARNING: Lỗi HTTP 429 - product id: 210145792, thử lại 1/3
2025-09-22 06:35:19,759 WARNING: Lỗi HTTP 429 - product id: 210151466, thử lại 1/3
2025-09-22 06:35:22,841 INFO: Đã commit batch 168 (1000 sản phẩm)
2025-09-22 06:35:22,871 INFO: Đã ghi 989 sản phẩm vào file /home/quannh/projects_de/project_2/output/products_batch_168_989_ids.csv
2025-09-22 06:35:22,901 INFO: Bắt đầu crawl batch 169 (1000 sản phẩm)
2025-09-22 06:35:23,710 WARNING: Lỗi HTTP 429 - product id: 210162965, thử lại 1/3
2025-09-22 06:35:24,773 WARNING: Lỗi HTTP 404: Không tim thấy product id - product id: 210276967
2025-09-22 06:35:24,869 WARNING: Lỗi HTTP 404: Không tim thấy product id - product id: 210278015
2025-09-22 06:35:24,924 WARNING: Lỗi HTTP 404: Không tim thấy product id - product id: 210276664
2025-09-22 06:35:24,974 WARNING: Lỗi HTTP 404: Không tim thấy product id - product id: 210278452
2025-09-22 06:35:25,019 WARNING: Lỗi HTTP 404: Không tim thấy product id - product id: 210279181
2025-09-22 06:35:25,073 WARNING: Lỗi HTTP 404: Không tim thấy product id - product id: 210279490
2025-09-22 06:35:25,073 WARNING: Lỗi HTTP 404: Không tim thấy product id - product id: 210279196
2025-09-22 06:35:25,096 WARNING: Lỗi HTTP 429 - product id: 210298179, thử lại 1/3
2025-09-22 06:35:25,121 WARNING: Lỗi HTTP 404: Không tim thấy product id - product id: 210279892
2025-09-22 06:35:25,122 WARNING: Lỗi HTTP 404: Không tim thấy product id - product id: 210280335
2025-09-22 06:35:25,135 WARNING: Lỗi HTTP 429 - product id: 210298184, thử lại 1/3
2025-09-22 06:35:25,174 WARNING: Lỗi HTTP 404: Không tim thấy product id - product id: 210278471
2025-09-22 06:35:25,197 WARNING: Lỗi HTTP 429 - product id: 210399257, thử lại 1/3
2025-09-22 06:35:25,206 WARNING: Lỗi HTTP 429 - product id: 210399559, thử lại 1/3
2025-09-22 06:35:25,222 WARNING: Lỗi HTTP 404: Không tim thấy product id - product id: 210278948
2025-09-22 06:35:25,273 WARNING: Lỗi HTTP 404: Không tim thấy product id - product id: 210279841
2025-09-22 06:35:25,295 WARNING: Lỗi HTTP 429 - product id: 210401908, thử lại 1/3
2025-09-22 06:35:25,300 WARNING: Lỗi HTTP 429 - product id: 210402030, thử lại 1/3
2025-09-22 06:35:25,323 WARNING: Lỗi HTTP 404: Không tim thấy product id - product id: 210280121
2025-09-22 06:35:25,394 WARNING: Lỗi HTTP 429 - product id: 210407113, thử lại 1/3
2025-09-22 06:35:25,550 WARNING: Lỗi HTTP 429 - product id: 210414218, thử lại 1/3
2025-09-22 06:35:25,556 WARNING: Lỗi HTTP 429 - product id: 210414223, thử lại 1/3
2025-09-22 06:35:25,615 WARNING: Lỗi HTTP 429 - product id: 210414345, thử lại 1/3
2025-09-22 06:35:27,347 WARNING: Lỗi HTTP 429 - product id: 210517396, thử lại 1/3
2025-09-22 06:35:27,403 WARNING: Lỗi HTTP 429 - product id: 210527711, thử lại 1/3
2025-09-22 06:35:27,444 WARNING: Lỗi HTTP 429 - product id: 210745579, thử lại 1/3
2025-09-22 06:35:27,652 WARNING: Lỗi HTTP 429 - product id: 210762119, thử lại 1/3
2025-09-22 06:35:27,700 WARNING: Lỗi HTTP 429 - product id: 210765836, thử lại 1/3
2025-09-22 06:35:27,715 WARNING: Lỗi HTTP 429 - product id: 210766493, thử lại 1/3
2025-09-22 06:35:28,072 WARNING: Lỗi HTTP 404: Không tim thấy product id - product id: 210758473
2025-09-22 06:35:28,122 WARNING: Lỗi HTTP 404: Không tim thấy product id - product id: 210757803
2025-09-22 06:35:28,221 WARNING: Lỗi HTTP 404: Không tim thấy product id - product id: 210761027
2025-09-22 06:35:28,548 WARNING: Lỗi HTTP 429 - product id: 210944203, thử lại 1/3
2025-09-22 06:35:28,549 WARNING: Lỗi HTTP 429 - product id: 210407113, thử lại 2/3
2025-09-22 06:35:28,601 WARNING: Lỗi HTTP 429 - product id: 210944230, thử lại 1/3
2025-09-22 06:35:29,102 WARNING: Lỗi HTTP 429 - product id: 210948665, thử lại 1/3
2025-09-22 06:35:30,171 WARNING: Lỗi HTTP 404: Không tim thấy product id - product id: 210959895
2025-09-22 06:35:30,561 WARNING: Lỗi HTTP 429 - product id: 211247307, thử lại 1/3
2025-09-22 06:35:30,599 WARNING: Lỗi HTTP 429 - product id: 211262524, thử lại 1/3
2025-09-22 06:35:30,660 WARNING: Lỗi HTTP 429 - product id: 211264487, thử lại 1/3
2025-09-22 06:35:30,713 WARNING: Lỗi HTTP 429 - product id: 211265730, thử lại 1/3
2025-09-22 06:35:35,225 WARNING: Lỗi HTTP 404: Không tim thấy product id - product id: 212211925
2025-09-22 06:35:35,273 WARNING: Lỗi HTTP 404: Không tim thấy product id - product id: 212211917
2025-09-22 06:35:35,803 WARNING: Lỗi HTTP 429 - product id: 212237685, thử lại 1/3
2025-09-22 06:35:36,201 WARNING: Lỗi HTTP 429 - product id: 212251244, thử lại 1/3
2025-09-22 06:35:36,263 WARNING: Lỗi HTTP 429 - product id: 212251341, thử lại 1/3
2025-09-22 06:35:36,293 WARNING: Lỗi HTTP 429 - product id: 212251375, thử lại 1/3
2025-09-22 06:35:36,598 WARNING: Lỗi HTTP 429 - product id: 212251671, thử lại 1/3
2025-09-22 06:35:36,651 WARNING: Lỗi HTTP 429 - product id: 212251723, thử lại 1/3
2025-09-22 06:35:36,747 WARNING: Lỗi HTTP 429 - product id: 212251807, thử lại 1/3
2025-09-22 06:35:36,924 WARNING: Lỗi HTTP 404: Không tim thấy product id - product id: 212251398
2025-09-22 06:35:37,277 WARNING: Lỗi HTTP 404: Không tim thấy product id - product id: 212251981
2025-09-22 06:35:37,323 WARNING: Lỗi HTTP 404: Không tim thấy product id - product id: 212251999
2025-09-22 06:35:37,372 WARNING: Lỗi HTTP 404: Không tim thấy product id - product id: 212251749
2025-09-22 06:35:37,673 WARNING: Lỗi HTTP 404: Không tim thấy product id - product id: 212251743
2025-09-22 06:35:37,721 WARNING: Lỗi HTTP 404: Không tim thấy product id - product id: 212252157
2025-09-22 06:35:38,172 WARNING: Lỗi HTTP 404: Không tim thấy product id - product id: 212260370
2025-09-22 06:35:39,830 INFO: Đã commit batch 169 (1000 sản phẩm)
2025-09-22 06:35:39,860 INFO: Đã ghi 974 sản phẩm vào file /home/quannh/projects_de/project_2/output/products_batch_169_974_ids.csv
2025-09-22 06:35:39,890 INFO: Bắt đầu crawl batch 170 (1000 sản phẩm)
2025-09-22 06:35:41,549 WARNING: Lỗi HTTP 429 - product id: 212470649, thử lại 1/3
2025-09-22 06:35:41,739 WARNING: Lỗi HTTP 429 - product id: 212477339, thử lại 1/3
2025-09-22 06:35:42,111 WARNING: Lỗi HTTP 404: Không tim thấy product id - product id: 212479746
2025-09-22 06:35:42,162 WARNING: Lỗi HTTP 404: Không tim thấy product id - product id: 212479761
2025-09-22 06:35:42,566 WARNING: Lỗi HTTP 404: Không tim thấy product id - product id: 212479704
2025-09-22 06:35:42,764 WARNING: Lỗi HTTP 404: Không tim thấy product id - product id: 212479743
2025-09-22 06:35:51,939 WARNING: Lỗi HTTP 429 - product id: 213670411, thử lại 1/3
2025-09-22 06:35:51,942 WARNING: Lỗi HTTP 429 - product id: 213670889, thử lại 1/3
2025-09-22 06:35:52,046 WARNING: Lỗi HTTP 429 - product id: 213672409, thử lại 1/3
2025-09-22 06:35:52,291 WARNING: Lỗi HTTP 429 - product id: 213676509, thử lại 1/3
2025-09-22 06:35:53,645 WARNING: Lỗi HTTP 429 - product id: 213706323, thử lại 1/3
2025-09-22 06:35:53,688 WARNING: Lỗi HTTP 429 - product id: 213706502, thử lại 1/3
2025-09-22 06:35:54,542 WARNING: Lỗi HTTP 429 - product id: 213738069, thử lại 1/3
2025-09-22 06:35:57,647 INFO: Đã commit batch 170 (1000 sản phẩm)
2025-09-22 06:35:57,682 INFO: Đã ghi 996 sản phẩm vào file /home/quannh/projects_de/project_2/output/products_batch_170_996_ids.csv
2025-09-22 06:35:57,712 INFO: Bắt đầu crawl batch 171 (1000 sản phẩm)
2025-09-22 06:36:00,064 WARNING: Lỗi HTTP 429 - product id: 213930172, thử lại 1/3
2025-09-22 06:36:00,081 WARNING: Lỗi HTTP 404: Không tim thấy product id - product id: 213921058
2025-09-22 06:36:01,466 WARNING: Lỗi HTTP 429 - product id: 213987606, thử lại 1/3
2025-09-22 06:36:01,520 WARNING: Lỗi HTTP 429 - product id: 213997240, thử lại 1/3
2025-09-22 06:36:01,614 WARNING: Lỗi HTTP 429 - product id: 213999588, thử lại 1/3
2025-09-22 06:36:01,832 WARNING: Lỗi HTTP 404: Không tim thấy product id - product id: 213969882
2025-09-22 06:36:01,901 WARNING: Lỗi HTTP 429 - product id: 214006819, thử lại 1/3
2025-09-22 06:36:01,904 WARNING: Lỗi HTTP 429 - product id: 214006893, thử lại 1/3
2025-09-22 06:36:02,084 WARNING: Lỗi HTTP 404: Không tim thấy product id - product id: 213969881
2025-09-22 06:36:03,203 WARNING: Lỗi HTTP 429 - product id: 214065318, thử lại 1/3
2025-09-22 06:36:03,209 WARNING: Lỗi HTTP 429 - product id: 214066472, thử lại 1/3
2025-09-22 06:36:03,262 WARNING: Lỗi HTTP 429 - product id: 214067145, thử lại 1/3
2025-09-22 06:36:03,271 WARNING: Lỗi HTTP 429 - product id: 214067295, thử lại 1/3
2025-09-22 06:36:03,309 WARNING: Lỗi HTTP 429 - product id: 214067524, thử lại 1/3
2025-09-22 06:36:03,464 WARNING: Lỗi HTTP 429 - product id: 214076776, thử lại 1/3
2025-09-22 06:36:03,516 WARNING: Lỗi HTTP 429 - product id: 214076841, thử lại 1/3
2025-09-22 06:36:03,658 WARNING: Lỗi HTTP 429 - product id: 214077396, thử lại 1/3
2025-09-22 06:36:03,662 WARNING: Lỗi HTTP 429 - product id: 214077526, thử lại 1/3
2025-09-22 06:36:03,705 WARNING: Lỗi HTTP 429 - product id: 214079891, thử lại 1/3
2025-09-22 06:36:03,756 WARNING: Lỗi HTTP 429 - product id: 214082791, thử lại 1/3
2025-09-22 06:36:03,759 WARNING: Lỗi HTTP 429 - product id: 214083184, thử lại 1/3
2025-09-22 06:36:03,769 WARNING: Lỗi HTTP 429 - product id: 214085817, thử lại 1/3
2025-09-22 06:36:03,808 WARNING: Lỗi HTTP 429 - product id: 214088693, thử lại 1/3
2025-09-22 06:36:03,857 WARNING: Lỗi HTTP 429 - product id: 214088722, thử lại 1/3
2025-09-22 06:36:03,922 WARNING: Lỗi HTTP 429 - product id: 214089190, thử lại 1/3
2025-09-22 06:36:04,557 WARNING: Lỗi HTTP 429 - product id: 214103396, thử lại 1/3
2025-09-22 06:36:04,560 WARNING: Lỗi HTTP 429 - product id: 214106893, thử lại 1/3
2025-09-22 06:36:04,563 WARNING: Lỗi HTTP 429 - product id: 214113408, thử lại 1/3
2025-09-22 06:36:04,611 WARNING: Lỗi HTTP 429 - product id: 214114165, thử lại 1/3
2025-09-22 06:36:05,123 WARNING: Lỗi HTTP 429 - product id: 214133024, thử lại 1/3
2025-09-22 06:36:05,124 WARNING: Lỗi HTTP 429 - product id: 214133056, thử lại 1/3
2025-09-22 06:36:05,164 WARNING: Lỗi HTTP 429 - product id: 214133250, thử lại 1/3
2025-09-22 06:36:05,259 WARNING: Lỗi HTTP 429 - product id: 214133484, thử lại 1/3
2025-09-22 06:36:05,263 WARNING: Lỗi HTTP 429 - product id: 214133519, thử lại 1/3
2025-09-22 06:36:05,415 WARNING: Lỗi HTTP 429 - product id: 214145495, thử lại 1/3
2025-09-22 06:36:05,514 WARNING: Lỗi HTTP 429 - product id: 214147685, thử lại 1/3
2025-09-22 06:36:05,758 WARNING: Lỗi HTTP 429 - product id: 214154012, thử lại 1/3
2025-09-22 06:36:05,760 WARNING: Lỗi HTTP 429 - product id: 214154751, thử lại 1/3
2025-09-22 06:36:05,810 WARNING: Lỗi HTTP 429 - product id: 214154911, thử lại 1/3
2025-09-22 06:36:05,811 WARNING: Lỗi HTTP 429 - product id: 214154893, thử lại 1/3
2025-09-22 06:36:06,608 WARNING: Lỗi HTTP 429 - product id: 214157739, thử lại 1/3
2025-09-22 06:36:06,822 WARNING: Lỗi HTTP 429 - product id: 214083184, thử lại 2/3
2025-09-22 06:36:06,920 WARNING: Lỗi HTTP 429 - product id: 214088722, thử lại 2/3
2025-09-22 06:36:07,311 WARNING: Lỗi HTTP 429 - product id: 214162387, thử lại 1/3
2025-09-22 06:36:07,623 WARNING: Lỗi HTTP 429 - product id: 214106893, thử lại 2/3
2025-09-22 06:36:07,627 WARNING: Lỗi HTTP 429 - product id: 214113408, thử lại 2/3
2025-09-22 06:36:07,677 WARNING: Lỗi HTTP 429 - product id: 214114165, thử lại 2/3
2025-09-22 06:36:08,268 WARNING: Lỗi HTTP 429 - product id: 214200537, thử lại 1/3
2025-09-22 06:36:08,269 WARNING: Lỗi HTTP 429 - product id: 214202853, thử lại 1/3
2025-09-22 06:36:08,315 WARNING: Lỗi HTTP 429 - product id: 214208068, thử lại 1/3
2025-09-22 06:36:08,358 WARNING: Lỗi HTTP 429 - product id: 214208265, thử lại 1/3
2025-09-22 06:36:08,714 WARNING: Lỗi HTTP 429 - product id: 214231573, thử lại 1/3
2025-09-22 06:36:08,962 WARNING: Lỗi HTTP 429 - product id: 214236907, thử lại 1/3
2025-09-22 06:36:09,011 WARNING: Lỗi HTTP 429 - product id: 214242785, thử lại 1/3
2025-09-22 06:36:09,707 WARNING: Lỗi HTTP 429 - product id: 214499524, thử lại 1/3
2025-09-22 06:36:09,833 WARNING: Lỗi HTTP 404: Không tim thấy product id - product id: 214234034
2025-09-22 06:36:10,968 WARNING: Lỗi HTTP 429 - product id: 214584404, thử lại 1/3
2025-09-22 06:36:11,055 WARNING: Lỗi HTTP 429 - product id: 214588300, thử lại 1/3
2025-09-22 06:36:11,903 WARNING: Lỗi HTTP 429 - product id: 214594648, thử lại 1/3
2025-09-22 06:36:11,963 WARNING: Lỗi HTTP 429 - product id: 214594785, thử lại 1/3
2025-09-22 06:36:12,009 WARNING: Lỗi HTTP 429 - product id: 214594798, thử lại 1/3
2025-09-22 06:36:12,209 WARNING: Lỗi HTTP 429 - product id: 214598421, thử lại 1/3
2025-09-22 06:36:12,261 WARNING: Lỗi HTTP 429 - product id: 214599242, thử lại 1/3
2025-09-22 06:36:12,271 WARNING: Lỗi HTTP 429 - product id: 214599698, thử lại 1/3
2025-09-22 06:36:12,312 WARNING: Lỗi HTTP 429 - product id: 214599971, thử lại 1/3
2025-09-22 06:36:12,325 WARNING: Lỗi HTTP 429 - product id: 214600140, thử lại 1/3
2025-09-22 06:36:12,411 WARNING: Lỗi HTTP 429 - product id: 214602328, thử lại 1/3
2025-09-22 06:36:12,428 WARNING: Lỗi HTTP 404: Không tim thấy product id - product id: 214595306
2025-09-22 06:36:13,262 WARNING: Lỗi HTTP 429 - product id: 214613527, thử lại 1/3
2025-09-22 06:36:13,463 WARNING: Lỗi HTTP 429 - product id: 214615484, thử lại 1/3
2025-09-22 06:36:13,511 WARNING: Lỗi HTTP 429 - product id: 214615856, thử lại 1/3
2025-09-22 06:36:16,613 INFO: Đã commit batch 171 (1000 sản phẩm)
2025-09-22 06:36:16,645 INFO: Đã ghi 995 sản phẩm vào file /home/quannh/projects_de/project_2/output/products_batch_171_995_ids.csv
2025-09-22 06:36:16,675 INFO: Bắt đầu crawl batch 172 (1000 sản phẩm)
2025-09-22 06:36:18,525 WARNING: Lỗi HTTP 429 - product id: 214690963, thử lại 1/3
2025-09-22 06:36:18,621 WARNING: Lỗi HTTP 429 - product id: 214691349, thử lại 1/3
2025-09-22 06:36:18,624 WARNING: Lỗi HTTP 429 - product id: 214691297, thử lại 1/3
2025-09-22 06:36:18,782 WARNING: Lỗi HTTP 429 - product id: 214702561, thử lại 1/3
2025-09-22 06:36:20,700 WARNING: Lỗi HTTP 404: Không tim thấy product id - product id: 214757478
2025-09-22 06:36:20,949 WARNING: Lỗi HTTP 404: Không tim thấy product id - product id: 214760217
2025-09-22 06:36:22,547 WARNING: Lỗi HTTP 404: Không tim thấy product id - product id: 214798971
2025-09-22 06:36:24,627 WARNING: Lỗi HTTP 429 - product id: 214842621, thử lại 1/3
2025-09-22 06:36:24,878 WARNING: Lỗi HTTP 429 - product id: 214847046, thử lại 1/3
2025-09-22 06:36:24,924 WARNING: Lỗi HTTP 429 - product id: 214848702, thử lại 1/3
2025-09-22 06:36:24,981 WARNING: Lỗi HTTP 429 - product id: 214850406, thử lại 1/3
2025-09-22 06:36:25,023 WARNING: Lỗi HTTP 429 - product id: 214856753, thử lại 1/3
2025-09-22 06:36:25,069 WARNING: Lỗi HTTP 429 - product id: 214856759, thử lại 1/3
2025-09-22 06:36:25,327 WARNING: Lỗi HTTP 429 - product id: 214873536, thử lại 1/3
2025-09-22 06:36:25,331 WARNING: Lỗi HTTP 429 - product id: 214882721, thử lại 1/3
2025-09-22 06:36:25,377 WARNING: Lỗi HTTP 429 - product id: 214883065, thử lại 1/3
2025-09-22 06:36:25,439 WARNING: Lỗi HTTP 429 - product id: 214884229, thử lại 1/3
2025-09-22 06:36:25,599 WARNING: Lỗi HTTP 404: Không tim thấy product id - product id: 214841295
2025-09-22 06:36:25,981 WARNING: Lỗi HTTP 429 - product id: 214891943, thử lại 1/3
2025-09-22 06:36:26,021 WARNING: Lỗi HTTP 429 - product id: 214891979, thử lại 1/3
2025-09-22 06:36:26,063 WARNING: Lỗi HTTP 429 - product id: 214892057, thử lại 1/3
2025-09-22 06:36:26,074 WARNING: Lỗi HTTP 429 - product id: 214892138, thử lại 1/3
2025-09-22 06:36:26,972 WARNING: Lỗi HTTP 429 - product id: 214911840, thử lại 1/3
2025-09-22 06:36:26,973 WARNING: Lỗi HTTP 429 - product id: 214912161, thử lại 1/3
2025-09-22 06:36:27,024 WARNING: Lỗi HTTP 429 - product id: 214912251, thử lại 1/3
2025-09-22 06:36:27,034 WARNING: Lỗi HTTP 429 - product id: 214912499, thử lại 1/3
2025-09-22 06:36:27,987 WARNING: Lỗi HTTP 429 - product id: 214848702, thử lại 2/3
2025-09-22 06:36:28,074 WARNING: Lỗi HTTP 429 - product id: 214921961, thử lại 1/3
2025-09-22 06:36:28,123 WARNING: Lỗi HTTP 429 - product id: 214924403, thử lại 1/3
2025-09-22 06:36:28,272 WARNING: Lỗi HTTP 429 - product id: 214927654, thử lại 1/3
2025-09-22 06:36:28,375 WARNING: Lỗi HTTP 429 - product id: 214927998, thử lại 1/3
2025-09-22 06:36:28,625 WARNING: Lỗi HTTP 429 - product id: 214933787, thử lại 1/3
2025-09-22 06:36:29,616 WARNING: Lỗi HTTP 429 - product id: 214948817, thử lại 1/3
2025-09-22 06:36:29,719 WARNING: Lỗi HTTP 429 - product id: 214952769, thử lại 1/3
2025-09-22 06:36:29,883 WARNING: Lỗi HTTP 429 - product id: 214970881, thử lại 1/3
2025-09-22 06:36:29,970 WARNING: Lỗi HTTP 429 - product id: 214995194, thử lại 1/3
2025-09-22 06:36:30,326 WARNING: Lỗi HTTP 429 - product id: 215024630, thử lại 1/3
2025-09-22 06:36:30,528 WARNING: Lỗi HTTP 429 - product id: 215045921, thử lại 1/3
2025-09-22 06:36:30,575 WARNING: Lỗi HTTP 429 - product id: 215062774, thử lại 1/3
2025-09-22 06:36:30,579 WARNING: Lỗi HTTP 429 - product id: 215065567, thử lại 1/3
2025-09-22 06:36:31,574 WARNING: Lỗi HTTP 429 - product id: 215094229, thử lại 1/3
2025-09-22 06:36:31,681 WARNING: Lỗi HTTP 429 - product id: 215099152, thử lại 1/3
2025-09-22 06:36:31,760 WARNING: Lỗi HTTP 429 - product id: 215100268, thử lại 1/3
2025-09-22 06:36:31,775 WARNING: Lỗi HTTP 429 - product id: 215101129, thử lại 1/3
2025-09-22 06:36:34,899 INFO: Đã commit batch 172 (1000 sản phẩm)
2025-09-22 06:36:34,931 INFO: Đã ghi 996 sản phẩm vào file /home/quannh/projects_de/project_2/output/products_batch_172_996_ids.csv
2025-09-22 06:36:34,960 INFO: Bắt đầu crawl batch 173 (1000 sản phẩm)
2025-09-22 06:36:35,834 WARNING: Lỗi HTTP 404: Không tim thấy product id - product id: 215129246
2025-09-22 06:36:35,903 WARNING: Lỗi HTTP 429 - product id: 215129592, thử lại 1/3
2025-09-22 06:36:35,931 WARNING: Lỗi HTTP 404: Không tim thấy product id - product id: 215129312
2025-09-22 06:36:35,984 WARNING: Lỗi HTTP 404: Không tim thấy product id - product id: 215129351
2025-09-22 06:36:36,008 WARNING: Lỗi HTTP 429 - product id: 215136324, thử lại 1/3
2025-09-22 06:36:36,035 WARNING: Lỗi HTTP 404: Không tim thấy product id - product id: 215129375
2025-09-22 06:36:36,084 WARNING: Lỗi HTTP 404: Không tim thấy product id - product id: 215129393
2025-09-22 06:36:36,137 WARNING: Lỗi HTTP 404: Không tim thấy product id - product id: 215129445
2025-09-22 06:36:36,180 WARNING: Lỗi HTTP 404: Không tim thấy product id - product id: 215129265
2025-09-22 06:36:36,180 WARNING: Lỗi HTTP 404: Không tim thấy product id - product id: 215129295
2025-09-22 06:36:36,229 WARNING: Lỗi HTTP 404: Không tim thấy product id - product id: 215129302
2025-09-22 06:36:36,230 WARNING: Lỗi HTTP 404: Không tim thấy product id - product id: 215129303
2025-09-22 06:36:36,232 WARNING: Lỗi HTTP 404: Không tim thấy product id - product id: 215129516
2025-09-22 06:36:36,283 WARNING: Lỗi HTTP 404: Không tim thấy product id - product id: 215129353
2025-09-22 06:36:36,285 WARNING: Lỗi HTTP 404: Không tim thấy product id - product id: 215129541
2025-09-22 06:36:36,330 WARNING: Lỗi HTTP 404: Không tim thấy product id - product id: 215129358
2025-09-22 06:36:36,386 WARNING: Lỗi HTTP 404: Không tim thấy product id - product id: 215129617
2025-09-22 06:36:36,428 WARNING: Lỗi HTTP 404: Không tim thấy product id - product id: 215129479
2025-09-22 06:36:36,432 WARNING: Lỗi HTTP 404: Không tim thấy product id - product id: 215129627
2025-09-22 06:36:36,481 WARNING: Lỗi HTTP 404: Không tim thấy product id - product id: 215129641
2025-09-22 06:36:36,482 WARNING: Lỗi HTTP 404: Không tim thấy product id - product id: 215129437
2025-09-22 06:36:36,533 WARNING: Lỗi HTTP 404: Không tim thấy product id - product id: 215129611
2025-09-22 06:36:36,533 WARNING: Lỗi HTTP 404: Không tim thấy product id - product id: 215129440
2025-09-22 06:36:36,628 WARNING: Lỗi HTTP 404: Không tim thấy product id - product id: 215129477
2025-09-22 06:36:36,730 WARNING: Lỗi HTTP 404: Không tim thấy product id - product id: 215129524
2025-09-22 06:36:36,781 WARNING: Lỗi HTTP 404: Không tim thấy product id - product id: 215129534
2025-09-22 06:36:36,827 WARNING: Lỗi HTTP 404: Không tim thấy product id - product id: 215129548
2025-09-22 06:36:36,880 WARNING: Lỗi HTTP 404: Không tim thấy product id - product id: 215129560
2025-09-22 06:36:36,931 WARNING: Lỗi HTTP 404: Không tim thấy product id - product id: 215129629
2025-09-22 06:36:36,987 WARNING: Lỗi HTTP 404: Không tim thấy product id - product id: 215129650
2025-09-22 06:36:37,581 WARNING: Lỗi HTTP 404: Không tim thấy product id - product id: 215162868
2025-09-22 06:36:37,604 WARNING: Lỗi HTTP 429 - product id: 215192685, thử lại 1/3
2025-09-22 06:36:37,760 WARNING: Lỗi HTTP 429 - product id: 215194115, thử lại 1/3
2025-09-22 06:36:37,766 WARNING: Lỗi HTTP 429 - product id: 215194306, thử lại 1/3
2025-09-22 06:36:38,005 WARNING: Lỗi HTTP 429 - product id: 215197543, thử lại 1/3
2025-09-22 06:36:38,112 WARNING: Lỗi HTTP 429 - product id: 215198093, thử lại 1/3
2025-09-22 06:36:38,362 WARNING: Lỗi HTTP 429 - product id: 215203220, thử lại 1/3
2025-09-22 06:36:38,718 WARNING: Lỗi HTTP 429 - product id: 215217944, thử lại 1/3
2025-09-22 06:36:38,810 WARNING: Lỗi HTTP 429 - product id: 215218149, thử lại 1/3
2025-09-22 06:36:38,816 WARNING: Lỗi HTTP 429 - product id: 215221667, thử lại 1/3
2025-09-22 06:36:39,156 WARNING: Lỗi HTTP 429 - product id: 215253485, thử lại 1/3
2025-09-22 06:36:39,218 WARNING: Lỗi HTTP 429 - product id: 215259313, thử lại 1/3
2025-09-22 06:36:39,305 WARNING: Lỗi HTTP 429 - product id: 215286076, thử lại 1/3
2025-09-22 06:36:39,306 WARNING: Lỗi HTTP 429 - product id: 215271368, thử lại 1/3
2025-09-22 06:36:39,614 WARNING: Lỗi HTTP 429 - product id: 215389532, thử lại 1/3
2025-09-22 06:36:39,929 WARNING: Lỗi HTTP 404: Không tim thấy product id - product id: 215129592
2025-09-22 06:36:40,518 WARNING: Lỗi HTTP 429 - product id: 215558705, thử lại 1/3
2025-09-22 06:36:40,604 WARNING: Lỗi HTTP 429 - product id: 215558995, thử lại 1/3
2025-09-22 06:36:40,663 WARNING: Lỗi HTTP 429 - product id: 215559348, thử lại 1/3
2025-09-22 06:36:40,668 WARNING: Lỗi HTTP 429 - product id: 215192685, thử lại 2/3
2025-09-22 06:36:40,721 WARNING: Lỗi HTTP 429 - product id: 215587984, thử lại 1/3
2025-09-22 06:36:40,808 WARNING: Lỗi HTTP 429 - product id: 215589064, thử lại 1/3
2025-09-22 06:36:41,273 WARNING: Lỗi HTTP 429 - product id: 215593562, thử lại 1/3
2025-09-22 06:36:41,273 WARNING: Lỗi HTTP 429 - product id: 215593583, thử lại 1/3
2025-09-22 06:36:41,358 WARNING: Lỗi HTTP 429 - product id: 215594703, thử lại 1/3
2025-09-22 06:36:41,359 WARNING: Lỗi HTTP 429 - product id: 215594966, thử lại 1/3
2025-09-22 06:36:41,802 WARNING: Lỗi HTTP 429 - product id: 215613947, thử lại 1/3
2025-09-22 06:36:42,979 WARNING: Lỗi HTTP 404: Không tim thấy product id - product id: 215738858
2025-09-22 06:36:43,360 WARNING: Lỗi HTTP 429 - product id: 215743513, thử lại 1/3
2025-09-22 06:36:43,386 WARNING: Lỗi HTTP 404: Không tim thấy product id - product id: 215723322
2025-09-22 06:36:43,408 WARNING: Lỗi HTTP 429 - product id: 215744108, thử lại 1/3
2025-09-22 06:36:43,424 WARNING: Lỗi HTTP 429 - product id: 215744171, thử lại 1/3
2025-09-22 06:36:43,464 WARNING: Lỗi HTTP 429 - product id: 215745471, thử lại 1/3
2025-09-22 06:36:43,466 WARNING: Lỗi HTTP 429 - product id: 215745930, thử lại 1/3
2025-09-22 06:36:44,734 WARNING: Lỗi HTTP 404: Không tim thấy product id - product id: 215881061
2025-09-22 06:36:44,829 WARNING: Lỗi HTTP 404: Không tim thấy product id - product id: 215887031
2025-09-22 06:36:44,916 WARNING: Lỗi HTTP 429 - product id: 215893628, thử lại 1/3
2025-09-22 06:36:45,080 WARNING: Lỗi HTTP 404: Không tim thấy product id - product id: 215878052
2025-09-22 06:36:45,132 WARNING: Lỗi HTTP 404: Không tim thấy product id - product id: 215886021
2025-09-22 06:36:45,310 WARNING: Lỗi HTTP 429 - product id: 215896846, thử lại 1/3
2025-09-22 06:36:45,374 WARNING: Lỗi HTTP 429 - product id: 215897071, thử lại 1/3
2025-09-22 06:36:45,376 WARNING: Lỗi HTTP 429 - product id: 215897031, thử lại 1/3
2025-09-22 06:36:45,409 WARNING: Lỗi HTTP 429 - product id: 215897092, thử lại 1/3
2025-09-22 06:36:45,412 WARNING: Lỗi HTTP 429 - product id: 215897117, thử lại 1/3
2025-09-22 06:36:45,476 WARNING: Lỗi HTTP 429 - product id: 215897303, thử lại 1/3
2025-09-22 06:36:45,476 WARNING: Lỗi HTTP 429 - product id: 215897305, thử lại 1/3
2025-09-22 06:36:45,555 WARNING: Lỗi HTTP 429 - product id: 215897470, thử lại 1/3
2025-09-22 06:36:45,610 WARNING: Lỗi HTTP 429 - product id: 215898338, thử lại 1/3
2025-09-22 06:36:45,661 WARNING: Lỗi HTTP 429 - product id: 215902055, thử lại 1/3
2025-09-22 06:36:45,718 WARNING: Lỗi HTTP 429 - product id: 215902678, thử lại 1/3
2025-09-22 06:36:47,020 WARNING: Lỗi HTTP 429 - product id: 216007620, thử lại 1/3
2025-09-22 06:36:47,118 WARNING: Lỗi HTTP 429 - product id: 216007960, thử lại 1/3
2025-09-22 06:36:47,210 WARNING: Lỗi HTTP 429 - product id: 216008202, thử lại 1/3
2025-09-22 06:36:47,624 WARNING: Lỗi HTTP 429 - product id: 216076866, thử lại 1/3
2025-09-22 06:36:47,924 WARNING: Lỗi HTTP 429 - product id: 216101651, thử lại 1/3
2025-09-22 06:36:48,109 WARNING: Lỗi HTTP 429 - product id: 216111467, thử lại 1/3
2025-09-22 06:36:48,114 WARNING: Lỗi HTTP 429 - product id: 216111220, thử lại 1/3
2025-09-22 06:36:48,164 WARNING: Lỗi HTTP 429 - product id: 216113813, thử lại 1/3
2025-09-22 06:36:48,213 WARNING: Lỗi HTTP 429 - product id: 216114307, thử lại 1/3
2025-09-22 06:36:52,006 INFO: Đã commit batch 173 (1000 sản phẩm)
2025-09-22 06:36:52,037 INFO: Đã ghi 964 sản phẩm vào file /home/quannh/projects_de/project_2/output/products_batch_173_964_ids.csv
2025-09-22 06:36:52,087 INFO: Bắt đầu crawl batch 174 (1000 sản phẩm)
2025-09-22 06:36:58,893 WARNING: Lỗi HTTP 429 - product id: 216460138, thử lại 1/3
2025-09-22 06:36:59,087 WARNING: Lỗi HTTP 429 - product id: 216460675, thử lại 1/3
2025-09-22 06:36:59,237 WARNING: Lỗi HTTP 429 - product id: 216462852, thử lại 1/3
2025-09-22 06:36:59,248 WARNING: Lỗi HTTP 429 - product id: 216463182, thử lại 1/3
2025-09-22 06:36:59,392 WARNING: Lỗi HTTP 429 - product id: 216465773, thử lại 1/3
2025-09-22 06:36:59,396 WARNING: Lỗi HTTP 429 - product id: 216465914, thử lại 1/3
2025-09-22 06:36:59,644 WARNING: Lỗi HTTP 429 - product id: 216476703, thử lại 1/3
2025-09-22 06:37:00,888 WARNING: Lỗi HTTP 429 - product id: 216903259, thử lại 1/3
2025-09-22 06:37:00,950 WARNING: Lỗi HTTP 429 - product id: 216903469, thử lại 1/3
2025-09-22 06:37:00,997 WARNING: Lỗi HTTP 429 - product id: 216906781, thử lại 1/3
2025-09-22 06:37:02,458 WARNING: Lỗi HTTP 404: Không tim thấy product id - product id: 216935800
2025-09-22 06:37:04,190 WARNING: Lỗi HTTP 429 - product id: 217146648, thử lại 1/3
2025-09-22 06:37:06,848 WARNING: Lỗi HTTP 429 - product id: 217187495, thử lại 1/3
2025-09-22 06:37:06,990 WARNING: Lỗi HTTP 429 - product id: 217192805, thử lại 1/3
2025-09-22 06:37:10,091 INFO: Đã commit batch 174 (1000 sản phẩm)
2025-09-22 06:37:10,121 INFO: Đã ghi 999 sản phẩm vào file /home/quannh/projects_de/project_2/output/products_batch_174_999_ids.csv
2025-09-22 06:37:10,152 INFO: Bắt đầu crawl batch 175 (1000 sản phẩm)
2025-09-22 06:37:10,711 WARNING: Lỗi HTTP 429 - product id: 217323800, thử lại 1/3
2025-09-22 06:37:10,841 WARNING: Lỗi HTTP 429 - product id: 217327555, thử lại 1/3
2025-09-22 06:37:10,848 WARNING: Lỗi HTTP 429 - product id: 217328383, thử lại 1/3
2025-09-22 06:37:10,850 WARNING: Lỗi HTTP 429 - product id: 217329947, thử lại 1/3
2025-09-22 06:37:10,969 WARNING: Lỗi HTTP 429 - product id: 217333436, thử lại 1/3
2025-09-22 06:37:11,003 WARNING: Lỗi HTTP 429 - product id: 217335679, thử lại 1/3
2025-09-22 06:37:11,163 WARNING: Lỗi HTTP 429 - product id: 217351094, thử lại 1/3
2025-09-22 06:37:11,222 WARNING: Lỗi HTTP 404: Không tim thấy product id - product id: 217332235
2025-09-22 06:37:11,253 WARNING: Lỗi HTTP 429 - product id: 217362903, thử lại 1/3
2025-09-22 06:37:11,260 WARNING: Lỗi HTTP 429 - product id: 217364954, thử lại 1/3
2025-09-22 06:37:11,462 WARNING: Lỗi HTTP 429 - product id: 217377484, thử lại 1/3
2025-09-22 06:37:11,559 WARNING: Lỗi HTTP 429 - product id: 217385330, thử lại 1/3
2025-09-22 06:37:18,258 WARNING: Lỗi HTTP 429 - product id: 217516870, thử lại 1/3
2025-09-22 06:37:18,299 WARNING: Lỗi HTTP 429 - product id: 217517909, thử lại 1/3
2025-09-22 06:37:18,361 WARNING: Lỗi HTTP 429 - product id: 217519973, thử lại 1/3
2025-09-22 06:37:19,722 WARNING: Lỗi HTTP 404: Không tim thấy product id - product id: 217524778
2025-09-22 06:37:19,752 WARNING: Lỗi HTTP 429 - product id: 217548655, thử lại 1/3
2025-09-22 06:37:19,813 WARNING: Lỗi HTTP 429 - product id: 217549717, thử lại 1/3
2025-09-22 06:37:19,899 WARNING: Lỗi HTTP 429 - product id: 217559565, thử lại 1/3
2025-09-22 06:37:19,900 WARNING: Lỗi HTTP 429 - product id: 217559575, thử lại 1/3
2025-09-22 06:37:19,961 WARNING: Lỗi HTTP 429 - product id: 217563111, thử lại 1/3
2025-09-22 06:37:19,997 WARNING: Lỗi HTTP 429 - product id: 217563466, thử lại 1/3
2025-09-22 06:37:20,006 WARNING: Lỗi HTTP 429 - product id: 217563480, thử lại 1/3
2025-09-22 06:37:20,124 WARNING: Lỗi HTTP 404: Không tim thấy product id - product id: 217528573
2025-09-22 06:37:20,207 WARNING: Lỗi HTTP 429 - product id: 217567297, thử lại 1/3
2025-09-22 06:37:21,304 WARNING: Lỗi HTTP 429 - product id: 217611801, thử lại 1/3
2025-09-22 06:37:21,504 WARNING: Lỗi HTTP 429 - product id: 217614400, thử lại 1/3
2025-09-22 06:37:21,665 WARNING: Lỗi HTTP 429 - product id: 217638804, thử lại 1/3
2025-09-22 06:37:22,361 WARNING: Lỗi HTTP 429 - product id: 217646197, thử lại 1/3
2025-09-22 06:37:22,362 WARNING: Lỗi HTTP 429 - product id: 217646329, thử lại 1/3
2025-09-22 06:37:22,409 WARNING: Lỗi HTTP 429 - product id: 217646995, thử lại 1/3
2025-09-22 06:37:22,411 WARNING: Lỗi HTTP 429 - product id: 217647004, thử lại 1/3
2025-09-22 06:37:22,446 WARNING: Lỗi HTTP 429 - product id: 217647408, thử lại 1/3
2025-09-22 06:37:22,598 WARNING: Lỗi HTTP 429 - product id: 217648433, thử lại 1/3
2025-09-22 06:37:22,608 WARNING: Lỗi HTTP 429 - product id: 217648443, thử lại 1/3
2025-09-22 06:37:22,967 WARNING: Lỗi HTTP 429 - product id: 217559575, thử lại 2/3
2025-09-22 06:37:23,302 WARNING: Lỗi HTTP 429 - product id: 217692507, thử lại 1/3
2025-09-22 06:37:23,350 WARNING: Lỗi HTTP 429 - product id: 217694519, thử lại 1/3
2025-09-22 06:37:23,496 WARNING: Lỗi HTTP 429 - product id: 217694761, thử lại 1/3
2025-09-22 06:37:23,507 WARNING: Lỗi HTTP 429 - product id: 217694774, thử lại 1/3
2025-09-22 06:37:23,652 WARNING: Lỗi HTTP 429 - product id: 217694938, thử lại 1/3
2025-09-22 06:37:23,708 WARNING: Lỗi HTTP 429 - product id: 217694949, thử lại 1/3
2025-09-22 06:37:24,207 WARNING: Lỗi HTTP 429 - product id: 217695953, thử lại 1/3
2025-09-22 06:37:24,208 WARNING: Lỗi HTTP 429 - product id: 217695971, thử lại 1/3
2025-09-22 06:37:24,311 WARNING: Lỗi HTTP 429 - product id: 217696006, thử lại 1/3
2025-09-22 06:37:24,604 WARNING: Lỗi HTTP 429 - product id: 217696466, thử lại 1/3
2025-09-22 06:37:24,657 WARNING: Lỗi HTTP 429 - product id: 217696496, thử lại 1/3
2025-09-22 06:37:24,856 WARNING: Lỗi HTTP 429 - product id: 217702793, thử lại 1/3
2025-09-22 06:37:25,443 WARNING: Lỗi HTTP 429 - product id: 217707432, thử lại 1/3
2025-09-22 06:37:25,454 WARNING: Lỗi HTTP 429 - product id: 217707452, thử lại 1/3
2025-09-22 06:37:25,504 WARNING: Lỗi HTTP 429 - product id: 217707575, thử lại 1/3
2025-09-22 06:37:25,508 WARNING: Lỗi HTTP 429 - product id: 217647408, thử lại 2/3
2025-09-22 06:37:31,603 INFO: Đã commit batch 175 (1000 sản phẩm)
2025-09-22 06:37:31,635 INFO: Đã ghi 997 sản phẩm vào file /home/quannh/projects_de/project_2/output/products_batch_175_997_ids.csv
2025-09-22 06:37:31,665 INFO: Bắt đầu crawl batch 176 (1000 sản phẩm)
2025-09-22 06:37:32,168 WARNING: Lỗi HTTP 429 - product id: 217720865, thử lại 1/3
2025-09-22 06:37:32,214 WARNING: Lỗi HTTP 429 - product id: 217721058, thử lại 1/3
2025-09-22 06:37:32,455 WARNING: Lỗi HTTP 429 - product id: 217723236, thử lại 1/3
2025-09-22 06:37:32,516 WARNING: Lỗi HTTP 429 - product id: 217723689, thử lại 1/3
2025-09-22 06:37:32,859 WARNING: Lỗi HTTP 429 - product id: 217725673, thử lại 1/3
2025-09-22 06:37:33,166 WARNING: Lỗi HTTP 429 - product id: 217725921, thử lại 1/3
2025-09-22 06:37:33,474 WARNING: Lỗi HTTP 429 - product id: 217726115, thử lại 1/3
2025-09-22 06:37:33,615 WARNING: Lỗi HTTP 429 - product id: 217726501, thử lại 1/3
2025-09-22 06:37:33,711 WARNING: Lỗi HTTP 429 - product id: 217727085, thử lại 1/3
2025-09-22 06:37:33,716 WARNING: Lỗi HTTP 429 - product id: 217727092, thử lại 1/3
2025-09-22 06:37:33,760 WARNING: Lỗi HTTP 429 - product id: 217727123, thử lại 1/3
2025-09-22 06:37:34,468 WARNING: Lỗi HTTP 429 - product id: 217729713, thử lại 1/3
2025-09-22 06:37:34,561 WARNING: Lỗi HTTP 429 - product id: 217730629, thử lại 1/3
2025-09-22 06:37:34,624 WARNING: Lỗi HTTP 429 - product id: 217730721, thử lại 1/3
2025-09-22 06:37:34,711 WARNING: Lỗi HTTP 429 - product id: 217730870, thử lại 1/3
2025-09-22 06:37:34,764 WARNING: Lỗi HTTP 429 - product id: 217730883, thử lại 1/3
2025-09-22 06:37:34,766 WARNING: Lỗi HTTP 429 - product id: 217730880, thử lại 1/3
2025-09-22 06:37:35,223 WARNING: Lỗi HTTP 429 - product id: 217733632, thử lại 1/3
2025-09-22 06:37:35,256 WARNING: Lỗi HTTP 429 - product id: 217733686, thử lại 1/3
2025-09-22 06:37:35,256 WARNING: Lỗi HTTP 429 - product id: 217733666, thử lại 1/3
2025-09-22 06:37:35,266 WARNING: Lỗi HTTP 429 - product id: 217733721, thử lại 1/3
2025-09-22 06:37:35,664 WARNING: Lỗi HTTP 429 - product id: 217735230, thử lại 1/3
2025-09-22 06:37:37,117 WARNING: Lỗi HTTP 429 - product id: 217760656, thử lại 1/3
2025-09-22 06:37:37,260 WARNING: Lỗi HTTP 429 - product id: 217764017, thử lại 1/3
2025-09-22 06:37:37,318 WARNING: Lỗi HTTP 429 - product id: 217764854, thử lại 1/3
2025-09-22 06:37:38,136 WARNING: Lỗi HTTP 404: Không tim thấy product id - product id: 217763386
2025-09-22 06:37:43,608 WARNING: Lỗi HTTP 429 - product id: 218755125, thử lại 1/3
2025-09-22 06:37:43,668 WARNING: Lỗi HTTP 429 - product id: 218755354, thử lại 1/3
2025-09-22 06:37:43,758 WARNING: Lỗi HTTP 429 - product id: 218755725, thử lại 1/3
2025-09-22 06:37:43,818 WARNING: Lỗi HTTP 429 - product id: 218759153, thử lại 1/3
2025-09-22 06:37:43,964 WARNING: Lỗi HTTP 429 - product id: 218762186, thử lại 1/3
2025-09-22 06:37:44,063 WARNING: Lỗi HTTP 429 - product id: 219133104, thử lại 1/3
2025-09-22 06:37:44,184 WARNING: Lỗi HTTP 404: Không tim thấy product id - product id: 218750573
2025-09-22 06:37:44,211 WARNING: Lỗi HTTP 429 - product id: 219133880, thử lại 1/3
2025-09-22 06:37:44,216 WARNING: Lỗi HTTP 429 - product id: 219133979, thử lại 1/3
2025-09-22 06:37:44,315 WARNING: Lỗi HTTP 429 - product id: 219135822, thử lại 1/3
2025-09-22 06:37:44,508 WARNING: Lỗi HTTP 429 - product id: 219138417, thử lại 1/3
2025-09-22 06:37:44,873 WARNING: Lỗi HTTP 429 - product id: 219144705, thử lại 1/3
2025-09-22 06:37:44,956 WARNING: Lỗi HTTP 429 - product id: 219146790, thử lại 1/3
2025-09-22 06:37:45,016 WARNING: Lỗi HTTP 429 - product id: 219148304, thử lại 1/3
2025-09-22 06:37:45,059 WARNING: Lỗi HTTP 429 - product id: 219148321, thử lại 1/3
2025-09-22 06:37:45,060 WARNING: Lỗi HTTP 429 - product id: 219148352, thử lại 1/3
2025-09-22 06:37:45,112 WARNING: Lỗi HTTP 429 - product id: 219148955, thử lại 1/3
2025-09-22 06:37:46,135 WARNING: Lỗi HTTP 404: Không tim thấy product id - product id: 219369225
2025-09-22 06:37:49,418 INFO: Đã commit batch 176 (1000 sản phẩm)
2025-09-22 06:37:49,447 INFO: Đã ghi 997 sản phẩm vào file /home/quannh/projects_de/project_2/output/products_batch_176_997_ids.csv
2025-09-22 06:37:49,477 INFO: Bắt đầu crawl batch 177 (1000 sản phẩm)
2025-09-22 06:37:50,626 WARNING: Lỗi HTTP 429 - product id: 220700757, thử lại 1/3
2025-09-22 06:37:51,274 WARNING: Lỗi HTTP 429 - product id: 221223111, thử lại 1/3
2025-09-22 06:37:51,286 WARNING: Lỗi HTTP 429 - product id: 221223441, thử lại 1/3
2025-09-22 06:37:51,295 WARNING: Lỗi HTTP 404: Không tim thấy product id - product id: 220741858
2025-09-22 06:37:51,329 WARNING: Lỗi HTTP 429 - product id: 221223674, thử lại 1/3
2025-09-22 06:37:51,369 WARNING: Lỗi HTTP 429 - product id: 221225676, thử lại 1/3
2025-09-22 06:37:52,226 WARNING: Lỗi HTTP 429 - product id: 221251667, thử lại 1/3
2025-09-22 06:37:52,249 WARNING: Lỗi HTTP 404: Không tim thấy product id - product id: 221239902
2025-09-22 06:37:52,279 WARNING: Lỗi HTTP 429 - product id: 221251688, thử lại 1/3
2025-09-22 06:37:52,291 WARNING: Lỗi HTTP 429 - product id: 221251692, thử lại 1/3
2025-09-22 06:37:52,328 WARNING: Lỗi HTTP 429 - product id: 221251697, thử lại 1/3
2025-09-22 06:37:52,358 WARNING: Lỗi HTTP 429 - product id: 221251707, thử lại 1/3
2025-09-22 06:37:52,389 WARNING: Lỗi HTTP 429 - product id: 221251740, thử lại 1/3
2025-09-22 06:37:52,400 WARNING: Lỗi HTTP 404: Không tim thấy product id - product id: 221225764
2025-09-22 06:37:53,825 WARNING: Lỗi HTTP 429 - product id: 221275566, thử lại 1/3
2025-09-22 06:37:53,923 WARNING: Lỗi HTTP 429 - product id: 221276901, thử lại 1/3
2025-09-22 06:37:53,929 WARNING: Lỗi HTTP 429 - product id: 221276906, thử lại 1/3
2025-09-22 06:37:54,030 WARNING: Lỗi HTTP 429 - product id: 221284422, thử lại 1/3
2025-09-22 06:37:54,049 WARNING: Lỗi HTTP 404: Không tim thấy product id - product id: 221255334
2025-09-22 06:37:54,115 WARNING: Lỗi HTTP 429 - product id: 221293270, thử lại 1/3
2025-09-22 06:37:54,476 WARNING: Lỗi HTTP 429 - product id: 221517740, thử lại 1/3
2025-09-22 06:37:54,580 WARNING: Lỗi HTTP 429 - product id: 221518080, thử lại 1/3
2025-09-22 06:37:54,625 WARNING: Lỗi HTTP 429 - product id: 221518142, thử lại 1/3
2025-09-22 06:37:54,631 WARNING: Lỗi HTTP 429 - product id: 221518391, thử lại 1/3
2025-09-22 06:37:54,639 WARNING: Lỗi HTTP 429 - product id: 221518525, thử lại 1/3
2025-09-22 06:37:54,824 WARNING: Lỗi HTTP 429 - product id: 221518973, thử lại 1/3
2025-09-22 06:37:56,398 WARNING: Lỗi HTTP 404: Không tim thấy product id - product id: 221692672
2025-09-22 06:37:57,179 WARNING: Lỗi HTTP 429 - product id: 221853112, thử lại 1/3
2025-09-22 06:37:57,240 WARNING: Lỗi HTTP 429 - product id: 221853448, thử lại 1/3
2025-09-22 06:37:57,278 WARNING: Lỗi HTTP 429 - product id: 221853663, thử lại 1/3
2025-09-22 06:37:57,385 WARNING: Lỗi HTTP 429 - product id: 221857945, thử lại 1/3
2025-09-22 06:37:57,431 WARNING: Lỗi HTTP 429 - product id: 221870838, thử lại 1/3
2025-09-22 06:37:57,472 WARNING: Lỗi HTTP 429 - product id: 221935330, thử lại 1/3
2025-09-22 06:37:57,477 WARNING: Lỗi HTTP 429 - product id: 221935500, thử lại 1/3
2025-09-22 06:37:58,784 WARNING: Lỗi HTTP 429 - product id: 222311012, thử lại 1/3
2025-09-22 06:37:58,825 WARNING: Lỗi HTTP 429 - product id: 222327582, thử lại 1/3
2025-09-22 06:37:59,946 WARNING: Lỗi HTTP 404: Không tim thấy product id - product id: 222399161
2025-09-22 06:38:00,045 WARNING: Lỗi HTTP 404: Không tim thấy product id - product id: 222399232
2025-09-22 06:38:00,625 WARNING: Lỗi HTTP 429 - product id: 222570719, thử lại 1/3
2025-09-22 06:38:02,052 WARNING: Lỗi HTTP 404: Không tim thấy product id - product id: 222655805
2025-09-22 06:38:03,027 WARNING: Lỗi HTTP 429 - product id: 222677831, thử lại 1/3
2025-09-22 06:38:03,271 WARNING: Lỗi HTTP 429 - product id: 222679601, thử lại 1/3
2025-09-22 06:38:03,374 WARNING: Lỗi HTTP 429 - product id: 222680329, thử lại 1/3
2025-09-22 06:38:03,474 WARNING: Lỗi HTTP 429 - product id: 222681226, thử lại 1/3
2025-09-22 06:38:03,475 WARNING: Lỗi HTTP 429 - product id: 222680929, thử lại 1/3
2025-09-22 06:38:03,477 WARNING: Lỗi HTTP 429 - product id: 222681133, thử lại 1/3
2025-09-22 06:38:03,535 WARNING: Lỗi HTTP 429 - product id: 222681568, thử lại 1/3
2025-09-22 06:38:03,580 WARNING: Lỗi HTTP 429 - product id: 222682275, thử lại 1/3
2025-09-22 06:38:06,666 INFO: Đã commit batch 177 (1000 sản phẩm)
2025-09-22 06:38:06,696 INFO: Đã ghi 992 sản phẩm vào file /home/quannh/projects_de/project_2/output/products_batch_177_992_ids.csv
2025-09-22 06:38:06,726 INFO: Bắt đầu crawl batch 178 (1000 sản phẩm)
2025-09-22 06:38:10,069 WARNING: Lỗi HTTP 404: Không tim thấy product id - product id: 225210603
2025-09-22 06:38:10,518 WARNING: Lỗi HTTP 404: Không tim thấy product id - product id: 225209672
2025-09-22 06:38:10,620 WARNING: Lỗi HTTP 404: Không tim thấy product id - product id: 225210590
2025-09-22 06:38:10,654 WARNING: Lỗi HTTP 429 - product id: 225272526, thử lại 1/3
2025-09-22 06:38:10,666 WARNING: Lỗi HTTP 404: Không tim thấy product id - product id: 225263759
2025-09-22 06:38:10,686 WARNING: Lỗi HTTP 429 - product id: 225272959, thử lại 1/3
2025-09-22 06:38:10,918 WARNING: Lỗi HTTP 404: Không tim thấy product id - product id: 225249714
2025-09-22 06:38:11,401 WARNING: Lỗi HTTP 429 - product id: 225906849, thử lại 1/3
2025-09-22 06:38:11,446 WARNING: Lỗi HTTP 429 - product id: 225907006, thử lại 1/3
2025-09-22 06:38:11,503 WARNING: Lỗi HTTP 429 - product id: 225907629, thử lại 1/3
2025-09-22 06:38:11,542 WARNING: Lỗi HTTP 429 - product id: 225908312, thử lại 1/3
2025-09-22 06:38:11,604 WARNING: Lỗi HTTP 429 - product id: 225908955, thử lại 1/3
2025-09-22 06:38:11,701 WARNING: Lỗi HTTP 429 - product id: 225909691, thử lại 1/3
2025-09-22 06:38:11,918 WARNING: Lỗi HTTP 404: Không tim thấy product id - product id: 225314670
2025-09-22 06:38:12,042 WARNING: Lỗi HTTP 429 - product id: 225912337, thử lại 1/3
2025-09-22 06:38:12,045 WARNING: Lỗi HTTP 429 - product id: 225912429, thử lại 1/3
2025-09-22 06:38:12,049 WARNING: Lỗi HTTP 429 - product id: 225912595, thử lại 1/3
2025-09-22 06:38:12,193 WARNING: Lỗi HTTP 429 - product id: 225915522, thử lại 1/3
2025-09-22 06:38:12,917 WARNING: Lỗi HTTP 404: Không tim thấy product id - product id: 225915740
2025-09-22 06:38:12,986 WARNING: Lỗi HTTP 429 - product id: 225926119, thử lại 1/3
2025-09-22 06:38:12,998 WARNING: Lỗi HTTP 429 - product id: 225926165, thử lại 1/3
2025-09-22 06:38:14,103 WARNING: Lỗi HTTP 429 - product id: 225950714, thử lại 1/3
2025-09-22 06:38:14,361 WARNING: Lỗi HTTP 429 - product id: 225951748, thử lại 1/3
2025-09-22 06:38:14,448 WARNING: Lỗi HTTP 429 - product id: 225952885, thử lại 1/3
2025-09-22 06:38:14,542 WARNING: Lỗi HTTP 429 - product id: 225953121, thử lại 1/3
2025-09-22 06:38:14,555 WARNING: Lỗi HTTP 429 - product id: 225907006, thử lại 2/3
2025-09-22 06:38:14,748 WARNING: Lỗi HTTP 429 - product id: 225954543, thử lại 1/3
2025-09-22 06:38:14,796 WARNING: Lỗi HTTP 429 - product id: 225954726, thử lại 1/3
2025-09-22 06:38:14,990 WARNING: Lỗi HTTP 429 - product id: 225961689, thử lại 1/3
2025-09-22 06:38:14,998 WARNING: Lỗi HTTP 429 - product id: 225961731, thử lại 1/3
2025-09-22 06:38:15,295 WARNING: Lỗi HTTP 429 - product id: 225970550, thử lại 1/3
2025-09-22 06:38:16,349 WARNING: Lỗi HTTP 429 - product id: 226621985, thử lại 1/3
2025-09-22 06:38:16,450 WARNING: Lỗi HTTP 429 - product id: 226671207, thử lại 1/3
2025-09-22 06:38:16,454 WARNING: Lỗi HTTP 429 - product id: 226671218, thử lại 1/3
2025-09-22 06:38:16,499 WARNING: Lỗi HTTP 429 - product id: 226671232, thử lại 1/3
2025-09-22 06:38:16,509 WARNING: Lỗi HTTP 429 - product id: 226679762, thử lại 1/3
2025-09-22 06:38:16,857 WARNING: Lỗi HTTP 429 - product id: 226992022, thử lại 1/3
2025-09-22 06:38:17,315 WARNING: Lỗi HTTP 404: Không tim thấy product id - product id: 226562217
2025-09-22 06:38:18,219 WARNING: Lỗi HTTP 404: Không tim thấy product id - product id: 227326580
2025-09-22 06:38:18,449 WARNING: Lỗi HTTP 429 - product id: 227986161, thử lại 1/3
2025-09-22 06:38:18,460 WARNING: Lỗi HTTP 429 - product id: 227986255, thử lại 1/3
2025-09-22 06:38:18,545 WARNING: Lỗi HTTP 429 - product id: 228105811, thử lại 1/3
2025-09-22 06:38:18,547 WARNING: Lỗi HTTP 429 - product id: 228115182, thử lại 1/3
2025-09-22 06:38:18,695 WARNING: Lỗi HTTP 429 - product id: 228887047, thử lại 1/3
2025-09-22 06:38:18,757 WARNING: Lỗi HTTP 429 - product id: 228987720, thử lại 1/3
2025-09-22 06:38:18,862 WARNING: Lỗi HTTP 404: Không tim thấy product id - product id: 228988486
2025-09-22 06:38:18,908 WARNING: Lỗi HTTP 429 - product id: 228999835, thử lại 1/3
2025-09-22 06:38:18,909 WARNING: Lỗi HTTP 404: Không tim thấy product id - product id: 228989781
2025-09-22 06:38:19,197 WARNING: Lỗi HTTP 429 - product id: 229699326, thử lại 1/3
2025-09-22 06:38:19,499 WARNING: Lỗi HTTP 429 - product id: 229701220, thử lại 1/3
2025-09-22 06:38:19,603 WARNING: Lỗi HTTP 429 - product id: 229701447, thử lại 1/3
2025-09-22 06:38:19,688 WARNING: Lỗi HTTP 429 - product id: 229701875, thử lại 1/3
2025-09-22 06:38:19,710 WARNING: Lỗi HTTP 429 - product id: 229701959, thử lại 1/3
2025-09-22 06:38:19,717 WARNING: Lỗi HTTP 404: Không tim thấy product id - product id: 228930728
2025-09-22 06:38:19,748 WARNING: Lỗi HTTP 429 - product id: 229703240, thử lại 1/3
2025-09-22 06:38:19,778 WARNING: Lỗi HTTP 429 - product id: 229703356, thử lại 1/3
2025-09-22 06:38:19,809 WARNING: Lỗi HTTP 429 - product id: 229703855, thử lại 1/3
2025-09-22 06:38:19,895 WARNING: Lỗi HTTP 429 - product id: 229704044, thử lại 1/3
2025-09-22 06:38:19,937 WARNING: Lỗi HTTP 429 - product id: 229704055, thử lại 1/3
2025-09-22 06:38:19,962 WARNING: Lỗi HTTP 429 - product id: 229704087, thử lại 1/3
2025-09-22 06:38:20,093 WARNING: Lỗi HTTP 429 - product id: 229714602, thử lại 1/3
2025-09-22 06:38:20,099 WARNING: Lỗi HTTP 429 - product id: 229715371, thử lại 1/3
2025-09-22 06:38:21,546 WARNING: Lỗi HTTP 429 - product id: 229750806, thử lại 1/3
2025-09-22 06:38:21,609 WARNING: Lỗi HTTP 429 - product id: 228115182, thử lại 2/3
2025-09-22 06:38:21,650 WARNING: Lỗi HTTP 404: Không tim thấy product id - product id: 229747995
2025-09-22 06:38:21,737 WARNING: Lỗi HTTP 429 - product id: 229764828, thử lại 1/3
2025-09-22 06:38:21,757 WARNING: Lỗi HTTP 429 - product id: 229765045, thử lại 1/3
2025-09-22 06:38:22,151 WARNING: Lỗi HTTP 429 - product id: 229795498, thử lại 1/3
2025-09-22 06:38:22,447 WARNING: Lỗi HTTP 429 - product id: 229804575, thử lại 1/3
2025-09-22 06:38:22,521 WARNING: Lỗi HTTP 404: Không tim thấy product id - product id: 228987720
2025-09-22 06:38:22,586 WARNING: Lỗi HTTP 429 - product id: 229805444, thử lại 1/3
2025-09-22 06:38:22,616 WARNING: Lỗi HTTP 404: Không tim thấy product id - product id: 229770132
2025-09-22 06:38:23,375 WARNING: Lỗi HTTP 404: Không tim thấy product id - product id: 229805345
2025-09-22 06:38:24,807 WARNING: Lỗi HTTP 404: Không tim thấy product id - product id: 229764828
2025-09-22 06:38:25,659 WARNING: Lỗi HTTP 404: Không tim thấy product id - product id: 229805444
2025-09-22 06:38:27,723 INFO: Đã commit batch 178 (1000 sản phẩm)
2025-09-22 06:38:27,755 INFO: Đã ghi 982 sản phẩm vào file /home/quannh/projects_de/project_2/output/products_batch_178_982_ids.csv
2025-09-22 06:38:27,785 INFO: Bắt đầu crawl batch 179 (1000 sản phẩm)
2025-09-22 06:38:28,507 WARNING: Lỗi HTTP 404: Không tim thấy product id - product id: 230004864
2025-09-22 06:38:28,809 WARNING: Lỗi HTTP 404: Không tim thấy product id - product id: 230005869
2025-09-22 06:38:28,838 WARNING: Lỗi HTTP 429 - product id: 230043298, thử lại 1/3
2025-09-22 06:38:28,937 WARNING: Lỗi HTTP 429 - product id: 230048607, thử lại 1/3
2025-09-22 06:38:29,037 WARNING: Lỗi HTTP 429 - product id: 230050045, thử lại 1/3
2025-09-22 06:38:29,037 WARNING: Lỗi HTTP 429 - product id: 230050097, thử lại 1/3
2025-09-22 06:38:30,489 WARNING: Lỗi HTTP 429 - product id: 230126382, thử lại 1/3
2025-09-22 06:38:30,587 WARNING: Lỗi HTTP 429 - product id: 230126800, thử lại 1/3
2025-09-22 06:38:30,637 WARNING: Lỗi HTTP 429 - product id: 230139209, thử lại 1/3
2025-09-22 06:38:30,887 WARNING: Lỗi HTTP 429 - product id: 230200817, thử lại 1/3
2025-09-22 06:38:31,140 WARNING: Lỗi HTTP 429 - product id: 230202427, thử lại 1/3
2025-09-22 06:38:31,384 WARNING: Lỗi HTTP 429 - product id: 230206847, thử lại 1/3
2025-09-22 06:38:31,659 WARNING: Lỗi HTTP 404: Không tim thấy product id - product id: 230201510
2025-09-22 06:38:33,885 WARNING: Lỗi HTTP 429 - product id: 234032618, thử lại 1/3
2025-09-22 06:38:33,944 WARNING: Lỗi HTTP 429 - product id: 234033328, thử lại 1/3
2025-09-22 06:38:33,948 WARNING: Lỗi HTTP 429 - product id: 234033363, thử lại 1/3
2025-09-22 06:38:33,985 WARNING: Lỗi HTTP 429 - product id: 234034213, thử lại 1/3
2025-09-22 06:38:33,993 WARNING: Lỗi HTTP 429 - product id: 234034324, thử lại 1/3
2025-09-22 06:38:34,012 WARNING: Lỗi HTTP 429 - product id: 234037901, thử lại 1/3
2025-09-22 06:38:34,075 WARNING: Lỗi HTTP 429 - product id: 235411002, thử lại 1/3
2025-09-22 06:38:34,141 WARNING: Lỗi HTTP 429 - product id: 235494028, thử lại 1/3
2025-09-22 06:38:34,147 WARNING: Lỗi HTTP 429 - product id: 235497134, thử lại 1/3
2025-09-22 06:38:34,232 WARNING: Lỗi HTTP 429 - product id: 235544629, thử lại 1/3
2025-09-22 06:38:34,479 WARNING: Lỗi HTTP 429 - product id: 235664896, thử lại 1/3
2025-09-22 06:38:34,689 WARNING: Lỗi HTTP 429 - product id: 235665179, thử lại 1/3
2025-09-22 06:38:34,831 WARNING: Lỗi HTTP 429 - product id: 235665302, thử lại 1/3
2025-09-22 06:38:34,887 WARNING: Lỗi HTTP 429 - product id: 235665442, thử lại 1/3
2025-09-22 06:38:35,381 WARNING: Lỗi HTTP 429 - product id: 235732463, thử lại 1/3
2025-09-22 06:38:35,392 WARNING: Lỗi HTTP 429 - product id: 235732509, thử lại 1/3
2025-09-22 06:38:35,439 WARNING: Lỗi HTTP 429 - product id: 235732873, thử lại 1/3
2025-09-22 06:38:35,584 WARNING: Lỗi HTTP 429 - product id: 235733662, thử lại 1/3
2025-09-22 06:38:35,886 WARNING: Lỗi HTTP 429 - product id: 235764841, thử lại 1/3
2025-09-22 06:38:38,130 WARNING: Lỗi HTTP 429 - product id: 235871185, thử lại 1/3
2025-09-22 06:38:38,190 WARNING: Lỗi HTTP 429 - product id: 235871438, thử lại 1/3
2025-09-22 06:38:40,089 WARNING: Lỗi HTTP 404: Không tim thấy product id - product id: 237819237
2025-09-22 06:38:40,440 WARNING: Lỗi HTTP 404: Không tim thấy product id - product id: 239142056
2025-09-22 06:38:40,989 WARNING: Lỗi HTTP 404: Không tim thấy product id - product id: 239178180
2025-09-22 06:38:41,858 WARNING: Lỗi HTTP 404: Không tim thấy product id - product id: 240474641
2025-09-22 06:38:44,665 INFO: Đã commit batch 179 (1000 sản phẩm)
2025-09-22 06:38:44,701 INFO: Đã ghi 993 sản phẩm vào file /home/quannh/projects_de/project_2/output/products_batch_179_993_ids.csv
2025-09-22 06:38:44,731 INFO: Bắt đầu crawl batch 180 (1000 sản phẩm)
2025-09-22 06:38:45,251 WARNING: Lỗi HTTP 429 - product id: 241983327, thử lại 1/3
2025-09-22 06:38:45,363 WARNING: Lỗi HTTP 429 - product id: 241983359, thử lại 1/3
2025-09-22 06:38:45,402 WARNING: Lỗi HTTP 429 - product id: 241983368, thử lại 1/3
2025-09-22 06:38:45,462 WARNING: Lỗi HTTP 429 - product id: 241984933, thử lại 1/3
2025-09-22 06:38:45,497 WARNING: Lỗi HTTP 429 - product id: 241991473, thử lại 1/3
2025-09-22 06:38:45,557 WARNING: Lỗi HTTP 429 - product id: 241992468, thử lại 1/3
2025-09-22 06:38:46,563 WARNING: Lỗi HTTP 429 - product id: 242042911, thử lại 1/3
2025-09-22 06:38:46,701 WARNING: Lỗi HTTP 429 - product id: 242066767, thử lại 1/3
2025-09-22 06:38:46,703 WARNING: Lỗi HTTP 429 - product id: 242066567, thử lại 1/3
2025-09-22 06:38:46,807 WARNING: Lỗi HTTP 429 - product id: 242075073, thử lại 1/3
2025-09-22 06:38:46,866 WARNING: Lỗi HTTP 429 - product id: 242075077, thử lại 1/3
2025-09-22 06:38:46,893 WARNING: Lỗi HTTP 429 - product id: 242075759, thử lại 1/3
2025-09-22 06:38:47,006 WARNING: Lỗi HTTP 429 - product id: 242078317, thử lại 1/3
2025-09-22 06:38:47,065 WARNING: Lỗi HTTP 429 - product id: 242078371, thử lại 1/3
2025-09-22 06:38:47,153 WARNING: Lỗi HTTP 429 - product id: 242078585, thử lại 1/3
2025-09-22 06:38:47,206 WARNING: Lỗi HTTP 429 - product id: 242079951, thử lại 1/3
2025-09-22 06:38:47,212 WARNING: Lỗi HTTP 429 - product id: 242083079, thử lại 1/3
2025-09-22 06:38:47,323 WARNING: Lỗi HTTP 404: Không tim thấy product id - product id: 242075879
2025-09-22 06:38:47,359 WARNING: Lỗi HTTP 429 - product id: 242084098, thử lại 1/3
2025-09-22 06:38:48,198 WARNING: Lỗi HTTP 429 - product id: 242105380, thử lại 1/3
2025-09-22 06:38:49,022 WARNING: Lỗi HTTP 404: Không tim thấy product id - product id: 242102470
2025-09-22 06:38:49,055 WARNING: Lỗi HTTP 429 - product id: 242190997, thử lại 1/3
2025-09-22 06:38:49,197 WARNING: Lỗi HTTP 429 - product id: 242200601, thử lại 1/3
2025-09-22 06:38:49,251 WARNING: Lỗi HTTP 429 - product id: 242203766, thử lại 1/3
2025-09-22 06:38:49,359 WARNING: Lỗi HTTP 429 - product id: 242212403, thử lại 1/3
2025-09-22 06:38:49,502 WARNING: Lỗi HTTP 429 - product id: 242225426, thử lại 1/3
2025-09-22 06:38:49,508 WARNING: Lỗi HTTP 429 - product id: 242222420, thử lại 1/3
2025-09-22 06:38:49,752 WARNING: Lỗi HTTP 429 - product id: 242282492, thử lại 1/3
2025-09-22 06:38:49,899 WARNING: Lỗi HTTP 429 - product id: 242292935, thử lại 1/3
2025-09-22 06:38:49,902 WARNING: Lỗi HTTP 429 - product id: 242295745, thử lại 1/3
2025-09-22 06:38:50,161 WARNING: Lỗi HTTP 429 - product id: 242406057, thử lại 1/3
2025-09-22 06:38:50,176 WARNING: Lỗi HTTP 404: Không tim thấy product id - product id: 242200678
2025-09-22 06:38:50,574 WARNING: Lỗi HTTP 404: Không tim thấy product id - product id: 242391973
2025-09-22 06:38:51,048 WARNING: Lỗi HTTP 429 - product id: 242447063, thử lại 1/3
2025-09-22 06:38:51,325 WARNING: Lỗi HTTP 404: Không tim thấy product id - product id: 242424871
2025-09-22 06:38:51,352 WARNING: Lỗi HTTP 429 - product id: 242451196, thử lại 1/3
2025-09-22 06:38:51,354 WARNING: Lỗi HTTP 429 - product id: 242451342, thử lại 1/3
2025-09-22 06:38:51,552 WARNING: Lỗi HTTP 429 - product id: 242453423, thử lại 1/3
2025-09-22 06:38:51,604 WARNING: Lỗi HTTP 429 - product id: 242457208, thử lại 1/3
2025-09-22 06:38:51,667 WARNING: Lỗi HTTP 429 - product id: 242458298, thử lại 1/3
2025-09-22 06:38:51,996 WARNING: Lỗi HTTP 429 - product id: 242474990, thử lại 1/3
2025-09-22 06:38:52,058 WARNING: Lỗi HTTP 429 - product id: 242477241, thử lại 1/3
2025-09-22 06:38:52,158 WARNING: Lỗi HTTP 429 - product id: 242482573, thử lại 1/3
2025-09-22 06:38:52,208 WARNING: Lỗi HTTP 429 - product id: 242482579, thử lại 1/3
2025-09-22 06:38:52,209 WARNING: Lỗi HTTP 429 - product id: 242482585, thử lại 1/3
2025-09-22 06:38:52,368 WARNING: Lỗi HTTP 429 - product id: 242483180, thử lại 1/3
2025-09-22 06:38:52,454 WARNING: Lỗi HTTP 429 - product id: 242483320, thử lại 1/3
2025-09-22 06:38:52,954 WARNING: Lỗi HTTP 429 - product id: 242484507, thử lại 1/3
2025-09-22 06:38:53,228 WARNING: Lỗi HTTP 404: Không tim thấy product id - product id: 242200601
2025-09-22 06:38:53,258 WARNING: Lỗi HTTP 429 - product id: 242486319, thử lại 1/3
2025-09-22 06:38:53,303 WARNING: Lỗi HTTP 429 - product id: 242486988, thử lại 1/3
2025-09-22 06:38:53,404 WARNING: Lỗi HTTP 429 - product id: 242491868, thử lại 1/3
2025-09-22 06:38:54,159 WARNING: Lỗi HTTP 429 - product id: 242525156, thử lại 1/3
2025-09-22 06:38:54,307 WARNING: Lỗi HTTP 429 - product id: 242526674, thử lại 1/3
2025-09-22 06:38:54,359 WARNING: Lỗi HTTP 429 - product id: 242527928, thử lại 1/3
2025-09-22 06:38:54,373 WARNING: Lỗi HTTP 404: Không tim thấy product id - product id: 242504261
2025-09-22 06:38:54,975 WARNING: Lỗi HTTP 404: Không tim thấy product id - product id: 242502865
2025-09-22 06:38:55,056 WARNING: Lỗi HTTP 429 - product id: 242620549, thử lại 1/3
2025-09-22 06:38:55,409 WARNING: Lỗi HTTP 429 - product id: 242625806, thử lại 1/3
2025-09-22 06:38:55,454 WARNING: Lỗi HTTP 429 - product id: 242626138, thử lại 1/3
2025-09-22 06:38:55,700 WARNING: Lỗi HTTP 429 - product id: 242634288, thử lại 1/3
2025-09-22 06:38:55,759 WARNING: Lỗi HTTP 429 - product id: 242634442, thử lại 1/3
2025-09-22 06:38:58,824 WARNING: Lỗi HTTP 404: Không tim thấy product id - product id: 242703693
2025-09-22 06:38:59,376 WARNING: Lỗi HTTP 404: Không tim thấy product id - product id: 242716498
2025-09-22 06:38:59,421 WARNING: Lỗi HTTP 404: Không tim thấy product id - product id: 242712795
2025-09-22 06:38:59,712 WARNING: Lỗi HTTP 429 - product id: 242719535, thử lại 1/3
2025-09-22 06:38:59,723 WARNING: Lỗi HTTP 404: Không tim thấy product id - product id: 242717078
2025-09-22 06:38:59,746 WARNING: Lỗi HTTP 429 - product id: 242719598, thử lại 1/3
2025-09-22 06:38:59,806 WARNING: Lỗi HTTP 429 - product id: 242722812, thử lại 1/3
2025-09-22 06:38:59,808 WARNING: Lỗi HTTP 429 - product id: 242722863, thử lại 1/3
2025-09-22 06:38:59,904 WARNING: Lỗi HTTP 429 - product id: 242724842, thử lại 1/3
2025-09-22 06:38:59,906 WARNING: Lỗi HTTP 429 - product id: 242724899, thử lại 1/3
2025-09-22 06:39:00,126 WARNING: Lỗi HTTP 404: Không tim thấy product id - product id: 242717741
2025-09-22 06:39:00,559 WARNING: Lỗi HTTP 429 - product id: 242742450, thử lại 1/3
2025-09-22 06:39:00,610 WARNING: Lỗi HTTP 429 - product id: 242742821, thử lại 1/3
2025-09-22 06:39:03,700 INFO: Đã commit batch 180 (1000 sản phẩm)
2025-09-22 06:39:03,731 INFO: Đã ghi 987 sản phẩm vào file /home/quannh/projects_de/project_2/output/products_batch_180_987_ids.csv
2025-09-22 06:39:03,762 INFO: Bắt đầu crawl batch 181 (1000 sản phẩm)
2025-09-22 06:39:04,065 WARNING: Lỗi HTTP 429 - product id: 242761982, thử lại 1/3
2025-09-22 06:39:06,534 WARNING: Lỗi HTTP 404: Không tim thấy product id - product id: 242841242
2025-09-22 06:39:06,680 WARNING: Lỗi HTTP 404: Không tim thấy product id - product id: 242859748
2025-09-22 06:39:06,687 WARNING: Lỗi HTTP 404: Không tim thấy product id - product id: 242866154
2025-09-22 06:39:06,784 WARNING: Lỗi HTTP 404: Không tim thấy product id - product id: 242882260
2025-09-22 06:39:07,033 WARNING: Lỗi HTTP 404: Không tim thấy product id - product id: 242881295
2025-09-22 06:39:07,583 WARNING: Lỗi HTTP 404: Không tim thấy product id - product id: 242999577
2025-09-22 06:39:07,618 WARNING: Lỗi HTTP 429 - product id: 243027042, thử lại 1/3
2025-09-22 06:39:07,983 WARNING: Lỗi HTTP 404: Không tim thấy product id - product id: 243017139
2025-09-22 06:39:08,062 WARNING: Lỗi HTTP 429 - product id: 243029701, thử lại 1/3
2025-09-22 06:39:08,121 WARNING: Lỗi HTTP 429 - product id: 243030066, thử lại 1/3
2025-09-22 06:39:08,312 WARNING: Lỗi HTTP 429 - product id: 243032843, thử lại 1/3
2025-09-22 06:39:08,367 WARNING: Lỗi HTTP 429 - product id: 243033786, thử lại 1/3
2025-09-22 06:39:08,375 WARNING: Lỗi HTTP 429 - product id: 243034043, thử lại 1/3
2025-09-22 06:39:08,572 WARNING: Lỗi HTTP 429 - product id: 243037389, thử lại 1/3
2025-09-22 06:39:09,872 WARNING: Lỗi HTTP 429 - product id: 243054111, thử lại 1/3
2025-09-22 06:39:10,018 WARNING: Lỗi HTTP 429 - product id: 243057825, thử lại 1/3
2025-09-22 06:39:10,357 WARNING: Lỗi HTTP 429 - product id: 243060631, thử lại 1/3
2025-09-22 06:39:11,208 WARNING: Lỗi HTTP 429 - product id: 243092557, thử lại 1/3
2025-09-22 06:39:11,287 WARNING: Lỗi HTTP 404: Không tim thấy product id - product id: 243084989
2025-09-22 06:39:11,581 WARNING: Lỗi HTTP 404: Không tim thấy product id - product id: 243084656
2025-09-22 06:39:11,732 WARNING: Lỗi HTTP 404: Không tim thấy product id - product id: 243082353
2025-09-22 06:39:12,433 WARNING: Lỗi HTTP 404: Không tim thấy product id - product id: 243223165
2025-09-22 06:39:12,882 WARNING: Lỗi HTTP 404: Không tim thấy product id - product id: 243245471
2025-09-22 06:39:13,284 WARNING: Lỗi HTTP 404: Không tim thấy product id - product id: 243300456
2025-09-22 06:39:14,684 WARNING: Lỗi HTTP 404: Không tim thấy product id - product id: 244167141
2025-09-22 06:39:14,768 WARNING: Lỗi HTTP 429 - product id: 244289790, thử lại 1/3
2025-09-22 06:39:14,869 WARNING: Lỗi HTTP 429 - product id: 244290233, thử lại 1/3
2025-09-22 06:39:16,040 WARNING: Lỗi HTTP 404: Không tim thấy product id - product id: 244306095
2025-09-22 06:39:16,832 WARNING: Lỗi HTTP 404: Không tim thấy product id - product id: 244690356
2025-09-22 06:39:17,484 WARNING: Lỗi HTTP 404: Không tim thấy product id - product id: 245218785
2025-09-22 06:39:17,635 WARNING: Lỗi HTTP 404: Không tim thấy product id - product id: 245769955
2025-09-22 06:39:17,933 WARNING: Lỗi HTTP 404: Không tim thấy product id - product id: 245773668
2025-09-22 06:39:18,033 WARNING: Lỗi HTTP 404: Không tim thấy product id - product id: 245889367
2025-09-22 06:39:18,083 WARNING: Lỗi HTTP 404: Không tim thấy product id - product id: 245900784
2025-09-22 06:39:18,185 WARNING: Lỗi HTTP 404: Không tim thấy product id - product id: 245784317
2025-09-22 06:39:18,486 WARNING: Lỗi HTTP 404: Không tim thấy product id - product id: 245787203
2025-09-22 06:39:18,536 WARNING: Lỗi HTTP 404: Không tim thấy product id - product id: 246136752
2025-09-22 06:39:18,636 WARNING: Lỗi HTTP 404: Không tim thấy product id - product id: 246162959
2025-09-22 06:39:19,186 WARNING: Lỗi HTTP 404: Không tim thấy product id - product id: 246432064
2025-09-22 06:39:19,431 WARNING: Lỗi HTTP 404: Không tim thấy product id - product id: 246209066
2025-09-22 06:39:19,434 WARNING: Lỗi HTTP 404: Không tim thấy product id - product id: 246755238
2025-09-22 06:39:19,565 WARNING: Lỗi HTTP 429 - product id: 246853706, thử lại 1/3
2025-09-22 06:39:19,582 WARNING: Lỗi HTTP 404: Không tim thấy product id - product id: 246850985
2025-09-22 06:39:19,831 WARNING: Lỗi HTTP 404: Không tim thấy product id - product id: 246770166
2025-09-22 06:39:20,033 WARNING: Lỗi HTTP 404: Không tim thấy product id - product id: 246856167
2025-09-22 06:39:20,087 WARNING: Lỗi HTTP 404: Không tim thấy product id - product id: 246856195
2025-09-22 06:39:20,132 WARNING: Lỗi HTTP 404: Không tim thấy product id - product id: 246851142
2025-09-22 06:39:20,237 WARNING: Lỗi HTTP 404: Không tim thấy product id - product id: 246853057
2025-09-22 06:39:20,484 WARNING: Lỗi HTTP 404: Không tim thấy product id - product id: 246852873
2025-09-22 06:39:22,657 INFO: Đã commit batch 181 (1000 sản phẩm)
2025-09-22 06:39:22,690 INFO: Đã ghi 965 sản phẩm vào file /home/quannh/projects_de/project_2/output/products_batch_181_965_ids.csv
2025-09-22 06:39:22,720 INFO: Bắt đầu crawl batch 182 (1000 sản phẩm)
2025-09-22 06:39:22,791 WARNING: Lỗi HTTP 404: Không tim thấy product id - product id: 246856779
2025-09-22 06:39:22,792 WARNING: Lỗi HTTP 404: Không tim thấy product id - product id: 246856721
2025-09-22 06:39:23,440 WARNING: Lỗi HTTP 404: Không tim thấy product id - product id: 246960313
2025-09-22 06:39:24,991 WARNING: Lỗi HTTP 404: Không tim thấy product id - product id: 247238593
2025-09-22 06:39:25,044 WARNING: Lỗi HTTP 404: Không tim thấy product id - product id: 247238807
2025-09-22 06:39:25,341 WARNING: Lỗi HTTP 404: Không tim thấy product id - product id: 247249283
2025-09-22 06:39:25,490 WARNING: Lỗi HTTP 404: Không tim thấy product id - product id: 247247956
2025-09-22 06:39:26,689 WARNING: Lỗi HTTP 404: Không tim thấy product id - product id: 247275270
2025-09-22 06:39:27,042 WARNING: Lỗi HTTP 404: Không tim thấy product id - product id: 247288733
2025-09-22 06:39:29,876 WARNING: Lỗi HTTP 429 - product id: 247436740, thử lại 1/3
2025-09-22 06:39:29,876 WARNING: Lỗi HTTP 429 - product id: 247437269, thử lại 1/3
2025-09-22 06:39:29,919 WARNING: Lỗi HTTP 429 - product id: 247437307, thử lại 1/3
2025-09-22 06:39:29,923 WARNING: Lỗi HTTP 429 - product id: 247437355, thử lại 1/3
2025-09-22 06:39:30,079 WARNING: Lỗi HTTP 429 - product id: 247446032, thử lại 1/3
2025-09-22 06:39:30,224 WARNING: Lỗi HTTP 429 - product id: 247448169, thử lại 1/3
2025-09-22 06:39:30,319 WARNING: Lỗi HTTP 429 - product id: 247448498, thử lại 1/3
2025-09-22 06:39:30,322 WARNING: Lỗi HTTP 429 - product id: 247449409, thử lại 1/3
2025-09-22 06:39:30,580 WARNING: Lỗi HTTP 429 - product id: 247461230, thử lại 1/3
2025-09-22 06:39:30,673 WARNING: Lỗi HTTP 429 - product id: 247463419, thử lại 1/3
2025-09-22 06:39:31,764 WARNING: Lỗi HTTP 429 - product id: 247657374, thử lại 1/3
2025-09-22 06:39:31,782 WARNING: Lỗi HTTP 429 - product id: 247657695, thử lại 1/3
2025-09-22 06:39:31,821 WARNING: Lỗi HTTP 429 - product id: 247657823, thử lại 1/3
2025-09-22 06:39:31,975 WARNING: Lỗi HTTP 429 - product id: 247658356, thử lại 1/3
2025-09-22 06:39:33,592 WARNING: Lỗi HTTP 404: Không tim thấy product id - product id: 247666472
2025-09-22 06:39:33,688 WARNING: Lỗi HTTP 404: Không tim thấy product id - product id: 247437307
2025-09-22 06:39:34,113 WARNING: Lỗi HTTP 429 - product id: 247705576, thử lại 1/3
2025-09-22 06:39:34,166 WARNING: Lỗi HTTP 429 - product id: 247706548, thử lại 1/3
2025-09-22 06:39:34,338 WARNING: Lỗi HTTP 404: Không tim thấy product id - product id: 247449409
2025-09-22 06:39:35,269 WARNING: Lỗi HTTP 429 - product id: 247785118, thử lại 1/3
2025-09-22 06:39:35,318 WARNING: Lỗi HTTP 429 - product id: 247785259, thử lại 1/3
2025-09-22 06:39:36,018 WARNING: Lỗi HTTP 429 - product id: 247790955, thử lại 1/3
2025-09-22 06:39:36,020 WARNING: Lỗi HTTP 429 - product id: 247790996, thử lại 1/3
2025-09-22 06:39:36,067 WARNING: Lỗi HTTP 429 - product id: 247791044, thử lại 1/3
2025-09-22 06:39:36,090 WARNING: Lỗi HTTP 404: Không tim thấy product id - product id: 247788323
2025-09-22 06:39:36,132 WARNING: Lỗi HTTP 429 - product id: 247791276, thử lại 1/3
2025-09-22 06:39:36,341 WARNING: Lỗi HTTP 404: Không tim thấy product id - product id: 247788420
2025-09-22 06:39:36,368 WARNING: Lỗi HTTP 429 - product id: 247792052, thử lại 1/3
2025-09-22 06:39:36,588 WARNING: Lỗi HTTP 404: Không tim thấy product id - product id: 247788646
2025-09-22 06:39:36,642 WARNING: Lỗi HTTP 404: Không tim thấy product id - product id: 247788699
2025-09-22 06:39:37,171 WARNING: Lỗi HTTP 429 - product id: 247797121, thử lại 1/3
2025-09-22 06:39:38,078 WARNING: Lỗi HTTP 429 - product id: 247820735, thử lại 1/3
2025-09-22 06:39:38,120 WARNING: Lỗi HTTP 429 - product id: 247821647, thử lại 1/3
2025-09-22 06:39:38,123 WARNING: Lỗi HTTP 429 - product id: 247821875, thử lại 1/3
2025-09-22 06:39:38,369 WARNING: Lỗi HTTP 429 - product id: 247829987, thử lại 1/3
2025-09-22 06:39:41,456 INFO: Đã commit batch 182 (1000 sản phẩm)
2025-09-22 06:39:41,486 INFO: Đã ghi 984 sản phẩm vào file /home/quannh/projects_de/project_2/output/products_batch_182_984_ids.csv
2025-09-22 06:39:41,515 INFO: Bắt đầu crawl batch 183 (1000 sản phẩm)
2025-09-22 06:39:42,012 WARNING: Lỗi HTTP 429 - product id: 247885139, thử lại 1/3
2025-09-22 06:39:42,067 WARNING: Lỗi HTTP 429 - product id: 247891671, thử lại 1/3
2025-09-22 06:39:42,076 WARNING: Lỗi HTTP 429 - product id: 247891952, thử lại 1/3
2025-09-22 06:39:42,111 WARNING: Lỗi HTTP 429 - product id: 247892492, thử lại 1/3
2025-09-22 06:39:42,173 WARNING: Lỗi HTTP 429 - product id: 247899245, thử lại 1/3
2025-09-22 06:39:42,564 WARNING: Lỗi HTTP 429 - product id: 247904410, thử lại 1/3
2025-09-22 06:39:42,861 WARNING: Lỗi HTTP 429 - product id: 247907230, thử lại 1/3
2025-09-22 06:39:42,908 WARNING: Lỗi HTTP 429 - product id: 247907267, thử lại 1/3
2025-09-22 06:39:43,071 WARNING: Lỗi HTTP 429 - product id: 247933253, thử lại 1/3
2025-09-22 06:39:43,988 WARNING: Lỗi HTTP 404: Không tim thấy product id - product id: 247922159
2025-09-22 06:39:44,287 WARNING: Lỗi HTTP 404: Không tim thấy product id - product id: 247950409
2025-09-22 06:39:45,010 WARNING: Lỗi HTTP 429 - product id: 248084594, thử lại 1/3
2025-09-22 06:39:45,637 WARNING: Lỗi HTTP 404: Không tim thấy product id - product id: 248113986
2025-09-22 06:39:46,417 WARNING: Lỗi HTTP 429 - product id: 248206077, thử lại 1/3
2025-09-22 06:39:46,439 WARNING: Lỗi HTTP 404: Không tim thấy product id - product id: 248154660
2025-09-22 06:39:47,585 WARNING: Lỗi HTTP 404: Không tim thấy product id - product id: 248215260
2025-09-22 06:39:50,122 WARNING: Lỗi HTTP 429 - product id: 248351370, thử lại 1/3
2025-09-22 06:39:50,316 WARNING: Lỗi HTTP 429 - product id: 248357849, thử lại 1/3
2025-09-22 06:39:50,359 WARNING: Lỗi HTTP 429 - product id: 248359391, thử lại 1/3
2025-09-22 06:39:50,923 WARNING: Lỗi HTTP 429 - product id: 248386688, thử lại 1/3
2025-09-22 06:39:50,934 WARNING: Lỗi HTTP 404: Không tim thấy product id - product id: 248353725
2025-09-22 06:39:51,914 WARNING: Lỗi HTTP 429 - product id: 248428203, thử lại 1/3
2025-09-22 06:39:53,188 WARNING: Lỗi HTTP 404: Không tim thấy product id - product id: 248492481
2025-09-22 06:39:53,238 WARNING: Lỗi HTTP 404: Không tim thấy product id - product id: 248494132
2025-09-22 06:39:53,290 WARNING: Lỗi HTTP 404: Không tim thấy product id - product id: 248494625
2025-09-22 06:39:53,338 WARNING: Lỗi HTTP 404: Không tim thấy product id - product id: 248494657
2025-09-22 06:39:53,356 WARNING: Lỗi HTTP 429 - product id: 248505198, thử lại 1/3
2025-09-22 06:39:53,433 WARNING: Lỗi HTTP 404: Không tim thấy product id - product id: 248496424
2025-09-22 06:39:53,614 WARNING: Lỗi HTTP 429 - product id: 248359391, thử lại 2/3
2025-09-22 06:39:53,676 WARNING: Lỗi HTTP 429 - product id: 248537580, thử lại 1/3
2025-09-22 06:39:53,789 WARNING: Lỗi HTTP 404: Không tim thấy product id - product id: 248491779
2025-09-22 06:39:53,937 WARNING: Lỗi HTTP 404: Không tim thấy product id - product id: 248493276
2025-09-22 06:39:53,938 WARNING: Lỗi HTTP 404: Không tim thấy product id - product id: 248495222
2025-09-22 06:39:53,968 WARNING: Lỗi HTTP 429 - product id: 248542451, thử lại 1/3
2025-09-22 06:39:53,983 WARNING: Lỗi HTTP 404: Không tim thấy product id - product id: 248495488
2025-09-22 06:39:54,034 WARNING: Lỗi HTTP 404: Không tim thấy product id - product id: 248496686
2025-09-22 06:39:54,043 WARNING: Lỗi HTTP 429 - product id: 248544679, thử lại 1/3
2025-09-22 06:39:54,061 WARNING: Lỗi HTTP 429 - product id: 248544964, thử lại 1/3
2025-09-22 06:39:54,165 WARNING: Lỗi HTTP 429 - product id: 248546137, thử lại 1/3
2025-09-22 06:39:54,220 WARNING: Lỗi HTTP 429 - product id: 248546254, thử lại 1/3
2025-09-22 06:39:54,319 WARNING: Lỗi HTTP 429 - product id: 248546348, thử lại 1/3
2025-09-22 06:39:54,575 WARNING: Lỗi HTTP 429 - product id: 248554630, thử lại 1/3
2025-09-22 06:39:54,618 WARNING: Lỗi HTTP 429 - product id: 248554651, thử lại 1/3
2025-09-22 06:39:54,659 WARNING: Lỗi HTTP 429 - product id: 248554658, thử lại 1/3
2025-09-22 06:39:54,711 WARNING: Lỗi HTTP 429 - product id: 248556388, thử lại 1/3
2025-09-22 06:39:54,738 WARNING: Lỗi HTTP 404: Không tim thấy product id - product id: 248540527
2025-09-22 06:39:55,070 WARNING: Lỗi HTTP 429 - product id: 248573997, thử lại 1/3
2025-09-22 06:39:55,265 WARNING: Lỗi HTTP 429 - product id: 248587553, thử lại 1/3
2025-09-22 06:39:55,324 WARNING: Lỗi HTTP 429 - product id: 248589395, thử lại 1/3
2025-09-22 06:39:57,336 WARNING: Lỗi HTTP 404: Không tim thấy product id - product id: 248619617
2025-09-22 06:39:57,638 WARNING: Lỗi HTTP 404: Không tim thấy product id - product id: 248638676
2025-09-22 06:39:59,713 INFO: Đã commit batch 183 (1000 sản phẩm)
2025-09-22 06:39:59,746 INFO: Đã ghi 981 sản phẩm vào file /home/quannh/projects_de/project_2/output/products_batch_183_981_ids.csv
2025-09-22 06:39:59,776 INFO: Bắt đầu crawl batch 184 (1000 sản phẩm)
2025-09-22 06:40:00,450 WARNING: Lỗi HTTP 404: Không tim thấy product id - product id: 248644380
2025-09-22 06:40:02,330 WARNING: Lỗi HTTP 429 - product id: 248758824, thử lại 1/3
2025-09-22 06:40:02,800 WARNING: Lỗi HTTP 404: Không tim thấy product id - product id: 248746103
2025-09-22 06:40:04,500 WARNING: Lỗi HTTP 404: Không tim thấy product id - product id: 248777924
2025-09-22 06:40:04,753 WARNING: Lỗi HTTP 404: Không tim thấy product id - product id: 248783003
2025-09-22 06:40:04,781 WARNING: Lỗi HTTP 429 - product id: 248799078, thử lại 1/3
2025-09-22 06:40:04,880 WARNING: Lỗi HTTP 429 - product id: 248799767, thử lại 1/3
2025-09-22 06:40:04,939 WARNING: Lỗi HTTP 429 - product id: 248800195, thử lại 1/3
2025-09-22 06:40:04,972 WARNING: Lỗi HTTP 429 - product id: 248800499, thử lại 1/3
2025-09-22 06:40:05,282 WARNING: Lỗi HTTP 429 - product id: 248821839, thử lại 1/3
2025-09-22 06:40:05,330 WARNING: Lỗi HTTP 429 - product id: 248822867, thử lại 1/3
2025-09-22 06:40:05,335 WARNING: Lỗi HTTP 429 - product id: 248827420, thử lại 1/3
2025-09-22 06:40:05,381 WARNING: Lỗi HTTP 429 - product id: 248835996, thử lại 1/3
2025-09-22 06:40:05,392 WARNING: Lỗi HTTP 429 - product id: 248837912, thử lại 1/3
2025-09-22 06:40:05,632 WARNING: Lỗi HTTP 429 - product id: 248868294, thử lại 1/3
2025-09-22 06:40:06,236 WARNING: Lỗi HTTP 429 - product id: 248891512, thử lại 1/3
2025-09-22 06:40:06,278 WARNING: Lỗi HTTP 429 - product id: 248894670, thử lại 1/3
2025-09-22 06:40:06,331 WARNING: Lỗi HTTP 429 - product id: 248895315, thử lại 1/3
2025-09-22 06:40:06,340 WARNING: Lỗi HTTP 429 - product id: 248898033, thử lại 1/3
2025-09-22 06:40:06,434 WARNING: Lỗi HTTP 429 - product id: 248902084, thử lại 1/3
2025-09-22 06:40:06,448 WARNING: Lỗi HTTP 404: Không tim thấy product id - product id: 248865886
2025-09-22 06:40:06,450 WARNING: Lỗi HTTP 404: Không tim thấy product id - product id: 248858613
2025-09-22 06:40:06,515 WARNING: Lỗi HTTP 429 - product id: 248906948, thử lại 1/3
2025-09-22 06:40:06,767 WARNING: Lỗi HTTP 404: Không tim thấy product id - product id: 248884068
2025-09-22 06:40:07,151 WARNING: Lỗi HTTP 404: Không tim thấy product id - product id: 248916220
2025-09-22 06:40:07,977 WARNING: Lỗi HTTP 429 - product id: 248977497, thử lại 1/3
2025-09-22 06:40:07,980 WARNING: Lỗi HTTP 429 - product id: 248977614, thử lại 1/3
2025-09-22 06:40:08,334 WARNING: Lỗi HTTP 429 - product id: 248986743, thử lại 1/3
2025-09-22 06:40:08,378 WARNING: Lỗi HTTP 429 - product id: 248989621, thử lại 1/3
2025-09-22 06:40:08,678 WARNING: Lỗi HTTP 429 - product id: 248998859, thử lại 1/3
2025-09-22 06:40:09,078 WARNING: Lỗi HTTP 429 - product id: 249005172, thử lại 1/3
2025-09-22 06:40:09,127 WARNING: Lỗi HTTP 429 - product id: 249005260, thử lại 1/3
2025-09-22 06:40:09,141 WARNING: Lỗi HTTP 429 - product id: 249005345, thử lại 1/3
2025-09-22 06:40:09,205 WARNING: Lỗi HTTP 429 - product id: 249005591, thử lại 1/3
2025-09-22 06:40:09,247 WARNING: Lỗi HTTP 429 - product id: 249005593, thử lại 1/3
2025-09-22 06:40:09,333 WARNING: Lỗi HTTP 429 - product id: 249005959, thử lại 1/3
2025-09-22 06:40:09,492 WARNING: Lỗi HTTP 429 - product id: 249006407, thử lại 1/3
2025-09-22 06:40:09,743 WARNING: Lỗi HTTP 429 - product id: 249009910, thử lại 1/3
2025-09-22 06:40:10,046 WARNING: Lỗi HTTP 429 - product id: 249017750, thử lại 1/3
2025-09-22 06:40:10,135 WARNING: Lỗi HTTP 429 - product id: 249021227, thử lại 1/3
2025-09-22 06:40:10,390 WARNING: Lỗi HTTP 429 - product id: 249026882, thử lại 1/3
2025-09-22 06:40:10,525 WARNING: Lỗi HTTP 429 - product id: 249027942, thử lại 1/3
2025-09-22 06:40:10,573 WARNING: Lỗi HTTP 429 - product id: 249028222, thử lại 1/3
2025-09-22 06:40:10,894 WARNING: Lỗi HTTP 429 - product id: 249032881, thử lại 1/3
2025-09-22 06:40:10,978 WARNING: Lỗi HTTP 429 - product id: 249035500, thử lại 1/3
2025-09-22 06:40:10,979 WARNING: Lỗi HTTP 429 - product id: 249035511, thử lại 1/3
2025-09-22 06:40:11,130 WARNING: Lỗi HTTP 429 - product id: 249037839, thử lại 1/3
2025-09-22 06:40:11,179 WARNING: Lỗi HTTP 429 - product id: 249039223, thử lại 1/3
2025-09-22 06:40:11,179 WARNING: Lỗi HTTP 429 - product id: 249040750, thử lại 1/3
2025-09-22 06:40:11,230 WARNING: Lỗi HTTP 429 - product id: 249043530, thử lại 1/3
2025-09-22 06:40:11,586 WARNING: Lỗi HTTP 429 - product id: 249054665, thử lại 1/3
2025-09-22 06:40:12,138 WARNING: Lỗi HTTP 429 - product id: 249091286, thử lại 1/3
2025-09-22 06:40:12,184 WARNING: Lỗi HTTP 429 - product id: 249092043, thử lại 1/3
2025-09-22 06:40:13,101 WARNING: Lỗi HTTP 404: Không tim thấy product id - product id: 249093147
2025-09-22 06:40:13,948 WARNING: Lỗi HTTP 404: Không tim thấy product id - product id: 249017750
2025-09-22 06:40:16,778 INFO: Đã commit batch 184 (1000 sản phẩm)
2025-09-22 06:40:16,812 INFO: Đã ghi 990 sản phẩm vào file /home/quannh/projects_de/project_2/output/products_batch_184_990_ids.csv
2025-09-22 06:40:16,842 INFO: Bắt đầu crawl batch 185 (1000 sản phẩm)
2025-09-22 06:40:17,038 WARNING: Lỗi HTTP 429 - product id: 249192516, thử lại 1/3
2025-09-22 06:40:17,196 WARNING: Lỗi HTTP 429 - product id: 249195527, thử lại 1/3
2025-09-22 06:40:18,286 WARNING: Lỗi HTTP 429 - product id: 249204571, thử lại 1/3
2025-09-22 06:40:24,842 WARNING: Lỗi HTTP 429 - product id: 249294192, thử lại 1/3
2025-09-22 06:40:25,347 WARNING: Lỗi HTTP 429 - product id: 249354147, thử lại 1/3
2025-09-22 06:40:25,399 WARNING: Lỗi HTTP 429 - product id: 249356318, thử lại 1/3
2025-09-22 06:40:25,488 WARNING: Lỗi HTTP 429 - product id: 249369969, thử lại 1/3
2025-09-22 06:40:25,538 WARNING: Lỗi HTTP 429 - product id: 249372804, thử lại 1/3
2025-09-22 06:40:25,600 WARNING: Lỗi HTTP 429 - product id: 249373933, thử lại 1/3
2025-09-22 06:40:25,602 WARNING: Lỗi HTTP 429 - product id: 249373512, thử lại 1/3
2025-09-22 06:40:27,243 WARNING: Lỗi HTTP 429 - product id: 249502008, thử lại 1/3
2025-09-22 06:40:27,441 WARNING: Lỗi HTTP 429 - product id: 249531756, thử lại 1/3
2025-09-22 06:40:27,603 WARNING: Lỗi HTTP 429 - product id: 249535161, thử lại 1/3
2025-09-22 06:40:27,682 WARNING: Lỗi HTTP 429 - product id: 249557295, thử lại 1/3
2025-09-22 06:40:27,748 WARNING: Lỗi HTTP 429 - product id: 249568491, thử lại 1/3
2025-09-22 06:40:27,793 WARNING: Lỗi HTTP 429 - product id: 249570004, thử lại 1/3
2025-09-22 06:40:27,936 WARNING: Lỗi HTTP 429 - product id: 249570155, thử lại 1/3
2025-09-22 06:40:27,994 WARNING: Lỗi HTTP 429 - product id: 249570185, thử lại 1/3
2025-09-22 06:40:28,139 WARNING: Lỗi HTTP 429 - product id: 249570935, thử lại 1/3
2025-09-22 06:40:28,148 WARNING: Lỗi HTTP 429 - product id: 249571091, thử lại 1/3
2025-09-22 06:40:28,191 WARNING: Lỗi HTTP 429 - product id: 249573848, thử lại 1/3
2025-09-22 06:40:28,334 WARNING: Lỗi HTTP 429 - product id: 249577017, thử lại 1/3
2025-09-22 06:40:28,448 WARNING: Lỗi HTTP 429 - product id: 249578588, thử lại 1/3
2025-09-22 06:40:28,452 WARNING: Lỗi HTTP 429 - product id: 249578925, thử lại 1/3
2025-09-22 06:40:28,683 WARNING: Lỗi HTTP 429 - product id: 249373512, thử lại 2/3
2025-09-22 06:40:29,085 WARNING: Lỗi HTTP 429 - product id: 249584747, thử lại 1/3
2025-09-22 06:40:29,865 WARNING: Lỗi HTTP 404: Không tim thấy product id - product id: 249600827
2025-09-22 06:40:29,914 WARNING: Lỗi HTTP 404: Không tim thấy product id - product id: 249601697
2025-09-22 06:40:29,932 WARNING: Lỗi HTTP 429 - product id: 249635176, thử lại 1/3
2025-09-22 06:40:29,965 WARNING: Lỗi HTTP 404: Không tim thấy product id - product id: 249602001
2025-09-22 06:40:30,012 WARNING: Lỗi HTTP 404: Không tim thấy product id - product id: 249591076
2025-09-22 06:40:30,015 WARNING: Lỗi HTTP 404: Không tim thấy product id - product id: 249602668
2025-09-22 06:40:30,397 WARNING: Lỗi HTTP 429 - product id: 249650823, thử lại 1/3
2025-09-22 06:40:30,411 WARNING: Lỗi HTTP 404: Không tim thấy product id - product id: 249601462
2025-09-22 06:40:30,452 WARNING: Lỗi HTTP 429 - product id: 249651397, thử lại 1/3
2025-09-22 06:40:30,465 WARNING: Lỗi HTTP 404: Không tim thấy product id - product id: 249601277
2025-09-22 06:40:30,561 WARNING: Lỗi HTTP 404: Không tim thấy product id - product id: 249610710
2025-09-22 06:40:30,589 WARNING: Lỗi HTTP 429 - product id: 249657407, thử lại 1/3
2025-09-22 06:40:30,964 WARNING: Lỗi HTTP 404: Không tim thấy product id - product id: 249662613
2025-09-22 06:40:31,169 WARNING: Lỗi HTTP 429 - product id: 249570185, thử lại 2/3
2025-09-22 06:40:31,249 WARNING: Lỗi HTTP 429 - product id: 249570935, thử lại 2/3
2025-09-22 06:40:31,336 WARNING: Lỗi HTTP 429 - product id: 249573848, thử lại 2/3
2025-09-22 06:40:31,395 WARNING: Lỗi HTTP 429 - product id: 249670702, thử lại 1/3
2025-09-22 06:40:31,562 WARNING: Lỗi HTTP 404: Không tim thấy product id - product id: 249657398
2025-09-22 06:40:31,612 WARNING: Lỗi HTTP 404: Không tim thấy product id - product id: 249657975
2025-09-22 06:40:32,397 WARNING: Lỗi HTTP 429 - product id: 249693946, thử lại 1/3
2025-09-22 06:40:32,443 WARNING: Lỗi HTTP 429 - product id: 249693953, thử lại 1/3
2025-09-22 06:40:32,443 WARNING: Lỗi HTTP 429 - product id: 249693972, thử lại 1/3
2025-09-22 06:40:32,499 WARNING: Lỗi HTTP 429 - product id: 249697102, thử lại 1/3
2025-09-22 06:40:32,537 WARNING: Lỗi HTTP 429 - product id: 249698912, thử lại 1/3
2025-09-22 06:40:32,545 WARNING: Lỗi HTTP 429 - product id: 249699095, thử lại 1/3
2025-09-22 06:40:32,584 WARNING: Lỗi HTTP 429 - product id: 249712272, thử lại 1/3
2025-09-22 06:40:32,594 WARNING: Lỗi HTTP 429 - product id: 249712298, thử lại 1/3
2025-09-22 06:40:32,638 WARNING: Lỗi HTTP 429 - product id: 249717749, thử lại 1/3
2025-09-22 06:40:37,427 INFO: Đã commit batch 185 (1000 sản phẩm)
2025-09-22 06:40:37,461 INFO: Đã ghi 989 sản phẩm vào file /home/quannh/projects_de/project_2/output/products_batch_185_989_ids.csv
2025-09-22 06:40:37,491 INFO: Bắt đầu crawl batch 186 (1000 sản phẩm)
2025-09-22 06:40:38,793 WARNING: Lỗi HTTP 429 - product id: 249776586, thử lại 1/3
2025-09-22 06:40:41,296 WARNING: Lỗi HTTP 429 - product id: 249867821, thử lại 1/3
2025-09-22 06:40:41,354 WARNING: Lỗi HTTP 429 - product id: 249868005, thử lại 1/3
2025-09-22 06:40:41,688 WARNING: Lỗi HTTP 429 - product id: 249874952, thử lại 1/3
2025-09-22 06:40:41,697 WARNING: Lỗi HTTP 429 - product id: 249875068, thử lại 1/3
2025-09-22 06:40:41,794 WARNING: Lỗi HTTP 429 - product id: 249877178, thử lại 1/3
2025-09-22 06:40:41,885 WARNING: Lỗi HTTP 429 - product id: 249883043, thử lại 1/3
2025-09-22 06:40:41,888 WARNING: Lỗi HTTP 429 - product id: 249883330, thử lại 1/3
2025-09-22 06:40:41,945 WARNING: Lỗi HTTP 429 - product id: 249884372, thử lại 1/3
2025-09-22 06:40:42,538 WARNING: Lỗi HTTP 429 - product id: 249893418, thử lại 1/3
2025-09-22 06:40:42,588 WARNING: Lỗi HTTP 429 - product id: 249893442, thử lại 1/3
2025-09-22 06:40:42,639 WARNING: Lỗi HTTP 429 - product id: 249893637, thử lại 1/3
2025-09-22 06:40:42,650 WARNING: Lỗi HTTP 429 - product id: 249895499, thử lại 1/3
2025-09-22 06:40:42,681 WARNING: Lỗi HTTP 429 - product id: 249896786, thử lại 1/3
2025-09-22 06:40:42,690 WARNING: Lỗi HTTP 429 - product id: 249896820, thử lại 1/3
2025-09-22 06:40:42,753 WARNING: Lỗi HTTP 429 - product id: 249906911, thử lại 1/3
2025-09-22 06:40:42,838 WARNING: Lỗi HTTP 429 - product id: 249912832, thử lại 1/3
2025-09-22 06:40:42,838 WARNING: Lỗi HTTP 429 - product id: 249912043, thử lại 1/3
2025-09-22 06:40:43,039 WARNING: Lỗi HTTP 429 - product id: 249923485, thử lại 1/3
2025-09-22 06:40:43,886 WARNING: Lỗi HTTP 429 - product id: 249942401, thử lại 1/3
2025-09-22 06:40:44,392 WARNING: Lỗi HTTP 429 - product id: 249947462, thử lại 1/3
2025-09-22 06:40:44,539 WARNING: Lỗi HTTP 429 - product id: 249947539, thử lại 1/3
2025-09-22 06:40:44,539 WARNING: Lỗi HTTP 429 - product id: 249947564, thử lại 1/3
2025-09-22 06:40:44,587 WARNING: Lỗi HTTP 429 - product id: 249947960, thử lại 1/3
2025-09-22 06:40:44,789 WARNING: Lỗi HTTP 429 - product id: 249949055, thử lại 1/3
2025-09-22 06:40:44,897 WARNING: Lỗi HTTP 429 - product id: 249952878, thử lại 1/3
2025-09-22 06:40:45,046 WARNING: Lỗi HTTP 429 - product id: 249958433, thử lại 1/3
2025-09-22 06:40:45,459 WARNING: Lỗi HTTP 404: Không tim thấy product id - product id: 249947528
2025-09-22 06:40:45,703 WARNING: Lỗi HTTP 429 - product id: 249893637, thử lại 2/3
2025-09-22 06:40:45,784 WARNING: Lỗi HTTP 429 - product id: 249997185, thử lại 1/3
2025-09-22 06:40:45,791 WARNING: Lỗi HTTP 429 - product id: 249997749, thử lại 1/3
2025-09-22 06:40:45,833 WARNING: Lỗi HTTP 429 - product id: 249997827, thử lại 1/3
2025-09-22 06:40:45,894 WARNING: Lỗi HTTP 429 - product id: 250000543, thử lại 1/3
2025-09-22 06:40:45,944 WARNING: Lỗi HTTP 429 - product id: 250000569, thử lại 1/3
2025-09-22 06:40:46,152 WARNING: Lỗi HTTP 429 - product id: 250001123, thử lại 1/3
2025-09-22 06:40:46,232 WARNING: Lỗi HTTP 429 - product id: 250002707, thử lại 1/3
2025-09-22 06:40:46,451 WARNING: Lỗi HTTP 429 - product id: 250002971, thử lại 1/3
2025-09-22 06:40:46,498 WARNING: Lỗi HTTP 429 - product id: 250003030, thử lại 1/3
2025-09-22 06:40:47,245 WARNING: Lỗi HTTP 429 - product id: 250004122, thử lại 1/3
2025-09-22 06:40:48,363 WARNING: Lỗi HTTP 404: Không tim thấy product id - product id: 250010817
2025-09-22 06:40:49,609 WARNING: Lỗi HTTP 404: Không tim thấy product id - product id: 250086235
2025-09-22 06:40:50,268 WARNING: Lỗi HTTP 404: Không tim thấy product id - product id: 250099753
2025-09-22 06:40:50,408 WARNING: Lỗi HTTP 404: Không tim thấy product id - product id: 250099921
2025-09-22 06:40:50,457 WARNING: Lỗi HTTP 404: Không tim thấy product id - product id: 250100139
2025-09-22 06:40:51,360 WARNING: Lỗi HTTP 404: Không tim thấy product id - product id: 250118468
2025-09-22 06:40:51,463 WARNING: Lỗi HTTP 404: Không tim thấy product id - product id: 250117849
2025-09-22 06:40:51,838 WARNING: Lỗi HTTP 429 - product id: 250461373, thử lại 1/3
2025-09-22 06:40:51,900 WARNING: Lỗi HTTP 429 - product id: 250463534, thử lại 1/3
2025-09-22 06:40:51,998 WARNING: Lỗi HTTP 429 - product id: 250488239, thử lại 1/3
2025-09-22 06:40:52,045 WARNING: Lỗi HTTP 429 - product id: 250493016, thử lại 1/3
2025-09-22 06:40:52,293 WARNING: Lỗi HTTP 429 - product id: 250560990, thử lại 1/3
2025-09-22 06:40:52,793 WARNING: Lỗi HTTP 429 - product id: 250960364, thử lại 1/3
2025-09-22 06:40:52,993 WARNING: Lỗi HTTP 429 - product id: 251013813, thử lại 1/3
2025-09-22 06:40:53,002 WARNING: Lỗi HTTP 429 - product id: 251014152, thử lại 1/3
2025-09-22 06:40:53,040 WARNING: Lỗi HTTP 429 - product id: 251014293, thử lại 1/3
2025-09-22 06:40:53,044 WARNING: Lỗi HTTP 429 - product id: 251014412, thử lại 1/3
2025-09-22 06:40:53,092 WARNING: Lỗi HTTP 429 - product id: 251015531, thử lại 1/3
2025-09-22 06:40:53,187 WARNING: Lỗi HTTP 429 - product id: 251020920, thử lại 1/3
2025-09-22 06:40:53,190 WARNING: Lỗi HTTP 429 - product id: 251020937, thử lại 1/3
2025-09-22 06:40:53,244 WARNING: Lỗi HTTP 429 - product id: 251021240, thử lại 1/3
2025-09-22 06:40:56,337 INFO: Đã commit batch 186 (1000 sản phẩm)
2025-09-22 06:40:56,372 INFO: Đã ghi 992 sản phẩm vào file /home/quannh/projects_de/project_2/output/products_batch_186_992_ids.csv
2025-09-22 06:40:56,401 INFO: Bắt đầu crawl batch 187 (1000 sản phẩm)
2025-09-22 06:40:56,673 WARNING: Lỗi HTTP 404: Không tim thấy product id - product id: 251102827
2025-09-22 06:40:56,958 WARNING: Lỗi HTTP 429 - product id: 251265358, thử lại 1/3
2025-09-22 06:40:57,123 WARNING: Lỗi HTTP 404: Không tim thấy product id - product id: 251262713
2025-09-22 06:40:57,190 WARNING: Lỗi HTTP 429 - product id: 251265930, thử lại 1/3
2025-09-22 06:40:57,272 WARNING: Lỗi HTTP 404: Không tim thấy product id - product id: 251265337
2025-09-22 06:40:57,372 WARNING: Lỗi HTTP 404: Không tim thấy product id - product id: 251265500
2025-09-22 06:40:57,422 WARNING: Lỗi HTTP 404: Không tim thấy product id - product id: 251265507
2025-09-22 06:40:57,574 WARNING: Lỗi HTTP 404: Không tim thấy product id - product id: 251265271
2025-09-22 06:40:57,574 WARNING: Lỗi HTTP 404: Không tim thấy product id - product id: 251262923
2025-09-22 06:40:57,597 WARNING: Lỗi HTTP 429 - product id: 251275851, thử lại 1/3
2025-09-22 06:40:57,604 WARNING: Lỗi HTTP 429 - product id: 251276317, thử lại 1/3
2025-09-22 06:40:57,621 WARNING: Lỗi HTTP 404: Không tim thấy product id - product id: 251265281
2025-09-22 06:40:57,627 WARNING: Lỗi HTTP 404: Không tim thấy product id - product id: 251267028
2025-09-22 06:40:57,674 WARNING: Lỗi HTTP 404: Không tim thấy product id - product id: 251267032
2025-09-22 06:40:57,720 WARNING: Lỗi HTTP 404: Không tim thấy product id - product id: 251265414
2025-09-22 06:40:57,774 WARNING: Lỗi HTTP 404: Không tim thấy product id - product id: 251265476
2025-09-22 06:40:57,775 WARNING: Lỗi HTTP 404: Không tim thấy product id - product id: 251265261
2025-09-22 06:40:57,822 WARNING: Lỗi HTTP 404: Không tim thấy product id - product id: 251265307
2025-09-22 06:40:57,874 WARNING: Lỗi HTTP 404: Không tim thấy product id - product id: 251265309
2025-09-22 06:40:57,924 WARNING: Lỗi HTTP 404: Không tim thấy product id - product id: 251265341
2025-09-22 06:40:57,971 WARNING: Lỗi HTTP 404: Không tim thấy product id - product id: 251265401
2025-09-22 06:40:57,973 WARNING: Lỗi HTTP 404: Không tim thấy product id - product id: 251267048
2025-09-22 06:40:58,024 WARNING: Lỗi HTTP 404: Không tim thấy product id - product id: 251265412
2025-09-22 06:40:58,072 WARNING: Lỗi HTTP 404: Không tim thấy product id - product id: 251265495
2025-09-22 06:41:00,821 WARNING: Lỗi HTTP 404: Không tim thấy product id - product id: 251265358
2025-09-22 06:41:01,474 WARNING: Lỗi HTTP 404: Không tim thấy product id - product id: 251536707
2025-09-22 06:41:01,474 WARNING: Lỗi HTTP 404: Không tim thấy product id - product id: 251536679
2025-09-22 06:41:01,522 WARNING: Lỗi HTTP 404: Không tim thấy product id - product id: 251536700
2025-09-22 06:41:01,574 WARNING: Lỗi HTTP 404: Không tim thấy product id - product id: 251536737
2025-09-22 06:41:01,574 WARNING: Lỗi HTTP 404: Không tim thấy product id - product id: 251536661
2025-09-22 06:41:01,623 WARNING: Lỗi HTTP 404: Không tim thấy product id - product id: 251536998
2025-09-22 06:41:01,624 WARNING: Lỗi HTTP 404: Không tim thấy product id - product id: 251536952
2025-09-22 06:41:01,624 WARNING: Lỗi HTTP 404: Không tim thấy product id - product id: 251536925
2025-09-22 06:41:01,684 WARNING: Lỗi HTTP 404: Không tim thấy product id - product id: 251536923
2025-09-22 06:41:01,722 WARNING: Lỗi HTTP 404: Không tim thấy product id - product id: 251537022
2025-09-22 06:41:01,875 WARNING: Lỗi HTTP 404: Không tim thấy product id - product id: 251550541
2025-09-22 06:41:02,075 WARNING: Lỗi HTTP 404: Không tim thấy product id - product id: 251573204
2025-09-22 06:41:02,725 WARNING: Lỗi HTTP 404: Không tim thấy product id - product id: 251590785
2025-09-22 06:41:02,773 WARNING: Lỗi HTTP 404: Không tim thấy product id - product id: 251590836
2025-09-22 06:41:03,074 WARNING: Lỗi HTTP 404: Không tim thấy product id - product id: 251751008
2025-09-22 06:41:03,326 WARNING: Lỗi HTTP 404: Không tim thấy product id - product id: 251772966
2025-09-22 06:41:03,376 WARNING: Lỗi HTTP 404: Không tim thấy product id - product id: 251772917
2025-09-22 06:41:03,501 WARNING: Lỗi HTTP 429 - product id: 251929889, thử lại 1/3
2025-09-22 06:41:03,523 WARNING: Lỗi HTTP 404: Không tim thấy product id - product id: 251770063
2025-09-22 06:41:03,600 WARNING: Lỗi HTTP 429 - product id: 251944157, thử lại 1/3
2025-09-22 06:41:03,620 WARNING: Lỗi HTTP 404: Không tim thấy product id - product id: 251773322
2025-09-22 06:41:03,702 WARNING: Lỗi HTTP 429 - product id: 251980171, thử lại 1/3
2025-09-22 06:41:03,703 WARNING: Lỗi HTTP 429 - product id: 251971974, thử lại 1/3
2025-09-22 06:41:03,753 WARNING: Lỗi HTTP 429 - product id: 251982327, thử lại 1/3
2025-09-22 06:41:03,817 WARNING: Lỗi HTTP 429 - product id: 251983244, thử lại 1/3
2025-09-22 06:41:04,023 WARNING: Lỗi HTTP 404: Không tim thấy product id - product id: 251921456
2025-09-22 06:41:05,757 WARNING: Lỗi HTTP 429 - product id: 252042927, thử lại 1/3
2025-09-22 06:41:05,799 WARNING: Lỗi HTTP 429 - product id: 252044700, thử lại 1/3
2025-09-22 06:41:05,842 WARNING: Lỗi HTTP 429 - product id: 252049815, thử lại 1/3
2025-09-22 06:41:05,903 WARNING: Lỗi HTTP 429 - product id: 252050897, thử lại 1/3
2025-09-22 06:41:05,963 WARNING: Lỗi HTTP 429 - product id: 252051979, thử lại 1/3
2025-09-22 06:41:05,965 WARNING: Lỗi HTTP 429 - product id: 252051876, thử lại 1/3
2025-09-22 06:41:06,002 WARNING: Lỗi HTTP 429 - product id: 252052265, thử lại 1/3
2025-09-22 06:41:06,049 WARNING: Lỗi HTTP 429 - product id: 252052829, thử lại 1/3
2025-09-22 06:41:06,105 WARNING: Lỗi HTTP 429 - product id: 252054421, thử lại 1/3
2025-09-22 06:41:06,111 WARNING: Lỗi HTTP 429 - product id: 252054453, thử lại 1/3
2025-09-22 06:41:06,198 WARNING: Lỗi HTTP 429 - product id: 252054621, thử lại 1/3
2025-09-22 06:41:06,895 WARNING: Lỗi HTTP 429 - product id: 252069964, thử lại 1/3
2025-09-22 06:41:07,253 WARNING: Lỗi HTTP 429 - product id: 252072311, thử lại 1/3
2025-09-22 06:41:09,607 WARNING: Lỗi HTTP 429 - product id: 252132322, thử lại 1/3
2025-09-22 06:41:10,560 WARNING: Lỗi HTTP 429 - product id: 252072311, thử lại 2/3
2025-09-22 06:41:10,707 WARNING: Lỗi HTTP 429 - product id: 252174939, thử lại 1/3
2025-09-22 06:41:10,751 WARNING: Lỗi HTTP 429 - product id: 252178150, thử lại 1/3
2025-09-22 06:41:10,852 WARNING: Lỗi HTTP 429 - product id: 252183374, thử lại 1/3
2025-09-22 06:41:10,918 WARNING: Lỗi HTTP 429 - product id: 252185812, thử lại 1/3
2025-09-22 06:41:11,149 WARNING: Lỗi HTTP 429 - product id: 252232852, thử lại 1/3
2025-09-22 06:41:11,153 WARNING: Lỗi HTTP 429 - product id: 252226071, thử lại 1/3
2025-09-22 06:41:11,261 WARNING: Lỗi HTTP 429 - product id: 252259593, thử lại 1/3
2025-09-22 06:41:11,374 WARNING: Lỗi HTTP 404: Không tim thấy product id - product id: 252177965
2025-09-22 06:41:12,025 WARNING: Lỗi HTTP 404: Không tim thấy product id - product id: 252211869
2025-09-22 06:41:13,073 WARNING: Lỗi HTTP 404: Không tim thấy product id - product id: 252279274
2025-09-22 06:41:16,678 INFO: Đã commit batch 187 (1000 sản phẩm)
2025-09-22 06:41:16,709 INFO: Đã ghi 956 sản phẩm vào file /home/quannh/projects_de/project_2/output/products_batch_187_956_ids.csv
2025-09-22 06:41:16,738 INFO: Bắt đầu crawl batch 188 (1000 sản phẩm)
2025-09-22 06:41:17,461 WARNING: Lỗi HTTP 404: Không tim thấy product id - product id: 252356056
2025-09-22 06:41:17,659 WARNING: Lỗi HTTP 404: Không tim thấy product id - product id: 252357193
2025-09-22 06:41:24,046 WARNING: Lỗi HTTP 429 - product id: 252604531, thử lại 1/3
2025-09-22 06:41:24,285 WARNING: Lỗi HTTP 429 - product id: 252612266, thử lại 1/3
2025-09-22 06:41:28,235 WARNING: Lỗi HTTP 429 - product id: 252672923, thử lại 1/3
2025-09-22 06:41:29,040 WARNING: Lỗi HTTP 429 - product id: 252700835, thử lại 1/3
2025-09-22 06:41:31,310 WARNING: Lỗi HTTP 404: Không tim thấy product id - product id: 252720992
2025-09-22 06:41:33,214 WARNING: Lỗi HTTP 404: Không tim thấy product id - product id: 252757905
2025-09-22 06:41:33,584 INFO: Đã commit batch 188 (1000 sản phẩm)
2025-09-22 06:41:33,618 INFO: Đã ghi 996 sản phẩm vào file /home/quannh/projects_de/project_2/output/products_batch_188_996_ids.csv
2025-09-22 06:41:33,650 INFO: Bắt đầu crawl batch 189 (1000 sản phẩm)
2025-09-22 06:41:34,251 WARNING: Lỗi HTTP 429 - product id: 252823328, thử lại 1/3
2025-09-22 06:41:34,338 WARNING: Lỗi HTTP 429 - product id: 252824961, thử lại 1/3
2025-09-22 06:41:36,824 WARNING: Lỗi HTTP 404: Không tim thấy product id - product id: 252882714
2025-09-22 06:41:36,970 WARNING: Lỗi HTTP 404: Không tim thấy product id - product id: 252887336
2025-09-22 06:41:37,157 WARNING: Lỗi HTTP 429 - product id: 252908726, thử lại 1/3
2025-09-22 06:41:37,246 WARNING: Lỗi HTTP 429 - product id: 252912281, thử lại 1/3
2025-09-22 06:41:38,141 WARNING: Lỗi HTTP 429 - product id: 252991786, thử lại 1/3
2025-09-22 06:41:38,205 WARNING: Lỗi HTTP 429 - product id: 253003947, thử lại 1/3
2025-09-22 06:41:38,247 WARNING: Lỗi HTTP 429 - product id: 253017286, thử lại 1/3
2025-09-22 06:41:38,294 WARNING: Lỗi HTTP 429 - product id: 253037210, thử lại 1/3
2025-09-22 06:41:38,297 WARNING: Lỗi HTTP 429 - product id: 253039540, thử lại 1/3
2025-09-22 06:41:38,312 WARNING: Lỗi HTTP 429 - product id: 253039562, thử lại 1/3
2025-09-22 06:41:38,693 WARNING: Lỗi HTTP 429 - product id: 253043916, thử lại 1/3
2025-09-22 06:41:38,772 WARNING: Lỗi HTTP 404: Không tim thấy product id - product id: 253041020
2025-09-22 06:41:39,104 WARNING: Lỗi HTTP 429 - product id: 253047948, thử lại 1/3
2025-09-22 06:41:39,146 WARNING: Lỗi HTTP 429 - product id: 253048626, thử lại 1/3
2025-09-22 06:41:39,351 WARNING: Lỗi HTTP 429 - product id: 253052950, thử lại 1/3
2025-09-22 06:41:39,443 WARNING: Lỗi HTTP 429 - product id: 253057035, thử lại 1/3
2025-09-22 06:41:39,502 WARNING: Lỗi HTTP 429 - product id: 253058894, thử lại 1/3
2025-09-22 06:41:39,507 WARNING: Lỗi HTTP 429 - product id: 253059429, thử lại 1/3
2025-09-22 06:41:39,606 WARNING: Lỗi HTTP 429 - product id: 253060327, thử lại 1/3
2025-09-22 06:41:41,521 WARNING: Lỗi HTTP 404: Không tim thấy product id - product id: 253073394
2025-09-22 06:41:44,971 WARNING: Lỗi HTTP 404: Không tim thấy product id - product id: 253111307
2025-09-22 06:41:45,170 WARNING: Lỗi HTTP 404: Không tim thấy product id - product id: 253116073
2025-09-22 06:41:46,974 WARNING: Lỗi HTTP 404: Không tim thấy product id - product id: 253146662
2025-09-22 06:41:47,447 WARNING: Lỗi HTTP 429 - product id: 253161863, thử lại 1/3
2025-09-22 06:41:47,800 WARNING: Lỗi HTTP 429 - product id: 253164105, thử lại 1/3
2025-09-22 06:41:47,848 WARNING: Lỗi HTTP 429 - product id: 253164563, thử lại 1/3
2025-09-22 06:41:47,904 WARNING: Lỗi HTTP 429 - product id: 253165962, thử lại 1/3
2025-09-22 06:41:48,750 WARNING: Lỗi HTTP 429 - product id: 253182054, thử lại 1/3
2025-09-22 06:41:48,755 WARNING: Lỗi HTTP 429 - product id: 253182032, thử lại 1/3
2025-09-22 06:41:49,421 WARNING: Lỗi HTTP 404: Không tim thấy product id - product id: 253184152
2025-09-22 06:41:50,171 WARNING: Lỗi HTTP 404: Không tim thấy product id - product id: 253186947
2025-09-22 06:41:50,321 WARNING: Lỗi HTTP 404: Không tim thấy product id - product id: 253193479
2025-09-22 06:41:51,852 INFO: Đã commit batch 189 (1000 sản phẩm)
2025-09-22 06:41:51,885 INFO: Đã ghi 990 sản phẩm vào file /home/quannh/projects_de/project_2/output/products_batch_189_990_ids.csv
2025-09-22 06:41:51,914 INFO: Bắt đầu crawl batch 190 (1000 sản phẩm)
2025-09-22 06:42:00,161 WARNING: Lỗi HTTP 429 - product id: 253278778, thử lại 1/3
2025-09-22 06:42:00,212 WARNING: Lỗi HTTP 429 - product id: 253278784, thử lại 1/3
2025-09-22 06:42:00,224 WARNING: Lỗi HTTP 429 - product id: 253278788, thử lại 1/3
2025-09-22 06:42:00,276 WARNING: Lỗi HTTP 429 - product id: 253278793, thử lại 1/3
2025-09-22 06:42:00,358 WARNING: Lỗi HTTP 429 - product id: 253278856, thử lại 1/3
2025-09-22 06:42:00,461 WARNING: Lỗi HTTP 429 - product id: 253278866, thử lại 1/3
2025-09-22 06:42:02,610 WARNING: Lỗi HTTP 429 - product id: 253279722, thử lại 1/3
2025-09-22 06:42:02,676 WARNING: Lỗi HTTP 429 - product id: 253279781, thử lại 1/3
2025-09-22 06:42:02,757 WARNING: Lỗi HTTP 429 - product id: 253279815, thử lại 1/3
2025-09-22 06:42:02,820 WARNING: Lỗi HTTP 429 - product id: 253279848, thử lại 1/3
2025-09-22 06:42:04,512 WARNING: Lỗi HTTP 429 - product id: 253280502, thử lại 1/3
2025-09-22 06:42:04,562 WARNING: Lỗi HTTP 429 - product id: 253280529, thử lại 1/3
2025-09-22 06:42:04,578 WARNING: Lỗi HTTP 429 - product id: 253280585, thử lại 1/3
2025-09-22 06:42:04,607 WARNING: Lỗi HTTP 429 - product id: 253280591, thử lại 1/3
2025-09-22 06:42:04,625 WARNING: Lỗi HTTP 429 - product id: 253280598, thử lại 1/3
2025-09-22 06:42:04,702 WARNING: Lỗi HTTP 429 - product id: 253280626, thử lại 1/3
2025-09-22 06:42:04,915 WARNING: Lỗi HTTP 429 - product id: 253280748, thử lại 1/3
2025-09-22 06:42:06,260 WARNING: Lỗi HTTP 429 - product id: 253285575, thử lại 1/3
2025-09-22 06:42:06,662 WARNING: Lỗi HTTP 429 - product id: 253295446, thử lại 1/3
2025-09-22 06:42:06,712 WARNING: Lỗi HTTP 429 - product id: 253295568, thử lại 1/3
2025-09-22 06:42:06,728 WARNING: Lỗi HTTP 429 - product id: 253295569, thử lại 1/3
2025-09-22 06:42:06,815 WARNING: Lỗi HTTP 429 - product id: 253296115, thử lại 1/3
2025-09-22 06:42:06,863 WARNING: Lỗi HTTP 429 - product id: 253296293, thử lại 1/3
2025-09-22 06:42:09,947 INFO: Đã commit batch 190 (1000 sản phẩm)
2025-09-22 06:42:09,971 INFO: Đã ghi 1000 sản phẩm vào file /home/quannh/projects_de/project_2/output/products_batch_190_1000_ids.csv
2025-09-22 06:42:10,000 INFO: Bắt đầu crawl batch 191 (1000 sản phẩm)
2025-09-22 06:42:12,657 WARNING: Lỗi HTTP 429 - product id: 253347848, thử lại 1/3
2025-09-22 06:42:13,823 WARNING: Lỗi HTTP 404: Không tim thấy product id - product id: 253350227
2025-09-22 06:42:13,954 WARNING: Lỗi HTTP 429 - product id: 253358831, thử lại 1/3
2025-09-22 06:42:14,005 WARNING: Lỗi HTTP 429 - product id: 253359408, thử lại 1/3
2025-09-22 06:42:14,152 WARNING: Lỗi HTTP 429 - product id: 253361971, thử lại 1/3
2025-09-22 06:42:14,754 WARNING: Lỗi HTTP 429 - product id: 253367722, thử lại 1/3
2025-09-22 06:42:14,908 WARNING: Lỗi HTTP 429 - product id: 253367765, thử lại 1/3
2025-09-22 06:42:14,952 WARNING: Lỗi HTTP 429 - product id: 253367772, thử lại 1/3
2025-09-22 06:42:15,249 WARNING: Lỗi HTTP 429 - product id: 253376449, thử lại 1/3
2025-09-22 06:42:15,292 WARNING: Lỗi HTTP 429 - product id: 253376937, thử lại 1/3
2025-09-22 06:42:15,294 WARNING: Lỗi HTTP 429 - product id: 253377062, thử lại 1/3
2025-09-22 06:42:15,307 WARNING: Lỗi HTTP 429 - product id: 253378231, thử lại 1/3
2025-09-22 06:42:15,310 WARNING: Lỗi HTTP 429 - product id: 253379653, thử lại 1/3
2025-09-22 06:42:15,360 WARNING: Lỗi HTTP 429 - product id: 253380960, thử lại 1/3
2025-09-22 06:42:17,354 WARNING: Lỗi HTTP 429 - product id: 253403361, thử lại 1/3
2025-09-22 06:42:18,758 WARNING: Lỗi HTTP 429 - product id: 253410011, thử lại 1/3
2025-09-22 06:42:18,907 WARNING: Lỗi HTTP 429 - product id: 253410547, thử lại 1/3
2025-09-22 06:42:19,303 WARNING: Lỗi HTTP 429 - product id: 253410712, thử lại 1/3
2025-09-22 06:42:19,309 WARNING: Lỗi HTTP 429 - product id: 253410737, thử lại 1/3
2025-09-22 06:42:19,373 WARNING: Lỗi HTTP 429 - product id: 253410832, thử lại 1/3
2025-09-22 06:42:20,360 WARNING: Lỗi HTTP 429 - product id: 253432426, thử lại 1/3
2025-09-22 06:42:20,402 WARNING: Lỗi HTTP 429 - product id: 253443724, thử lại 1/3
2025-09-22 06:42:20,745 WARNING: Lỗi HTTP 429 - product id: 253492648, thử lại 1/3
2025-09-22 06:42:20,899 WARNING: Lỗi HTTP 429 - product id: 253495067, thử lại 1/3
2025-09-22 06:42:20,961 WARNING: Lỗi HTTP 429 - product id: 253498463, thử lại 1/3
2025-09-22 06:42:21,206 WARNING: Lỗi HTTP 429 - product id: 253526445, thử lại 1/3
2025-09-22 06:42:21,352 WARNING: Lỗi HTTP 429 - product id: 253533014, thử lại 1/3
2025-09-22 06:42:21,550 WARNING: Lỗi HTTP 429 - product id: 253536793, thử lại 1/3
2025-09-22 06:42:21,555 WARNING: Lỗi HTTP 429 - product id: 253540064, thử lại 1/3
2025-09-22 06:42:21,653 WARNING: Lỗi HTTP 429 - product id: 253543742, thử lại 1/3
2025-09-22 06:42:23,240 WARNING: Lỗi HTTP 429 - product id: 253619499, thử lại 1/3
2025-09-22 06:42:23,252 WARNING: Lỗi HTTP 429 - product id: 253619535, thử lại 1/3
2025-09-22 06:42:23,572 WARNING: Lỗi HTTP 404: Không tim thấy product id - product id: 253614911
2025-09-22 06:42:23,706 WARNING: Lỗi HTTP 429 - product id: 253620976, thử lại 1/3
2025-09-22 06:42:23,756 WARNING: Lỗi HTTP 429 - product id: 253621795, thử lại 1/3
2025-09-22 06:42:23,821 WARNING: Lỗi HTTP 404: Không tim thấy product id - product id: 253614654
2025-09-22 06:42:24,143 WARNING: Lỗi HTTP 429 - product id: 253631275, thử lại 1/3
2025-09-22 06:42:24,252 WARNING: Lỗi HTTP 429 - product id: 253640041, thử lại 1/3
2025-09-22 06:42:24,305 WARNING: Lỗi HTTP 429 - product id: 253655061, thử lại 1/3
2025-09-22 06:42:24,452 WARNING: Lỗi HTTP 429 - product id: 253662659, thử lại 1/3
2025-09-22 06:42:24,453 WARNING: Lỗi HTTP 429 - product id: 253662605, thử lại 1/3
2025-09-22 06:42:24,557 WARNING: Lỗi HTTP 429 - product id: 253662963, thử lại 1/3
2025-09-22 06:42:24,599 WARNING: Lỗi HTTP 429 - product id: 253663078, thử lại 1/3
2025-09-22 06:42:24,602 WARNING: Lỗi HTTP 429 - product id: 253663091, thử lại 1/3
2025-09-22 06:42:24,664 WARNING: Lỗi HTTP 429 - product id: 253540064, thử lại 2/3
2025-09-22 06:42:25,159 WARNING: Lỗi HTTP 404: Không tim thấy product id - product id: 253664020
2025-09-22 06:42:26,773 WARNING: Lỗi HTTP 404: Không tim thấy product id - product id: 253620976
2025-09-22 06:42:30,749 INFO: Đã commit batch 191 (1000 sản phẩm)
2025-09-22 06:42:30,783 INFO: Đã ghi 995 sản phẩm vào file /home/quannh/projects_de/project_2/output/products_batch_191_995_ids.csv
2025-09-22 06:42:30,812 INFO: Bắt đầu crawl batch 192 (1000 sản phẩm)
2025-09-22 06:42:31,180 WARNING: Lỗi HTTP 404: Không tim thấy product id - product id: 253766925
2025-09-22 06:42:33,484 WARNING: Lỗi HTTP 404: Không tim thấy product id - product id: 254124238
2025-09-22 06:42:33,984 WARNING: Lỗi HTTP 404: Không tim thấy product id - product id: 254181075
2025-09-22 06:42:34,632 WARNING: Lỗi HTTP 404: Không tim thấy product id - product id: 254871744
2025-09-22 06:42:34,683 WARNING: Lỗi HTTP 404: Không tim thấy product id - product id: 254871792
2025-09-22 06:42:34,785 WARNING: Lỗi HTTP 404: Không tim thấy product id - product id: 254896486
2025-09-22 06:42:34,830 WARNING: Lỗi HTTP 404: Không tim thấy product id - product id: 254896507
2025-09-22 06:42:34,883 WARNING: Lỗi HTTP 404: Không tim thấy product id - product id: 254871760
2025-09-22 06:42:34,884 WARNING: Lỗi HTTP 404: Không tim thấy product id - product id: 254896768
2025-09-22 06:42:34,934 WARNING: Lỗi HTTP 404: Không tim thấy product id - product id: 254896847
2025-09-22 06:42:34,939 WARNING: Lỗi HTTP 404: Không tim thấy product id - product id: 254896526
2025-09-22 06:42:34,989 WARNING: Lỗi HTTP 404: Không tim thấy product id - product id: 254896809
2025-09-22 06:42:35,031 WARNING: Lỗi HTTP 404: Không tim thấy product id - product id: 254896794
2025-09-22 06:42:35,032 WARNING: Lỗi HTTP 404: Không tim thấy product id - product id: 254896904
2025-09-22 06:42:35,037 WARNING: Lỗi HTTP 404: Không tim thấy product id - product id: 254896890
2025-09-22 06:42:35,134 WARNING: Lỗi HTTP 404: Không tim thấy product id - product id: 254896832
2025-09-22 06:42:35,184 WARNING: Lỗi HTTP 404: Không tim thấy product id - product id: 254897050
2025-09-22 06:42:35,233 WARNING: Lỗi HTTP 404: Không tim thấy product id - product id: 254896992
2025-09-22 06:42:36,917 WARNING: Lỗi HTTP 429 - product id: 255344767, thử lại 1/3
2025-09-22 06:42:37,164 WARNING: Lỗi HTTP 429 - product id: 255407017, thử lại 1/3
2025-09-22 06:42:37,217 WARNING: Lỗi HTTP 429 - product id: 255407055, thử lại 1/3
2025-09-22 06:42:37,230 WARNING: Lỗi HTTP 429 - product id: 255410196, thử lại 1/3
2025-09-22 06:42:37,292 WARNING: Lỗi HTTP 429 - product id: 255446791, thử lại 1/3
2025-09-22 06:42:37,303 WARNING: Lỗi HTTP 429 - product id: 255449325, thử lại 1/3
2025-09-22 06:42:37,316 WARNING: Lỗi HTTP 429 - product id: 255455101, thử lại 1/3
2025-09-22 06:42:37,316 WARNING: Lỗi HTTP 429 - product id: 255454183, thử lại 1/3
2025-09-22 06:42:37,361 WARNING: Lỗi HTTP 429 - product id: 255459827, thử lại 1/3
2025-09-22 06:42:37,363 WARNING: Lỗi HTTP 429 - product id: 255464454, thử lại 1/3
2025-09-22 06:42:37,381 WARNING: Lỗi HTTP 429 - product id: 255474432, thử lại 1/3
2025-09-22 06:42:37,424 WARNING: Lỗi HTTP 429 - product id: 255598691, thử lại 1/3
2025-09-22 06:42:37,467 WARNING: Lỗi HTTP 429 - product id: 255612080, thử lại 1/3
2025-09-22 06:42:37,513 WARNING: Lỗi HTTP 429 - product id: 255632848, thử lại 1/3
2025-09-22 06:42:37,614 WARNING: Lỗi HTTP 429 - product id: 255759571, thử lại 1/3
2025-09-22 06:42:37,667 WARNING: Lỗi HTTP 429 - product id: 255759755, thử lại 1/3
2025-09-22 06:42:37,932 WARNING: Lỗi HTTP 404: Không tim thấy product id - product id: 255349730
2025-09-22 06:42:40,511 WARNING: Lỗi HTTP 429 - product id: 255454183, thử lại 2/3
2025-09-22 06:42:40,567 WARNING: Lỗi HTTP 429 - product id: 255464454, thử lại 2/3
2025-09-22 06:42:40,877 WARNING: Lỗi HTTP 429 - product id: 255759571, thử lại 2/3
2025-09-22 06:42:40,933 WARNING: Lỗi HTTP 429 - product id: 257787201, thử lại 1/3
2025-09-22 06:42:41,261 WARNING: Lỗi HTTP 429 - product id: 257843604, thử lại 1/3
2025-09-22 06:42:41,517 WARNING: Lỗi HTTP 429 - product id: 257844940, thử lại 1/3
2025-09-22 06:42:43,439 WARNING: Lỗi HTTP 404: Không tim thấy product id - product id: 257925319
2025-09-22 06:42:44,452 WARNING: Lỗi HTTP 404: Không tim thấy product id - product id: 258610145
2025-09-22 06:42:44,946 WARNING: Lỗi HTTP 404: Không tim thấy product id - product id: 257787201
2025-09-22 06:42:47,283 WARNING: Lỗi HTTP 404: Không tim thấy product id - product id: 259485900
2025-09-22 06:42:48,377 WARNING: Lỗi HTTP 404: Không tim thấy product id - product id: 258668703
2025-09-22 06:42:48,381 INFO: Đã commit batch 192 (1000 sản phẩm)
2025-09-22 06:42:48,414 INFO: Đã ghi 976 sản phẩm vào file /home/quannh/projects_de/project_2/output/products_batch_192_976_ids.csv
2025-09-22 06:42:48,442 INFO: Bắt đầu crawl batch 193 (1000 sản phẩm)
2025-09-22 06:42:48,515 WARNING: Lỗi HTTP 429 - product id: 259513112, thử lại 1/3
2025-09-22 06:42:48,516 WARNING: Lỗi HTTP 429 - product id: 259513732, thử lại 1/3
2025-09-22 06:42:48,867 WARNING: Lỗi HTTP 404: Không tim thấy product id - product id: 259514222
2025-09-22 06:42:49,487 WARNING: Lỗi HTTP 429 - product id: 259539877, thử lại 1/3
2025-09-22 06:42:49,493 WARNING: Lỗi HTTP 429 - product id: 259539889, thử lại 1/3
2025-09-22 06:42:49,547 WARNING: Lỗi HTTP 429 - product id: 259539917, thử lại 1/3
2025-09-22 06:42:49,644 WARNING: Lỗi HTTP 429 - product id: 259540934, thử lại 1/3
2025-09-22 06:42:49,751 WARNING: Lỗi HTTP 429 - product id: 259541413, thử lại 1/3
2025-09-22 06:42:49,796 WARNING: Lỗi HTTP 429 - product id: 259541675, thử lại 1/3
2025-09-22 06:42:49,995 WARNING: Lỗi HTTP 429 - product id: 259544034, thử lại 1/3
2025-09-22 06:42:50,140 WARNING: Lỗi HTTP 429 - product id: 259545651, thử lại 1/3
2025-09-22 06:42:50,233 WARNING: Lỗi HTTP 429 - product id: 259546222, thử lại 1/3
2025-09-22 06:42:50,354 WARNING: Lỗi HTTP 429 - product id: 259551967, thử lại 1/3
2025-09-22 06:42:50,495 WARNING: Lỗi HTTP 429 - product id: 259565218, thử lại 1/3
2025-09-22 06:42:50,497 WARNING: Lỗi HTTP 429 - product id: 259564225, thử lại 1/3
2025-09-22 06:42:50,557 WARNING: Lỗi HTTP 429 - product id: 259568318, thử lại 1/3
2025-09-22 06:42:50,639 WARNING: Lỗi HTTP 429 - product id: 259637576, thử lại 1/3
2025-09-22 06:42:50,894 WARNING: Lỗi HTTP 429 - product id: 259770909, thử lại 1/3
2025-09-22 06:42:50,994 WARNING: Lỗi HTTP 429 - product id: 259770973, thử lại 1/3
2025-09-22 06:42:51,587 WARNING: Lỗi HTTP 429 - product id: 260075282, thử lại 1/3
2025-09-22 06:42:51,804 WARNING: Lỗi HTTP 429 - product id: 260093248, thử lại 1/3
2025-09-22 06:42:52,091 WARNING: Lỗi HTTP 429 - product id: 260108448, thử lại 1/3
2025-09-22 06:42:52,092 WARNING: Lỗi HTTP 429 - product id: 260108467, thử lại 1/3
2025-09-22 06:42:53,146 WARNING: Lỗi HTTP 429 - product id: 260640691, thử lại 1/3
2025-09-22 06:42:53,195 WARNING: Lỗi HTTP 429 - product id: 260646149, thử lại 1/3
2025-09-22 06:42:55,264 WARNING: Lỗi HTTP 404: Không tim thấy product id - product id: 260797947
2025-09-22 06:42:55,543 WARNING: Lỗi HTTP 404: Không tim thấy product id - product id: 260805654
2025-09-22 06:42:55,895 WARNING: Lỗi HTTP 429 - product id: 260815294, thử lại 1/3
2025-09-22 06:42:55,945 WARNING: Lỗi HTTP 429 - product id: 260815564, thử lại 1/3
2025-09-22 06:42:55,963 WARNING: Lỗi HTTP 404: Không tim thấy product id - product id: 260807619
2025-09-22 06:42:55,964 WARNING: Lỗi HTTP 404: Không tim thấy product id - product id: 260807322
2025-09-22 06:42:56,264 WARNING: Lỗi HTTP 404: Không tim thấy product id - product id: 260810317
2025-09-22 06:42:57,264 WARNING: Lỗi HTTP 404: Không tim thấy product id - product id: 260640691
2025-09-22 06:42:57,900 WARNING: Lỗi HTTP 429 - product id: 260932245, thử lại 1/3
2025-09-22 06:42:57,996 WARNING: Lỗi HTTP 429 - product id: 260933048, thử lại 1/3
2025-09-22 06:42:58,944 WARNING: Lỗi HTTP 429 - product id: 261005776, thử lại 1/3
2025-09-22 06:42:59,456 WARNING: Lỗi HTTP 429 - product id: 261027880, thử lại 1/3
2025-09-22 06:42:59,498 WARNING: Lỗi HTTP 429 - product id: 261034687, thử lại 1/3
2025-09-22 06:43:00,265 WARNING: Lỗi HTTP 404: Không tim thấy product id - product id: 261072979
2025-09-22 06:43:00,445 WARNING: Lỗi HTTP 429 - product id: 261799919, thử lại 1/3
2025-09-22 06:43:00,448 WARNING: Lỗi HTTP 429 - product id: 261799921, thử lại 1/3
2025-09-22 06:43:00,538 WARNING: Lỗi HTTP 429 - product id: 261802974, thử lại 1/3
2025-09-22 06:43:00,601 WARNING: Lỗi HTTP 429 - product id: 261803757, thử lại 1/3
2025-09-22 06:43:00,601 WARNING: Lỗi HTTP 429 - product id: 261803525, thử lại 1/3
2025-09-22 06:43:00,844 WARNING: Lỗi HTTP 429 - product id: 261809302, thử lại 1/3
2025-09-22 06:43:01,016 WARNING: Lỗi HTTP 404: Không tim thấy product id - product id: 261798479
2025-09-22 06:43:01,446 WARNING: Lỗi HTTP 429 - product id: 261809431, thử lại 1/3
2025-09-22 06:43:01,495 WARNING: Lỗi HTTP 429 - product id: 261809435, thử lại 1/3
2025-09-22 06:43:01,521 WARNING: Lỗi HTTP 429 - product id: 261809442, thử lại 1/3
2025-09-22 06:43:01,545 WARNING: Lỗi HTTP 429 - product id: 261809448, thử lại 1/3
2025-09-22 06:43:01,591 WARNING: Lỗi HTTP 429 - product id: 261809454, thử lại 1/3
2025-09-22 06:43:01,642 WARNING: Lỗi HTTP 429 - product id: 261809462, thử lại 1/3
2025-09-22 06:43:01,703 WARNING: Lỗi HTTP 429 - product id: 261810364, thử lại 1/3
2025-09-22 06:43:01,948 WARNING: Lỗi HTTP 429 - product id: 261813071, thử lại 1/3
2025-09-22 06:43:02,052 WARNING: Lỗi HTTP 429 - product id: 261813507, thử lại 1/3
2025-09-22 06:43:02,210 WARNING: Lỗi HTTP 404: Không tim thấy product id - product id: 261815158
2025-09-22 06:43:02,287 WARNING: Lỗi HTTP 429 - product id: 261817414, thử lại 1/3
2025-09-22 06:43:02,339 WARNING: Lỗi HTTP 429 - product id: 261818208, thử lại 1/3
2025-09-22 06:43:02,390 WARNING: Lỗi HTTP 429 - product id: 261818869, thử lại 1/3
2025-09-22 06:43:02,759 WARNING: Lỗi HTTP 429 - product id: 261822538, thử lại 1/3
2025-09-22 06:43:02,796 WARNING: Lỗi HTTP 429 - product id: 261822566, thử lại 1/3
2025-09-22 06:43:02,892 WARNING: Lỗi HTTP 429 - product id: 261822923, thử lại 1/3
2025-09-22 06:43:02,997 WARNING: Lỗi HTTP 429 - product id: 261824362, thử lại 1/3
2025-09-22 06:43:04,115 WARNING: Lỗi HTTP 404: Không tim thấy product id - product id: 261839476
2025-09-22 06:43:06,092 INFO: Đã commit batch 193 (1000 sản phẩm)
2025-09-22 06:43:06,125 INFO: Đã ghi 989 sản phẩm vào file /home/quannh/projects_de/project_2/output/products_batch_193_989_ids.csv
2025-09-22 06:43:06,154 INFO: Bắt đầu crawl batch 194 (1000 sản phẩm)
2025-09-22 06:43:06,623 WARNING: Lỗi HTTP 404: Không tim thấy product id - product id: 261900461
2025-09-22 06:43:06,972 WARNING: Lỗi HTTP 404: Không tim thấy product id - product id: 261900631
2025-09-22 06:43:07,372 WARNING: Lỗi HTTP 404: Không tim thấy product id - product id: 261900853
2025-09-22 06:43:07,805 WARNING: Lỗi HTTP 429 - product id: 261946650, thử lại 1/3
2025-09-22 06:43:08,108 WARNING: Lỗi HTTP 429 - product id: 261957930, thử lại 1/3
2025-09-22 06:43:08,156 WARNING: Lỗi HTTP 429 - product id: 261961284, thử lại 1/3
2025-09-22 06:43:08,351 WARNING: Lỗi HTTP 429 - product id: 261965633, thử lại 1/3
2025-09-22 06:43:08,413 WARNING: Lỗi HTTP 429 - product id: 261966651, thử lại 1/3
2025-09-22 06:43:08,608 WARNING: Lỗi HTTP 429 - product id: 261971458, thử lại 1/3
2025-09-22 06:43:08,680 WARNING: Lỗi HTTP 404: Không tim thấy product id - product id: 261961817
2025-09-22 06:43:09,207 WARNING: Lỗi HTTP 429 - product id: 261979760, thử lại 1/3
2025-09-22 06:43:09,211 WARNING: Lỗi HTTP 429 - product id: 261979943, thử lại 1/3
2025-09-22 06:43:09,378 WARNING: Lỗi HTTP 404: Không tim thấy product id - product id: 261978823
2025-09-22 06:43:09,474 WARNING: Lỗi HTTP 404: Không tim thấy product id - product id: 261978801
2025-09-22 06:43:09,479 WARNING: Lỗi HTTP 404: Không tim thấy product id - product id: 261978845
2025-09-22 06:43:09,520 WARNING: Lỗi HTTP 429 - product id: 261986320, thử lại 1/3
2025-09-22 06:43:09,521 WARNING: Lỗi HTTP 404: Không tim thấy product id - product id: 261978931
2025-09-22 06:43:09,547 WARNING: Lỗi HTTP 429 - product id: 261988258, thử lại 1/3
2025-09-22 06:43:09,574 WARNING: Lỗi HTTP 404: Không tim thấy product id - product id: 261979052
2025-09-22 06:43:09,578 WARNING: Lỗi HTTP 404: Không tim thấy product id - product id: 261978851
2025-09-22 06:43:09,608 WARNING: Lỗi HTTP 429 - product id: 261988782, thử lại 1/3
2025-09-22 06:43:09,609 WARNING: Lỗi HTTP 429 - product id: 261988647, thử lại 1/3
2025-09-22 06:43:09,626 WARNING: Lỗi HTTP 404: Không tim thấy product id - product id: 261978937
2025-09-22 06:43:09,678 WARNING: Lỗi HTTP 404: Không tim thấy product id - product id: 261979037
2025-09-22 06:43:09,705 WARNING: Lỗi HTTP 429 - product id: 261989925, thử lại 1/3
2025-09-22 06:43:09,729 WARNING: Lỗi HTTP 404: Không tim thấy product id - product id: 261979084
2025-09-22 06:43:09,825 WARNING: Lỗi HTTP 404: Không tim thấy product id - product id: 261978932
2025-09-22 06:43:09,866 WARNING: Lỗi HTTP 429 - product id: 261996019, thử lại 1/3
2025-09-22 06:43:09,926 WARNING: Lỗi HTTP 404: Không tim thấy product id - product id: 261979001
2025-09-22 06:43:09,948 WARNING: Lỗi HTTP 429 - product id: 261996601, thử lại 1/3
2025-09-22 06:43:09,976 WARNING: Lỗi HTTP 404: Không tim thấy product id - product id: 261979067
2025-09-22 06:43:10,006 WARNING: Lỗi HTTP 429 - product id: 262010330, thử lại 1/3
2025-09-22 06:43:10,026 WARNING: Lỗi HTTP 404: Không tim thấy product id - product id: 261979142
2025-09-22 06:43:10,079 WARNING: Lỗi HTTP 404: Không tim thấy product id - product id: 261979157
2025-09-22 06:43:10,102 WARNING: Lỗi HTTP 429 - product id: 262017700, thử lại 1/3
2025-09-22 06:43:10,181 WARNING: Lỗi HTTP 404: Không tim thấy product id - product id: 261988228
2025-09-22 06:43:10,430 WARNING: Lỗi HTTP 404: Không tim thấy product id - product id: 261995759
2025-09-22 06:43:10,556 WARNING: Lỗi HTTP 429 - product id: 262023147, thử lại 1/3
2025-09-22 06:43:10,705 WARNING: Lỗi HTTP 429 - product id: 262026746, thử lại 1/3
2025-09-22 06:43:10,750 WARNING: Lỗi HTTP 429 - product id: 262026844, thử lại 1/3
2025-09-22 06:43:11,004 WARNING: Lỗi HTTP 429 - product id: 262036197, thử lại 1/3
2025-09-22 06:43:11,218 WARNING: Lỗi HTTP 429 - product id: 261961284, thử lại 2/3
2025-09-22 06:43:11,559 WARNING: Lỗi HTTP 429 - product id: 262049342, thử lại 1/3
2025-09-22 06:43:11,607 WARNING: Lỗi HTTP 429 - product id: 262049529, thử lại 1/3
2025-09-22 06:43:12,558 WARNING: Lỗi HTTP 429 - product id: 262054240, thử lại 1/3
2025-09-22 06:43:12,713 WARNING: Lỗi HTTP 429 - product id: 261988782, thử lại 2/3
2025-09-22 06:43:12,718 WARNING: Lỗi HTTP 429 - product id: 261988647, thử lại 2/3
2025-09-22 06:43:12,749 WARNING: Lỗi HTTP 429 - product id: 262056972, thử lại 1/3
2025-09-22 06:43:12,752 WARNING: Lỗi HTTP 429 - product id: 262057185, thử lại 1/3
2025-09-22 06:43:12,783 WARNING: Lỗi HTTP 429 - product id: 262057250, thử lại 1/3
2025-09-22 06:43:12,792 WARNING: Lỗi HTTP 429 - product id: 261989925, thử lại 2/3
2025-09-22 06:43:12,813 WARNING: Lỗi HTTP 429 - product id: 262058041, thử lại 1/3
2025-09-22 06:43:14,107 WARNING: Lỗi HTTP 429 - product id: 262078803, thử lại 1/3
2025-09-22 06:43:14,196 WARNING: Lỗi HTTP 429 - product id: 262082584, thử lại 1/3
2025-09-22 06:43:14,205 WARNING: Lỗi HTTP 429 - product id: 262082680, thử lại 1/3
2025-09-22 06:43:14,256 WARNING: Lỗi HTTP 429 - product id: 262085392, thử lại 1/3
2025-09-22 06:43:14,260 WARNING: Lỗi HTTP 429 - product id: 262084879, thử lại 1/3
2025-09-22 06:43:14,408 WARNING: Lỗi HTTP 429 - product id: 262086268, thử lại 1/3
2025-09-22 06:43:14,660 WARNING: Lỗi HTTP 429 - product id: 262088520, thử lại 1/3
2025-09-22 06:43:14,663 WARNING: Lỗi HTTP 429 - product id: 262088433, thử lại 1/3
2025-09-22 06:43:14,704 WARNING: Lỗi HTTP 429 - product id: 262088735, thử lại 1/3
2025-09-22 06:43:15,075 WARNING: Lỗi HTTP 404: Không tim thấy product id - product id: 262082309
2025-09-22 06:43:15,505 WARNING: Lỗi HTTP 429 - product id: 262091222, thử lại 1/3
2025-09-22 06:43:16,006 WARNING: Lỗi HTTP 429 - product id: 262092653, thử lại 1/3
2025-09-22 06:43:19,048 WARNING: Lỗi HTTP 429 - product id: 262099309, thử lại 1/3
2025-09-22 06:43:19,246 WARNING: Lỗi HTTP 429 - product id: 262099860, thử lại 1/3
2025-09-22 06:43:19,294 WARNING: Lỗi HTTP 429 - product id: 262099926, thử lại 1/3
2025-09-22 06:43:19,602 WARNING: Lỗi HTTP 429 - product id: 262101043, thử lại 1/3
2025-09-22 06:43:19,646 WARNING: Lỗi HTTP 429 - product id: 262091222, thử lại 2/3
2025-09-22 06:43:19,691 WARNING: Lỗi HTTP 429 - product id: 262101338, thử lại 1/3
2025-09-22 06:43:19,740 WARNING: Lỗi HTTP 429 - product id: 262101492, thử lại 1/3
2025-09-22 06:43:19,747 WARNING: Lỗi HTTP 429 - product id: 262101616, thử lại 1/3
2025-09-22 06:43:19,796 WARNING: Lỗi HTTP 429 - product id: 262101757, thử lại 1/3
2025-09-22 06:43:21,910 WARNING: Lỗi HTTP 429 - product id: 262111678, thử lại 1/3
2025-09-22 06:43:21,951 WARNING: Lỗi HTTP 429 - product id: 262115724, thử lại 1/3
2025-09-22 06:43:21,994 WARNING: Lỗi HTTP 429 - product id: 262120034, thử lại 1/3
2025-09-22 06:43:22,038 WARNING: Lỗi HTTP 429 - product id: 262123649, thử lại 1/3
2025-09-22 06:43:22,146 WARNING: Lỗi HTTP 429 - product id: 262129575, thử lại 1/3
2025-09-22 06:43:25,747 INFO: Đã commit batch 194 (1000 sản phẩm)
2025-09-22 06:43:25,779 INFO: Đã ghi 979 sản phẩm vào file /home/quannh/projects_de/project_2/output/products_batch_194_979_ids.csv
2025-09-22 06:43:25,807 INFO: Bắt đầu crawl batch 195 (1000 sản phẩm)
2025-09-22 06:43:28,026 WARNING: Lỗi HTTP 404: Không tim thấy product id - product id: 262198965
2025-09-22 06:43:28,179 WARNING: Lỗi HTTP 404: Không tim thấy product id - product id: 262213883
2025-09-22 06:43:29,274 WARNING: Lỗi HTTP 404: Không tim thấy product id - product id: 262227178
2025-09-22 06:43:30,878 WARNING: Lỗi HTTP 404: Không tim thấy product id - product id: 262235674
2025-09-22 06:43:32,321 WARNING: Lỗi HTTP 429 - product id: 262246681, thử lại 1/3
2025-09-22 06:43:35,255 WARNING: Lỗi HTTP 429 - product id: 262258348, thử lại 1/3
2025-09-22 06:43:35,308 WARNING: Lỗi HTTP 429 - product id: 262258566, thử lại 1/3
2025-09-22 06:43:38,159 WARNING: Lỗi HTTP 429 - product id: 262265011, thử lại 1/3
2025-09-22 06:43:38,249 WARNING: Lỗi HTTP 429 - product id: 262265111, thử lại 1/3
2025-09-22 06:43:38,255 WARNING: Lỗi HTTP 429 - product id: 262265130, thử lại 1/3
2025-09-22 06:43:38,705 WARNING: Lỗi HTTP 429 - product id: 262265666, thử lại 1/3
2025-09-22 06:43:38,760 WARNING: Lỗi HTTP 429 - product id: 262265695, thử lại 1/3
2025-09-22 06:43:38,769 WARNING: Lỗi HTTP 429 - product id: 262265779, thử lại 1/3
2025-09-22 06:43:39,155 WARNING: Lỗi HTTP 429 - product id: 262266359, thử lại 1/3
2025-09-22 06:43:39,567 WARNING: Lỗi HTTP 429 - product id: 262266864, thử lại 1/3
2025-09-22 06:43:39,960 WARNING: Lỗi HTTP 429 - product id: 262267515, thử lại 1/3
2025-09-22 06:43:40,110 WARNING: Lỗi HTTP 429 - product id: 262267722, thử lại 1/3
2025-09-22 06:43:40,258 WARNING: Lỗi HTTP 429 - product id: 262267826, thử lại 1/3
2025-09-22 06:43:40,392 WARNING: Lỗi HTTP 429 - product id: 262267915, thử lại 1/3
2025-09-22 06:43:40,411 WARNING: Lỗi HTTP 429 - product id: 262267993, thử lại 1/3
2025-09-22 06:43:43,495 INFO: Đã commit batch 195 (1000 sản phẩm)
2025-09-22 06:43:43,522 INFO: Đã ghi 996 sản phẩm vào file /home/quannh/projects_de/project_2/output/products_batch_195_996_ids.csv
2025-09-22 06:43:43,551 INFO: Bắt đầu crawl batch 196 (1000 sản phẩm)
2025-09-22 06:43:52,077 WARNING: Lỗi HTTP 404: Không tim thấy product id - product id: 262301764
2025-09-22 06:43:52,672 WARNING: Lỗi HTTP 404: Không tim thấy product id - product id: 262346337
2025-09-22 06:43:55,818 WARNING: Lỗi HTTP 404: Không tim thấy product id - product id: 262482056
2025-09-22 06:43:56,327 WARNING: Lỗi HTTP 404: Không tim thấy product id - product id: 262483955
2025-09-22 06:43:57,303 WARNING: Lỗi HTTP 429 - product id: 262516088, thử lại 1/3
2025-09-22 06:43:59,323 WARNING: Lỗi HTTP 404: Không tim thấy product id - product id: 262524753
2025-09-22 06:43:59,571 WARNING: Lỗi HTTP 404: Không tim thấy product id - product id: 262533668
2025-09-22 06:44:00,420 INFO: Đã commit batch 196 (1000 sản phẩm)
2025-09-22 06:44:00,450 INFO: Đã ghi 994 sản phẩm vào file /home/quannh/projects_de/project_2/output/products_batch_196_994_ids.csv
2025-09-22 06:44:00,478 INFO: Bắt đầu crawl batch 197 (1000 sản phẩm)
2025-09-22 06:44:01,176 WARNING: Lỗi HTTP 429 - product id: 262636318, thử lại 1/3
2025-09-22 06:44:01,186 WARNING: Lỗi HTTP 429 - product id: 262636324, thử lại 1/3
2025-09-22 06:44:01,237 WARNING: Lỗi HTTP 429 - product id: 262636372, thử lại 1/3
2025-09-22 06:44:01,678 WARNING: Lỗi HTTP 429 - product id: 262646410, thử lại 1/3
2025-09-22 06:44:01,893 WARNING: Lỗi HTTP 429 - product id: 262652406, thử lại 1/3
2025-09-22 06:44:02,256 WARNING: Lỗi HTTP 404: Không tim thấy product id - product id: 262646337
2025-09-22 06:44:03,149 WARNING: Lỗi HTTP 404: Không tim thấy product id - product id: 262673273
2025-09-22 06:44:03,249 WARNING: Lỗi HTTP 404: Không tim thấy product id - product id: 262673016
2025-09-22 06:44:04,597 WARNING: Lỗi HTTP 404: Không tim thấy product id - product id: 262693032
2025-09-22 06:44:04,783 WARNING: Lỗi HTTP 429 - product id: 262701359, thử lại 1/3
2025-09-22 06:44:04,937 WARNING: Lỗi HTTP 429 - product id: 262702085, thử lại 1/3
2025-09-22 06:44:05,233 WARNING: Lỗi HTTP 429 - product id: 262703016, thử lại 1/3
2025-09-22 06:44:05,278 WARNING: Lỗi HTTP 429 - product id: 262703062, thử lại 1/3
2025-09-22 06:44:05,577 WARNING: Lỗi HTTP 429 - product id: 262704474, thử lại 1/3
2025-09-22 06:44:05,737 WARNING: Lỗi HTTP 429 - product id: 262706662, thử lại 1/3
2025-09-22 06:44:09,348 WARNING: Lỗi HTTP 404: Không tim thấy product id - product id: 262749764
2025-09-22 06:44:09,747 WARNING: Lỗi HTTP 404: Không tim thấy product id - product id: 262706662
2025-09-22 06:44:09,849 WARNING: Lỗi HTTP 404: Không tim thấy product id - product id: 262780647
2025-09-22 06:44:10,299 WARNING: Lỗi HTTP 404: Không tim thấy product id - product id: 262779574
2025-09-22 06:44:10,550 WARNING: Lỗi HTTP 404: Không tim thấy product id - product id: 262787489
2025-09-22 06:44:10,998 WARNING: Lỗi HTTP 404: Không tim thấy product id - product id: 262787502
2025-09-22 06:44:11,032 WARNING: Lỗi HTTP 429 - product id: 262803101, thử lại 1/3
2025-09-22 06:44:11,798 WARNING: Lỗi HTTP 404: Không tim thấy product id - product id: 262811657
2025-09-22 06:44:12,399 WARNING: Lỗi HTTP 404: Không tim thấy product id - product id: 262818198
2025-09-22 06:44:12,623 WARNING: Lỗi HTTP 429 - product id: 262823136, thử lại 1/3
2025-09-22 06:44:12,624 WARNING: Lỗi HTTP 429 - product id: 262823543, thử lại 1/3
2025-09-22 06:44:12,976 WARNING: Lỗi HTTP 429 - product id: 262836688, thử lại 1/3
2025-09-22 06:44:12,977 WARNING: Lỗi HTTP 429 - product id: 262837119, thử lại 1/3
2025-09-22 06:44:13,235 WARNING: Lỗi HTTP 429 - product id: 262843892, thử lại 1/3
2025-09-22 06:44:13,277 WARNING: Lỗi HTTP 429 - product id: 262844062, thử lại 1/3
2025-09-22 06:44:13,328 WARNING: Lỗi HTTP 429 - product id: 262844255, thử lại 1/3
2025-09-22 06:44:13,329 WARNING: Lỗi HTTP 429 - product id: 262844335, thử lại 1/3
2025-09-22 06:44:13,400 WARNING: Lỗi HTTP 404: Không tim thấy product id - product id: 262838603
2025-09-22 06:44:13,480 WARNING: Lỗi HTTP 429 - product id: 262846136, thử lại 1/3
2025-09-22 06:44:13,502 WARNING: Lỗi HTTP 404: Không tim thấy product id - product id: 262839280
2025-09-22 06:44:13,537 WARNING: Lỗi HTTP 429 - product id: 262846791, thử lại 1/3
2025-09-22 06:44:13,590 WARNING: Lỗi HTTP 429 - product id: 262848376, thử lại 1/3
2025-09-22 06:44:13,647 WARNING: Lỗi HTTP 404: Không tim thấy product id - product id: 262835627
2025-09-22 06:44:13,677 WARNING: Lỗi HTTP 429 - product id: 262848860, thử lại 1/3
2025-09-22 06:44:13,749 WARNING: Lỗi HTTP 404: Không tim thấy product id - product id: 262839195
2025-09-22 06:44:13,798 WARNING: Lỗi HTTP 404: Không tim thấy product id - product id: 262830165
2025-09-22 06:44:13,800 WARNING: Lỗi HTTP 404: Không tim thấy product id - product id: 262845989
2025-09-22 06:44:13,847 WARNING: Lỗi HTTP 404: Không tim thấy product id - product id: 262846146
2025-09-22 06:44:14,050 WARNING: Lỗi HTTP 404: Không tim thấy product id - product id: 262845891
2025-09-22 06:44:14,151 WARNING: Lỗi HTTP 404: Không tim thấy product id - product id: 262846190
2025-09-22 06:44:17,463 INFO: Đã commit batch 197 (1000 sản phẩm)
2025-09-22 06:44:17,497 INFO: Đã ghi 979 sản phẩm vào file /home/quannh/projects_de/project_2/output/products_batch_197_979_ids.csv
2025-09-22 06:44:17,525 INFO: Bắt đầu crawl batch 198 (1000 sản phẩm)
2025-09-22 06:44:17,828 WARNING: Lỗi HTTP 429 - product id: 262907501, thử lại 1/3
2025-09-22 06:44:17,936 WARNING: Lỗi HTTP 429 - product id: 262908057, thử lại 1/3
2025-09-22 06:44:18,639 WARNING: Lỗi HTTP 429 - product id: 262972919, thử lại 1/3
2025-09-22 06:44:19,022 WARNING: Lỗi HTTP 429 - product id: 262977670, thử lại 1/3
2025-09-22 06:44:19,088 WARNING: Lỗi HTTP 429 - product id: 262979515, thử lại 1/3
2025-09-22 06:44:20,479 WARNING: Lỗi HTTP 429 - product id: 263025554, thử lại 1/3
2025-09-22 06:44:20,571 WARNING: Lỗi HTTP 429 - product id: 263025641, thử lại 1/3
2025-09-22 06:44:20,635 WARNING: Lỗi HTTP 429 - product id: 263025787, thử lại 1/3
2025-09-22 06:44:20,872 WARNING: Lỗi HTTP 429 - product id: 263026046, thử lại 1/3
2025-09-22 06:44:20,971 WARNING: Lỗi HTTP 429 - product id: 263026183, thử lại 1/3
2025-09-22 06:44:22,926 WARNING: Lỗi HTTP 429 - product id: 263038376, thử lại 1/3
2025-09-22 06:44:23,180 WARNING: Lỗi HTTP 429 - product id: 263040316, thử lại 1/3
2025-09-22 06:44:23,327 WARNING: Lỗi HTTP 429 - product id: 263040747, thử lại 1/3
2025-09-22 06:44:23,336 WARNING: Lỗi HTTP 429 - product id: 263040990, thử lại 1/3
2025-09-22 06:44:24,099 WARNING: Lỗi HTTP 404: Không tim thấy product id - product id: 263047165
2025-09-22 06:44:25,176 WARNING: Lỗi HTTP 429 - product id: 263060102, thử lại 1/3
2025-09-22 06:44:26,531 WARNING: Lỗi HTTP 429 - product id: 263077519, thử lại 1/3
2025-09-22 06:44:26,572 WARNING: Lỗi HTTP 429 - product id: 263077726, thử lại 1/3
2025-09-22 06:44:26,577 WARNING: Lỗi HTTP 429 - product id: 263077844, thử lại 1/3
2025-09-22 06:44:26,617 WARNING: Lỗi HTTP 429 - product id: 263040990, thử lại 2/3
2025-09-22 06:44:26,688 WARNING: Lỗi HTTP 429 - product id: 263079973, thử lại 1/3
2025-09-22 06:44:26,868 WARNING: Lỗi HTTP 429 - product id: 263083497, thử lại 1/3
2025-09-22 06:44:26,924 WARNING: Lỗi HTTP 429 - product id: 263084295, thử lại 1/3
2025-09-22 06:44:27,175 WARNING: Lỗi HTTP 429 - product id: 263089597, thử lại 1/3
2025-09-22 06:44:27,273 WARNING: Lỗi HTTP 429 - product id: 263089619, thử lại 1/3
2025-09-22 06:44:27,423 WARNING: Lỗi HTTP 429 - product id: 263096731, thử lại 1/3
2025-09-22 06:44:27,629 WARNING: Lỗi HTTP 429 - product id: 263098126, thử lại 1/3
2025-09-22 06:44:27,739 WARNING: Lỗi HTTP 429 - product id: 263099604, thử lại 1/3
2025-09-22 06:44:27,869 WARNING: Lỗi HTTP 429 - product id: 263100334, thử lại 1/3
2025-09-22 06:44:27,896 WARNING: Lỗi HTTP 404: Không tim thấy product id - product id: 263087695
2025-09-22 06:44:27,973 WARNING: Lỗi HTTP 429 - product id: 263100423, thử lại 1/3
2025-09-22 06:44:28,066 WARNING: Lỗi HTTP 429 - product id: 263101176, thử lại 1/3
2025-09-22 06:44:28,132 WARNING: Lỗi HTTP 429 - product id: 263102257, thử lại 1/3
2025-09-22 06:44:28,171 WARNING: Lỗi HTTP 429 - product id: 263102655, thử lại 1/3
2025-09-22 06:44:28,224 WARNING: Lỗi HTTP 429 - product id: 263102917, thử lại 1/3
2025-09-22 06:44:28,277 WARNING: Lỗi HTTP 429 - product id: 263103686, thử lại 1/3
2025-09-22 06:44:28,644 WARNING: Lỗi HTTP 404: Không tim thấy product id - product id: 263099547
2025-09-22 06:44:28,937 WARNING: Lỗi HTTP 404: Không tim thấy product id - product id: 263110063
2025-09-22 06:44:29,470 WARNING: Lỗi HTTP 429 - product id: 263122942, thử lại 1/3
2025-09-22 06:44:29,474 WARNING: Lỗi HTTP 429 - product id: 263122944, thử lại 1/3
2025-09-22 06:44:30,028 WARNING: Lỗi HTTP 429 - product id: 263196582, thử lại 1/3
2025-09-22 06:44:30,239 WARNING: Lỗi HTTP 429 - product id: 263089597, thử lại 2/3
2025-09-22 06:44:30,625 WARNING: Lỗi HTTP 429 - product id: 263243814, thử lại 1/3
2025-09-22 06:44:30,780 WARNING: Lỗi HTTP 429 - product id: 263246895, thử lại 1/3
2025-09-22 06:44:31,113 WARNING: Lỗi HTTP 429 - product id: 263266291, thử lại 1/3
2025-09-22 06:44:31,121 WARNING: Lỗi HTTP 429 - product id: 263272140, thử lại 1/3
2025-09-22 06:44:31,218 WARNING: Lỗi HTTP 404: Không tim thấy product id - product id: 263099604
2025-09-22 06:44:31,226 WARNING: Lỗi HTTP 429 - product id: 263102257, thử lại 2/3
2025-09-22 06:44:31,278 WARNING: Lỗi HTTP 429 - product id: 263102655, thử lại 2/3
2025-09-22 06:44:31,432 WARNING: Lỗi HTTP 429 - product id: 263275265, thử lại 1/3
2025-09-22 06:44:31,497 WARNING: Lỗi HTTP 429 - product id: 263275433, thử lại 1/3
2025-09-22 06:44:31,516 WARNING: Lỗi HTTP 429 - product id: 263275534, thử lại 1/3
2025-09-22 06:44:31,534 WARNING: Lỗi HTTP 429 - product id: 263276078, thử lại 1/3
2025-09-22 06:44:31,561 WARNING: Lỗi HTTP 429 - product id: 263276121, thử lại 1/3
2025-09-22 06:44:31,576 WARNING: Lỗi HTTP 429 - product id: 263276164, thử lại 1/3
2025-09-22 06:44:31,606 WARNING: Lỗi HTTP 429 - product id: 263276302, thử lại 1/3
2025-09-22 06:44:32,097 WARNING: Lỗi HTTP 404: Không tim thấy product id - product id: 263100423
2025-09-22 06:44:33,352 WARNING: Lỗi HTTP 404: Không tim thấy product id - product id: 263294035
2025-09-22 06:44:37,377 INFO: Đã commit batch 198 (1000 sản phẩm)
2025-09-22 06:44:37,411 INFO: Đã ghi 993 sản phẩm vào file /home/quannh/projects_de/project_2/output/products_batch_198_993_ids.csv
2025-09-22 06:44:37,440 INFO: Bắt đầu crawl batch 199 (1000 sản phẩm)
2025-09-22 06:44:39,540 WARNING: Lỗi HTTP 429 - product id: 263338113, thử lại 1/3
2025-09-22 06:44:40,039 WARNING: Lỗi HTTP 429 - product id: 263348226, thử lại 1/3
2025-09-22 06:44:40,122 WARNING: Lỗi HTTP 429 - product id: 263348875, thử lại 1/3
2025-09-22 06:44:40,136 WARNING: Lỗi HTTP 429 - product id: 263348883, thử lại 1/3
2025-09-22 06:44:40,138 WARNING: Lỗi HTTP 429 - product id: 263348889, thử lại 1/3
2025-09-22 06:44:40,189 WARNING: Lỗi HTTP 429 - product id: 263348909, thử lại 1/3
2025-09-22 06:44:40,206 WARNING: Lỗi HTTP 429 - product id: 263348915, thử lại 1/3
2025-09-22 06:44:40,342 WARNING: Lỗi HTTP 429 - product id: 263348990, thử lại 1/3
2025-09-22 06:44:40,839 WARNING: Lỗi HTTP 429 - product id: 263349313, thử lại 1/3
2025-09-22 06:44:40,903 WARNING: Lỗi HTTP 429 - product id: 263349603, thử lại 1/3
2025-09-22 06:44:40,988 WARNING: Lỗi HTTP 429 - product id: 263350398, thử lại 1/3
2025-09-22 06:44:41,288 WARNING: Lỗi HTTP 429 - product id: 263352618, thử lại 1/3
2025-09-22 06:44:44,012 WARNING: Lỗi HTTP 404: Không tim thấy product id - product id: 263403786
2025-09-22 06:44:44,346 WARNING: Lỗi HTTP 429 - product id: 263408187, thử lại 1/3
2025-09-22 06:44:44,361 WARNING: Lỗi HTTP 404: Không tim thấy product id - product id: 263401984
2025-09-22 06:44:44,388 WARNING: Lỗi HTTP 429 - product id: 263408543, thử lại 1/3
2025-09-22 06:44:44,663 WARNING: Lỗi HTTP 404: Không tim thấy product id - product id: 263403811
2025-09-22 06:44:46,145 WARNING: Lỗi HTTP 429 - product id: 263456617, thử lại 1/3
2025-09-22 06:44:46,234 WARNING: Lỗi HTTP 429 - product id: 263466425, thử lại 1/3
2025-09-22 06:44:46,240 WARNING: Lỗi HTTP 429 - product id: 263466463, thử lại 1/3
2025-09-22 06:44:46,737 WARNING: Lỗi HTTP 429 - product id: 263486809, thử lại 1/3
2025-09-22 06:44:46,798 WARNING: Lỗi HTTP 429 - product id: 263487666, thử lại 1/3
2025-09-22 06:44:46,841 WARNING: Lỗi HTTP 429 - product id: 263487766, thử lại 1/3
2025-09-22 06:44:47,544 WARNING: Lỗi HTTP 429 - product id: 263408187, thử lại 2/3
2025-09-22 06:44:47,544 WARNING: Lỗi HTTP 429 - product id: 263494556, thử lại 1/3
2025-09-22 06:44:48,091 WARNING: Lỗi HTTP 429 - product id: 263506409, thử lại 1/3
2025-09-22 06:44:48,287 WARNING: Lỗi HTTP 429 - product id: 263514241, thử lại 1/3
2025-09-22 06:44:49,046 WARNING: Lỗi HTTP 429 - product id: 263562718, thử lại 1/3
2025-09-22 06:44:49,090 WARNING: Lỗi HTTP 429 - product id: 263563106, thử lại 1/3
2025-09-22 06:44:49,396 WARNING: Lỗi HTTP 429 - product id: 263569906, thử lại 1/3
2025-09-22 06:44:49,639 WARNING: Lỗi HTTP 429 - product id: 263573693, thử lại 1/3
2025-09-22 06:44:49,692 WARNING: Lỗi HTTP 429 - product id: 263575647, thử lại 1/3
2025-09-22 06:44:49,841 WARNING: Lỗi HTTP 429 - product id: 263577201, thử lại 1/3
2025-09-22 06:44:49,909 WARNING: Lỗi HTTP 404: Không tim thấy product id - product id: 263573576
2025-09-22 06:44:49,943 WARNING: Lỗi HTTP 429 - product id: 263580045, thử lại 1/3
2025-09-22 06:44:49,959 WARNING: Lỗi HTTP 404: Không tim thấy product id - product id: 263573803
2025-09-22 06:44:49,986 WARNING: Lỗi HTTP 429 - product id: 263580368, thử lại 1/3
2025-09-22 06:44:50,033 WARNING: Lỗi HTTP 429 - product id: 263581870, thử lại 1/3
2025-09-22 06:44:50,049 WARNING: Lỗi HTTP 429 - product id: 263581977, thử lại 1/3
2025-09-22 06:44:50,094 WARNING: Lỗi HTTP 429 - product id: 263582480, thử lại 1/3
2025-09-22 06:44:50,186 WARNING: Lỗi HTTP 429 - product id: 263583346, thử lại 1/3
2025-09-22 06:44:50,213 WARNING: Lỗi HTTP 404: Không tim thấy product id - product id: 263573515
2025-09-22 06:44:50,262 WARNING: Lỗi HTTP 404: Không tim thấy product id - product id: 263573516
2025-09-22 06:44:50,314 WARNING: Lỗi HTTP 404: Không tim thấy product id - product id: 263573578
2025-09-22 06:44:50,364 WARNING: Lỗi HTTP 404: Không tim thấy product id - product id: 263573701
2025-09-22 06:44:50,565 WARNING: Lỗi HTTP 404: Không tim thấy product id - product id: 263573581
2025-09-22 06:44:50,612 WARNING: Lỗi HTTP 404: Không tim thấy product id - product id: 263573593
2025-09-22 06:44:50,664 WARNING: Lỗi HTTP 404: Không tim thấy product id - product id: 263573936
2025-09-22 06:44:52,563 WARNING: Lỗi HTTP 404: Không tim thấy product id - product id: 263625495
2025-09-22 06:44:53,335 WARNING: Lỗi HTTP 429 - product id: 263668789, thử lại 1/3
2025-09-22 06:44:53,395 WARNING: Lỗi HTTP 429 - product id: 263668811, thử lại 1/3
2025-09-22 06:44:53,440 WARNING: Lỗi HTTP 429 - product id: 263583346, thử lại 2/3
2025-09-22 06:44:53,712 WARNING: Lỗi HTTP 404: Không tim thấy product id - product id: 263573693
2025-09-22 06:44:53,913 WARNING: Lỗi HTTP 404: Không tim thấy product id - product id: 263655215
2025-09-22 06:44:59,553 INFO: Đã commit batch 199 (1000 sản phẩm)
2025-09-22 06:44:59,585 INFO: Đã ghi 985 sản phẩm vào file /home/quannh/projects_de/project_2/output/products_batch_199_985_ids.csv
2025-09-22 06:44:59,595 INFO: Đã crawl hết sản phẩm
2025-09-22 06:44:59,595 INFO: Bắt đầu crawl lại các sản phẩm lỗi khác 404
2025-09-22 06:44:59,743 INFO: Đã commit batch retry_error (5 sản phẩm)
2025-09-22 06:44:59,745 INFO: Đã ghi 5 sản phẩm vào file /home/quannh/projects_de/project_2/output/products_batch_retry_error_5_ids.csv
2025-09-22 06:44:59,745 INFO: Hoàn thành crawl toàn bộ sản phẩm
2025-09-22 06:44:59,837 INFO: Đã tổng hợp kết quả crawl vào file /home/quannh/projects_de/project_2/logs/crawl_summary.txt
