2025-09-29 20:30:42,907 INFO: Tạo thành công bảng product_info và product_list!
2025-09-29 20:30:42,910 INFO: Bảng product_list hiện có 0 product_id
2025-09-29 20:30:42,913 INFO: Đã xóa dữ liệu trong bảng product_list
2025-09-29 20:30:43,193 INFO: Insert dữ liệu thành công vào bảng product_list
2025-09-29 20:30:44,046 INFO: Đã tạo batch_id cho bảng product_list
2025-09-29 20:30:44,123 INFO: Đã update lại status của batch 0 về pending để tiến hành crawl lại batch
2025-09-29 20:30:44,134 INFO: Bắt đầu crawl batch 0 (1000 sản phẩm)
2025-09-29 20:30:49,560 WARNING: Lỗi HTTP 429 - product id: 756662, thử lại 1/3
2025-09-29 20:30:49,594 WARNING: Lỗi HTTP 429 - product id: 758496, thử lại 1/3
2025-09-29 20:30:50,402 WARNING: Lỗi HTTP 429 - product id: 482497, thử lại 1/3
2025-09-29 20:30:50,647 WARNING: Lỗi HTTP 429 - product id: 495258, thử lại 1/3
2025-09-29 20:30:50,705 WARNING: Lỗi HTTP 429 - product id: 496973, thử lại 1/3
2025-09-29 20:30:50,712 WARNING: Lỗi HTTP 429 - product id: 498183, thử lại 1/3
2025-09-29 20:30:50,807 WARNING: Lỗi HTTP 429 - product id: 508281, thử lại 1/3
2025-09-29 20:30:50,873 WARNING: Lỗi HTTP 429 - product id: 508734, thử lại 1/3
2025-09-29 20:30:50,897 WARNING: Lỗi HTTP 429 - product id: 510506, thử lại 1/3
2025-09-29 20:30:50,948 WARNING: Lỗi HTTP 429 - product id: 510954, thử lại 1/3
2025-09-29 20:30:51,306 WARNING: Lỗi HTTP 429 - product id: 521402, thử lại 1/3
2025-09-29 20:30:51,400 WARNING: Lỗi HTTP 429 - product id: 522142, thử lại 1/3
2025-09-29 20:30:51,410 WARNING: Lỗi HTTP 429 - product id: 522590, thử lại 1/3
2025-09-29 20:30:51,761 WARNING: Lỗi HTTP 429 - product id: 543781, thử lại 1/3
2025-09-29 20:30:51,796 WARNING: Lỗi HTTP 429 - product id: 544675, thử lại 1/3
2025-09-29 20:30:51,805 WARNING: Lỗi HTTP 429 - product id: 548117, thử lại 1/3
2025-09-29 20:30:51,908 WARNING: Lỗi HTTP 429 - product id: 552009, thử lại 1/3
2025-09-29 20:30:52,298 WARNING: Lỗi HTTP 429 - product id: 558862, thử lại 1/3
2025-09-29 20:30:52,306 WARNING: Lỗi HTTP 429 - product id: 559156, thử lại 1/3
2025-09-29 20:30:52,462 WARNING: Lỗi HTTP 429 - product id: 565444, thử lại 1/3
2025-09-29 20:30:52,551 WARNING: Lỗi HTTP 429 - product id: 570690, thử lại 1/3
2025-09-29 20:30:52,593 WARNING: Lỗi HTTP 429 - product id: 573797, thử lại 1/3
2025-09-29 20:30:52,628 WARNING: Lỗi HTTP 429 - product id: 756662, thử lại 2/3
2025-09-29 20:30:52,649 WARNING: Lỗi HTTP 429 - product id: 588547, thử lại 1/3
2025-09-29 20:30:52,656 WARNING: Lỗi HTTP 429 - product id: 758496, thử lại 2/3
2025-09-29 20:30:52,714 WARNING: Lỗi HTTP 429 - product id: 787937, thử lại 1/3
2025-09-29 20:30:52,759 WARNING: Lỗi HTTP 429 - product id: 380279, thử lại 1/3
2025-09-29 20:30:55,544 WARNING: Lỗi HTTP 429 - product id: 583278, thử lại 1/3
2025-09-29 20:30:55,553 WARNING: Lỗi HTTP 429 - product id: 594864, thử lại 1/3
2025-09-29 20:30:55,603 WARNING: Lỗi HTTP 429 - product id: 601066, thử lại 1/3
2025-09-29 20:30:55,609 WARNING: Lỗi HTTP 429 - product id: 601212, thử lại 1/3
2025-09-29 20:30:55,644 WARNING: Lỗi HTTP 429 - product id: 630667, thử lại 1/3
2025-09-29 20:30:55,666 WARNING: Lỗi HTTP 429 - product id: 631964, thử lại 1/3
2025-09-29 20:30:55,683 WARNING: Lỗi HTTP 429 - product id: 570690, thử lại 2/3
2025-09-29 20:30:55,712 WARNING: Lỗi HTTP 429 - product id: 635752, thử lại 1/3
2025-09-29 20:30:55,781 WARNING: Lỗi HTTP 429 - product id: 637571, thử lại 1/3
2025-09-29 20:30:56,553 WARNING: Lỗi HTTP 429 - product id: 408761, thử lại 1/3
2025-09-29 20:30:56,630 WARNING: Lỗi HTTP 429 - product id: 412786, thử lại 1/3
2025-09-29 20:30:56,944 WARNING: Lỗi HTTP 429 - product id: 422148, thử lại 1/3
2025-09-29 20:30:56,948 WARNING: Lỗi HTTP 429 - product id: 419109, thử lại 1/3
2025-09-29 20:30:57,018 WARNING: Lỗi HTTP 429 - product id: 425032, thử lại 1/3
2025-09-29 20:30:57,056 WARNING: Lỗi HTTP 429 - product id: 426884, thử lại 1/3
2025-09-29 20:30:57,080 WARNING: Lỗi HTTP 429 - product id: 429242, thử lại 1/3
2025-09-29 20:30:57,103 WARNING: Lỗi HTTP 429 - product id: 429531, thử lại 1/3
2025-09-29 20:30:57,296 WARNING: Lỗi HTTP 429 - product id: 442690, thử lại 1/3
2025-09-29 20:30:57,302 WARNING: Lỗi HTTP 429 - product id: 442832, thử lại 1/3
2025-09-29 20:30:57,498 WARNING: Lỗi HTTP 429 - product id: 445884, thử lại 1/3
2025-09-29 20:30:57,607 WARNING: Lỗi HTTP 429 - product id: 449059, thử lại 1/3
2025-09-29 20:30:57,650 WARNING: Lỗi HTTP 429 - product id: 449720, thử lại 1/3
2025-09-29 20:30:58,198 WARNING: Lỗi HTTP 429 - product id: 458616, thử lại 1/3
2025-09-29 20:30:58,201 WARNING: Lỗi HTTP 429 - product id: 458617, thử lại 1/3
2025-09-29 20:30:58,904 WARNING: Lỗi HTTP 429 - product id: 622571, thử lại 1/3
2025-09-29 20:30:58,906 WARNING: Lỗi HTTP 429 - product id: 625305, thử lại 1/3
2025-09-29 20:31:01,147 WARNING: Lỗi HTTP 429 - product id: 756660, thử lại 1/3
2025-09-29 20:31:01,242 WARNING: Lỗi HTTP 429 - product id: 758478, thử lại 1/3
2025-09-29 20:31:04,345 INFO: Đã commit batch 0 (1000 sản phẩm)
2025-09-29 20:31:04,378 INFO: Đã ghi 1000 sản phẩm vào file /home/quannh/projects_de/Lab_01/output/products_batch_0_1000_ids.csv
2025-09-29 20:31:04,434 INFO: Đã insert 1000 sản phẩm từ file /home/quannh/projects_de/Lab_01/output/products_batch_0_1000_ids.csv vào database PostgeSQL
2025-09-29 20:31:04,469 INFO: Đã update lại status của batch 1 về pending để tiến hành crawl lại batch
2025-09-29 20:31:04,480 INFO: Bắt đầu crawl batch 1 (1000 sản phẩm)
2025-09-29 20:31:05,688 WARNING: Lỗi HTTP 429 - product id: 912476, thử lại 1/3
2025-09-29 20:31:06,827 WARNING: Lỗi HTTP 429 - product id: 1535105, thử lại 1/3
2025-09-29 20:31:06,859 WARNING: Lỗi HTTP 429 - product id: 1536287, thử lại 1/3
2025-09-29 20:31:08,137 WARNING: Lỗi HTTP 429 - product id: 1754647, thử lại 1/3
2025-09-29 20:31:08,220 WARNING: Lỗi HTTP 429 - product id: 1811991, thử lại 1/3
2025-09-29 20:31:08,286 WARNING: Lỗi HTTP 429 - product id: 1812183, thử lại 1/3
2025-09-29 20:31:08,382 WARNING: Lỗi HTTP 429 - product id: 1816613, thử lại 1/3
2025-09-29 20:31:08,477 WARNING: Lỗi HTTP 429 - product id: 1935729, thử lại 1/3
2025-09-29 20:31:08,504 WARNING: Lỗi HTTP 429 - product id: 1945325, thử lại 1/3
2025-09-29 20:31:08,567 WARNING: Lỗi HTTP 429 - product id: 920898, thử lại 1/3
2025-09-29 20:31:08,582 WARNING: Lỗi HTTP 429 - product id: 922610, thử lại 1/3
2025-09-29 20:31:08,586 WARNING: Lỗi HTTP 429 - product id: 924108, thử lại 1/3
2025-09-29 20:31:08,682 WARNING: Lỗi HTTP 429 - product id: 939804, thử lại 1/3
2025-09-29 20:31:09,297 WARNING: Lỗi HTTP 429 - product id: 983486, thử lại 1/3
2025-09-29 20:31:09,338 WARNING: Lỗi HTTP 429 - product id: 988952, thử lại 1/3
2025-09-29 20:31:09,387 WARNING: Lỗi HTTP 429 - product id: 997111, thử lại 1/3
2025-09-29 20:31:09,435 WARNING: Lỗi HTTP 429 - product id: 1004757, thử lại 1/3
2025-09-29 20:31:09,637 WARNING: Lỗi HTTP 429 - product id: 1021867, thử lại 1/3
2025-09-29 20:31:09,891 WARNING: Lỗi HTTP 429 - product id: 1535105, thử lại 2/3
2025-09-29 20:31:11,738 WARNING: Lỗi HTTP 429 - product id: 922610, thử lại 2/3
2025-09-29 20:31:14,495 WARNING: Lỗi HTTP 429 - product id: 1058666, thử lại 1/3
2025-09-29 20:31:14,748 WARNING: Lỗi HTTP 429 - product id: 1076336, thử lại 1/3
2025-09-29 20:31:20,634 WARNING: Lỗi HTTP 429 - product id: 1816619, thử lại 1/3
2025-09-29 20:31:23,764 INFO: Đã commit batch 1 (1000 sản phẩm)
2025-09-29 20:31:23,791 INFO: Đã ghi 1000 sản phẩm vào file /home/quannh/projects_de/Lab_01/output/products_batch_1_1000_ids.csv
2025-09-29 20:31:23,831 INFO: Đã insert 1000 sản phẩm từ file /home/quannh/projects_de/Lab_01/output/products_batch_1_1000_ids.csv vào database PostgeSQL
2025-09-29 20:31:23,877 INFO: Đã update lại status của batch 2 về pending để tiến hành crawl lại batch
2025-09-29 20:31:23,887 INFO: Bắt đầu crawl batch 2 (1000 sản phẩm)
2025-09-29 20:31:24,500 WARNING: Lỗi HTTP 429 - product id: 2352307, thử lại 1/3
2025-09-29 20:31:24,610 WARNING: Lỗi HTTP 429 - product id: 2362959, thử lại 1/3
2025-09-29 20:31:24,665 WARNING: Lỗi HTTP 404: Không tim thấy product id - product id: 2152895
2025-09-29 20:31:24,698 WARNING: Lỗi HTTP 429 - product id: 2366945, thử lại 1/3
2025-09-29 20:31:24,744 WARNING: Lỗi HTTP 429 - product id: 2370319, thử lại 1/3
2025-09-29 20:31:24,821 WARNING: Lỗi HTTP 429 - product id: 2386231, thử lại 1/3
2025-09-29 20:31:24,846 WARNING: Lỗi HTTP 429 - product id: 2386945, thử lại 1/3
2025-09-29 20:31:24,854 WARNING: Lỗi HTTP 429 - product id: 2401677, thử lại 1/3
2025-09-29 20:31:25,544 WARNING: Lỗi HTTP 429 - product id: 2558473, thử lại 1/3
2025-09-29 20:31:25,653 WARNING: Lỗi HTTP 429 - product id: 2563693, thử lại 1/3
2025-09-29 20:31:28,651 WARNING: Lỗi HTTP 429 - product id: 3045327, thử lại 1/3
2025-09-29 20:31:28,746 WARNING: Lỗi HTTP 429 - product id: 3046033, thử lại 1/3
2025-09-29 20:31:28,858 WARNING: Lỗi HTTP 429 - product id: 3052143, thử lại 1/3
2025-09-29 20:31:28,965 WARNING: Lỗi HTTP 404: Không tim thấy product id - product id: 2386945
2025-09-29 20:31:29,003 WARNING: Lỗi HTTP 429 - product id: 3056175, thử lại 1/3
2025-09-29 20:31:29,032 WARNING: Lỗi HTTP 429 - product id: 3056221, thử lại 1/3
2025-09-29 20:31:29,039 WARNING: Lỗi HTTP 429 - product id: 3056243, thử lại 1/3
2025-09-29 20:31:29,094 WARNING: Lỗi HTTP 429 - product id: 3056303, thử lại 1/3
2025-09-29 20:31:29,097 WARNING: Lỗi HTTP 429 - product id: 3056315, thử lại 1/3
2025-09-29 20:31:29,258 WARNING: Lỗi HTTP 429 - product id: 3103387, thử lại 1/3
2025-09-29 20:31:30,339 WARNING: Lỗi HTTP 429 - product id: 3288331, thử lại 1/3
2025-09-29 20:31:30,344 WARNING: Lỗi HTTP 429 - product id: 3325275, thử lại 1/3
2025-09-29 20:31:33,152 WARNING: Lỗi HTTP 429 - product id: 2574773, thử lại 1/3
2025-09-29 20:31:33,699 WARNING: Lỗi HTTP 429 - product id: 2620311, thử lại 1/3
2025-09-29 20:31:33,767 WARNING: Lỗi HTTP 429 - product id: 2621959, thử lại 1/3
2025-09-29 20:31:33,808 WARNING: Lỗi HTTP 429 - product id: 2622007, thử lại 1/3
2025-09-29 20:31:33,814 WARNING: Lỗi HTTP 429 - product id: 2622179, thử lại 1/3
2025-09-29 20:31:33,838 WARNING: Lỗi HTTP 429 - product id: 2623539, thử lại 1/3
2025-09-29 20:31:33,874 WARNING: Lỗi HTTP 429 - product id: 2623599, thử lại 1/3
2025-09-29 20:31:33,952 WARNING: Lỗi HTTP 429 - product id: 2626729, thử lại 1/3
2025-09-29 20:31:36,347 WARNING: Lỗi HTTP 429 - product id: 2574773, thử lại 2/3
2025-09-29 20:31:36,395 WARNING: Lỗi HTTP 429 - product id: 3045509, thử lại 1/3
2025-09-29 20:31:36,443 WARNING: Lỗi HTTP 429 - product id: 3046829, thử lại 1/3
2025-09-29 20:31:36,595 WARNING: Lỗi HTTP 429 - product id: 3052293, thử lại 1/3
2025-09-29 20:31:36,902 WARNING: Lỗi HTTP 429 - product id: 3056267, thử lại 1/3
2025-09-29 20:31:36,945 WARNING: Lỗi HTTP 429 - product id: 3056301, thử lại 1/3
2025-09-29 20:31:36,990 WARNING: Lỗi HTTP 429 - product id: 3056311, thử lại 1/3
2025-09-29 20:31:37,785 WARNING: Lỗi HTTP 429 - product id: 3187755, thử lại 1/3
2025-09-29 20:31:38,805 WARNING: Lỗi HTTP 429 - product id: 2042813, thử lại 1/3
2025-09-29 20:31:38,852 WARNING: Lỗi HTTP 429 - product id: 2063989, thử lại 1/3
2025-09-29 20:31:38,898 WARNING: Lỗi HTTP 429 - product id: 2073807, thử lại 1/3
2025-09-29 20:31:39,224 WARNING: Lỗi HTTP 429 - product id: 2086167, thử lại 1/3
2025-09-29 20:31:39,291 WARNING: Lỗi HTTP 429 - product id: 2020511, thử lại 1/3
2025-09-29 20:31:39,410 WARNING: Lỗi HTTP 404: Không tim thấy product id - product id: 2069457
2025-09-29 20:31:39,593 WARNING: Lỗi HTTP 429 - product id: 2036323, thử lại 1/3
2025-09-29 20:31:39,737 WARNING: Lỗi HTTP 429 - product id: 2067485, thử lại 1/3
2025-09-29 20:31:42,846 INFO: Đã commit batch 2 (1000 sản phẩm)
2025-09-29 20:31:42,874 INFO: Đã ghi 997 sản phẩm vào file /home/quannh/projects_de/Lab_01/output/products_batch_2_997_ids.csv
2025-09-29 20:31:42,917 INFO: Đã insert 997 sản phẩm từ file /home/quannh/projects_de/Lab_01/output/products_batch_2_997_ids.csv vào database PostgeSQL
2025-09-29 20:31:42,950 INFO: Đã update lại status của batch 3 về pending để tiến hành crawl lại batch
2025-09-29 20:31:42,960 INFO: Bắt đầu crawl batch 3 (1000 sản phẩm)
2025-09-29 20:31:48,663 WARNING: Lỗi HTTP 429 - product id: 5429999, thử lại 1/3
2025-09-29 20:31:48,663 WARNING: Lỗi HTTP 429 - product id: 5426033, thử lại 1/3
2025-09-29 20:31:48,719 WARNING: Lỗi HTTP 429 - product id: 5448887, thử lại 1/3
2025-09-29 20:31:49,271 WARNING: Lỗi HTTP 429 - product id: 5531009, thử lại 1/3
2025-09-29 20:31:49,363 WARNING: Lỗi HTTP 429 - product id: 5729825, thử lại 1/3
2025-09-29 20:31:53,264 WARNING: Lỗi HTTP 429 - product id: 4370293, thử lại 1/3
2025-09-29 20:31:53,274 WARNING: Lỗi HTTP 429 - product id: 4370295, thử lại 1/3
2025-09-29 20:31:53,374 WARNING: Lỗi HTTP 429 - product id: 4401687, thử lại 1/3
2025-09-29 20:31:53,444 WARNING: Lỗi HTTP 429 - product id: 4403279, thử lại 1/3
2025-09-29 20:31:53,473 WARNING: Lỗi HTTP 429 - product id: 4406189, thử lại 1/3
2025-09-29 20:31:53,625 WARNING: Lỗi HTTP 429 - product id: 4465555, thử lại 1/3
2025-09-29 20:31:53,626 WARNING: Lỗi HTTP 429 - product id: 4463195, thử lại 1/3
2025-09-29 20:31:53,627 WARNING: Lỗi HTTP 429 - product id: 4463165, thử lại 1/3
2025-09-29 20:31:53,809 WARNING: Lỗi HTTP 429 - product id: 4534759, thử lại 1/3
2025-09-29 20:31:54,173 WARNING: Lỗi HTTP 429 - product id: 4678167, thử lại 1/3
2025-09-29 20:31:54,212 WARNING: Lỗi HTTP 429 - product id: 4679795, thử lại 1/3
2025-09-29 20:31:57,821 WARNING: Lỗi HTTP 429 - product id: 3335329, thử lại 1/3
2025-09-29 20:31:58,810 WARNING: Lỗi HTTP 429 - product id: 3642135, thử lại 1/3
2025-09-29 20:31:58,964 WARNING: Lỗi HTTP 429 - product id: 3651775, thử lại 1/3
2025-09-29 20:32:02,067 INFO: Đã commit batch 3 (1000 sản phẩm)
2025-09-29 20:32:02,098 INFO: Đã ghi 1000 sản phẩm vào file /home/quannh/projects_de/Lab_01/output/products_batch_3_1000_ids.csv
2025-09-29 20:32:02,143 INFO: Đã insert 1000 sản phẩm từ file /home/quannh/projects_de/Lab_01/output/products_batch_3_1000_ids.csv vào database PostgeSQL
2025-09-29 20:32:02,184 INFO: Đã update lại status của batch 4 về pending để tiến hành crawl lại batch
2025-09-29 20:32:02,200 INFO: Bắt đầu crawl batch 4 (1000 sản phẩm)
2025-09-29 20:32:05,366 WARNING: Lỗi HTTP 429 - product id: 7134179, thử lại 1/3
2025-09-29 20:32:07,033 WARNING: Lỗi HTTP 404: Không tim thấy product id - product id: 7253439
2025-09-29 20:32:08,923 WARNING: Lỗi HTTP 429 - product id: 7930017, thử lại 1/3
2025-09-29 20:32:10,664 WARNING: Lỗi HTTP 429 - product id: 6474469, thử lại 1/3
2025-09-29 20:32:10,768 WARNING: Lỗi HTTP 429 - product id: 6490785, thử lại 1/3
2025-09-29 20:32:10,769 WARNING: Lỗi HTTP 429 - product id: 6495567, thử lại 1/3
2025-09-29 20:32:11,842 WARNING: Lỗi HTTP 404: Không tim thấy product id - product id: 6528635
2025-09-29 20:32:12,920 WARNING: Lỗi HTTP 429 - product id: 7101689, thử lại 1/3
2025-09-29 20:32:13,159 WARNING: Lỗi HTTP 429 - product id: 7117715, thử lại 1/3
2025-09-29 20:32:13,220 WARNING: Lỗi HTTP 429 - product id: 7156965, thử lại 1/3
2025-09-29 20:32:13,317 WARNING: Lỗi HTTP 429 - product id: 7168931, thử lại 1/3
2025-09-29 20:32:13,367 WARNING: Lỗi HTTP 429 - product id: 7177765, thử lại 1/3
2025-09-29 20:32:13,370 WARNING: Lỗi HTTP 429 - product id: 7180937, thử lại 1/3
2025-09-29 20:32:15,462 WARNING: Lỗi HTTP 429 - product id: 7693733, thử lại 1/3
2025-09-29 20:32:15,464 WARNING: Lỗi HTTP 429 - product id: 7697522, thử lại 1/3
2025-09-29 20:32:15,519 WARNING: Lỗi HTTP 429 - product id: 7721081, thử lại 1/3
2025-09-29 20:32:15,565 WARNING: Lỗi HTTP 429 - product id: 7721121, thử lại 1/3
2025-09-29 20:32:15,663 WARNING: Lỗi HTTP 429 - product id: 7731000, thử lại 1/3
2025-09-29 20:32:15,770 WARNING: Lỗi HTTP 429 - product id: 7758264, thử lại 1/3
2025-09-29 20:32:16,920 WARNING: Lỗi HTTP 429 - product id: 5862105, thử lại 1/3
2025-09-29 20:32:17,322 WARNING: Lỗi HTTP 429 - product id: 5914559, thử lại 1/3
2025-09-29 20:32:17,376 WARNING: Lỗi HTTP 429 - product id: 5945179, thử lại 1/3
2025-09-29 20:32:17,389 WARNING: Lỗi HTTP 429 - product id: 5945623, thử lại 1/3
2025-09-29 20:32:17,465 WARNING: Lỗi HTTP 429 - product id: 5975323, thử lại 1/3
2025-09-29 20:32:17,610 WARNING: Lỗi HTTP 429 - product id: 5999213, thử lại 1/3
2025-09-29 20:32:17,610 WARNING: Lỗi HTTP 429 - product id: 5766421, thử lại 1/3
2025-09-29 20:32:18,063 WARNING: Lỗi HTTP 429 - product id: 5893969, thử lại 1/3
2025-09-29 20:32:21,174 INFO: Đã commit batch 4 (1000 sản phẩm)
2025-09-29 20:32:21,200 INFO: Đã ghi 998 sản phẩm vào file /home/quannh/projects_de/Lab_01/output/products_batch_4_998_ids.csv
2025-09-29 20:32:21,242 INFO: Đã insert 998 sản phẩm từ file /home/quannh/projects_de/Lab_01/output/products_batch_4_998_ids.csv vào database PostgeSQL
2025-09-29 20:32:21,275 INFO: Đã update lại status của batch 5 về pending để tiến hành crawl lại batch
2025-09-29 20:32:21,285 INFO: Bắt đầu crawl batch 5 (1000 sản phẩm)
2025-09-29 20:32:25,096 WARNING: Lỗi HTTP 429 - product id: 9671829, thử lại 1/3
2025-09-29 20:32:25,101 WARNING: Lỗi HTTP 429 - product id: 9671851, thử lại 1/3
2025-09-29 20:32:25,403 WARNING: Lỗi HTTP 429 - product id: 9735268, thử lại 1/3
2025-09-29 20:32:25,449 WARNING: Lỗi HTTP 429 - product id: 9770171, thử lại 1/3
2025-09-29 20:32:25,579 WARNING: Lỗi HTTP 429 - product id: 9810300, thử lại 1/3
2025-09-29 20:32:25,593 WARNING: Lỗi HTTP 429 - product id: 9819847, thử lại 1/3
2025-09-29 20:32:25,644 WARNING: Lỗi HTTP 429 - product id: 9825851, thử lại 1/3
2025-09-29 20:32:25,650 WARNING: Lỗi HTTP 429 - product id: 9825898, thử lại 1/3
2025-09-29 20:32:25,684 WARNING: Lỗi HTTP 429 - product id: 9837590, thử lại 1/3
2025-09-29 20:32:25,748 WARNING: Lỗi HTTP 429 - product id: 9845796, thử lại 1/3
2025-09-29 20:32:25,758 WARNING: Lỗi HTTP 429 - product id: 9848280, thử lại 1/3
2025-09-29 20:32:25,849 WARNING: Lỗi HTTP 429 - product id: 9858772, thử lại 1/3
2025-09-29 20:32:26,140 WARNING: Lỗi HTTP 429 - product id: 9882550, thử lại 1/3
2025-09-29 20:32:26,249 WARNING: Lỗi HTTP 429 - product id: 9950759, thử lại 1/3
2025-09-29 20:32:27,791 WARNING: Lỗi HTTP 429 - product id: 7940150, thử lại 1/3
2025-09-29 20:32:27,797 WARNING: Lỗi HTTP 429 - product id: 7941173, thử lại 1/3
2025-09-29 20:32:28,607 WARNING: Lỗi HTTP 404: Không tim thấy product id - product id: 10102128
2025-09-29 20:32:28,742 WARNING: Lỗi HTTP 429 - product id: 9819847, thử lại 2/3
2025-09-29 20:32:28,928 WARNING: Lỗi HTTP 429 - product id: 8059661, thử lại 1/3
2025-09-29 20:32:28,995 WARNING: Lỗi HTTP 429 - product id: 8064878, thử lại 1/3
2025-09-29 20:32:28,995 WARNING: Lỗi HTTP 429 - product id: 8064882, thử lại 1/3
2025-09-29 20:32:29,036 WARNING: Lỗi HTTP 429 - product id: 8066299, thử lại 1/3
2025-09-29 20:32:29,140 WARNING: Lỗi HTTP 429 - product id: 8082544, thử lại 1/3
2025-09-29 20:32:29,247 WARNING: Lỗi HTTP 429 - product id: 8100487, thử lại 1/3
2025-09-29 20:32:29,389 WARNING: Lỗi HTTP 429 - product id: 8121968, thử lại 1/3
2025-09-29 20:32:29,449 WARNING: Lỗi HTTP 429 - product id: 8142259, thử lại 1/3
2025-09-29 20:32:35,757 WARNING: Lỗi HTTP 404: Không tim thấy product id - product id: 9969307
2025-09-29 20:32:38,166 INFO: Đã commit batch 5 (1000 sản phẩm)
2025-09-29 20:32:38,194 INFO: Đã ghi 998 sản phẩm vào file /home/quannh/projects_de/Lab_01/output/products_batch_5_998_ids.csv
2025-09-29 20:32:38,235 INFO: Đã insert 998 sản phẩm từ file /home/quannh/projects_de/Lab_01/output/products_batch_5_998_ids.csv vào database PostgeSQL
2025-09-29 20:32:38,270 INFO: Đã update lại status của batch 6 về pending để tiến hành crawl lại batch
2025-09-29 20:32:38,280 INFO: Bắt đầu crawl batch 6 (1000 sản phẩm)
2025-09-29 20:32:38,456 WARNING: Lỗi HTTP 404: Không tim thấy product id - product id: 10170131
2025-09-29 20:32:39,244 WARNING: Lỗi HTTP 429 - product id: 10517550, thử lại 1/3
2025-09-29 20:32:39,357 WARNING: Lỗi HTTP 404: Không tim thấy product id - product id: 10297936
2025-09-29 20:32:41,633 WARNING: Lỗi HTTP 429 - product id: 10954505, thử lại 1/3
2025-09-29 20:32:41,636 WARNING: Lỗi HTTP 429 - product id: 10958079, thử lại 1/3
2025-09-29 20:32:42,555 WARNING: Lỗi HTTP 404: Không tim thấy product id - product id: 11078812
2025-09-29 20:32:43,397 WARNING: Lỗi HTTP 429 - product id: 11342158, thử lại 1/3
2025-09-29 20:32:43,500 WARNING: Lỗi HTTP 429 - product id: 11381993, thử lại 1/3
2025-09-29 20:32:43,538 WARNING: Lỗi HTTP 429 - product id: 11383294, thử lại 1/3
2025-09-29 20:32:43,637 WARNING: Lỗi HTTP 429 - product id: 11421885, thử lại 1/3
2025-09-29 20:32:43,641 WARNING: Lỗi HTTP 429 - product id: 11422542, thử lại 1/3
2025-09-29 20:32:43,785 WARNING: Lỗi HTTP 429 - product id: 11448797, thử lại 1/3
2025-09-29 20:32:43,998 WARNING: Lỗi HTTP 429 - product id: 11470941, thử lại 1/3
2025-09-29 20:32:44,037 WARNING: Lỗi HTTP 429 - product id: 11479080, thử lại 1/3
2025-09-29 20:32:44,082 WARNING: Lỗi HTTP 429 - product id: 11479599, thử lại 1/3
2025-09-29 20:32:44,131 WARNING: Lỗi HTTP 429 - product id: 11492271, thử lại 1/3
2025-09-29 20:32:44,146 WARNING: Lỗi HTTP 429 - product id: 11503572, thử lại 1/3
2025-09-29 20:32:44,247 WARNING: Lỗi HTTP 429 - product id: 11517986, thử lại 1/3
2025-09-29 20:32:44,382 WARNING: Lỗi HTTP 429 - product id: 11557686, thử lại 1/3
2025-09-29 20:32:44,487 WARNING: Lỗi HTTP 429 - product id: 11585305, thử lại 1/3
2025-09-29 20:32:44,536 WARNING: Lỗi HTTP 429 - product id: 11594124, thử lại 1/3
2025-09-29 20:32:47,647 WARNING: Lỗi HTTP 429 - product id: 10601296, thử lại 1/3
2025-09-29 20:32:47,685 WARNING: Lỗi HTTP 429 - product id: 10607903, thử lại 1/3
2025-09-29 20:32:47,692 WARNING: Lỗi HTTP 429 - product id: 10608242, thử lại 1/3
2025-09-29 20:32:48,132 WARNING: Lỗi HTTP 429 - product id: 10699737, thử lại 1/3
2025-09-29 20:32:48,132 WARNING: Lỗi HTTP 429 - product id: 10700065, thử lại 1/3
2025-09-29 20:32:48,353 WARNING: Lỗi HTTP 404: Không tim thấy product id - product id: 10686361
2025-09-29 20:32:50,649 WARNING: Lỗi HTTP 429 - product id: 11256815, thử lại 1/3
2025-09-29 20:32:50,861 WARNING: Lỗi HTTP 404: Không tim thấy product id - product id: 11119985
2025-09-29 20:32:51,339 WARNING: Lỗi HTTP 429 - product id: 11377431, thử lại 1/3
2025-09-29 20:32:51,542 WARNING: Lỗi HTTP 429 - product id: 11407363, thử lại 1/3
2025-09-29 20:32:51,846 WARNING: Lỗi HTTP 429 - product id: 11450479, thử lại 1/3
2025-09-29 20:32:55,452 INFO: Đã commit batch 6 (1000 sản phẩm)
2025-09-29 20:32:55,479 INFO: Đã ghi 995 sản phẩm vào file /home/quannh/projects_de/Lab_01/output/products_batch_6_995_ids.csv
2025-09-29 20:32:55,519 INFO: Đã insert 995 sản phẩm từ file /home/quannh/projects_de/Lab_01/output/products_batch_6_995_ids.csv vào database PostgeSQL
2025-09-29 20:32:55,552 INFO: Đã update lại status của batch 7 về pending để tiến hành crawl lại batch
2025-09-29 20:32:55,562 INFO: Bắt đầu crawl batch 7 (1000 sản phẩm)
2025-09-29 20:32:56,736 WARNING: Lỗi HTTP 404: Không tim thấy product id - product id: 12023133
2025-09-29 20:32:58,733 WARNING: Lỗi HTTP 404: Không tim thấy product id - product id: 12354438
2025-09-29 20:32:59,674 WARNING: Lỗi HTTP 429 - product id: 12705460, thử lại 1/3
2025-09-29 20:33:01,080 WARNING: Lỗi HTTP 429 - product id: 13368901, thử lại 1/3
2025-09-29 20:33:01,118 WARNING: Lỗi HTTP 429 - product id: 13374592, thử lại 1/3
2025-09-29 20:33:01,370 WARNING: Lỗi HTTP 429 - product id: 13397591, thử lại 1/3
2025-09-29 20:33:02,775 WARNING: Lỗi HTTP 429 - product id: 13611850, thử lại 1/3
2025-09-29 20:33:02,851 WARNING: Lỗi HTTP 429 - product id: 13625940, thử lại 1/3
2025-09-29 20:33:04,289 WARNING: Lỗi HTTP 404: Không tim thấy product id - product id: 12107818
2025-09-29 20:33:05,540 WARNING: Lỗi HTTP 404: Không tim thấy product id - product id: 12316293
2025-09-29 20:33:05,922 WARNING: Lỗi HTTP 429 - product id: 12488591, thử lại 1/3
2025-09-29 20:33:06,372 WARNING: Lỗi HTTP 429 - product id: 12695805, thử lại 1/3
2025-09-29 20:33:06,415 WARNING: Lỗi HTTP 429 - product id: 12700073, thử lại 1/3
2025-09-29 20:33:07,284 WARNING: Lỗi HTTP 404: Không tim thấy product id - product id: 12671823
2025-09-29 20:33:08,120 WARNING: Lỗi HTTP 429 - product id: 13376726, thử lại 1/3
2025-09-29 20:33:08,160 WARNING: Lỗi HTTP 429 - product id: 13377047, thử lại 1/3
2025-09-29 20:33:08,187 WARNING: Lỗi HTTP 429 - product id: 13382812, thử lại 1/3
2025-09-29 20:33:08,217 WARNING: Lỗi HTTP 429 - product id: 13383578, thử lại 1/3
2025-09-29 20:33:08,224 WARNING: Lỗi HTTP 429 - product id: 13384998, thử lại 1/3
2025-09-29 20:33:08,368 WARNING: Lỗi HTTP 429 - product id: 13408574, thử lại 1/3
2025-09-29 20:33:08,610 WARNING: Lỗi HTTP 429 - product id: 13418790, thử lại 1/3
2025-09-29 20:33:08,618 WARNING: Lỗi HTTP 429 - product id: 13418816, thử lại 1/3
2025-09-29 20:33:08,674 WARNING: Lỗi HTTP 429 - product id: 13421971, thử lại 1/3
2025-09-29 20:33:08,715 WARNING: Lỗi HTTP 429 - product id: 13429231, thử lại 1/3
2025-09-29 20:33:08,753 WARNING: Lỗi HTTP 429 - product id: 13440869, thử lại 1/3
2025-09-29 20:33:08,965 WARNING: Lỗi HTTP 429 - product id: 13461098, thử lại 1/3
2025-09-29 20:33:08,968 WARNING: Lỗi HTTP 429 - product id: 13461306, thử lại 1/3
2025-09-29 20:33:09,073 WARNING: Lỗi HTTP 429 - product id: 13522656, thử lại 1/3
2025-09-29 20:33:09,171 WARNING: Lỗi HTTP 429 - product id: 13524698, thử lại 1/3
2025-09-29 20:33:09,439 WARNING: Lỗi HTTP 429 - product id: 12695805, thử lại 2/3
2025-09-29 20:33:09,568 WARNING: Lỗi HTTP 429 - product id: 13576231, thử lại 1/3
2025-09-29 20:33:09,674 WARNING: Lỗi HTTP 429 - product id: 13587414, thử lại 1/3
2025-09-29 20:33:09,826 WARNING: Lỗi HTTP 429 - product id: 13608017, thử lại 1/3
2025-09-29 20:33:10,045 WARNING: Lỗi HTTP 429 - product id: 11722838, thử lại 1/3
2025-09-29 20:33:10,077 WARNING: Lỗi HTTP 429 - product id: 11779848, thử lại 1/3
2025-09-29 20:33:10,174 WARNING: Lỗi HTTP 429 - product id: 11797915, thử lại 1/3
2025-09-29 20:33:10,215 WARNING: Lỗi HTTP 429 - product id: 11799876, thử lại 1/3
2025-09-29 20:33:15,552 INFO: Đã commit batch 7 (1000 sản phẩm)
2025-09-29 20:33:15,575 INFO: Đã ghi 995 sản phẩm vào file /home/quannh/projects_de/Lab_01/output/products_batch_7_995_ids.csv
2025-09-29 20:33:15,612 INFO: Đã insert 995 sản phẩm từ file /home/quannh/projects_de/Lab_01/output/products_batch_7_995_ids.csv vào database PostgeSQL
2025-09-29 20:33:15,644 INFO: Đã update lại status của batch 8 về pending để tiến hành crawl lại batch
2025-09-29 20:33:15,653 INFO: Bắt đầu crawl batch 8 (1000 sản phẩm)
2025-09-29 20:33:16,115 WARNING: Lỗi HTTP 429 - product id: 13795970, thử lại 1/3
2025-09-29 20:33:16,584 WARNING: Lỗi HTTP 404: Không tim thấy product id - product id: 13763748
2025-09-29 20:33:16,621 WARNING: Lỗi HTTP 429 - product id: 13893290, thử lại 1/3
2025-09-29 20:33:16,766 WARNING: Lỗi HTTP 429 - product id: 13934379, thử lại 1/3
2025-09-29 20:33:17,310 WARNING: Lỗi HTTP 429 - product id: 14021797, thử lại 1/3
2025-09-29 20:33:17,333 WARNING: Lỗi HTTP 404: Không tim thấy product id - product id: 13940547
2025-09-29 20:33:17,913 WARNING: Lỗi HTTP 429 - product id: 14083682, thử lại 1/3
2025-09-29 20:33:18,362 WARNING: Lỗi HTTP 429 - product id: 14185225, thử lại 1/3
2025-09-29 20:33:22,028 WARNING: Lỗi HTTP 404: Không tim thấy product id - product id: 14083682
2025-09-29 20:33:22,522 WARNING: Lỗi HTTP 429 - product id: 14913986, thử lại 1/3
2025-09-29 20:33:22,607 WARNING: Lỗi HTTP 429 - product id: 14915105, thử lại 1/3
2025-09-29 20:33:23,456 WARNING: Lỗi HTTP 429 - product id: 13801942, thử lại 1/3
2025-09-29 20:33:23,965 WARNING: Lỗi HTTP 429 - product id: 13891031, thử lại 1/3
2025-09-29 20:33:24,015 WARNING: Lỗi HTTP 429 - product id: 13895384, thử lại 1/3
2025-09-29 20:33:24,721 WARNING: Lỗi HTTP 429 - product id: 14043881, thử lại 1/3
2025-09-29 20:33:24,964 WARNING: Lỗi HTTP 429 - product id: 14069500, thử lại 1/3
2025-09-29 20:33:25,058 WARNING: Lỗi HTTP 429 - product id: 14082151, thử lại 1/3
2025-09-29 20:33:25,122 WARNING: Lỗi HTTP 429 - product id: 14107127, thử lại 1/3
2025-09-29 20:33:25,258 WARNING: Lỗi HTTP 429 - product id: 14142268, thử lại 1/3
2025-09-29 20:33:25,414 WARNING: Lỗi HTTP 429 - product id: 14162835, thử lại 1/3
2025-09-29 20:33:25,679 WARNING: Lỗi HTTP 404: Không tim thấy product id - product id: 14054194
2025-09-29 20:33:25,970 WARNING: Lỗi HTTP 429 - product id: 14273071, thử lại 1/3
2025-09-29 20:33:27,280 WARNING: Lỗi HTTP 404: Không tim thấy product id - product id: 14348102
2025-09-29 20:33:29,014 WARNING: Lỗi HTTP 429 - product id: 14770204, thử lại 1/3
2025-09-29 20:33:29,059 WARNING: Lỗi HTTP 429 - product id: 14786718, thử lại 1/3
2025-09-29 20:33:29,516 WARNING: Lỗi HTTP 429 - product id: 14846679, thử lại 1/3
2025-09-29 20:33:29,662 WARNING: Lỗi HTTP 429 - product id: 14867606, thử lại 1/3
2025-09-29 20:33:31,353 WARNING: Lỗi HTTP 404: Không tim thấy product id - product id: 13635619
2025-09-29 20:33:32,757 INFO: Đã commit batch 8 (1000 sản phẩm)
2025-09-29 20:33:32,783 INFO: Đã ghi 994 sản phẩm vào file /home/quannh/projects_de/Lab_01/output/products_batch_8_994_ids.csv
2025-09-29 20:33:32,843 INFO: Đã insert 994 sản phẩm từ file /home/quannh/projects_de/Lab_01/output/products_batch_8_994_ids.csv vào database PostgeSQL
2025-09-29 20:33:32,876 INFO: Đã update lại status của batch 9 về pending để tiến hành crawl lại batch
2025-09-29 20:33:32,886 INFO: Bắt đầu crawl batch 9 (1000 sản phẩm)
2025-09-29 20:33:35,391 WARNING: Lỗi HTTP 429 - product id: 15628751, thử lại 1/3
2025-09-29 20:33:35,439 WARNING: Lỗi HTTP 429 - product id: 15629143, thử lại 1/3
2025-09-29 20:33:35,651 WARNING: Lỗi HTTP 429 - product id: 15671994, thử lại 1/3
2025-09-29 20:33:35,756 WARNING: Lỗi HTTP 429 - product id: 15694485, thử lại 1/3
2025-09-29 20:33:35,830 WARNING: Lỗi HTTP 429 - product id: 15704545, thử lại 1/3
2025-09-29 20:33:35,836 WARNING: Lỗi HTTP 429 - product id: 15708968, thử lại 1/3
2025-09-29 20:33:35,853 WARNING: Lỗi HTTP 429 - product id: 15718074, thử lại 1/3
2025-09-29 20:33:35,888 WARNING: Lỗi HTTP 429 - product id: 15723518, thử lại 1/3
2025-09-29 20:33:35,894 WARNING: Lỗi HTTP 429 - product id: 15724452, thử lại 1/3
2025-09-29 20:33:35,895 WARNING: Lỗi HTTP 429 - product id: 15725059, thử lại 1/3
2025-09-29 20:33:35,945 WARNING: Lỗi HTTP 429 - product id: 15728157, thử lại 1/3
2025-09-29 20:33:35,953 WARNING: Lỗi HTTP 429 - product id: 15728161, thử lại 1/3
2025-09-29 20:33:36,026 WARNING: Lỗi HTTP 429 - product id: 15777362, thử lại 1/3
2025-09-29 20:33:39,460 WARNING: Lỗi HTTP 404: Không tim thấy product id - product id: 16197757
2025-09-29 20:33:42,643 WARNING: Lỗi HTTP 429 - product id: 15424054, thử lại 1/3
2025-09-29 20:33:42,887 WARNING: Lỗi HTTP 429 - product id: 15510033, thử lại 1/3
2025-09-29 20:33:43,193 WARNING: Lỗi HTTP 429 - product id: 15558155, thử lại 1/3
2025-09-29 20:33:43,903 WARNING: Lỗi HTTP 429 - product id: 15661365, thử lại 1/3
2025-09-29 20:33:44,004 WARNING: Lỗi HTTP 429 - product id: 15684523, thử lại 1/3
2025-09-29 20:33:45,300 WARNING: Lỗi HTTP 429 - product id: 15974153, thử lại 1/3
2025-09-29 20:33:48,132 WARNING: Lỗi HTTP 429 - product id: 16375166, thử lại 1/3
2025-09-29 20:33:48,145 WARNING: Lỗi HTTP 429 - product id: 16375196, thử lại 1/3
2025-09-29 20:33:48,220 WARNING: Lỗi HTTP 429 - product id: 16375409, thử lại 1/3
2025-09-29 20:33:48,231 WARNING: Lỗi HTTP 429 - product id: 16375465, thử lại 1/3
2025-09-29 20:33:48,232 WARNING: Lỗi HTTP 429 - product id: 16375502, thử lại 1/3
2025-09-29 20:33:48,300 WARNING: Lỗi HTTP 429 - product id: 14982347, thử lại 1/3
2025-09-29 20:33:48,348 WARNING: Lỗi HTTP 429 - product id: 14990597, thử lại 1/3
2025-09-29 20:33:48,392 WARNING: Lỗi HTTP 429 - product id: 14992063, thử lại 1/3
2025-09-29 20:33:48,548 WARNING: Lỗi HTTP 429 - product id: 15049466, thử lại 1/3
2025-09-29 20:33:48,692 WARNING: Lỗi HTTP 429 - product id: 15054579, thử lại 1/3
2025-09-29 20:33:51,797 INFO: Đã commit batch 9 (1000 sản phẩm)
2025-09-29 20:33:51,820 INFO: Đã ghi 999 sản phẩm vào file /home/quannh/projects_de/Lab_01/output/products_batch_9_999_ids.csv
2025-09-29 20:33:51,853 INFO: Đã insert 999 sản phẩm từ file /home/quannh/projects_de/Lab_01/output/products_batch_9_999_ids.csv vào database PostgeSQL
2025-09-29 20:33:51,886 INFO: Đã update lại status của batch 10 về pending để tiến hành crawl lại batch
2025-09-29 20:33:51,896 INFO: Bắt đầu crawl batch 10 (1000 sản phẩm)
2025-09-29 20:33:52,102 WARNING: Lỗi HTTP 404: Không tim thấy product id - product id: 16753510
2025-09-29 20:33:53,369 WARNING: Lỗi HTTP 429 - product id: 17411143, thử lại 1/3
2025-09-29 20:33:53,378 WARNING: Lỗi HTTP 429 - product id: 17416639, thử lại 1/3
2025-09-29 20:33:53,431 WARNING: Lỗi HTTP 429 - product id: 17456628, thử lại 1/3
2025-09-29 20:33:53,676 WARNING: Lỗi HTTP 429 - product id: 17489474, thử lại 1/3
2025-09-29 20:33:53,780 WARNING: Lỗi HTTP 429 - product id: 17493174, thử lại 1/3
2025-09-29 20:33:53,873 WARNING: Lỗi HTTP 429 - product id: 17538628, thử lại 1/3
2025-09-29 20:33:53,878 WARNING: Lỗi HTTP 429 - product id: 17578943, thử lại 1/3
2025-09-29 20:33:53,916 WARNING: Lỗi HTTP 429 - product id: 17586713, thử lại 1/3
2025-09-29 20:33:54,272 WARNING: Lỗi HTTP 429 - product id: 17636894, thử lại 1/3
2025-09-29 20:33:54,282 WARNING: Lỗi HTTP 429 - product id: 17639508, thử lại 1/3
2025-09-29 20:33:54,470 WARNING: Lỗi HTTP 429 - product id: 17896906, thử lại 1/3
2025-09-29 20:33:54,475 WARNING: Lỗi HTTP 429 - product id: 17897861, thử lại 1/3
2025-09-29 20:33:54,602 WARNING: Lỗi HTTP 429 - product id: 17911981, thử lại 1/3
2025-09-29 20:33:55,152 WARNING: Lỗi HTTP 404: Không tim thấy product id - product id: 17928527
2025-09-29 20:33:55,581 WARNING: Lỗi HTTP 429 - product id: 19267333, thử lại 1/3
2025-09-29 20:33:56,428 WARNING: Lỗi HTTP 429 - product id: 19395526, thử lại 1/3
2025-09-29 20:33:56,632 WARNING: Lỗi HTTP 429 - product id: 19404528, thử lại 1/3
2025-09-29 20:33:57,033 WARNING: Lỗi HTTP 429 - product id: 17578943, thử lại 2/3
2025-09-29 20:33:57,074 WARNING: Lỗi HTTP 429 - product id: 17586713, thử lại 2/3
2025-09-29 20:33:57,651 WARNING: Lỗi HTTP 404: Không tim thấy product id - product id: 19562427
2025-09-29 20:33:59,034 WARNING: Lỗi HTTP 429 - product id: 16565643, thử lại 1/3
2025-09-29 20:33:59,128 WARNING: Lỗi HTTP 429 - product id: 16591768, thử lại 1/3
2025-09-29 20:33:59,187 WARNING: Lỗi HTTP 429 - product id: 16601434, thử lại 1/3
2025-09-29 20:33:59,328 WARNING: Lỗi HTTP 429 - product id: 16620745, thử lại 1/3
2025-09-29 20:33:59,374 WARNING: Lỗi HTTP 429 - product id: 16625744, thử lại 1/3
2025-09-29 20:33:59,470 WARNING: Lỗi HTTP 429 - product id: 16646476, thử lại 1/3
2025-09-29 20:33:59,479 WARNING: Lỗi HTTP 429 - product id: 16646937, thử lại 1/3
2025-09-29 20:33:59,536 WARNING: Lỗi HTTP 429 - product id: 16666996, thử lại 1/3
2025-09-29 20:33:59,625 WARNING: Lỗi HTTP 429 - product id: 16683817, thử lại 1/3
2025-09-29 20:33:59,627 WARNING: Lỗi HTTP 429 - product id: 16684838, thử lại 1/3
2025-09-29 20:33:59,671 WARNING: Lỗi HTTP 429 - product id: 16685732, thử lại 1/3
2025-09-29 20:33:59,690 WARNING: Lỗi HTTP 429 - product id: 16707112, thử lại 1/3
2025-09-29 20:33:59,696 WARNING: Lỗi HTTP 429 - product id: 16718520, thử lại 1/3
2025-09-29 20:33:59,732 WARNING: Lỗi HTTP 429 - product id: 19404528, thử lại 2/3
2025-09-29 20:33:59,781 WARNING: Lỗi HTTP 429 - product id: 16741841, thử lại 1/3
2025-09-29 20:34:05,120 WARNING: Lỗi HTTP 429 - product id: 19413493, thử lại 1/3
2025-09-29 20:34:05,296 WARNING: Lỗi HTTP 429 - product id: 19481275, thử lại 1/3
2025-09-29 20:34:05,374 WARNING: Lỗi HTTP 429 - product id: 19514914, thử lại 1/3
2025-09-29 20:34:05,425 WARNING: Lỗi HTTP 429 - product id: 19531705, thử lại 1/3
2025-09-29 20:34:05,433 WARNING: Lỗi HTTP 429 - product id: 19532334, thử lại 1/3
2025-09-29 20:34:05,522 WARNING: Lỗi HTTP 429 - product id: 19556741, thử lại 1/3
2025-09-29 20:34:05,534 WARNING: Lỗi HTTP 429 - product id: 19556749, thử lại 1/3
2025-09-29 20:34:05,583 WARNING: Lỗi HTTP 429 - product id: 19569892, thử lại 1/3
2025-09-29 20:34:05,583 WARNING: Lỗi HTTP 429 - product id: 19571210, thử lại 1/3
2025-09-29 20:34:05,677 WARNING: Lỗi HTTP 429 - product id: 19589060, thử lại 1/3
2025-09-29 20:34:05,871 WARNING: Lỗi HTTP 429 - product id: 19404528, thử lại 3/3
2025-09-29 20:34:05,871 WARNING: Crawl thất bại sau 3 lần thử lại - product id: 19404528 - Lỗi HTTP 429
2025-09-29 20:34:05,924 WARNING: Lỗi HTTP 429 - product id: 19615161, thử lại 1/3
2025-09-29 20:34:06,003 WARNING: Lỗi HTTP 429 - product id: 19637895, thử lại 1/3
2025-09-29 20:34:06,019 WARNING: Lỗi HTTP 429 - product id: 19638573, thử lại 1/3
2025-09-29 20:34:06,020 WARNING: Lỗi HTTP 429 - product id: 19638575, thử lại 1/3
2025-09-29 20:34:06,075 WARNING: Lỗi HTTP 429 - product id: 19640306, thử lại 1/3
2025-09-29 20:34:09,191 INFO: Đã commit batch 10 (1000 sản phẩm)
2025-09-29 20:34:09,217 INFO: Đã ghi 996 sản phẩm vào file /home/quannh/projects_de/Lab_01/output/products_batch_10_996_ids.csv
2025-09-29 20:34:09,258 INFO: Đã insert 996 sản phẩm từ file /home/quannh/projects_de/Lab_01/output/products_batch_10_996_ids.csv vào database PostgeSQL
2025-09-29 20:34:09,291 INFO: Đã update lại status của batch 11 về pending để tiến hành crawl lại batch
2025-09-29 20:34:09,300 INFO: Bắt đầu crawl batch 11 (1000 sản phẩm)
2025-09-29 20:34:11,899 WARNING: Lỗi HTTP 429 - product id: 20282276, thử lại 1/3
2025-09-29 20:34:12,308 WARNING: Lỗi HTTP 429 - product id: 20362833, thử lại 1/3
2025-09-29 20:34:12,308 WARNING: Lỗi HTTP 429 - product id: 20364784, thử lại 1/3
2025-09-29 20:34:12,459 WARNING: Lỗi HTTP 429 - product id: 20373490, thử lại 1/3
2025-09-29 20:34:12,525 WARNING: Lỗi HTTP 429 - product id: 20416580, thử lại 1/3
2025-09-29 20:34:12,552 WARNING: Lỗi HTTP 429 - product id: 20421074, thử lại 1/3
2025-09-29 20:34:12,561 WARNING: Lỗi HTTP 429 - product id: 20421114, thử lại 1/3
2025-09-29 20:34:12,606 WARNING: Lỗi HTTP 429 - product id: 20437682, thử lại 1/3
2025-09-29 20:34:12,957 WARNING: Lỗi HTTP 429 - product id: 20521647, thử lại 1/3
2025-09-29 20:34:13,052 WARNING: Lỗi HTTP 429 - product id: 20538207, thử lại 1/3
2025-09-29 20:34:13,549 WARNING: Lỗi HTTP 429 - product id: 20621784, thử lại 1/3
2025-09-29 20:34:15,008 WARNING: Lỗi HTTP 429 - product id: 20824228, thử lại 1/3
2025-09-29 20:34:15,103 WARNING: Lỗi HTTP 429 - product id: 20824505, thử lại 1/3
2025-09-29 20:34:15,109 WARNING: Lỗi HTTP 429 - product id: 20824570, thử lại 1/3
2025-09-29 20:34:15,161 WARNING: Lỗi HTTP 429 - product id: 20824660, thử lại 1/3
2025-09-29 20:34:15,208 WARNING: Lỗi HTTP 429 - product id: 20825236, thử lại 1/3
2025-09-29 20:34:15,300 WARNING: Lỗi HTTP 429 - product id: 20853858, thử lại 1/3
2025-09-29 20:34:16,608 WARNING: Lỗi HTTP 429 - product id: 19815400, thử lại 1/3
2025-09-29 20:34:16,613 WARNING: Lỗi HTTP 429 - product id: 19819730, thử lại 1/3
2025-09-29 20:34:17,685 WARNING: Lỗi HTTP 429 - product id: 20025861, thử lại 1/3
2025-09-29 20:34:17,754 WARNING: Lỗi HTTP 429 - product id: 20028902, thử lại 1/3
2025-09-29 20:34:17,757 WARNING: Lỗi HTTP 429 - product id: 20035696, thử lại 1/3
2025-09-29 20:34:17,957 WARNING: Lỗi HTTP 429 - product id: 20074354, thử lại 1/3
2025-09-29 20:34:19,679 WARNING: Lỗi HTTP 404: Không tim thấy product id - product id: 20150585
2025-09-29 20:34:24,454 WARNING: Lỗi HTTP 429 - product id: 19770523, thử lại 1/3
2025-09-29 20:34:24,650 WARNING: Lỗi HTTP 429 - product id: 19793484, thử lại 1/3
2025-09-29 20:34:24,651 WARNING: Lỗi HTTP 429 - product id: 19799533, thử lại 1/3
2025-09-29 20:34:24,712 WARNING: Lỗi HTTP 429 - product id: 19700051, thử lại 1/3
2025-09-29 20:34:25,248 WARNING: Lỗi HTTP 429 - product id: 19739536, thử lại 1/3
2025-09-29 20:34:25,251 WARNING: Lỗi HTTP 429 - product id: 19740578, thử lại 1/3
2025-09-29 20:34:28,579 INFO: Đã commit batch 11 (1000 sản phẩm)
2025-09-29 20:34:28,605 INFO: Đã ghi 999 sản phẩm vào file /home/quannh/projects_de/Lab_01/output/products_batch_11_999_ids.csv
2025-09-29 20:34:28,645 INFO: Đã insert 999 sản phẩm từ file /home/quannh/projects_de/Lab_01/output/products_batch_11_999_ids.csv vào database PostgeSQL
2025-09-29 20:34:28,678 INFO: Đã update lại status của batch 12 về pending để tiến hành crawl lại batch
2025-09-29 20:34:28,688 INFO: Bắt đầu crawl batch 12 (1000 sản phẩm)
2025-09-29 20:34:31,288 WARNING: Lỗi HTTP 429 - product id: 21602978, thử lại 1/3
2025-09-29 20:34:31,710 WARNING: Lỗi HTTP 429 - product id: 21712042, thử lại 1/3
2025-09-29 20:34:31,796 WARNING: Lỗi HTTP 429 - product id: 21733460, thử lại 1/3
2025-09-29 20:34:31,804 WARNING: Lỗi HTTP 429 - product id: 21741528, thử lại 1/3
2025-09-29 20:34:32,296 WARNING: Lỗi HTTP 429 - product id: 21929096, thử lại 1/3
2025-09-29 20:34:32,383 WARNING: Lỗi HTTP 429 - product id: 21945975, thử lại 1/3
2025-09-29 20:34:32,499 WARNING: Lỗi HTTP 429 - product id: 21978833, thử lại 1/3
2025-09-29 20:34:32,603 WARNING: Lỗi HTTP 429 - product id: 21981561, thử lại 1/3
2025-09-29 20:34:32,719 WARNING: Lỗi HTTP 429 - product id: 22029083, thử lại 1/3
2025-09-29 20:34:32,735 WARNING: Lỗi HTTP 429 - product id: 22029772, thử lại 1/3
2025-09-29 20:34:32,797 WARNING: Lỗi HTTP 429 - product id: 22030494, thử lại 1/3
2025-09-29 20:34:32,842 WARNING: Lỗi HTTP 429 - product id: 22042356, thử lại 1/3
2025-09-29 20:34:32,895 WARNING: Lỗi HTTP 429 - product id: 22046297, thử lại 1/3
2025-09-29 20:34:32,895 WARNING: Lỗi HTTP 429 - product id: 22044723, thử lại 1/3
2025-09-29 20:34:32,951 WARNING: Lỗi HTTP 429 - product id: 22055643, thử lại 1/3
2025-09-29 20:34:32,958 WARNING: Lỗi HTTP 429 - product id: 22057836, thử lại 1/3
2025-09-29 20:34:32,959 WARNING: Lỗi HTTP 429 - product id: 22064681, thử lại 1/3
2025-09-29 20:34:33,042 WARNING: Lỗi HTTP 429 - product id: 22080220, thử lại 1/3
2025-09-29 20:34:36,435 WARNING: Lỗi HTTP 429 - product id: 21093546, thử lại 1/3
2025-09-29 20:34:36,438 WARNING: Lỗi HTTP 429 - product id: 21109344, thử lại 1/3
2025-09-29 20:34:36,494 WARNING: Lỗi HTTP 429 - product id: 21120515, thử lại 1/3
2025-09-29 20:34:36,498 WARNING: Lỗi HTTP 429 - product id: 21120548, thử lại 1/3
2025-09-29 20:34:36,501 WARNING: Lỗi HTTP 429 - product id: 21120704, thử lại 1/3
2025-09-29 20:34:36,545 WARNING: Lỗi HTTP 429 - product id: 21127684, thử lại 1/3
2025-09-29 20:34:36,564 WARNING: Lỗi HTTP 429 - product id: 21144358, thử lại 1/3
2025-09-29 20:34:36,850 WARNING: Lỗi HTTP 429 - product id: 21200230, thử lại 1/3
2025-09-29 20:34:36,934 WARNING: Lỗi HTTP 429 - product id: 21222093, thử lại 1/3
2025-09-29 20:34:36,988 WARNING: Lỗi HTTP 429 - product id: 21226990, thử lại 1/3
2025-09-29 20:34:37,093 WARNING: Lỗi HTTP 429 - product id: 21267754, thử lại 1/3
2025-09-29 20:34:38,109 WARNING: Lỗi HTTP 404: Không tim thấy product id - product id: 21284912
2025-09-29 20:34:38,742 WARNING: Lỗi HTTP 429 - product id: 21676302, thử lại 1/3
2025-09-29 20:34:38,742 WARNING: Lỗi HTTP 429 - product id: 21676121, thử lại 1/3
2025-09-29 20:34:38,804 WARNING: Lỗi HTTP 429 - product id: 21711000, thử lại 1/3
2025-09-29 20:34:38,851 WARNING: Lỗi HTTP 429 - product id: 21731218, thử lại 1/3
2025-09-29 20:34:38,902 WARNING: Lỗi HTTP 429 - product id: 21740927, thử lại 1/3
2025-09-29 20:34:39,295 WARNING: Lỗi HTTP 429 - product id: 21871029, thử lại 1/3
2025-09-29 20:34:39,456 WARNING: Lỗi HTTP 429 - product id: 21930778, thử lại 1/3
2025-09-29 20:34:39,507 WARNING: Lỗi HTTP 429 - product id: 21109344, thử lại 2/3
2025-09-29 20:34:39,542 WARNING: Lỗi HTTP 429 - product id: 21940441, thử lại 1/3
2025-09-29 20:34:39,587 WARNING: Lỗi HTTP 429 - product id: 21120704, thử lại 2/3
2025-09-29 20:34:39,588 WARNING: Lỗi HTTP 429 - product id: 21972366, thử lại 1/3
2025-09-29 20:34:39,644 WARNING: Lỗi HTTP 429 - product id: 21144358, thử lại 2/3
2025-09-29 20:34:41,246 WARNING: Lỗi HTTP 429 - product id: 22285282, thử lại 1/3
2025-09-29 20:34:41,399 WARNING: Lỗi HTTP 429 - product id: 22372075, thử lại 1/3
2025-09-29 20:34:41,463 WARNING: Lỗi HTTP 429 - product id: 22388659, thử lại 1/3
2025-09-29 20:34:41,490 WARNING: Lỗi HTTP 429 - product id: 22388704, thử lại 1/3
2025-09-29 20:34:41,493 WARNING: Lỗi HTTP 429 - product id: 22389124, thử lại 1/3
2025-09-29 20:34:41,548 WARNING: Lỗi HTTP 429 - product id: 22392479, thử lại 1/3
2025-09-29 20:34:41,688 WARNING: Lỗi HTTP 429 - product id: 22491475, thử lại 1/3
2025-09-29 20:34:41,992 WARNING: Lỗi HTTP 429 - product id: 22514784, thử lại 1/3
2025-09-29 20:34:42,148 WARNING: Lỗi HTTP 429 - product id: 22609127, thử lại 1/3
2025-09-29 20:34:42,153 WARNING: Lỗi HTTP 429 - product id: 22608811, thử lại 1/3
2025-09-29 20:34:42,209 WARNING: Lỗi HTTP 429 - product id: 22616805, thử lại 1/3
2025-09-29 20:34:42,635 WARNING: Lỗi HTTP 429 - product id: 22771417, thử lại 1/3
2025-09-29 20:34:42,650 WARNING: Lỗi HTTP 429 - product id: 22774390, thử lại 1/3
2025-09-29 20:34:42,654 WARNING: Lỗi HTTP 429 - product id: 22779791, thử lại 1/3
2025-09-29 20:34:42,673 WARNING: Lỗi HTTP 429 - product id: 22780097, thử lại 1/3
2025-09-29 20:34:42,753 WARNING: Lỗi HTTP 429 - product id: 22828393, thử lại 1/3
2025-09-29 20:34:43,464 WARNING: Lỗi HTTP 429 - product id: 20998778, thử lại 1/3
2025-09-29 20:34:44,496 WARNING: Lỗi HTTP 429 - product id: 21046241, thử lại 1/3
2025-09-29 20:34:44,498 WARNING: Lỗi HTTP 429 - product id: 21046337, thử lại 1/3
2025-09-29 20:34:44,587 WARNING: Lỗi HTTP 429 - product id: 21058946, thử lại 1/3
2025-09-29 20:34:44,642 WARNING: Lỗi HTTP 429 - product id: 21074974, thử lại 1/3
2025-09-29 20:34:44,645 WARNING: Lỗi HTTP 429 - product id: 21076836, thử lại 1/3
2025-09-29 20:34:47,746 INFO: Đã commit batch 12 (1000 sản phẩm)
2025-09-29 20:34:47,773 INFO: Đã ghi 999 sản phẩm vào file /home/quannh/projects_de/Lab_01/output/products_batch_12_999_ids.csv
2025-09-29 20:34:47,843 INFO: Đã insert 999 sản phẩm từ file /home/quannh/projects_de/Lab_01/output/products_batch_12_999_ids.csv vào database PostgeSQL
2025-09-29 20:34:47,876 INFO: Đã update lại status của batch 13 về pending để tiến hành crawl lại batch
2025-09-29 20:34:47,886 INFO: Bắt đầu crawl batch 13 (1000 sản phẩm)
2025-09-29 20:34:49,625 WARNING: Lỗi HTTP 429 - product id: 23420776, thử lại 1/3
2025-09-29 20:34:49,680 WARNING: Lỗi HTTP 429 - product id: 23442784, thử lại 1/3
2025-09-29 20:34:49,722 WARNING: Lỗi HTTP 429 - product id: 23446906, thử lại 1/3
2025-09-29 20:34:49,761 WARNING: Lỗi HTTP 429 - product id: 23448394, thử lại 1/3
2025-09-29 20:34:49,771 WARNING: Lỗi HTTP 429 - product id: 23449401, thử lại 1/3
2025-09-29 20:34:49,989 WARNING: Lỗi HTTP 404: Không tim thấy product id - product id: 23383685
2025-09-29 20:34:52,530 WARNING: Lỗi HTTP 429 - product id: 24245378, thử lại 1/3
2025-09-29 20:34:57,417 WARNING: Lỗi HTTP 429 - product id: 23595167, thử lại 1/3
2025-09-29 20:34:57,432 WARNING: Lỗi HTTP 429 - product id: 23599580, thử lại 1/3
2025-09-29 20:34:57,880 WARNING: Lỗi HTTP 429 - product id: 23896058, thử lại 1/3
2025-09-29 20:34:57,891 WARNING: Lỗi HTTP 404: Không tim thấy product id - product id: 23569151
2025-09-29 20:34:57,922 WARNING: Lỗi HTTP 429 - product id: 23896094, thử lại 1/3
2025-09-29 20:34:58,001 WARNING: Lỗi HTTP 429 - product id: 23911609, thử lại 1/3
2025-09-29 20:34:58,074 WARNING: Lỗi HTTP 429 - product id: 23941076, thử lại 1/3
2025-09-29 20:34:58,075 WARNING: Lỗi HTTP 429 - product id: 23942880, thử lại 1/3
2025-09-29 20:35:00,041 WARNING: Lỗi HTTP 404: Không tim thấy product id - product id: 24243874
2025-09-29 20:35:04,775 INFO: Đã commit batch 13 (1000 sản phẩm)
2025-09-29 20:35:04,803 INFO: Đã ghi 997 sản phẩm vào file /home/quannh/projects_de/Lab_01/output/products_batch_13_997_ids.csv
2025-09-29 20:35:04,848 INFO: Đã insert 997 sản phẩm từ file /home/quannh/projects_de/Lab_01/output/products_batch_13_997_ids.csv vào database PostgeSQL
2025-09-29 20:35:04,880 INFO: Đã update lại status của batch 14 về pending để tiến hành crawl lại batch
2025-09-29 20:35:04,890 INFO: Bắt đầu crawl batch 14 (1000 sản phẩm)
2025-09-29 20:35:05,226 WARNING: Lỗi HTTP 429 - product id: 25419704, thử lại 1/3
2025-09-29 20:35:05,228 WARNING: Lỗi HTTP 429 - product id: 25420825, thử lại 1/3
2025-09-29 20:35:05,428 WARNING: Lỗi HTTP 429 - product id: 25484832, thử lại 1/3
2025-09-29 20:35:05,480 WARNING: Lỗi HTTP 429 - product id: 25560441, thử lại 1/3
2025-09-29 20:35:05,680 WARNING: Lỗi HTTP 429 - product id: 25685425, thử lại 1/3
2025-09-29 20:35:05,713 WARNING: Lỗi HTTP 429 - product id: 25691661, thử lại 1/3
2025-09-29 20:35:05,728 WARNING: Lỗi HTTP 429 - product id: 25696137, thử lại 1/3
2025-09-29 20:35:05,777 WARNING: Lỗi HTTP 429 - product id: 25699180, thử lại 1/3
2025-09-29 20:35:05,924 WARNING: Lỗi HTTP 429 - product id: 25742819, thử lại 1/3
2025-09-29 20:35:05,970 WARNING: Lỗi HTTP 429 - product id: 25755052, thử lại 1/3
2025-09-29 20:35:06,215 WARNING: Lỗi HTTP 429 - product id: 25904218, thử lại 1/3
2025-09-29 20:35:08,826 WARNING: Lỗi HTTP 429 - product id: 26477916, thử lại 1/3
2025-09-29 20:35:09,876 WARNING: Lỗi HTTP 429 - product id: 27577969, thử lại 1/3
2025-09-29 20:35:09,878 WARNING: Lỗi HTTP 429 - product id: 27557376, thử lại 1/3
2025-09-29 20:35:10,672 WARNING: Lỗi HTTP 429 - product id: 27923679, thử lại 1/3
2025-09-29 20:35:10,722 WARNING: Lỗi HTTP 429 - product id: 27931371, thử lại 1/3
2025-09-29 20:35:10,729 WARNING: Lỗi HTTP 429 - product id: 27956092, thử lại 1/3
2025-09-29 20:35:10,785 WARNING: Lỗi HTTP 429 - product id: 28011637, thử lại 1/3
2025-09-29 20:35:10,789 WARNING: Lỗi HTTP 429 - product id: 28014847, thử lại 1/3
2025-09-29 20:35:10,795 WARNING: Lỗi HTTP 429 - product id: 28026783, thử lại 1/3
2025-09-29 20:35:10,797 WARNING: Lỗi HTTP 429 - product id: 28036776, thử lại 1/3
2025-09-29 20:35:10,821 WARNING: Lỗi HTTP 429 - product id: 28036817, thử lại 1/3
2025-09-29 20:35:10,861 WARNING: Lỗi HTTP 429 - product id: 28053882, thử lại 1/3
2025-09-29 20:35:10,866 WARNING: Lỗi HTTP 429 - product id: 28057477, thử lại 1/3
2025-09-29 20:35:10,922 WARNING: Lỗi HTTP 429 - product id: 28080725, thử lại 1/3
2025-09-29 20:35:11,100 WARNING: Lỗi HTTP 429 - product id: 28284267, thử lại 1/3
2025-09-29 20:35:11,125 WARNING: Lỗi HTTP 429 - product id: 28285890, thử lại 1/3
2025-09-29 20:35:11,125 WARNING: Lỗi HTTP 429 - product id: 28289833, thử lại 1/3
2025-09-29 20:35:11,323 WARNING: Lỗi HTTP 429 - product id: 28350553, thử lại 1/3
2025-09-29 20:35:11,468 WARNING: Lỗi HTTP 429 - product id: 28439249, thử lại 1/3
2025-09-29 20:35:11,980 WARNING: Lỗi HTTP 429 - product id: 25314264, thử lại 1/3
2025-09-29 20:35:14,721 WARNING: Lỗi HTTP 429 - product id: 26052272, thử lại 1/3
2025-09-29 20:35:16,070 WARNING: Lỗi HTTP 404: Không tim thấy product id - product id: 26162099
2025-09-29 20:35:17,523 WARNING: Lỗi HTTP 429 - product id: 27577350, thử lại 1/3
2025-09-29 20:35:17,847 WARNING: Lỗi HTTP 429 - product id: 27651303, thử lại 1/3
2025-09-29 20:35:21,343 WARNING: Lỗi HTTP 404: Không tim thấy product id - product id: 25293276
2025-09-29 20:35:21,933 INFO: Đã commit batch 14 (1000 sản phẩm)
2025-09-29 20:35:21,962 INFO: Đã ghi 998 sản phẩm vào file /home/quannh/projects_de/Lab_01/output/products_batch_14_998_ids.csv
2025-09-29 20:35:22,009 INFO: Đã insert 998 sản phẩm từ file /home/quannh/projects_de/Lab_01/output/products_batch_14_998_ids.csv vào database PostgeSQL
2025-09-29 20:35:22,042 INFO: Đã update lại status của batch 15 về pending để tiến hành crawl lại batch
2025-09-29 20:35:22,052 INFO: Bắt đầu crawl batch 15 (1000 sản phẩm)
2025-09-29 20:35:24,110 WARNING: Lỗi HTTP 429 - product id: 31204392, thử lại 1/3
2025-09-29 20:35:28,458 WARNING: Lỗi HTTP 429 - product id: 32330189, thử lại 1/3
2025-09-29 20:35:28,556 WARNING: Lỗi HTTP 429 - product id: 32366497, thử lại 1/3
2025-09-29 20:35:29,270 WARNING: Lỗi HTTP 429 - product id: 29166707, thử lại 1/3
2025-09-29 20:35:29,310 WARNING: Lỗi HTTP 429 - product id: 29186362, thử lại 1/3
2025-09-29 20:35:29,310 WARNING: Lỗi HTTP 429 - product id: 29185237, thử lại 1/3
2025-09-29 20:35:29,363 WARNING: Lỗi HTTP 429 - product id: 29208429, thử lại 1/3
2025-09-29 20:35:29,461 WARNING: Lỗi HTTP 429 - product id: 29285671, thử lại 1/3
2025-09-29 20:35:29,568 WARNING: Lỗi HTTP 429 - product id: 29347124, thử lại 1/3
2025-09-29 20:35:34,024 WARNING: Lỗi HTTP 429 - product id: 31656634, thử lại 1/3
2025-09-29 20:35:34,263 WARNING: Lỗi HTTP 429 - product id: 31694696, thử lại 1/3
2025-09-29 20:35:34,412 WARNING: Lỗi HTTP 429 - product id: 31710376, thử lại 1/3
2025-09-29 20:35:34,766 WARNING: Lỗi HTTP 429 - product id: 31855083, thử lại 1/3
2025-09-29 20:35:35,378 WARNING: Lỗi HTTP 404: Không tim thấy product id - product id: 31909260
2025-09-29 20:35:35,587 WARNING: Lỗi HTTP 404: Không tim thấy product id - product id: 31908911
2025-09-29 20:35:36,908 WARNING: Lỗi HTTP 429 - product id: 28736821, thử lại 1/3
2025-09-29 20:35:36,910 WARNING: Lỗi HTTP 429 - product id: 28736731, thử lại 1/3
2025-09-29 20:35:37,122 WARNING: Lỗi HTTP 429 - product id: 28944058, thử lại 1/3
2025-09-29 20:35:37,160 WARNING: Lỗi HTTP 429 - product id: 29018525, thử lại 1/3
2025-09-29 20:35:37,224 WARNING: Lỗi HTTP 429 - product id: 29106398, thử lại 1/3
2025-09-29 20:35:37,256 WARNING: Lỗi HTTP 429 - product id: 29130225, thử lại 1/3
2025-09-29 20:35:38,580 WARNING: Lỗi HTTP 404: Không tim thấy product id - product id: 31855083
2025-09-29 20:35:40,361 INFO: Đã commit batch 15 (1000 sản phẩm)
2025-09-29 20:35:40,385 INFO: Đã ghi 997 sản phẩm vào file /home/quannh/projects_de/Lab_01/output/products_batch_15_997_ids.csv
2025-09-29 20:35:40,422 INFO: Đã insert 997 sản phẩm từ file /home/quannh/projects_de/Lab_01/output/products_batch_15_997_ids.csv vào database PostgeSQL
2025-09-29 20:35:40,454 INFO: Đã update lại status của batch 16 về pending để tiến hành crawl lại batch
2025-09-29 20:35:40,463 INFO: Bắt đầu crawl batch 16 (1000 sản phẩm)
2025-09-29 20:35:42,291 WARNING: Lỗi HTTP 404: Không tim thấy product id - product id: 33065672
2025-09-29 20:35:44,727 WARNING: Lỗi HTTP 429 - product id: 34511666, thử lại 1/3
2025-09-29 20:35:46,021 WARNING: Lỗi HTTP 429 - product id: 34738807, thử lại 1/3
2025-09-29 20:35:46,025 WARNING: Lỗi HTTP 429 - product id: 34738830, thử lại 1/3
2025-09-29 20:35:46,027 WARNING: Lỗi HTTP 429 - product id: 34741006, thử lại 1/3
2025-09-29 20:35:46,677 WARNING: Lỗi HTTP 429 - product id: 35146727, thử lại 1/3
2025-09-29 20:35:46,719 WARNING: Lỗi HTTP 429 - product id: 35155150, thử lại 1/3
2025-09-29 20:35:46,778 WARNING: Lỗi HTTP 429 - product id: 35155613, thử lại 1/3
2025-09-29 20:35:46,783 WARNING: Lỗi HTTP 429 - product id: 35155850, thử lại 1/3
2025-09-29 20:35:46,844 WARNING: Lỗi HTTP 429 - product id: 35167200, thử lại 1/3
2025-09-29 20:35:46,870 WARNING: Lỗi HTTP 429 - product id: 35178117, thử lại 1/3
2025-09-29 20:35:47,068 WARNING: Lỗi HTTP 429 - product id: 35199651, thử lại 1/3
2025-09-29 20:35:47,182 WARNING: Lỗi HTTP 429 - product id: 35220682, thử lại 1/3
2025-09-29 20:35:48,367 WARNING: Lỗi HTTP 429 - product id: 32768554, thử lại 1/3
2025-09-29 20:35:48,372 WARNING: Lỗi HTTP 429 - product id: 32752961, thử lại 1/3
2025-09-29 20:35:48,419 WARNING: Lỗi HTTP 429 - product id: 32786017, thử lại 1/3
2025-09-29 20:35:48,424 WARNING: Lỗi HTTP 429 - product id: 32787186, thử lại 1/3
2025-09-29 20:35:48,613 WARNING: Lỗi HTTP 429 - product id: 32858384, thử lại 1/3
2025-09-29 20:35:48,682 WARNING: Lỗi HTTP 429 - product id: 32894839, thử lại 1/3
2025-09-29 20:35:49,468 WARNING: Lỗi HTTP 429 - product id: 33145330, thử lại 1/3
2025-09-29 20:35:51,294 WARNING: Lỗi HTTP 429 - product id: 33905236, thử lại 1/3
2025-09-29 20:35:51,326 WARNING: Lỗi HTTP 429 - product id: 34080861, thử lại 1/3
2025-09-29 20:35:51,364 WARNING: Lỗi HTTP 429 - product id: 34155291, thử lại 1/3
2025-09-29 20:35:51,437 WARNING: Lỗi HTTP 404: Không tim thấy product id - product id: 33564005
2025-09-29 20:35:54,390 WARNING: Lỗi HTTP 404: Không tim thấy product id - product id: 34723602
2025-09-29 20:35:54,441 WARNING: Lỗi HTTP 404: Không tim thấy product id - product id: 34725666
2025-09-29 20:35:55,260 WARNING: Lỗi HTTP 429 - product id: 35204328, thử lại 1/3
2025-09-29 20:35:55,866 WARNING: Lỗi HTTP 429 - product id: 32425377, thử lại 1/3
2025-09-29 20:35:55,979 WARNING: Lỗi HTTP 429 - product id: 32429168, thử lại 1/3
2025-09-29 20:35:56,043 WARNING: Lỗi HTTP 429 - product id: 32492125, thử lại 1/3
2025-09-29 20:35:56,122 WARNING: Lỗi HTTP 429 - product id: 32574498, thử lại 1/3
2025-09-29 20:35:56,128 WARNING: Lỗi HTTP 429 - product id: 32574529, thử lại 1/3
2025-09-29 20:35:56,392 WARNING: Lỗi HTTP 404: Không tim thấy product id - product id: 35227126
2025-09-29 20:35:59,303 INFO: Đã commit batch 16 (1000 sản phẩm)
2025-09-29 20:35:59,331 INFO: Đã ghi 995 sản phẩm vào file /home/quannh/projects_de/Lab_01/output/products_batch_16_995_ids.csv
2025-09-29 20:35:59,372 INFO: Đã insert 995 sản phẩm từ file /home/quannh/projects_de/Lab_01/output/products_batch_16_995_ids.csv vào database PostgeSQL
2025-09-29 20:35:59,405 INFO: Đã update lại status của batch 17 về pending để tiến hành crawl lại batch
2025-09-29 20:35:59,415 INFO: Bắt đầu crawl batch 17 (1000 sản phẩm)
2025-09-29 20:35:59,545 WARNING: Lỗi HTTP 404: Không tim thấy product id - product id: 35251478
2025-09-29 20:36:00,887 WARNING: Lỗi HTTP 429 - product id: 35546803, thử lại 1/3
2025-09-29 20:36:00,919 WARNING: Lỗi HTTP 429 - product id: 35561323, thử lại 1/3
2025-09-29 20:36:00,923 WARNING: Lỗi HTTP 429 - product id: 35569374, thử lại 1/3
2025-09-29 20:36:01,015 WARNING: Lỗi HTTP 429 - product id: 35576766, thử lại 1/3
2025-09-29 20:36:01,125 WARNING: Lỗi HTTP 429 - product id: 35596216, thử lại 1/3
2025-09-29 20:36:01,219 WARNING: Lỗi HTTP 429 - product id: 35605737, thử lại 1/3
2025-09-29 20:36:01,277 WARNING: Lỗi HTTP 429 - product id: 35606566, thử lại 1/3
2025-09-29 20:36:01,895 WARNING: Lỗi HTTP 404: Không tim thấy product id - product id: 35723131
2025-09-29 20:36:03,422 WARNING: Lỗi HTTP 429 - product id: 36265102, thử lại 1/3
2025-09-29 20:36:03,515 WARNING: Lỗi HTTP 429 - product id: 36280550, thử lại 1/3
2025-09-29 20:36:03,525 WARNING: Lỗi HTTP 429 - product id: 36280914, thử lại 1/3
2025-09-29 20:36:03,866 WARNING: Lỗi HTTP 429 - product id: 36335290, thử lại 1/3
2025-09-29 20:36:03,928 WARNING: Lỗi HTTP 429 - product id: 36349281, thử lại 1/3
2025-09-29 20:36:03,965 WARNING: Lỗi HTTP 429 - product id: 36355776, thử lại 1/3
2025-09-29 20:36:03,968 WARNING: Lỗi HTTP 429 - product id: 36357068, thử lại 1/3
2025-09-29 20:36:05,725 WARNING: Lỗi HTTP 429 - product id: 36755455, thử lại 1/3
2025-09-29 20:36:05,839 WARNING: Lỗi HTTP 404: Không tim thấy product id - product id: 36740931
2025-09-29 20:36:06,193 WARNING: Lỗi HTTP 404: Không tim thấy product id - product id: 36767996
2025-09-29 20:36:06,319 WARNING: Lỗi HTTP 429 - product id: 36854728, thử lại 1/3
2025-09-29 20:36:06,578 WARNING: Lỗi HTTP 429 - product id: 36993560, thử lại 1/3
2025-09-29 20:36:06,841 WARNING: Lỗi HTTP 404: Không tim thấy product id - product id: 36869362
2025-09-29 20:36:08,870 WARNING: Lỗi HTTP 429 - product id: 35500099, thử lại 1/3
2025-09-29 20:36:08,877 WARNING: Lỗi HTTP 429 - product id: 35500363, thử lại 1/3
2025-09-29 20:36:09,840 WARNING: Lỗi HTTP 429 - product id: 36993560, thử lại 2/3
2025-09-29 20:36:09,869 WARNING: Lỗi HTTP 429 - product id: 35728242, thử lại 1/3
2025-09-29 20:36:10,249 WARNING: Lỗi HTTP 404: Không tim thấy product id - product id: 35723368
2025-09-29 20:36:11,330 WARNING: Lỗi HTTP 429 - product id: 36026862, thử lại 1/3
2025-09-29 20:36:11,597 WARNING: Lỗi HTTP 404: Không tim thấy product id - product id: 35865497
2025-09-29 20:36:12,292 WARNING: Lỗi HTTP 404: Không tim thấy product id - product id: 36023947
2025-09-29 20:36:12,443 WARNING: Lỗi HTTP 404: Không tim thấy product id - product id: 36188812
2025-09-29 20:36:14,323 WARNING: Lỗi HTTP 429 - product id: 36851440, thử lại 1/3
2025-09-29 20:36:14,514 WARNING: Lỗi HTTP 429 - product id: 36984980, thử lại 1/3
2025-09-29 20:36:14,520 WARNING: Lỗi HTTP 429 - product id: 36988786, thử lại 1/3
2025-09-29 20:36:14,566 WARNING: Lỗi HTTP 429 - product id: 37000173, thử lại 1/3
2025-09-29 20:36:14,672 WARNING: Lỗi HTTP 429 - product id: 37096918, thử lại 1/3
2025-09-29 20:36:15,219 WARNING: Lỗi HTTP 429 - product id: 35242271, thử lại 1/3
2025-09-29 20:36:15,229 WARNING: Lỗi HTTP 429 - product id: 35243020, thử lại 1/3
2025-09-29 20:36:15,284 WARNING: Lỗi HTTP 429 - product id: 35245991, thử lại 1/3
2025-09-29 20:36:15,539 WARNING: Lỗi HTTP 404: Không tim thấy product id - product id: 36995833
2025-09-29 20:36:18,381 INFO: Đã commit batch 17 (1000 sản phẩm)
2025-09-29 20:36:18,410 INFO: Đã ghi 990 sản phẩm vào file /home/quannh/projects_de/Lab_01/output/products_batch_17_990_ids.csv
2025-09-29 20:36:18,454 INFO: Đã insert 990 sản phẩm từ file /home/quannh/projects_de/Lab_01/output/products_batch_17_990_ids.csv vào database PostgeSQL
2025-09-29 20:36:18,489 INFO: Đã update lại status của batch 18 về pending để tiến hành crawl lại batch
2025-09-29 20:36:18,500 INFO: Bắt đầu crawl batch 18 (1000 sản phẩm)
2025-09-29 20:36:18,813 WARNING: Lỗi HTTP 429 - product id: 37748787, thử lại 1/3
2025-09-29 20:36:20,486 WARNING: Lỗi HTTP 429 - product id: 37947698, thử lại 1/3
2025-09-29 20:36:20,501 WARNING: Lỗi HTTP 429 - product id: 37947989, thử lại 1/3
2025-09-29 20:36:20,501 WARNING: Lỗi HTTP 429 - product id: 37948045, thử lại 1/3
2025-09-29 20:36:20,749 WARNING: Lỗi HTTP 429 - product id: 37952355, thử lại 1/3
2025-09-29 20:36:20,751 WARNING: Lỗi HTTP 429 - product id: 37952149, thử lại 1/3
2025-09-29 20:36:20,759 WARNING: Lỗi HTTP 429 - product id: 37952860, thử lại 1/3
2025-09-29 20:36:20,926 WARNING: Lỗi HTTP 429 - product id: 37954728, thử lại 1/3
2025-09-29 20:36:20,927 WARNING: Lỗi HTTP 429 - product id: 37958307, thử lại 1/3
2025-09-29 20:36:20,929 WARNING: Lỗi HTTP 404: Không tim thấy product id - product id: 37961414
2025-09-29 20:36:22,720 WARNING: Lỗi HTTP 404: Không tim thấy product id - product id: 38208053
2025-09-29 20:36:24,268 WARNING: Lỗi HTTP 404: Không tim thấy product id - product id: 38495219
2025-09-29 20:36:26,553 WARNING: Lỗi HTTP 429 - product id: 37664688, thử lại 1/3
2025-09-29 20:36:26,708 WARNING: Lỗi HTTP 429 - product id: 37684839, thử lại 1/3
2025-09-29 20:36:26,867 WARNING: Lỗi HTTP 429 - product id: 37736938, thử lại 1/3
2025-09-29 20:36:27,100 WARNING: Lỗi HTTP 429 - product id: 37763400, thử lại 1/3
2025-09-29 20:36:27,162 WARNING: Lỗi HTTP 429 - product id: 37796025, thử lại 1/3
2025-09-29 20:36:27,409 WARNING: Lỗi HTTP 429 - product id: 37864985, thử lại 1/3
2025-09-29 20:36:27,459 WARNING: Lỗi HTTP 429 - product id: 37869815, thử lại 1/3
2025-09-29 20:36:27,558 WARNING: Lỗi HTTP 429 - product id: 37878558, thử lại 1/3
2025-09-29 20:36:28,261 WARNING: Lỗi HTTP 429 - product id: 37936824, thử lại 1/3
2025-09-29 20:36:28,951 WARNING: Lỗi HTTP 429 - product id: 37961132, thử lại 1/3
2025-09-29 20:36:29,105 WARNING: Lỗi HTTP 429 - product id: 37964313, thử lại 1/3
2025-09-29 20:36:29,338 WARNING: Lỗi HTTP 429 - product id: 38037631, thử lại 1/3
2025-09-29 20:36:29,406 WARNING: Lỗi HTTP 429 - product id: 38041949, thử lại 1/3
2025-09-29 20:36:29,493 WARNING: Lỗi HTTP 429 - product id: 38042495, thử lại 1/3
2025-09-29 20:36:29,501 WARNING: Lỗi HTTP 429 - product id: 38042587, thử lại 1/3
2025-09-29 20:36:29,555 WARNING: Lỗi HTTP 429 - product id: 38049235, thử lại 1/3
2025-09-29 20:36:29,647 WARNING: Lỗi HTTP 429 - product id: 38074292, thử lại 1/3
2025-09-29 20:36:29,650 WARNING: Lỗi HTTP 429 - product id: 38081079, thử lại 1/3
2025-09-29 20:36:29,930 WARNING: Lỗi HTTP 429 - product id: 37736938, thử lại 2/3
2025-09-29 20:36:30,157 WARNING: Lỗi HTTP 429 - product id: 38207084, thử lại 1/3
2025-09-29 20:36:30,164 WARNING: Lỗi HTTP 429 - product id: 37763400, thử lại 2/3
2025-09-29 20:36:30,348 WARNING: Lỗi HTTP 429 - product id: 38240104, thử lại 1/3
2025-09-29 20:36:30,447 WARNING: Lỗi HTTP 429 - product id: 38276994, thử lại 1/3
2025-09-29 20:36:30,485 WARNING: Lỗi HTTP 429 - product id: 38292904, thử lại 1/3
2025-09-29 20:36:30,495 WARNING: Lỗi HTTP 429 - product id: 38296420, thử lại 1/3
2025-09-29 20:36:30,505 WARNING: Lỗi HTTP 429 - product id: 38301917, thử lại 1/3
2025-09-29 20:36:30,560 WARNING: Lỗi HTTP 429 - product id: 38302401, thử lại 1/3
2025-09-29 20:36:32,073 WARNING: Lỗi HTTP 404: Không tim thấy product id - product id: 38467919
2025-09-29 20:36:34,393 WARNING: Lỗi HTTP 429 - product id: 37521620, thử lại 1/3
2025-09-29 20:36:34,428 WARNING: Lỗi HTTP 404: Không tim thấy product id - product id: 39951047
2025-09-29 20:36:34,455 WARNING: Lỗi HTTP 429 - product id: 37291642, thử lại 1/3
2025-09-29 20:36:34,457 WARNING: Lỗi HTTP 429 - product id: 37291782, thử lại 1/3
2025-09-29 20:36:34,557 WARNING: Lỗi HTTP 429 - product id: 37296772, thử lại 1/3
2025-09-29 20:36:34,601 WARNING: Lỗi HTTP 429 - product id: 37407485, thử lại 1/3
2025-09-29 20:36:37,711 INFO: Đã commit batch 18 (1000 sản phẩm)
2025-09-29 20:36:37,734 INFO: Đã ghi 995 sản phẩm vào file /home/quannh/projects_de/Lab_01/output/products_batch_18_995_ids.csv
2025-09-29 20:36:37,769 INFO: Đã insert 995 sản phẩm từ file /home/quannh/projects_de/Lab_01/output/products_batch_18_995_ids.csv vào database PostgeSQL
2025-09-29 20:36:37,801 INFO: Đã update lại status của batch 19 về pending để tiến hành crawl lại batch
2025-09-29 20:36:37,810 INFO: Bắt đầu crawl batch 19 (1000 sản phẩm)
2025-09-29 20:36:40,533 WARNING: Lỗi HTTP 404: Không tim thấy product id - product id: 41321260
2025-09-29 20:36:43,884 WARNING: Lỗi HTTP 404: Không tim thấy product id - product id: 42496586
2025-09-29 20:36:47,541 WARNING: Lỗi HTTP 404: Không tim thấy product id - product id: 41293717
2025-09-29 20:36:47,789 WARNING: Lỗi HTTP 404: Không tim thấy product id - product id: 41343279
2025-09-29 20:36:52,576 WARNING: Lỗi HTTP 429 - product id: 40414992, thử lại 1/3
2025-09-29 20:36:52,657 WARNING: Lỗi HTTP 429 - product id: 40426210, thử lại 1/3
2025-09-29 20:36:52,669 WARNING: Lỗi HTTP 429 - product id: 40434026, thử lại 1/3
2025-09-29 20:36:52,763 WARNING: Lỗi HTTP 429 - product id: 40574033, thử lại 1/3
2025-09-29 20:36:52,826 WARNING: Lỗi HTTP 429 - product id: 40599623, thử lại 1/3
2025-09-29 20:36:52,871 WARNING: Lỗi HTTP 429 - product id: 40617519, thử lại 1/3
2025-09-29 20:36:53,018 WARNING: Lỗi HTTP 429 - product id: 40718679, thử lại 1/3
2025-09-29 20:36:53,389 WARNING: Lỗi HTTP 404: Không tim thấy product id - product id: 40184664
2025-09-29 20:36:56,117 INFO: Đã commit batch 19 (1000 sản phẩm)
2025-09-29 20:36:56,142 INFO: Đã ghi 995 sản phẩm vào file /home/quannh/projects_de/Lab_01/output/products_batch_19_995_ids.csv
2025-09-29 20:36:56,179 INFO: Đã insert 995 sản phẩm từ file /home/quannh/projects_de/Lab_01/output/products_batch_19_995_ids.csv vào database PostgeSQL
2025-09-29 20:36:56,212 INFO: Đã update lại status của batch 20 về pending để tiến hành crawl lại batch
2025-09-29 20:36:56,222 INFO: Bắt đầu crawl batch 20 (1000 sản phẩm)
2025-09-29 20:36:59,424 WARNING: Lỗi HTTP 429 - product id: 44019149, thử lại 1/3
2025-09-29 20:36:59,474 WARNING: Lỗi HTTP 429 - product id: 44039260, thử lại 1/3
2025-09-29 20:36:59,621 WARNING: Lỗi HTTP 429 - product id: 44055190, thử lại 1/3
2025-09-29 20:36:59,665 WARNING: Lỗi HTTP 429 - product id: 44060680, thử lại 1/3
2025-09-29 20:36:59,683 WARNING: Lỗi HTTP 429 - product id: 44063240, thử lại 1/3
2025-09-29 20:36:59,813 WARNING: Lỗi HTTP 429 - product id: 44112128, thử lại 1/3
2025-09-29 20:36:59,984 WARNING: Lỗi HTTP 429 - product id: 44127266, thử lại 1/3
2025-09-29 20:37:01,478 WARNING: Lỗi HTTP 429 - product id: 44623201, thử lại 1/3
2025-09-29 20:37:01,521 WARNING: Lỗi HTTP 429 - product id: 44623229, thử lại 1/3
2025-09-29 20:37:01,575 WARNING: Lỗi HTTP 429 - product id: 44661325, thử lại 1/3
2025-09-29 20:37:01,584 WARNING: Lỗi HTTP 429 - product id: 44664444, thử lại 1/3
2025-09-29 20:37:01,927 WARNING: Lỗi HTTP 429 - product id: 44784812, thử lại 1/3
2025-09-29 20:37:02,079 WARNING: Lỗi HTTP 429 - product id: 44842082, thử lại 1/3
2025-09-29 20:37:02,178 WARNING: Lỗi HTTP 429 - product id: 44855468, thử lại 1/3
2025-09-29 20:37:02,301 WARNING: Lỗi HTTP 404: Không tim thấy product id - product id: 44778879
2025-09-29 20:37:02,320 WARNING: Lỗi HTTP 429 - product id: 44865925, thử lại 1/3
2025-09-29 20:37:02,330 WARNING: Lỗi HTTP 429 - product id: 44865928, thử lại 1/3
2025-09-29 20:37:02,424 WARNING: Lỗi HTTP 429 - product id: 44872642, thử lại 1/3
2025-09-29 20:37:03,623 WARNING: Lỗi HTTP 429 - product id: 43168571, thử lại 1/3
2025-09-29 20:37:03,685 WARNING: Lỗi HTTP 429 - product id: 43172180, thử lại 1/3
2025-09-29 20:37:04,176 WARNING: Lỗi HTTP 429 - product id: 43276804, thử lại 1/3
2025-09-29 20:37:04,976 WARNING: Lỗi HTTP 429 - product id: 43695440, thử lại 1/3
2025-09-29 20:37:05,039 WARNING: Lỗi HTTP 429 - product id: 43723753, thử lại 1/3
2025-09-29 20:37:05,077 WARNING: Lỗi HTTP 429 - product id: 43740027, thử lại 1/3
2025-09-29 20:37:12,030 WARNING: Lỗi HTTP 429 - product id: 42926686, thử lại 1/3
2025-09-29 20:37:15,152 INFO: Đã commit batch 20 (1000 sản phẩm)
2025-09-29 20:37:15,175 INFO: Đã ghi 999 sản phẩm vào file /home/quannh/projects_de/Lab_01/output/products_batch_20_999_ids.csv
2025-09-29 20:37:15,208 INFO: Đã insert 999 sản phẩm từ file /home/quannh/projects_de/Lab_01/output/products_batch_20_999_ids.csv vào database PostgeSQL
2025-09-29 20:37:15,241 INFO: Đã update lại status của batch 21 về pending để tiến hành crawl lại batch
2025-09-29 20:37:15,251 INFO: Bắt đầu crawl batch 21 (1000 sản phẩm)
2025-09-29 20:37:15,826 WARNING: Lỗi HTTP 404: Không tim thấy product id - product id: 45244396
2025-09-29 20:37:19,554 WARNING: Lỗi HTTP 429 - product id: 46643861, thử lại 1/3
2025-09-29 20:37:20,175 WARNING: Lỗi HTTP 404: Không tim thấy product id - product id: 46655824
2025-09-29 20:37:20,526 WARNING: Lỗi HTTP 404: Không tim thấy product id - product id: 46732905
2025-09-29 20:37:20,615 WARNING: Lỗi HTTP 429 - product id: 46904898, thử lại 1/3
2025-09-29 20:37:20,706 WARNING: Lỗi HTTP 429 - product id: 46980958, thử lại 1/3
2025-09-29 20:37:21,307 WARNING: Lỗi HTTP 429 - product id: 47137942, thử lại 1/3
2025-09-29 20:37:21,308 WARNING: Lỗi HTTP 429 - product id: 47137889, thử lại 1/3
2025-09-29 20:37:21,509 WARNING: Lỗi HTTP 429 - product id: 47142561, thử lại 1/3
2025-09-29 20:37:21,603 WARNING: Lỗi HTTP 429 - product id: 47147075, thử lại 1/3
2025-09-29 20:37:21,609 WARNING: Lỗi HTTP 429 - product id: 47148562, thử lại 1/3
2025-09-29 20:37:21,658 WARNING: Lỗi HTTP 429 - product id: 47161022, thử lại 1/3
2025-09-29 20:37:21,665 WARNING: Lỗi HTTP 429 - product id: 47162033, thử lại 1/3
2025-09-29 20:37:21,745 WARNING: Lỗi HTTP 429 - product id: 47181901, thử lại 1/3
2025-09-29 20:37:21,754 WARNING: Lỗi HTTP 429 - product id: 47187485, thử lại 1/3
2025-09-29 20:37:24,026 WARNING: Lỗi HTTP 404: Không tim thấy product id - product id: 45463834
2025-09-29 20:37:24,104 WARNING: Lỗi HTTP 429 - product id: 45811319, thử lại 1/3
2025-09-29 20:37:24,115 WARNING: Lỗi HTTP 429 - product id: 45811834, thử lại 1/3
2025-09-29 20:37:24,307 WARNING: Lỗi HTTP 429 - product id: 45832109, thử lại 1/3
2025-09-29 20:37:24,355 WARNING: Lỗi HTTP 429 - product id: 45839954, thử lại 1/3
2025-09-29 20:37:25,507 WARNING: Lỗi HTTP 429 - product id: 46148516, thử lại 1/3
2025-09-29 20:37:25,509 WARNING: Lỗi HTTP 429 - product id: 46154089, thử lại 1/3
2025-09-29 20:37:25,551 WARNING: Lỗi HTTP 429 - product id: 46155712, thử lại 1/3
2025-09-29 20:37:25,662 WARNING: Lỗi HTTP 429 - product id: 46179832, thử lại 1/3
2025-09-29 20:37:27,854 WARNING: Lỗi HTTP 429 - product id: 46680447, thử lại 1/3
2025-09-29 20:37:28,276 WARNING: Lỗi HTTP 404: Không tim thấy product id - product id: 45832109
2025-09-29 20:37:28,367 WARNING: Lỗi HTTP 429 - product id: 46821108, thử lại 1/3
2025-09-29 20:37:28,454 WARNING: Lỗi HTTP 429 - product id: 46891348, thử lại 1/3
2025-09-29 20:37:28,455 WARNING: Lỗi HTTP 429 - product id: 46905223, thử lại 1/3
2025-09-29 20:37:28,500 WARNING: Lỗi HTTP 429 - product id: 46906122, thử lại 1/3
2025-09-29 20:37:28,505 WARNING: Lỗi HTTP 429 - product id: 46906219, thử lại 1/3
2025-09-29 20:37:28,602 WARNING: Lỗi HTTP 429 - product id: 46940186, thử lại 1/3
2025-09-29 20:37:28,707 WARNING: Lỗi HTTP 429 - product id: 47048589, thử lại 1/3
2025-09-29 20:37:28,850 WARNING: Lỗi HTTP 429 - product id: 47101224, thử lại 1/3
2025-09-29 20:37:28,910 WARNING: Lỗi HTTP 429 - product id: 47103634, thử lại 1/3
2025-09-29 20:37:28,949 WARNING: Lỗi HTTP 429 - product id: 47121012, thử lại 1/3
2025-09-29 20:37:28,950 WARNING: Lỗi HTTP 429 - product id: 47122060, thử lại 1/3
2025-09-29 20:37:29,015 WARNING: Lỗi HTTP 429 - product id: 47134668, thử lại 1/3
2025-09-29 20:37:29,016 WARNING: Lỗi HTTP 429 - product id: 47136863, thử lại 1/3
2025-09-29 20:37:29,053 WARNING: Lỗi HTTP 429 - product id: 47137421, thử lại 1/3
2025-09-29 20:37:29,097 WARNING: Lỗi HTTP 429 - product id: 47137576, thử lại 1/3
2025-09-29 20:37:29,762 WARNING: Lỗi HTTP 429 - product id: 47232538, thử lại 1/3
2025-09-29 20:37:32,881 INFO: Đã commit batch 21 (1000 sản phẩm)
2025-09-29 20:37:32,909 INFO: Đã ghi 995 sản phẩm vào file /home/quannh/projects_de/Lab_01/output/products_batch_21_995_ids.csv
2025-09-29 20:37:32,945 INFO: Đã insert 995 sản phẩm từ file /home/quannh/projects_de/Lab_01/output/products_batch_21_995_ids.csv vào database PostgeSQL
2025-09-29 20:37:32,978 INFO: Đã update lại status của batch 22 về pending để tiến hành crawl lại batch
2025-09-29 20:37:32,988 INFO: Bắt đầu crawl batch 22 (1000 sản phẩm)
2025-09-29 20:37:38,004 WARNING: Lỗi HTTP 429 - product id: 48622259, thử lại 1/3
2025-09-29 20:37:38,243 WARNING: Lỗi HTTP 429 - product id: 48653997, thử lại 1/3
2025-09-29 20:37:38,305 WARNING: Lỗi HTTP 429 - product id: 48657049, thử lại 1/3
2025-09-29 20:37:40,558 WARNING: Lỗi HTTP 429 - product id: 47268164, thử lại 1/3
2025-09-29 20:37:45,901 WARNING: Lỗi HTTP 429 - product id: 48567911, thử lại 1/3
2025-09-29 20:37:45,943 WARNING: Lỗi HTTP 429 - product id: 48575783, thử lại 1/3
2025-09-29 20:37:47,841 WARNING: Lỗi HTTP 429 - product id: 48944460, thử lại 1/3
2025-09-29 20:37:47,845 WARNING: Lỗi HTTP 429 - product id: 48951933, thử lại 1/3
2025-09-29 20:37:47,906 WARNING: Lỗi HTTP 429 - product id: 48952952, thử lại 1/3
2025-09-29 20:37:47,958 WARNING: Lỗi HTTP 429 - product id: 48960777, thử lại 1/3
2025-09-29 20:37:47,959 WARNING: Lỗi HTTP 429 - product id: 48963167, thử lại 1/3
2025-09-29 20:37:48,048 WARNING: Lỗi HTTP 429 - product id: 48989725, thử lại 1/3
2025-09-29 20:37:48,152 WARNING: Lỗi HTTP 429 - product id: 49006555, thử lại 1/3
2025-09-29 20:37:48,251 WARNING: Lỗi HTTP 429 - product id: 49018456, thử lại 1/3
2025-09-29 20:37:48,790 WARNING: Lỗi HTTP 429 - product id: 47353366, thử lại 1/3
2025-09-29 20:37:48,795 WARNING: Lỗi HTTP 429 - product id: 47354461, thử lại 1/3
2025-09-29 20:37:51,915 INFO: Đã commit batch 22 (1000 sản phẩm)
2025-09-29 20:37:51,941 INFO: Đã ghi 1000 sản phẩm vào file /home/quannh/projects_de/Lab_01/output/products_batch_22_1000_ids.csv
2025-09-29 20:37:51,982 INFO: Đã insert 1000 sản phẩm từ file /home/quannh/projects_de/Lab_01/output/products_batch_22_1000_ids.csv vào database PostgeSQL
2025-09-29 20:37:52,015 INFO: Đã update lại status của batch 23 về pending để tiến hành crawl lại batch
2025-09-29 20:37:52,025 INFO: Bắt đầu crawl batch 23 (1000 sản phẩm)
2025-09-29 20:37:53,146 WARNING: Lỗi HTTP 404: Không tim thấy product id - product id: 49250760
2025-09-29 20:38:01,776 WARNING: Lỗi HTTP 429 - product id: 49519843, thử lại 1/3
2025-09-29 20:38:02,427 WARNING: Lỗi HTTP 429 - product id: 49712058, thử lại 1/3
2025-09-29 20:38:02,875 WARNING: Lỗi HTTP 429 - product id: 49785779, thử lại 1/3
2025-09-29 20:38:04,385 WARNING: Lỗi HTTP 429 - product id: 50263976, thử lại 1/3
2025-09-29 20:38:04,475 WARNING: Lỗi HTTP 429 - product id: 50276386, thử lại 1/3
2025-09-29 20:38:04,526 WARNING: Lỗi HTTP 429 - product id: 50296572, thử lại 1/3
2025-09-29 20:38:04,536 WARNING: Lỗi HTTP 429 - product id: 50297394, thử lại 1/3
2025-09-29 20:38:04,628 WARNING: Lỗi HTTP 429 - product id: 50304852, thử lại 1/3
2025-09-29 20:38:05,272 WARNING: Lỗi HTTP 429 - product id: 50384639, thử lại 1/3
2025-09-29 20:38:07,789 WARNING: Lỗi HTTP 429 - product id: 50296572, thử lại 2/3
2025-09-29 20:38:13,927 INFO: Đã commit batch 23 (1000 sản phẩm)
2025-09-29 20:38:13,953 INFO: Đã ghi 999 sản phẩm vào file /home/quannh/projects_de/Lab_01/output/products_batch_23_999_ids.csv
2025-09-29 20:38:13,991 INFO: Đã insert 999 sản phẩm từ file /home/quannh/projects_de/Lab_01/output/products_batch_23_999_ids.csv vào database PostgeSQL
2025-09-29 20:38:14,025 INFO: Đã update lại status của batch 24 về pending để tiến hành crawl lại batch
2025-09-29 20:38:14,035 INFO: Bắt đầu crawl batch 24 (1000 sản phẩm)
2025-09-29 20:38:14,936 WARNING: Lỗi HTTP 429 - product id: 51328937, thử lại 1/3
2025-09-29 20:38:15,000 WARNING: Lỗi HTTP 429 - product id: 51335762, thử lại 1/3
2025-09-29 20:38:15,389 WARNING: Lỗi HTTP 429 - product id: 51422976, thử lại 1/3
2025-09-29 20:38:17,888 WARNING: Lỗi HTTP 429 - product id: 51952421, thử lại 1/3
2025-09-29 20:38:18,403 WARNING: Lỗi HTTP 429 - product id: 51988168, thử lại 1/3
2025-09-29 20:38:18,442 WARNING: Lỗi HTTP 429 - product id: 51988244, thử lại 1/3
2025-09-29 20:38:18,847 WARNING: Lỗi HTTP 429 - product id: 52046841, thử lại 1/3
2025-09-29 20:38:19,689 WARNING: Lỗi HTTP 429 - product id: 52111602, thử lại 1/3
2025-09-29 20:38:20,284 WARNING: Lỗi HTTP 429 - product id: 52147622, thử lại 1/3
2025-09-29 20:38:20,289 WARNING: Lỗi HTTP 429 - product id: 52148677, thử lại 1/3
2025-09-29 20:38:20,436 WARNING: Lỗi HTTP 429 - product id: 52167115, thử lại 1/3
2025-09-29 20:38:20,540 WARNING: Lỗi HTTP 429 - product id: 52191482, thử lại 1/3
2025-09-29 20:38:21,345 WARNING: Lỗi HTTP 429 - product id: 51034210, thử lại 1/3
2025-09-29 20:38:21,350 WARNING: Lỗi HTTP 429 - product id: 51038166, thử lại 1/3
2025-09-29 20:38:21,408 WARNING: Lỗi HTTP 429 - product id: 51041263, thử lại 1/3
2025-09-29 20:38:21,414 WARNING: Lỗi HTTP 429 - product id: 51041374, thử lại 1/3
2025-09-29 20:38:21,449 WARNING: Lỗi HTTP 429 - product id: 51049832, thử lại 1/3
2025-09-29 20:38:21,474 WARNING: Lỗi HTTP 429 - product id: 51056111, thử lại 1/3
2025-09-29 20:38:21,476 WARNING: Lỗi HTTP 429 - product id: 51056165, thử lại 1/3
2025-09-29 20:38:21,491 WARNING: Lỗi HTTP 429 - product id: 51062749, thử lại 1/3
2025-09-29 20:38:21,555 WARNING: Lỗi HTTP 429 - product id: 51074400, thử lại 1/3
2025-09-29 20:38:21,593 WARNING: Lỗi HTTP 429 - product id: 51097462, thử lại 1/3
2025-09-29 20:38:21,641 WARNING: Lỗi HTTP 429 - product id: 51101422, thử lại 1/3
2025-09-29 20:38:21,853 WARNING: Lỗi HTTP 429 - product id: 51120088, thử lại 1/3
2025-09-29 20:38:22,101 WARNING: Lỗi HTTP 429 - product id: 51239432, thử lại 1/3
2025-09-29 20:38:22,441 WARNING: Lỗi HTTP 429 - product id: 51285966, thử lại 1/3
2025-09-29 20:38:23,588 WARNING: Lỗi HTTP 429 - product id: 51535760, thử lại 1/3
2025-09-29 20:38:27,862 WARNING: Lỗi HTTP 404: Không tim thấy product id - product id: 52112865
2025-09-29 20:38:31,198 INFO: Đã commit batch 24 (1000 sản phẩm)
2025-09-29 20:38:31,223 INFO: Đã ghi 999 sản phẩm vào file /home/quannh/projects_de/Lab_01/output/products_batch_24_999_ids.csv
2025-09-29 20:38:31,262 INFO: Đã insert 999 sản phẩm từ file /home/quannh/projects_de/Lab_01/output/products_batch_24_999_ids.csv vào database PostgeSQL
2025-09-29 20:38:31,295 INFO: Đã update lại status của batch 25 về pending để tiến hành crawl lại batch
2025-09-29 20:38:31,305 INFO: Bắt đầu crawl batch 25 (1000 sản phẩm)
2025-09-29 20:38:31,532 WARNING: Lỗi HTTP 404: Không tim thấy product id - product id: 52277277
2025-09-29 20:38:32,160 WARNING: Lỗi HTTP 429 - product id: 52417249, thử lại 1/3
2025-09-29 20:38:32,362 WARNING: Lỗi HTTP 429 - product id: 52431819, thử lại 1/3
2025-09-29 20:38:33,325 WARNING: Lỗi HTTP 404: Không tim thấy product id - product id: 52484184
2025-09-29 20:38:34,227 WARNING: Lỗi HTTP 404: Không tim thấy product id - product id: 52649547
2025-09-29 20:38:34,280 WARNING: Lỗi HTTP 404: Không tim thấy product id - product id: 52649533
2025-09-29 20:38:34,327 WARNING: Lỗi HTTP 404: Không tim thấy product id - product id: 52649551
2025-09-29 20:38:34,432 WARNING: Lỗi HTTP 404: Không tim thấy product id - product id: 52659820
2025-09-29 20:38:35,119 WARNING: Lỗi HTTP 429 - product id: 52890245, thử lại 1/3
2025-09-29 20:38:35,182 WARNING: Lỗi HTTP 429 - product id: 52985473, thử lại 1/3
2025-09-29 20:38:35,209 WARNING: Lỗi HTTP 429 - product id: 53017636, thử lại 1/3
2025-09-29 20:38:35,271 WARNING: Lỗi HTTP 429 - product id: 53026308, thử lại 1/3
2025-09-29 20:38:35,772 WARNING: Lỗi HTTP 429 - product id: 53122207, thử lại 1/3
2025-09-29 20:38:35,782 WARNING: Lỗi HTTP 429 - product id: 53129202, thử lại 1/3
2025-09-29 20:38:35,966 WARNING: Lỗi HTTP 429 - product id: 53185705, thử lại 1/3
2025-09-29 20:38:37,661 WARNING: Lỗi HTTP 429 - product id: 53535854, thử lại 1/3
2025-09-29 20:38:37,710 WARNING: Lỗi HTTP 429 - product id: 53546919, thử lại 1/3
2025-09-29 20:38:37,812 WARNING: Lỗi HTTP 429 - product id: 53585471, thử lại 1/3
2025-09-29 20:38:37,882 WARNING: Lỗi HTTP 404: Không tim thấy product id - product id: 53492237
2025-09-29 20:38:38,163 WARNING: Lỗi HTTP 429 - product id: 53653875, thử lại 1/3
2025-09-29 20:38:39,066 WARNING: Lỗi HTTP 429 - product id: 52311812, thử lại 1/3
2025-09-29 20:38:39,106 WARNING: Lỗi HTTP 429 - product id: 52316696, thử lại 1/3
2025-09-29 20:38:39,170 WARNING: Lỗi HTTP 429 - product id: 53185705, thử lại 2/3
2025-09-29 20:38:39,367 WARNING: Lỗi HTTP 429 - product id: 52337694, thử lại 1/3
2025-09-29 20:38:39,407 WARNING: Lỗi HTTP 429 - product id: 52340135, thử lại 1/3
2025-09-29 20:38:39,472 WARNING: Lỗi HTTP 429 - product id: 52348864, thử lại 1/3
2025-09-29 20:38:40,360 WARNING: Lỗi HTTP 429 - product id: 52425636, thử lại 1/3
2025-09-29 20:38:40,817 WARNING: Lỗi HTTP 429 - product id: 52574579, thử lại 1/3
2025-09-29 20:38:41,879 WARNING: Lỗi HTTP 404: Không tim thấy product id - product id: 52649555
2025-09-29 20:38:41,930 WARNING: Lỗi HTTP 404: Không tim thấy product id - product id: 52649564
2025-09-29 20:38:42,010 WARNING: Lỗi HTTP 429 - product id: 52672119, thử lại 1/3
2025-09-29 20:38:42,109 WARNING: Lỗi HTTP 429 - product id: 52674689, thử lại 1/3
2025-09-29 20:38:42,151 WARNING: Lỗi HTTP 429 - product id: 52677999, thử lại 1/3
2025-09-29 20:38:42,159 WARNING: Lỗi HTTP 429 - product id: 52678079, thử lại 1/3
2025-09-29 20:38:42,835 WARNING: Lỗi HTTP 404: Không tim thấy product id - product id: 52659824
2025-09-29 20:38:43,099 WARNING: Lỗi HTTP 429 - product id: 52868216, thử lại 1/3
2025-09-29 20:38:43,110 WARNING: Lỗi HTTP 429 - product id: 52869108, thử lại 1/3
2025-09-29 20:38:43,520 WARNING: Lỗi HTTP 429 - product id: 53013186, thử lại 1/3
2025-09-29 20:38:48,365 INFO: Đã commit batch 25 (1000 sản phẩm)
2025-09-29 20:38:48,395 INFO: Đã ghi 990 sản phẩm vào file /home/quannh/projects_de/Lab_01/output/products_batch_25_990_ids.csv
2025-09-29 20:38:48,441 INFO: Đã insert 990 sản phẩm từ file /home/quannh/projects_de/Lab_01/output/products_batch_25_990_ids.csv vào database PostgeSQL
2025-09-29 20:38:48,474 INFO: Đã update lại status của batch 26 về pending để tiến hành crawl lại batch
2025-09-29 20:38:48,485 INFO: Bắt đầu crawl batch 26 (1000 sản phẩm)
2025-09-29 20:38:48,607 WARNING: Lỗi HTTP 404: Không tim thấy product id - product id: 53838886
2025-09-29 20:38:48,756 WARNING: Lỗi HTTP 404: Không tim thấy product id - product id: 53840242
2025-09-29 20:38:48,855 WARNING: Lỗi HTTP 404: Không tim thấy product id - product id: 53837553
2025-09-29 20:38:48,937 WARNING: Lỗi HTTP 429 - product id: 54006228, thử lại 1/3
2025-09-29 20:38:48,940 WARNING: Lỗi HTTP 429 - product id: 54008651, thử lại 1/3
2025-09-29 20:38:48,962 WARNING: Lỗi HTTP 404: Không tim thấy product id - product id: 53839813
2025-09-29 20:38:51,255 WARNING: Lỗi HTTP 404: Không tim thấy product id - product id: 54368341
2025-09-29 20:38:51,359 WARNING: Lỗi HTTP 404: Không tim thấy product id - product id: 54393657
2025-09-29 20:38:51,417 WARNING: Lỗi HTTP 404: Không tim thấy product id - product id: 54393674
2025-09-29 20:38:51,424 WARNING: Lỗi HTTP 404: Không tim thấy product id - product id: 54383608
2025-09-29 20:38:52,007 WARNING: Lỗi HTTP 404: Không tim thấy product id - product id: 54393642
2025-09-29 20:38:52,394 WARNING: Lỗi HTTP 429 - product id: 54608456, thử lại 1/3
2025-09-29 20:38:52,461 WARNING: Lỗi HTTP 404: Không tim thấy product id - product id: 54442572
2025-09-29 20:38:52,522 WARNING: Lỗi HTTP 429 - product id: 54620164, thử lại 1/3
2025-09-29 20:38:52,933 WARNING: Lỗi HTTP 429 - product id: 54658523, thử lại 1/3
2025-09-29 20:38:52,934 WARNING: Lỗi HTTP 429 - product id: 54651453, thử lại 1/3
2025-09-29 20:38:53,877 WARNING: Lỗi HTTP 429 - product id: 54815750, thử lại 1/3
2025-09-29 20:38:54,007 WARNING: Lỗi HTTP 404: Không tim thấy product id - product id: 54683588
2025-09-29 20:38:54,073 WARNING: Lỗi HTTP 429 - product id: 54859974, thử lại 1/3
2025-09-29 20:38:54,237 WARNING: Lỗi HTTP 429 - product id: 54901523, thử lại 1/3
2025-09-29 20:38:54,287 WARNING: Lỗi HTTP 429 - product id: 54907795, thử lại 1/3
2025-09-29 20:38:54,289 WARNING: Lỗi HTTP 429 - product id: 54903309, thử lại 1/3
2025-09-29 20:38:54,348 WARNING: Lỗi HTTP 429 - product id: 54929693, thử lại 1/3
2025-09-29 20:38:54,584 WARNING: Lỗi HTTP 429 - product id: 54982840, thử lại 1/3
2025-09-29 20:38:54,587 WARNING: Lỗi HTTP 429 - product id: 54987505, thử lại 1/3
2025-09-29 20:38:54,647 WARNING: Lỗi HTTP 429 - product id: 54997757, thử lại 1/3
2025-09-29 20:38:54,648 WARNING: Lỗi HTTP 429 - product id: 54998625, thử lại 1/3
2025-09-29 20:38:54,845 WARNING: Lỗi HTTP 429 - product id: 55047877, thử lại 1/3
2025-09-29 20:38:54,883 WARNING: Lỗi HTTP 429 - product id: 55055390, thử lại 1/3
2025-09-29 20:38:54,941 WARNING: Lỗi HTTP 429 - product id: 55066891, thử lại 1/3
2025-09-29 20:38:55,533 WARNING: Lỗi HTTP 429 - product id: 53974086, thử lại 1/3
2025-09-29 20:38:55,538 WARNING: Lỗi HTTP 429 - product id: 53976386, thử lại 1/3
2025-09-29 20:38:55,848 WARNING: Lỗi HTTP 429 - product id: 53989163, thử lại 1/3
2025-09-29 20:38:55,894 WARNING: Lỗi HTTP 429 - product id: 53992251, thử lại 1/3
2025-09-29 20:38:55,992 WARNING: Lỗi HTTP 429 - product id: 54005692, thử lại 1/3
2025-09-29 20:38:55,999 WARNING: Lỗi HTTP 429 - product id: 54658523, thử lại 2/3
2025-09-29 20:38:56,242 WARNING: Lỗi HTTP 429 - product id: 54029194, thử lại 1/3
2025-09-29 20:38:58,061 WARNING: Lỗi HTTP 404: Không tim thấy product id - product id: 54383631
2025-09-29 20:38:59,061 WARNING: Lỗi HTTP 404: Không tim thấy product id - product id: 54393665
2025-09-29 20:38:59,606 WARNING: Lỗi HTTP 404: Không tim thấy product id - product id: 54442551
2025-09-29 20:38:59,758 WARNING: Lỗi HTTP 404: Không tim thấy product id - product id: 54442554
2025-09-29 20:39:00,506 WARNING: Lỗi HTTP 404: Không tim thấy product id - product id: 54583105
2025-09-29 20:39:02,053 WARNING: Lỗi HTTP 404: Không tim thấy product id - product id: 54745696
2025-09-29 20:39:03,744 WARNING: Lỗi HTTP 429 - product id: 53764248, thử lại 1/3
2025-09-29 20:39:03,788 WARNING: Lỗi HTTP 429 - product id: 53782098, thử lại 1/3
2025-09-29 20:39:03,877 WARNING: Lỗi HTTP 429 - product id: 53777392, thử lại 1/3
2025-09-29 20:39:04,434 WARNING: Lỗi HTTP 429 - product id: 53924328, thử lại 1/3
2025-09-29 20:39:04,556 WARNING: Lỗi HTTP 404: Không tim thấy product id - product id: 53837414
2025-09-29 20:39:04,606 WARNING: Lỗi HTTP 404: Không tim thấy product id - product id: 53839583
2025-09-29 20:39:05,105 WARNING: Lỗi HTTP 404: Không tim thấy product id - product id: 53836822
2025-09-29 20:39:07,572 INFO: Đã commit batch 26 (1000 sản phẩm)
2025-09-29 20:39:07,599 INFO: Đã ghi 980 sản phẩm vào file /home/quannh/projects_de/Lab_01/output/products_batch_26_980_ids.csv
2025-09-29 20:39:07,642 INFO: Đã insert 980 sản phẩm từ file /home/quannh/projects_de/Lab_01/output/products_batch_26_980_ids.csv vào database PostgeSQL
2025-09-29 20:39:07,673 INFO: Đã update lại status của batch 27 về pending để tiến hành crawl lại batch
2025-09-29 20:39:07,683 INFO: Bắt đầu crawl batch 27 (1000 sản phẩm)
2025-09-29 20:39:09,241 WARNING: Lỗi HTTP 429 - product id: 55572879, thử lại 1/3
2025-09-29 20:39:09,291 WARNING: Lỗi HTTP 429 - product id: 55580393, thử lại 1/3
2025-09-29 20:39:09,402 WARNING: Lỗi HTTP 429 - product id: 55596578, thử lại 1/3
2025-09-29 20:39:09,403 WARNING: Lỗi HTTP 429 - product id: 55596139, thử lại 1/3
2025-09-29 20:39:10,095 WARNING: Lỗi HTTP 429 - product id: 55699318, thử lại 1/3
2025-09-29 20:39:10,348 WARNING: Lỗi HTTP 429 - product id: 55738708, thử lại 1/3
2025-09-29 20:39:15,743 WARNING: Lỗi HTTP 429 - product id: 55337871, thử lại 1/3
2025-09-29 20:39:18,281 WARNING: Lỗi HTTP 429 - product id: 55788356, thử lại 1/3
2025-09-29 20:39:18,341 WARNING: Lỗi HTTP 429 - product id: 55810989, thử lại 1/3
2025-09-29 20:39:18,385 WARNING: Lỗi HTTP 429 - product id: 55844487, thử lại 1/3
2025-09-29 20:39:18,557 WARNING: Lỗi HTTP 429 - product id: 55908800, thử lại 1/3
2025-09-29 20:39:18,587 WARNING: Lỗi HTTP 429 - product id: 55912702, thử lại 1/3
2025-09-29 20:39:18,706 WARNING: Lỗi HTTP 404: Không tim thấy product id - product id: 55886475
2025-09-29 20:39:19,383 WARNING: Lỗi HTTP 429 - product id: 56066922, thử lại 1/3
2025-09-29 20:39:19,384 WARNING: Lỗi HTTP 429 - product id: 56074911, thử lại 1/3
2025-09-29 20:39:19,688 WARNING: Lỗi HTTP 429 - product id: 56104661, thử lại 1/3
2025-09-29 20:39:20,786 WARNING: Lỗi HTTP 429 - product id: 56376756, thử lại 1/3
2025-09-29 20:39:21,087 WARNING: Lỗi HTTP 429 - product id: 56452917, thử lại 1/3
2025-09-29 20:39:21,190 WARNING: Lỗi HTTP 429 - product id: 56495863, thử lại 1/3
2025-09-29 20:39:21,446 WARNING: Lỗi HTTP 429 - product id: 55788356, thử lại 2/3
2025-09-29 20:39:21,486 WARNING: Lỗi HTTP 429 - product id: 56603109, thử lại 1/3
2025-09-29 20:39:21,988 WARNING: Lỗi HTTP 429 - product id: 56704532, thử lại 1/3
2025-09-29 20:39:22,185 WARNING: Lỗi HTTP 429 - product id: 56755887, thử lại 1/3
2025-09-29 20:39:27,568 INFO: Đã commit batch 27 (1000 sản phẩm)
2025-09-29 20:39:27,595 INFO: Đã ghi 999 sản phẩm vào file /home/quannh/projects_de/Lab_01/output/products_batch_27_999_ids.csv
2025-09-29 20:39:27,640 INFO: Đã insert 999 sản phẩm từ file /home/quannh/projects_de/Lab_01/output/products_batch_27_999_ids.csv vào database PostgeSQL
2025-09-29 20:39:27,671 INFO: Đã update lại status của batch 28 về pending để tiến hành crawl lại batch
2025-09-29 20:39:27,680 INFO: Bắt đầu crawl batch 28 (1000 sản phẩm)
2025-09-29 20:39:27,887 WARNING: Lỗi HTTP 429 - product id: 57342888, thử lại 1/3
2025-09-29 20:39:29,704 WARNING: Lỗi HTTP 404: Không tim thấy product id - product id: 57522629
2025-09-29 20:39:31,561 WARNING: Lỗi HTTP 404: Không tim thấy product id - product id: 57763788
2025-09-29 20:39:35,083 WARNING: Lỗi HTTP 429 - product id: 57090927, thử lại 1/3
2025-09-29 20:39:35,279 WARNING: Lỗi HTTP 429 - product id: 57154747, thử lại 1/3
2025-09-29 20:39:35,338 WARNING: Lỗi HTTP 429 - product id: 57159698, thử lại 1/3
2025-09-29 20:39:35,342 WARNING: Lỗi HTTP 429 - product id: 57160967, thử lại 1/3
2025-09-29 20:39:35,376 WARNING: Lỗi HTTP 429 - product id: 57164838, thử lại 1/3
2025-09-29 20:39:35,424 WARNING: Lỗi HTTP 429 - product id: 57215630, thử lại 1/3
2025-09-29 20:39:35,428 WARNING: Lỗi HTTP 429 - product id: 57216165, thử lại 1/3
2025-09-29 20:39:35,438 WARNING: Lỗi HTTP 429 - product id: 57216188, thử lại 1/3
2025-09-29 20:39:35,487 WARNING: Lỗi HTTP 429 - product id: 57244565, thử lại 1/3
2025-09-29 20:39:35,493 WARNING: Lỗi HTTP 429 - product id: 57268008, thử lại 1/3
2025-09-29 20:39:40,623 WARNING: Lỗi HTTP 429 - product id: 57982908, thử lại 1/3
2025-09-29 20:39:40,684 WARNING: Lỗi HTTP 429 - product id: 57986974, thử lại 1/3
2025-09-29 20:39:40,691 WARNING: Lỗi HTTP 429 - product id: 57988328, thử lại 1/3
2025-09-29 20:39:40,787 WARNING: Lỗi HTTP 429 - product id: 57998847, thử lại 1/3
2025-09-29 20:39:40,882 WARNING: Lỗi HTTP 429 - product id: 58011919, thử lại 1/3
2025-09-29 20:39:41,082 WARNING: Lỗi HTTP 429 - product id: 58057661, thử lại 1/3
2025-09-29 20:39:41,339 WARNING: Lỗi HTTP 429 - product id: 58119365, thử lại 1/3
2025-09-29 20:39:41,490 WARNING: Lỗi HTTP 429 - product id: 58141441, thử lại 1/3
2025-09-29 20:39:41,632 WARNING: Lỗi HTTP 429 - product id: 58171969, thử lại 1/3
2025-09-29 20:39:41,632 WARNING: Lỗi HTTP 429 - product id: 58174395, thử lại 1/3
2025-09-29 20:39:41,697 WARNING: Lỗi HTTP 429 - product id: 56854550, thử lại 1/3
2025-09-29 20:39:41,733 WARNING: Lỗi HTTP 429 - product id: 56863230, thử lại 1/3
2025-09-29 20:39:42,696 WARNING: Lỗi HTTP 429 - product id: 56861354, thử lại 1/3
2025-09-29 20:39:42,851 WARNING: Lỗi HTTP 429 - product id: 56875402, thử lại 1/3
2025-09-29 20:39:43,042 WARNING: Lỗi HTTP 429 - product id: 56917245, thử lại 1/3
2025-09-29 20:39:46,149 INFO: Đã commit batch 28 (1000 sản phẩm)
2025-09-29 20:39:46,175 INFO: Đã ghi 998 sản phẩm vào file /home/quannh/projects_de/Lab_01/output/products_batch_28_998_ids.csv
2025-09-29 20:39:46,214 INFO: Đã insert 998 sản phẩm từ file /home/quannh/projects_de/Lab_01/output/products_batch_28_998_ids.csv vào database PostgeSQL
2025-09-29 20:39:46,247 INFO: Đã update lại status của batch 29 về pending để tiến hành crawl lại batch
2025-09-29 20:39:46,256 INFO: Bắt đầu crawl batch 29 (1000 sản phẩm)
2025-09-29 20:39:46,657 WARNING: Lỗi HTTP 429 - product id: 58388441, thử lại 1/3
2025-09-29 20:39:46,721 WARNING: Lỗi HTTP 429 - product id: 58396302, thử lại 1/3
2025-09-29 20:39:46,805 WARNING: Lỗi HTTP 429 - product id: 58413229, thử lại 1/3
2025-09-29 20:39:46,857 WARNING: Lỗi HTTP 429 - product id: 58425853, thử lại 1/3
2025-09-29 20:39:48,053 WARNING: Lỗi HTTP 429 - product id: 58562798, thử lại 1/3
2025-09-29 20:39:51,218 WARNING: Lỗi HTTP 429 - product id: 59092026, thử lại 1/3
2025-09-29 20:39:51,363 WARNING: Lỗi HTTP 429 - product id: 59132538, thử lại 1/3
2025-09-29 20:39:57,416 WARNING: Lỗi HTTP 429 - product id: 58819612, thử lại 1/3
2025-09-29 20:39:57,514 WARNING: Lỗi HTTP 429 - product id: 58840937, thử lại 1/3
2025-09-29 20:39:57,915 WARNING: Lỗi HTTP 429 - product id: 58879111, thử lại 1/3
2025-09-29 20:39:57,959 WARNING: Lỗi HTTP 429 - product id: 58890469, thử lại 1/3
2025-09-29 20:39:57,962 WARNING: Lỗi HTTP 429 - product id: 58890486, thử lại 1/3
2025-09-29 20:39:58,013 WARNING: Lỗi HTTP 429 - product id: 58898917, thử lại 1/3
2025-09-29 20:39:58,055 WARNING: Lỗi HTTP 429 - product id: 58904630, thử lại 1/3
2025-09-29 20:39:58,615 WARNING: Lỗi HTTP 429 - product id: 58958320, thử lại 1/3
2025-09-29 20:39:59,064 WARNING: Lỗi HTTP 429 - product id: 59055283, thử lại 1/3
2025-09-29 20:39:59,110 WARNING: Lỗi HTTP 429 - product id: 59059224, thử lại 1/3
2025-09-29 20:39:59,170 WARNING: Lỗi HTTP 429 - product id: 59062618, thử lại 1/3
2025-09-29 20:39:59,210 WARNING: Lỗi HTTP 429 - product id: 59070865, thử lại 1/3
2025-09-29 20:39:59,211 WARNING: Lỗi HTTP 429 - product id: 59064237, thử lại 1/3
2025-09-29 20:39:59,302 WARNING: Lỗi HTTP 429 - product id: 59082733, thử lại 1/3
2025-09-29 20:39:59,399 WARNING: Lỗi HTTP 429 - product id: 59102754, thử lại 1/3
2025-09-29 20:39:59,414 WARNING: Lỗi HTTP 429 - product id: 59105097, thử lại 1/3
2025-09-29 20:39:59,470 WARNING: Lỗi HTTP 429 - product id: 59115311, thử lại 1/3
2025-09-29 20:40:01,121 WARNING: Lỗi HTTP 429 - product id: 58211417, thử lại 1/3
2025-09-29 20:40:01,201 WARNING: Lỗi HTTP 429 - product id: 58214464, thử lại 1/3
2025-09-29 20:40:01,209 WARNING: Lỗi HTTP 429 - product id: 58216940, thử lại 1/3
2025-09-29 20:40:01,313 WARNING: Lỗi HTTP 429 - product id: 58230275, thử lại 1/3
2025-09-29 20:40:02,070 WARNING: Lỗi HTTP 429 - product id: 58247880, thử lại 1/3
2025-09-29 20:40:05,186 INFO: Đã commit batch 29 (1000 sản phẩm)
2025-09-29 20:40:05,217 INFO: Đã ghi 1000 sản phẩm vào file /home/quannh/projects_de/Lab_01/output/products_batch_29_1000_ids.csv
2025-09-29 20:40:05,265 INFO: Đã insert 1000 sản phẩm từ file /home/quannh/projects_de/Lab_01/output/products_batch_29_1000_ids.csv vào database PostgeSQL
2025-09-29 20:40:05,304 INFO: Đã update lại status của batch 30 về pending để tiến hành crawl lại batch
2025-09-29 20:40:05,316 INFO: Bắt đầu crawl batch 30 (1000 sản phẩm)
2025-09-29 20:40:09,590 WARNING: Lỗi HTTP 404: Không tim thấy product id - product id: 63595377
2025-09-29 20:40:09,790 WARNING: Lỗi HTTP 404: Không tim thấy product id - product id: 63548262
2025-09-29 20:40:09,840 WARNING: Lỗi HTTP 404: Không tim thấy product id - product id: 63582317
2025-09-29 20:40:09,973 WARNING: Lỗi HTTP 429 - product id: 64253927, thử lại 1/3
2025-09-29 20:40:10,271 WARNING: Lỗi HTTP 429 - product id: 64345893, thử lại 1/3
2025-09-29 20:40:10,278 WARNING: Lỗi HTTP 429 - product id: 64350322, thử lại 1/3
2025-09-29 20:40:10,371 WARNING: Lỗi HTTP 429 - product id: 64660435, thử lại 1/3
2025-09-29 20:40:10,462 WARNING: Lỗi HTTP 429 - product id: 64731425, thử lại 1/3
2025-09-29 20:40:11,260 WARNING: Lỗi HTTP 429 - product id: 65820725, thử lại 1/3
2025-09-29 20:40:12,161 WARNING: Lỗi HTTP 429 - product id: 59373967, thử lại 1/3
2025-09-29 20:40:12,172 WARNING: Lỗi HTTP 429 - product id: 59383403, thử lại 1/3
2025-09-29 20:40:12,676 WARNING: Lỗi HTTP 429 - product id: 59426987, thử lại 1/3
2025-09-29 20:40:12,778 WARNING: Lỗi HTTP 429 - product id: 59432055, thử lại 1/3
2025-09-29 20:40:12,921 WARNING: Lỗi HTTP 429 - product id: 59456450, thử lại 1/3
2025-09-29 20:40:12,971 WARNING: Lỗi HTTP 429 - product id: 59460499, thử lại 1/3
2025-09-29 20:40:13,048 WARNING: Lỗi HTTP 429 - product id: 59464994, thử lại 1/3
2025-09-29 20:40:13,070 WARNING: Lỗi HTTP 429 - product id: 59466484, thử lại 1/3
2025-09-29 20:40:13,213 WARNING: Lỗi HTTP 429 - product id: 59477626, thử lại 1/3
2025-09-29 20:40:13,276 WARNING: Lỗi HTTP 429 - product id: 59482830, thử lại 1/3
2025-09-29 20:40:13,312 WARNING: Lỗi HTTP 429 - product id: 59487775, thử lại 1/3
2025-09-29 20:40:13,507 WARNING: Lỗi HTTP 429 - product id: 59497568, thử lại 1/3
2025-09-29 20:40:13,979 WARNING: Lỗi HTTP 429 - product id: 59534933, thử lại 1/3
2025-09-29 20:40:14,117 WARNING: Lỗi HTTP 429 - product id: 59549530, thử lại 1/3
2025-09-29 20:40:14,140 WARNING: Lỗi HTTP 404: Không tim thấy product id - product id: 59478772
2025-09-29 20:40:14,175 WARNING: Lỗi HTTP 429 - product id: 59558804, thử lại 1/3
2025-09-29 20:40:14,326 WARNING: Lỗi HTTP 429 - product id: 59722918, thử lại 1/3
2025-09-29 20:40:14,575 WARNING: Lỗi HTTP 429 - product id: 60196600, thử lại 1/3
2025-09-29 20:40:14,720 WARNING: Lỗi HTTP 429 - product id: 60408969, thử lại 1/3
2025-09-29 20:40:15,127 WARNING: Lỗi HTTP 429 - product id: 61261826, thử lại 1/3
2025-09-29 20:40:15,286 WARNING: Lỗi HTTP 429 - product id: 61402951, thử lại 1/3
2025-09-29 20:40:15,318 WARNING: Lỗi HTTP 429 - product id: 61517745, thử lại 1/3
2025-09-29 20:40:15,673 WARNING: Lỗi HTTP 429 - product id: 62402064, thử lại 1/3
2025-09-29 20:40:16,612 WARNING: Lỗi HTTP 429 - product id: 63189753, thử lại 1/3
2025-09-29 20:40:16,820 WARNING: Lỗi HTTP 429 - product id: 63436645, thử lại 1/3
2025-09-29 20:40:16,912 WARNING: Lỗi HTTP 429 - product id: 63484072, thử lại 1/3
2025-09-29 20:40:16,950 WARNING: Lỗi HTTP 429 - product id: 63491825, thử lại 1/3
2025-09-29 20:40:17,075 WARNING: Lỗi HTTP 429 - product id: 63525370, thử lại 1/3
2025-09-29 20:40:17,417 WARNING: Lỗi HTTP 429 - product id: 63598759, thử lại 1/3
2025-09-29 20:40:17,512 WARNING: Lỗi HTTP 429 - product id: 63682487, thử lại 1/3
2025-09-29 20:40:17,591 WARNING: Lỗi HTTP 404: Không tim thấy product id - product id: 63507919
2025-09-29 20:40:17,923 WARNING: Lỗi HTTP 429 - product id: 63924910, thử lại 1/3
2025-09-29 20:40:17,981 WARNING: Lỗi HTTP 429 - product id: 63938956, thử lại 1/3
2025-09-29 20:40:17,989 WARNING: Lỗi HTTP 404: Không tim thấy product id - product id: 63600586
2025-09-29 20:40:18,017 WARNING: Lỗi HTTP 429 - product id: 63950296, thử lại 1/3
2025-09-29 20:40:18,031 WARNING: Lỗi HTTP 429 - product id: 63960058, thử lại 1/3
2025-09-29 20:40:18,066 WARNING: Lỗi HTTP 429 - product id: 64006895, thử lại 1/3
2025-09-29 20:40:18,321 WARNING: Lỗi HTTP 429 - product id: 64301352, thử lại 1/3
2025-09-29 20:40:18,561 WARNING: Lỗi HTTP 429 - product id: 64378132, thử lại 1/3
2025-09-29 20:40:18,565 WARNING: Lỗi HTTP 429 - product id: 64474006, thử lại 1/3
2025-09-29 20:40:18,565 WARNING: Lỗi HTTP 429 - product id: 64458181, thử lại 1/3
2025-09-29 20:40:18,691 WARNING: Lỗi HTTP 429 - product id: 64725894, thử lại 1/3
2025-09-29 20:40:20,031 WARNING: Lỗi HTTP 429 - product id: 59318651, thử lại 1/3
2025-09-29 20:40:20,616 WARNING: Lỗi HTTP 429 - product id: 59423519, thử lại 1/3
2025-09-29 20:40:20,657 WARNING: Lỗi HTTP 429 - product id: 63682487, thử lại 2/3
2025-09-29 20:40:20,717 WARNING: Lỗi HTTP 429 - product id: 59426793, thử lại 1/3
2025-09-29 20:40:20,867 WARNING: Lỗi HTTP 429 - product id: 59298082, thử lại 1/3
2025-09-29 20:40:20,969 WARNING: Lỗi HTTP 429 - product id: 59305919, thử lại 1/3
2025-09-29 20:40:21,098 WARNING: Lỗi HTTP 429 - product id: 63950296, thử lại 2/3
2025-09-29 20:40:21,120 WARNING: Lỗi HTTP 429 - product id: 59320949, thử lại 1/3
2025-09-29 20:40:21,506 WARNING: Lỗi HTTP 404: Không tim thấy product id - product id: 63598759
2025-09-29 20:40:27,229 INFO: Đã commit batch 30 (1000 sản phẩm)
2025-09-29 20:40:27,256 INFO: Đã ghi 993 sản phẩm vào file /home/quannh/projects_de/Lab_01/output/products_batch_30_993_ids.csv
2025-09-29 20:40:27,297 INFO: Đã insert 993 sản phẩm từ file /home/quannh/projects_de/Lab_01/output/products_batch_30_993_ids.csv vào database PostgeSQL
2025-09-29 20:40:27,331 INFO: Đã update lại status của batch 31 về pending để tiến hành crawl lại batch
2025-09-29 20:40:27,342 INFO: Bắt đầu crawl batch 31 (1000 sản phẩm)
2025-09-29 20:40:29,360 WARNING: Lỗi HTTP 429 - product id: 67154517, thử lại 1/3
2025-09-29 20:40:29,399 WARNING: Lỗi HTTP 429 - product id: 67165284, thử lại 1/3
2025-09-29 20:40:29,462 WARNING: Lỗi HTTP 429 - product id: 67179229, thử lại 1/3
2025-09-29 20:40:29,562 WARNING: Lỗi HTTP 429 - product id: 67195700, thử lại 1/3
2025-09-29 20:40:29,950 WARNING: Lỗi HTTP 429 - product id: 67249937, thử lại 1/3
2025-09-29 20:40:30,043 WARNING: Lỗi HTTP 429 - product id: 67249978, thử lại 1/3
2025-09-29 20:40:30,107 WARNING: Lỗi HTTP 429 - product id: 67254449, thử lại 1/3
2025-09-29 20:40:30,766 WARNING: Lỗi HTTP 429 - product id: 67436945, thử lại 1/3
2025-09-29 20:40:32,858 WARNING: Lỗi HTTP 429 - product id: 67901993, thử lại 1/3
2025-09-29 20:40:33,110 WARNING: Lỗi HTTP 429 - product id: 67906192, thử lại 1/3
2025-09-29 20:40:35,172 WARNING: Lỗi HTTP 404: Không tim thấy product id - product id: 68139092
2025-09-29 20:40:39,759 WARNING: Lỗi HTTP 429 - product id: 67684558, thử lại 1/3
2025-09-29 20:40:39,816 WARNING: Lỗi HTTP 429 - product id: 67687753, thử lại 1/3
2025-09-29 20:40:40,152 WARNING: Lỗi HTTP 429 - product id: 67810085, thử lại 1/3
2025-09-29 20:40:40,895 WARNING: Lỗi HTTP 429 - product id: 67969547, thử lại 1/3
2025-09-29 20:40:41,006 WARNING: Lỗi HTTP 429 - product id: 67996200, thử lại 1/3
2025-09-29 20:40:41,251 WARNING: Lỗi HTTP 429 - product id: 68032931, thử lại 1/3
2025-09-29 20:40:41,304 WARNING: Lỗi HTTP 429 - product id: 68046455, thử lại 1/3
2025-09-29 20:40:41,356 WARNING: Lỗi HTTP 429 - product id: 68059838, thử lại 1/3
2025-09-29 20:40:42,657 WARNING: Lỗi HTTP 429 - product id: 66539340, thử lại 1/3
2025-09-29 20:40:42,749 WARNING: Lỗi HTTP 429 - product id: 66548460, thử lại 1/3
2025-09-29 20:40:42,900 WARNING: Lỗi HTTP 429 - product id: 67684558, thử lại 2/3
2025-09-29 20:40:42,943 WARNING: Lỗi HTTP 429 - product id: 66577932, thử lại 1/3
2025-09-29 20:40:42,947 WARNING: Lỗi HTTP 429 - product id: 66577278, thử lại 1/3
2025-09-29 20:40:43,103 WARNING: Lỗi HTTP 429 - product id: 66608013, thử lại 1/3
2025-09-29 20:40:49,010 INFO: Đã commit batch 31 (1000 sản phẩm)
2025-09-29 20:40:49,038 INFO: Đã ghi 999 sản phẩm vào file /home/quannh/projects_de/Lab_01/output/products_batch_31_999_ids.csv
2025-09-29 20:40:49,081 INFO: Đã insert 999 sản phẩm từ file /home/quannh/projects_de/Lab_01/output/products_batch_31_999_ids.csv vào database PostgeSQL
2025-09-29 20:40:49,116 INFO: Đã update lại status của batch 32 về pending để tiến hành crawl lại batch
2025-09-29 20:40:49,127 INFO: Bắt đầu crawl batch 32 (1000 sản phẩm)
2025-09-29 20:40:50,722 WARNING: Lỗi HTTP 429 - product id: 68541845, thử lại 1/3
2025-09-29 20:40:50,729 WARNING: Lỗi HTTP 429 - product id: 68542109, thử lại 1/3
2025-09-29 20:40:50,731 WARNING: Lỗi HTTP 429 - product id: 68543008, thử lại 1/3
2025-09-29 20:40:50,780 WARNING: Lỗi HTTP 429 - product id: 68548996, thử lại 1/3
2025-09-29 20:40:50,781 WARNING: Lỗi HTTP 429 - product id: 68549378, thử lại 1/3
2025-09-29 20:40:50,793 WARNING: Lỗi HTTP 429 - product id: 68552244, thử lại 1/3
2025-09-29 20:40:50,884 WARNING: Lỗi HTTP 429 - product id: 68568778, thử lại 1/3
2025-09-29 20:40:50,886 WARNING: Lỗi HTTP 429 - product id: 68570979, thử lại 1/3
2025-09-29 20:40:52,581 WARNING: Lỗi HTTP 429 - product id: 68774294, thử lại 1/3
2025-09-29 20:40:52,585 WARNING: Lỗi HTTP 429 - product id: 68779861, thử lại 1/3
2025-09-29 20:40:52,738 WARNING: Lỗi HTTP 429 - product id: 68802463, thử lại 1/3
2025-09-29 20:40:52,989 WARNING: Lỗi HTTP 429 - product id: 68832273, thử lại 1/3
2025-09-29 20:40:53,135 WARNING: Lỗi HTTP 429 - product id: 68848741, thử lại 1/3
2025-09-29 20:40:54,934 WARNING: Lỗi HTTP 429 - product id: 69191454, thử lại 1/3
2025-09-29 20:40:55,678 WARNING: Lỗi HTTP 429 - product id: 69461979, thử lại 1/3
2025-09-29 20:40:55,688 WARNING: Lỗi HTTP 429 - product id: 69463573, thử lại 1/3
2025-09-29 20:40:55,792 WARNING: Lỗi HTTP 429 - product id: 68779861, thử lại 2/3
2025-09-29 20:40:58,129 WARNING: Lỗi HTTP 429 - product id: 68571664, thử lại 1/3
2025-09-29 20:40:58,330 WARNING: Lỗi HTTP 429 - product id: 68591369, thử lại 1/3
2025-09-29 20:40:58,386 WARNING: Lỗi HTTP 429 - product id: 68594667, thử lại 1/3
2025-09-29 20:40:58,524 WARNING: Lỗi HTTP 429 - product id: 68601599, thử lại 1/3
2025-09-29 20:40:58,524 WARNING: Lỗi HTTP 429 - product id: 68601914, thử lại 1/3
2025-09-29 20:40:59,040 WARNING: Lỗi HTTP 429 - product id: 68661401, thử lại 1/3
2025-09-29 20:40:59,187 WARNING: Lỗi HTTP 429 - product id: 68688264, thử lại 1/3
2025-09-29 20:40:59,392 WARNING: Lỗi HTTP 429 - product id: 68715743, thử lại 1/3
2025-09-29 20:41:00,832 WARNING: Lỗi HTTP 429 - product id: 68887723, thử lại 1/3
2025-09-29 20:41:00,835 WARNING: Lỗi HTTP 429 - product id: 68887954, thử lại 1/3
2025-09-29 20:41:00,889 WARNING: Lỗi HTTP 429 - product id: 68892658, thử lại 1/3
2025-09-29 20:41:00,929 WARNING: Lỗi HTTP 429 - product id: 68899156, thử lại 1/3
2025-09-29 20:41:01,030 WARNING: Lỗi HTTP 429 - product id: 68919995, thử lại 1/3
2025-09-29 20:41:01,103 WARNING: Lỗi HTTP 429 - product id: 68958945, thử lại 1/3
2025-09-29 20:41:01,226 WARNING: Lỗi HTTP 429 - product id: 68978944, thử lại 1/3
2025-09-29 20:41:02,487 WARNING: Lỗi HTTP 429 - product id: 69222528, thử lại 1/3
2025-09-29 20:41:02,489 WARNING: Lỗi HTTP 429 - product id: 69210408, thử lại 1/3
2025-09-29 20:41:02,635 WARNING: Lỗi HTTP 429 - product id: 69260282, thử lại 1/3
2025-09-29 20:41:02,704 WARNING: Lỗi HTTP 404: Không tim thấy product id - product id: 69090355
2025-09-29 20:41:02,782 WARNING: Lỗi HTTP 429 - product id: 69335815, thử lại 1/3
2025-09-29 20:41:02,831 WARNING: Lỗi HTTP 429 - product id: 69342499, thử lại 1/3
2025-09-29 20:41:02,933 WARNING: Lỗi HTTP 429 - product id: 69403886, thử lại 1/3
2025-09-29 20:41:02,936 WARNING: Lỗi HTTP 429 - product id: 69433997, thử lại 1/3
2025-09-29 20:41:04,987 WARNING: Lỗi HTTP 429 - product id: 68362205, thử lại 1/3
2025-09-29 20:41:05,018 WARNING: Lỗi HTTP 429 - product id: 68372598, thử lại 1/3
2025-09-29 20:41:05,036 WARNING: Lỗi HTTP 429 - product id: 68376676, thử lại 1/3
2025-09-29 20:41:08,212 INFO: Đã commit batch 32 (1000 sản phẩm)
2025-09-29 20:41:08,240 INFO: Đã ghi 999 sản phẩm vào file /home/quannh/projects_de/Lab_01/output/products_batch_32_999_ids.csv
2025-09-29 20:41:08,283 INFO: Đã insert 999 sản phẩm từ file /home/quannh/projects_de/Lab_01/output/products_batch_32_999_ids.csv vào database PostgeSQL
2025-09-29 20:41:08,320 INFO: Đã update lại status của batch 33 về pending để tiến hành crawl lại batch
2025-09-29 20:41:08,330 INFO: Bắt đầu crawl batch 33 (1000 sản phẩm)
2025-09-29 20:41:09,445 WARNING: Lỗi HTTP 429 - product id: 70608472, thử lại 1/3
2025-09-29 20:41:10,238 WARNING: Lỗi HTTP 429 - product id: 70743132, thử lại 1/3
2025-09-29 20:41:10,635 WARNING: Lỗi HTTP 429 - product id: 70853641, thử lại 1/3
2025-09-29 20:41:11,356 WARNING: Lỗi HTTP 404: Không tim thấy product id - product id: 71011303
2025-09-29 20:41:11,489 WARNING: Lỗi HTTP 429 - product id: 71063014, thử lại 1/3
2025-09-29 20:41:11,591 WARNING: Lỗi HTTP 429 - product id: 71073083, thử lại 1/3
2025-09-29 20:41:11,634 WARNING: Lỗi HTTP 429 - product id: 71076407, thử lại 1/3
2025-09-29 20:41:11,795 WARNING: Lỗi HTTP 429 - product id: 71088311, thử lại 1/3
2025-09-29 20:41:12,386 WARNING: Lỗi HTTP 429 - product id: 71175178, thử lại 1/3
2025-09-29 20:41:12,492 WARNING: Lỗi HTTP 429 - product id: 71206217, thử lại 1/3
2025-09-29 20:41:18,578 WARNING: Lỗi HTTP 429 - product id: 70878014, thử lại 1/3
2025-09-29 20:41:18,910 WARNING: Lỗi HTTP 404: Không tim thấy product id - product id: 70806893
2025-09-29 20:41:19,204 WARNING: Lỗi HTTP 404: Không tim thấy product id - product id: 70880515
2025-09-29 20:41:19,534 WARNING: Lỗi HTTP 429 - product id: 71078488, thử lại 1/3
2025-09-29 20:41:20,557 WARNING: Lỗi HTTP 404: Không tim thấy product id - product id: 71092007
2025-09-29 20:41:21,992 WARNING: Lỗi HTTP 429 - product id: 71897914, thử lại 1/3
2025-09-29 20:41:22,292 WARNING: Lỗi HTTP 429 - product id: 71919784, thử lại 1/3
2025-09-29 20:41:22,582 WARNING: Lỗi HTTP 429 - product id: 71936413, thử lại 1/3
2025-09-29 20:41:24,031 WARNING: Lỗi HTTP 429 - product id: 69951918, thử lại 1/3
2025-09-29 20:41:24,287 WARNING: Lỗi HTTP 429 - product id: 70117640, thử lại 1/3
2025-09-29 20:41:27,417 INFO: Đã commit batch 33 (1000 sản phẩm)
2025-09-29 20:41:27,442 INFO: Đã ghi 996 sản phẩm vào file /home/quannh/projects_de/Lab_01/output/products_batch_33_996_ids.csv
2025-09-29 20:41:27,480 INFO: Đã insert 996 sản phẩm từ file /home/quannh/projects_de/Lab_01/output/products_batch_33_996_ids.csv vào database PostgeSQL
2025-09-29 20:41:27,514 INFO: Đã update lại status của batch 34 về pending để tiến hành crawl lại batch
2025-09-29 20:41:27,523 INFO: Bắt đầu crawl batch 34 (1000 sản phẩm)
2025-09-29 20:41:29,853 WARNING: Lỗi HTTP 429 - product id: 72586407, thử lại 1/3
2025-09-29 20:41:29,949 WARNING: Lỗi HTTP 429 - product id: 72605135, thử lại 1/3
2025-09-29 20:41:30,057 WARNING: Lỗi HTTP 429 - product id: 72615899, thử lại 1/3
2025-09-29 20:41:32,750 WARNING: Lỗi HTTP 429 - product id: 72895955, thử lại 1/3
2025-09-29 20:41:32,812 WARNING: Lỗi HTTP 429 - product id: 72902870, thử lại 1/3
2025-09-29 20:41:32,857 WARNING: Lỗi HTTP 429 - product id: 72905444, thử lại 1/3
2025-09-29 20:41:32,919 WARNING: Lỗi HTTP 429 - product id: 72912939, thử lại 1/3
2025-09-29 20:41:33,051 WARNING: Lỗi HTTP 429 - product id: 72933261, thử lại 1/3
2025-09-29 20:41:33,111 WARNING: Lỗi HTTP 429 - product id: 72934009, thử lại 1/3
2025-09-29 20:41:33,115 WARNING: Lỗi HTTP 429 - product id: 72934007, thử lại 1/3
2025-09-29 20:41:33,156 WARNING: Lỗi HTTP 429 - product id: 72935955, thử lại 1/3
2025-09-29 20:41:33,257 WARNING: Lỗi HTTP 429 - product id: 72957474, thử lại 1/3
2025-09-29 20:41:33,417 WARNING: Lỗi HTTP 429 - product id: 72965353, thử lại 1/3
2025-09-29 20:41:33,421 WARNING: Lỗi HTTP 429 - product id: 72968239, thử lại 1/3
2025-09-29 20:41:33,423 WARNING: Lỗi HTTP 429 - product id: 72969820, thử lại 1/3
2025-09-29 20:41:33,500 WARNING: Lỗi HTTP 429 - product id: 73097294, thử lại 1/3
2025-09-29 20:41:33,501 WARNING: Lỗi HTTP 429 - product id: 73094846, thử lại 1/3
2025-09-29 20:41:33,504 WARNING: Lỗi HTTP 429 - product id: 73103349, thử lại 1/3
2025-09-29 20:41:33,506 WARNING: Lỗi HTTP 429 - product id: 73103640, thử lại 1/3
2025-09-29 20:41:33,608 WARNING: Lỗi HTTP 429 - product id: 72037130, thử lại 1/3
2025-09-29 20:41:33,955 WARNING: Lỗi HTTP 429 - product id: 72081262, thử lại 1/3
2025-09-29 20:41:34,207 WARNING: Lỗi HTTP 429 - product id: 72097262, thử lại 1/3
2025-09-29 20:41:34,604 WARNING: Lỗi HTTP 429 - product id: 72168876, thử lại 1/3
2025-09-29 20:41:34,605 WARNING: Lỗi HTTP 429 - product id: 72168651, thử lại 1/3
2025-09-29 20:41:35,213 WARNING: Lỗi HTTP 429 - product id: 72297270, thử lại 1/3
2025-09-29 20:41:35,397 WARNING: Lỗi HTTP 429 - product id: 72302490, thử lại 1/3
2025-09-29 20:41:35,410 WARNING: Lỗi HTTP 429 - product id: 72302628, thử lại 1/3
2025-09-29 20:41:36,256 WARNING: Lỗi HTTP 429 - product id: 72513877, thử lại 1/3
2025-09-29 20:41:36,257 WARNING: Lỗi HTTP 429 - product id: 72514064, thử lại 1/3
2025-09-29 20:41:36,397 WARNING: Lỗi HTTP 429 - product id: 72517157, thử lại 1/3
2025-09-29 20:41:37,805 WARNING: Lỗi HTTP 429 - product id: 72610032, thử lại 1/3
2025-09-29 20:41:37,810 WARNING: Lỗi HTTP 429 - product id: 72168651, thử lại 2/3
2025-09-29 20:41:39,358 WARNING: Lỗi HTTP 429 - product id: 72751217, thử lại 1/3
2025-09-29 20:41:39,960 WARNING: Lỗi HTTP 429 - product id: 72797349, thử lại 1/3
2025-09-29 20:41:40,057 WARNING: Lỗi HTTP 429 - product id: 72800001, thử lại 1/3
2025-09-29 20:41:40,061 WARNING: Lỗi HTTP 429 - product id: 72800153, thử lại 1/3
2025-09-29 20:41:40,446 WARNING: Lỗi HTTP 429 - product id: 72863240, thử lại 1/3
2025-09-29 20:41:40,449 WARNING: Lỗi HTTP 429 - product id: 72862900, thử lại 1/3
2025-09-29 20:41:40,504 WARNING: Lỗi HTTP 429 - product id: 72865863, thử lại 1/3
2025-09-29 20:41:40,507 WARNING: Lỗi HTTP 429 - product id: 72869916, thử lại 1/3
2025-09-29 20:41:40,702 WARNING: Lỗi HTTP 429 - product id: 72888967, thử lại 1/3
2025-09-29 20:41:40,809 WARNING: Lỗi HTTP 429 - product id: 72893827, thử lại 1/3
2025-09-29 20:41:41,059 WARNING: Lỗi HTTP 429 - product id: 72927150, thử lại 1/3
2025-09-29 20:41:41,553 WARNING: Lỗi HTTP 429 - product id: 73089414, thử lại 1/3
2025-09-29 20:41:41,553 WARNING: Lỗi HTTP 429 - product id: 73088881, thử lại 1/3
2025-09-29 20:41:41,876 WARNING: Lỗi HTTP 429 - product id: 72013057, thử lại 1/3
2025-09-29 20:41:42,110 WARNING: Lỗi HTTP 429 - product id: 72032779, thử lại 1/3
2025-09-29 20:41:42,111 WARNING: Lỗi HTTP 429 - product id: 72033020, thử lại 1/3
2025-09-29 20:41:42,507 WARNING: Lỗi HTTP 429 - product id: 72090808, thử lại 1/3
2025-09-29 20:41:42,704 WARNING: Lỗi HTTP 429 - product id: 72116061, thử lại 1/3
2025-09-29 20:41:43,052 WARNING: Lỗi HTTP 429 - product id: 72015230, thử lại 1/3
2025-09-29 20:41:43,150 WARNING: Lỗi HTTP 429 - product id: 72018178, thử lại 1/3
2025-09-29 20:41:43,156 WARNING: Lỗi HTTP 429 - product id: 72019660, thử lại 1/3
2025-09-29 20:41:43,157 WARNING: Lỗi HTTP 429 - product id: 72018802, thử lại 1/3
2025-09-29 20:41:43,316 WARNING: Lỗi HTTP 429 - product id: 72028690, thử lại 1/3
2025-09-29 20:41:46,426 INFO: Đã commit batch 34 (1000 sản phẩm)
2025-09-29 20:41:46,453 INFO: Đã ghi 1000 sản phẩm vào file /home/quannh/projects_de/Lab_01/output/products_batch_34_1000_ids.csv
2025-09-29 20:41:46,494 INFO: Đã insert 1000 sản phẩm từ file /home/quannh/projects_de/Lab_01/output/products_batch_34_1000_ids.csv vào database PostgeSQL
2025-09-29 20:41:46,527 INFO: Đã update lại status của batch 35 về pending để tiến hành crawl lại batch
2025-09-29 20:41:46,537 INFO: Bắt đầu crawl batch 35 (1000 sản phẩm)
2025-09-29 20:41:47,444 WARNING: Lỗi HTTP 429 - product id: 73370704, thử lại 1/3
2025-09-29 20:41:51,852 WARNING: Lỗi HTTP 429 - product id: 73808612, thử lại 1/3
2025-09-29 20:41:51,899 WARNING: Lỗi HTTP 429 - product id: 73810449, thử lại 1/3
2025-09-29 20:41:52,104 WARNING: Lỗi HTTP 429 - product id: 73826584, thử lại 1/3
2025-09-29 20:41:54,253 WARNING: Lỗi HTTP 429 - product id: 73239461, thử lại 1/3
2025-09-29 20:41:57,692 WARNING: Lỗi HTTP 429 - product id: 73584475, thử lại 1/3
2025-09-29 20:41:57,811 WARNING: Lỗi HTTP 404: Không tim thấy product id - product id: 73544502
2025-09-29 20:41:57,943 WARNING: Lỗi HTTP 429 - product id: 73601726, thử lại 1/3
2025-09-29 20:41:59,298 WARNING: Lỗi HTTP 429 - product id: 73744436, thử lại 1/3
2025-09-29 20:41:59,398 WARNING: Lỗi HTTP 429 - product id: 73755478, thử lại 1/3
2025-09-29 20:41:59,491 WARNING: Lỗi HTTP 429 - product id: 73759906, thử lại 1/3
2025-09-29 20:41:59,497 WARNING: Lỗi HTTP 429 - product id: 73764231, thử lại 1/3
2025-09-29 20:41:59,702 WARNING: Lỗi HTTP 429 - product id: 73786805, thử lại 1/3
2025-09-29 20:41:59,750 WARNING: Lỗi HTTP 429 - product id: 73788941, thử lại 1/3
2025-09-29 20:41:59,753 WARNING: Lỗi HTTP 429 - product id: 73791186, thử lại 1/3
2025-09-29 20:41:59,793 WARNING: Lỗi HTTP 429 - product id: 73797070, thử lại 1/3
2025-09-29 20:41:59,838 WARNING: Lỗi HTTP 429 - product id: 73807031, thử lại 1/3
2025-09-29 20:41:59,840 WARNING: Lỗi HTTP 429 - product id: 73808866, thử lại 1/3
2025-09-29 20:42:00,573 WARNING: Lỗi HTTP 429 - product id: 73833028, thử lại 1/3
2025-09-29 20:42:01,053 WARNING: Lỗi HTTP 429 - product id: 73109427, thử lại 1/3
2025-09-29 20:42:01,501 WARNING: Lỗi HTTP 429 - product id: 73167671, thử lại 1/3
2025-09-29 20:42:01,507 WARNING: Lỗi HTTP 429 - product id: 73171944, thử lại 1/3
2025-09-29 20:42:01,593 WARNING: Lỗi HTTP 429 - product id: 73178194, thử lại 1/3
2025-09-29 20:42:01,635 WARNING: Lỗi HTTP 429 - product id: 73180267, thử lại 1/3
2025-09-29 20:42:04,734 INFO: Đã commit batch 35 (1000 sản phẩm)
2025-09-29 20:42:04,767 INFO: Đã ghi 999 sản phẩm vào file /home/quannh/projects_de/Lab_01/output/products_batch_35_999_ids.csv
2025-09-29 20:42:04,817 INFO: Đã insert 999 sản phẩm từ file /home/quannh/projects_de/Lab_01/output/products_batch_35_999_ids.csv vào database PostgeSQL
2025-09-29 20:42:04,856 INFO: Đã update lại status của batch 36 về pending để tiến hành crawl lại batch
2025-09-29 20:42:04,869 INFO: Bắt đầu crawl batch 36 (1000 sản phẩm)
2025-09-29 20:42:05,839 WARNING: Lỗi HTTP 404: Không tim thấy product id - product id: 74421745
2025-09-29 20:42:07,093 WARNING: Lỗi HTTP 404: Không tim thấy product id - product id: 74532664
2025-09-29 20:42:07,213 WARNING: Lỗi HTTP 429 - product id: 74596110, thử lại 1/3
2025-09-29 20:42:07,332 WARNING: Lỗi HTTP 429 - product id: 74599163, thử lại 1/3
2025-09-29 20:42:07,378 WARNING: Lỗi HTTP 429 - product id: 74608807, thử lại 1/3
2025-09-29 20:42:07,470 WARNING: Lỗi HTTP 429 - product id: 74621780, thử lại 1/3
2025-09-29 20:42:10,258 WARNING: Lỗi HTTP 404: Không tim thấy product id - product id: 74443873
2025-09-29 20:42:12,095 WARNING: Lỗi HTTP 404: Không tim thấy product id - product id: 74571640
2025-09-29 20:42:13,185 WARNING: Lỗi HTTP 429 - product id: 73922993, thử lại 1/3
2025-09-29 20:42:13,584 WARNING: Lỗi HTTP 429 - product id: 73910753, thử lại 1/3
2025-09-29 20:42:13,673 WARNING: Lỗi HTTP 429 - product id: 73914875, thử lại 1/3
2025-09-29 20:42:14,224 WARNING: Lỗi HTTP 429 - product id: 74011742, thử lại 1/3
2025-09-29 20:42:14,327 WARNING: Lỗi HTTP 429 - product id: 74027143, thử lại 1/3
2025-09-29 20:42:18,766 WARNING: Lỗi HTTP 429 - product id: 74372289, thử lại 1/3
2025-09-29 20:42:18,781 WARNING: Lỗi HTTP 429 - product id: 74384656, thử lại 1/3
2025-09-29 20:42:18,978 WARNING: Lỗi HTTP 429 - product id: 74390037, thử lại 1/3
2025-09-29 20:42:19,215 WARNING: Lỗi HTTP 429 - product id: 74439635, thử lại 1/3
2025-09-29 20:42:19,222 WARNING: Lỗi HTTP 429 - product id: 74440338, thử lại 1/3
2025-09-29 20:42:19,275 WARNING: Lỗi HTTP 429 - product id: 74758162, thử lại 1/3
2025-09-29 20:42:19,329 WARNING: Lỗi HTTP 429 - product id: 74768116, thử lại 1/3
2025-09-29 20:42:19,455 WARNING: Lỗi HTTP 429 - product id: 74793329, thử lại 1/3
2025-09-29 20:42:19,569 WARNING: Lỗi HTTP 429 - product id: 74826140, thử lại 1/3
2025-09-29 20:42:19,609 WARNING: Lỗi HTTP 429 - product id: 74829189, thử lại 1/3
2025-09-29 20:42:22,765 INFO: Đã commit batch 36 (1000 sản phẩm)
2025-09-29 20:42:22,795 INFO: Đã ghi 996 sản phẩm vào file /home/quannh/projects_de/Lab_01/output/products_batch_36_996_ids.csv
2025-09-29 20:42:22,843 INFO: Đã insert 996 sản phẩm từ file /home/quannh/projects_de/Lab_01/output/products_batch_36_996_ids.csv vào database PostgeSQL
2025-09-29 20:42:22,877 INFO: Đã update lại status của batch 37 về pending để tiến hành crawl lại batch
2025-09-29 20:42:22,888 INFO: Bắt đầu crawl batch 37 (1000 sản phẩm)
2025-09-29 20:42:26,308 WARNING: Lỗi HTTP 429 - product id: 75629411, thử lại 1/3
2025-09-29 20:42:26,357 WARNING: Lỗi HTTP 429 - product id: 75630887, thử lại 1/3
2025-09-29 20:42:26,391 WARNING: Lỗi HTTP 429 - product id: 75632150, thử lại 1/3
2025-09-29 20:42:27,143 WARNING: Lỗi HTTP 429 - product id: 75718200, thử lại 1/3
2025-09-29 20:42:27,252 WARNING: Lỗi HTTP 429 - product id: 75727160, thử lại 1/3
2025-09-29 20:42:27,344 WARNING: Lỗi HTTP 429 - product id: 75755007, thử lại 1/3
2025-09-29 20:42:27,452 WARNING: Lỗi HTTP 429 - product id: 75765293, thử lại 1/3
2025-09-29 20:42:27,455 WARNING: Lỗi HTTP 429 - product id: 75765247, thử lại 1/3
2025-09-29 20:42:28,396 WARNING: Lỗi HTTP 429 - product id: 75981416, thử lại 1/3
2025-09-29 20:42:28,640 WARNING: Lỗi HTTP 429 - product id: 75987759, thử lại 1/3
2025-09-29 20:42:28,744 WARNING: Lỗi HTTP 429 - product id: 75994889, thử lại 1/3
2025-09-29 20:42:29,401 WARNING: Lỗi HTTP 429 - product id: 76067625, thử lại 1/3
2025-09-29 20:42:32,952 WARNING: Lỗi HTTP 429 - product id: 75511067, thử lại 1/3
2025-09-29 20:42:32,989 WARNING: Lỗi HTTP 429 - product id: 75511511, thử lại 1/3
2025-09-29 20:42:33,019 WARNING: Lỗi HTTP 429 - product id: 75512410, thử lại 1/3
2025-09-29 20:42:33,037 WARNING: Lỗi HTTP 429 - product id: 75513358, thử lại 1/3
2025-09-29 20:42:33,090 WARNING: Lỗi HTTP 429 - product id: 75540682, thử lại 1/3
2025-09-29 20:42:33,193 WARNING: Lỗi HTTP 429 - product id: 75554002, thử lại 1/3
2025-09-29 20:42:33,243 WARNING: Lỗi HTTP 429 - product id: 75558325, thử lại 1/3
2025-09-29 20:42:33,345 WARNING: Lỗi HTTP 429 - product id: 75583197, thử lại 1/3
2025-09-29 20:42:33,529 WARNING: Lỗi HTTP 429 - product id: 75615311, thử lại 1/3
2025-09-29 20:42:33,536 WARNING: Lỗi HTTP 429 - product id: 75616003, thử lại 1/3
2025-09-29 20:42:33,652 WARNING: Lỗi HTTP 429 - product id: 75629537, thử lại 1/3
2025-09-29 20:42:33,941 WARNING: Lỗi HTTP 429 - product id: 75640322, thử lại 1/3
2025-09-29 20:42:35,701 WARNING: Lỗi HTTP 404: Không tim thấy product id - product id: 75769663
2025-09-29 20:42:35,894 WARNING: Lỗi HTTP 429 - product id: 75987683, thử lại 1/3
2025-09-29 20:42:35,935 WARNING: Lỗi HTTP 429 - product id: 75987717, thử lại 1/3
2025-09-29 20:42:36,083 WARNING: Lỗi HTTP 429 - product id: 75990888, thử lại 1/3
2025-09-29 20:42:36,246 WARNING: Lỗi HTTP 429 - product id: 76012211, thử lại 1/3
2025-09-29 20:42:36,536 WARNING: Lỗi HTTP 429 - product id: 76021927, thử lại 1/3
2025-09-29 20:42:36,609 WARNING: Lỗi HTTP 429 - product id: 75583197, thử lại 2/3
2025-09-29 20:42:36,611 WARNING: Lỗi HTTP 429 - product id: 76042096, thử lại 1/3
2025-09-29 20:42:36,612 WARNING: Lỗi HTTP 429 - product id: 76035270, thử lại 1/3
2025-09-29 20:42:36,669 WARNING: Lỗi HTTP 429 - product id: 76047427, thử lại 1/3
2025-09-29 20:42:36,670 WARNING: Lỗi HTTP 429 - product id: 76047732, thử lại 1/3
2025-09-29 20:42:36,676 WARNING: Lỗi HTTP 429 - product id: 76053462, thử lại 1/3
2025-09-29 20:42:36,678 WARNING: Lỗi HTTP 429 - product id: 75616003, thử lại 2/3
2025-09-29 20:42:38,137 WARNING: Lỗi HTTP 429 - product id: 74921795, thử lại 1/3
2025-09-29 20:42:38,230 WARNING: Lỗi HTTP 429 - product id: 74953453, thử lại 1/3
2025-09-29 20:42:42,797 INFO: Đã commit batch 37 (1000 sản phẩm)
2025-09-29 20:42:42,825 INFO: Đã ghi 999 sản phẩm vào file /home/quannh/projects_de/Lab_01/output/products_batch_37_999_ids.csv
2025-09-29 20:42:42,866 INFO: Đã insert 999 sản phẩm từ file /home/quannh/projects_de/Lab_01/output/products_batch_37_999_ids.csv vào database PostgeSQL
2025-09-29 20:42:42,899 INFO: Đã update lại status của batch 38 về pending để tiến hành crawl lại batch
2025-09-29 20:42:42,909 INFO: Bắt đầu crawl batch 38 (1000 sản phẩm)
2025-09-29 20:42:48,226 WARNING: Lỗi HTTP 429 - product id: 77138148, thử lại 1/3
2025-09-29 20:42:48,243 WARNING: Lỗi HTTP 429 - product id: 77138334, thử lại 1/3
2025-09-29 20:42:48,286 WARNING: Lỗi HTTP 429 - product id: 77150050, thử lại 1/3
2025-09-29 20:42:48,435 WARNING: Lỗi HTTP 429 - product id: 77155455, thử lại 1/3
2025-09-29 20:42:48,532 WARNING: Lỗi HTTP 429 - product id: 77156459, thử lại 1/3
2025-09-29 20:42:48,547 WARNING: Lỗi HTTP 429 - product id: 77156463, thử lại 1/3
2025-09-29 20:42:48,639 WARNING: Lỗi HTTP 429 - product id: 77178523, thử lại 1/3
2025-09-29 20:42:49,587 WARNING: Lỗi HTTP 429 - product id: 77451366, thử lại 1/3
2025-09-29 20:42:50,489 WARNING: Lỗi HTTP 429 - product id: 76317560, thử lại 1/3
2025-09-29 20:42:50,854 WARNING: Lỗi HTTP 429 - product id: 76393462, thử lại 1/3
2025-09-29 20:42:50,887 WARNING: Lỗi HTTP 429 - product id: 76395712, thử lại 1/3
2025-09-29 20:42:50,939 WARNING: Lỗi HTTP 429 - product id: 76399707, thử lại 1/3
2025-09-29 20:42:50,942 WARNING: Lỗi HTTP 429 - product id: 76401952, thử lại 1/3
2025-09-29 20:42:51,208 WARNING: Lỗi HTTP 404: Không tim thấy product id - product id: 76359080
2025-09-29 20:42:51,290 WARNING: Lỗi HTTP 429 - product id: 76447915, thử lại 1/3
2025-09-29 20:42:51,393 WARNING: Lỗi HTTP 429 - product id: 76454477, thử lại 1/3
2025-09-29 20:42:51,464 WARNING: Lỗi HTTP 429 - product id: 76464707, thử lại 1/3
2025-09-29 20:42:51,537 WARNING: Lỗi HTTP 429 - product id: 76468952, thử lại 1/3
2025-09-29 20:42:51,589 WARNING: Lỗi HTTP 429 - product id: 76473822, thử lại 1/3
2025-09-29 20:42:51,694 WARNING: Lỗi HTTP 429 - product id: 76474506, thử lại 1/3
2025-09-29 20:42:52,281 WARNING: Lỗi HTTP 429 - product id: 76528055, thử lại 1/3
2025-09-29 20:42:52,580 WARNING: Lỗi HTTP 429 - product id: 76552251, thử lại 1/3
2025-09-29 20:42:52,790 WARNING: Lỗi HTTP 429 - product id: 76596332, thử lại 1/3
2025-09-29 20:42:52,791 WARNING: Lỗi HTTP 429 - product id: 76582554, thử lại 1/3
2025-09-29 20:42:53,094 WARNING: Lỗi HTTP 429 - product id: 76682497, thử lại 1/3
2025-09-29 20:42:53,143 WARNING: Lỗi HTTP 429 - product id: 76682926, thử lại 1/3
2025-09-29 20:42:53,192 WARNING: Lỗi HTTP 429 - product id: 76693585, thử lại 1/3
2025-09-29 20:42:53,582 WARNING: Lỗi HTTP 429 - product id: 76739430, thử lại 1/3
2025-09-29 20:42:53,989 WARNING: Lỗi HTTP 429 - product id: 76795853, thử lại 1/3
2025-09-29 20:42:53,989 WARNING: Lỗi HTTP 429 - product id: 76796337, thử lại 1/3
2025-09-29 20:42:54,836 WARNING: Lỗi HTTP 429 - product id: 77090903, thử lại 1/3
2025-09-29 20:42:56,993 WARNING: Lỗi HTTP 429 - product id: 77495822, thử lại 1/3
2025-09-29 20:42:57,986 WARNING: Lỗi HTTP 429 - product id: 76159913, thử lại 1/3
2025-09-29 20:42:58,056 WARNING: Lỗi HTTP 429 - product id: 76161203, thử lại 1/3
2025-09-29 20:42:58,185 WARNING: Lỗi HTTP 429 - product id: 76166840, thử lại 1/3
2025-09-29 20:42:58,283 WARNING: Lỗi HTTP 429 - product id: 76182316, thử lại 1/3
2025-09-29 20:42:58,284 WARNING: Lỗi HTTP 429 - product id: 76184736, thử lại 1/3
2025-09-29 20:42:58,350 WARNING: Lỗi HTTP 429 - product id: 76194931, thử lại 1/3
2025-09-29 20:42:58,371 WARNING: Lỗi HTTP 429 - product id: 76203864, thử lại 1/3
2025-09-29 20:42:58,386 WARNING: Lỗi HTTP 429 - product id: 76203918, thử lại 1/3
2025-09-29 20:42:58,438 WARNING: Lỗi HTTP 429 - product id: 76206708, thử lại 1/3
2025-09-29 20:42:58,585 WARNING: Lỗi HTTP 429 - product id: 76225801, thử lại 1/3
2025-09-29 20:42:58,678 WARNING: Lỗi HTTP 429 - product id: 76255570, thử lại 1/3
2025-09-29 20:42:58,778 WARNING: Lỗi HTTP 429 - product id: 76262686, thử lại 1/3
2025-09-29 20:43:01,876 INFO: Đã commit batch 38 (1000 sản phẩm)
2025-09-29 20:43:01,912 INFO: Đã ghi 999 sản phẩm vào file /home/quannh/projects_de/Lab_01/output/products_batch_38_999_ids.csv
2025-09-29 20:43:01,970 INFO: Đã insert 999 sản phẩm từ file /home/quannh/projects_de/Lab_01/output/products_batch_38_999_ids.csv vào database PostgeSQL
2025-09-29 20:43:02,010 INFO: Đã update lại status của batch 39 về pending để tiến hành crawl lại batch
2025-09-29 20:43:02,020 INFO: Bắt đầu crawl batch 39 (1000 sản phẩm)
2025-09-29 20:43:03,125 WARNING: Lỗi HTTP 429 - product id: 77850029, thử lại 1/3
2025-09-29 20:43:03,205 WARNING: Lỗi HTTP 429 - product id: 77874242, thử lại 1/3
2025-09-29 20:43:03,281 WARNING: Lỗi HTTP 429 - product id: 77895434, thử lại 1/3
2025-09-29 20:43:03,684 WARNING: Lỗi HTTP 429 - product id: 77969095, thử lại 1/3
2025-09-29 20:43:03,754 WARNING: Lỗi HTTP 404: Không tim thấy product id - product id: 77879001
2025-09-29 20:43:06,531 WARNING: Lỗi HTTP 429 - product id: 78968415, thử lại 1/3
2025-09-29 20:43:06,633 WARNING: Lỗi HTTP 429 - product id: 78975789, thử lại 1/3
2025-09-29 20:43:06,724 WARNING: Lỗi HTTP 429 - product id: 78986861, thử lại 1/3
2025-09-29 20:43:06,786 WARNING: Lỗi HTTP 429 - product id: 79112070, thử lại 1/3
2025-09-29 20:43:07,226 WARNING: Lỗi HTTP 429 - product id: 79325398, thử lại 1/3
2025-09-29 20:43:07,276 WARNING: Lỗi HTTP 429 - product id: 79333884, thử lại 1/3
2025-09-29 20:43:07,330 WARNING: Lỗi HTTP 429 - product id: 79356680, thử lại 1/3
2025-09-29 20:43:07,374 WARNING: Lỗi HTTP 429 - product id: 79409100, thử lại 1/3
2025-09-29 20:43:10,546 WARNING: Lỗi HTTP 404: Không tim thấy product id - product id: 77718785
2025-09-29 20:43:13,047 WARNING: Lỗi HTTP 429 - product id: 78553109, thử lại 1/3
2025-09-29 20:43:13,059 WARNING: Lỗi HTTP 429 - product id: 78555612, thử lại 1/3
2025-09-29 20:43:13,196 WARNING: Lỗi HTTP 429 - product id: 78629310, thử lại 1/3
2025-09-29 20:43:13,227 WARNING: Lỗi HTTP 429 - product id: 78633971, thử lại 1/3
2025-09-29 20:43:13,367 WARNING: Lỗi HTTP 429 - product id: 78892999, thử lại 1/3
2025-09-29 20:43:13,381 WARNING: Lỗi HTTP 429 - product id: 78895896, thử lại 1/3
2025-09-29 20:43:13,469 WARNING: Lỗi HTTP 429 - product id: 78919954, thử lại 1/3
2025-09-29 20:43:13,532 WARNING: Lỗi HTTP 429 - product id: 78940858, thử lại 1/3
2025-09-29 20:43:13,681 WARNING: Lỗi HTTP 429 - product id: 78956549, thử lại 1/3
2025-09-29 20:43:13,977 WARNING: Lỗi HTTP 429 - product id: 78967798, thử lại 1/3
2025-09-29 20:43:14,026 WARNING: Lỗi HTTP 429 - product id: 78968648, thử lại 1/3
2025-09-29 20:43:14,134 WARNING: Lỗi HTTP 429 - product id: 78969930, thử lại 1/3
2025-09-29 20:43:14,181 WARNING: Lỗi HTTP 429 - product id: 78993854, thử lại 1/3
2025-09-29 20:43:14,276 WARNING: Lỗi HTTP 429 - product id: 79118494, thử lại 1/3
2025-09-29 20:43:14,535 WARNING: Lỗi HTTP 429 - product id: 79238069, thử lại 1/3
2025-09-29 20:43:14,671 WARNING: Lỗi HTTP 429 - product id: 79269497, thử lại 1/3
2025-09-29 20:43:14,726 WARNING: Lỗi HTTP 429 - product id: 79315614, thử lại 1/3
2025-09-29 20:43:14,784 WARNING: Lỗi HTTP 429 - product id: 79351329, thử lại 1/3
2025-09-29 20:43:15,074 WARNING: Lỗi HTTP 429 - product id: 79411724, thử lại 1/3
2025-09-29 20:43:15,079 WARNING: Lỗi HTTP 429 - product id: 79435790, thử lại 1/3
2025-09-29 20:43:15,584 WARNING: Lỗi HTTP 429 - product id: 79603872, thử lại 1/3
2025-09-29 20:43:15,629 WARNING: Lỗi HTTP 429 - product id: 79632855, thử lại 1/3
2025-09-29 20:43:16,477 WARNING: Lỗi HTTP 429 - product id: 77545414, thử lại 1/3
2025-09-29 20:43:16,520 WARNING: Lỗi HTTP 429 - product id: 77546328, thử lại 1/3
2025-09-29 20:43:16,530 WARNING: Lỗi HTTP 429 - product id: 78919954, thử lại 2/3
2025-09-29 20:43:16,531 WARNING: Lỗi HTTP 429 - product id: 77546400, thử lại 1/3
2025-09-29 20:43:16,731 WARNING: Lỗi HTTP 429 - product id: 77574395, thử lại 1/3
2025-09-29 20:43:16,825 WARNING: Lỗi HTTP 429 - product id: 77580480, thử lại 1/3
2025-09-29 20:43:16,926 WARNING: Lỗi HTTP 429 - product id: 77596601, thử lại 1/3
2025-09-29 20:43:17,077 WARNING: Lỗi HTTP 429 - product id: 77602500, thử lại 1/3
2025-09-29 20:43:17,205 WARNING: Lỗi HTTP 429 - product id: 78969930, thử lại 2/3
2025-09-29 20:43:17,222 WARNING: Lỗi HTTP 429 - product id: 77605895, thử lại 1/3
2025-09-29 20:43:17,281 WARNING: Lỗi HTTP 429 - product id: 77625410, thử lại 1/3
2025-09-29 20:43:17,423 WARNING: Lỗi HTTP 429 - product id: 77544083, thử lại 1/3
2025-09-29 20:43:17,776 WARNING: Lỗi HTTP 429 - product id: 77578783, thử lại 1/3
2025-09-29 20:43:17,831 WARNING: Lỗi HTTP 429 - product id: 77579673, thử lại 1/3
2025-09-29 20:43:23,304 INFO: Đã commit batch 39 (1000 sản phẩm)
2025-09-29 20:43:23,332 INFO: Đã ghi 998 sản phẩm vào file /home/quannh/projects_de/Lab_01/output/products_batch_39_998_ids.csv
2025-09-29 20:43:23,378 INFO: Đã insert 998 sản phẩm từ file /home/quannh/projects_de/Lab_01/output/products_batch_39_998_ids.csv vào database PostgeSQL
2025-09-29 20:43:23,410 INFO: Đã update lại status của batch 40 về pending để tiến hành crawl lại batch
2025-09-29 20:43:23,420 INFO: Bắt đầu crawl batch 40 (1000 sản phẩm)
2025-09-29 20:43:23,937 WARNING: Lỗi HTTP 429 - product id: 80650884, thử lại 1/3
2025-09-29 20:43:23,971 WARNING: Lỗi HTTP 429 - product id: 80653462, thử lại 1/3
2025-09-29 20:43:23,985 WARNING: Lỗi HTTP 429 - product id: 80653658, thử lại 1/3
2025-09-29 20:43:24,343 WARNING: Lỗi HTTP 404: Không tim thấy product id - product id: 80665479
2025-09-29 20:43:25,379 WARNING: Lỗi HTTP 429 - product id: 81074727, thử lại 1/3
2025-09-29 20:43:25,474 WARNING: Lỗi HTTP 429 - product id: 81075969, thử lại 1/3
2025-09-29 20:43:25,476 WARNING: Lỗi HTTP 429 - product id: 81076154, thử lại 1/3
2025-09-29 20:43:25,541 WARNING: Lỗi HTTP 429 - product id: 81091832, thử lại 1/3
2025-09-29 20:43:25,574 WARNING: Lỗi HTTP 429 - product id: 81091989, thử lại 1/3
2025-09-29 20:43:25,577 WARNING: Lỗi HTTP 429 - product id: 81092230, thử lại 1/3
2025-09-29 20:43:25,636 WARNING: Lỗi HTTP 429 - product id: 81093993, thử lại 1/3
2025-09-29 20:43:25,979 WARNING: Lỗi HTTP 429 - product id: 81222557, thử lại 1/3
2025-09-29 20:43:26,026 WARNING: Lỗi HTTP 429 - product id: 81222619, thử lại 1/3
2025-09-29 20:43:26,037 WARNING: Lỗi HTTP 429 - product id: 81222906, thử lại 1/3
2025-09-29 20:43:26,079 WARNING: Lỗi HTTP 429 - product id: 81223030, thử lại 1/3
2025-09-29 20:43:26,089 WARNING: Lỗi HTTP 429 - product id: 81223117, thử lại 1/3
2025-09-29 20:43:26,101 WARNING: Lỗi HTTP 429 - product id: 81223214, thử lại 1/3
2025-09-29 20:43:26,128 WARNING: Lỗi HTTP 429 - product id: 81223301, thử lại 1/3
2025-09-29 20:43:26,232 WARNING: Lỗi HTTP 429 - product id: 81223553, thử lại 1/3
2025-09-29 20:43:28,828 WARNING: Lỗi HTTP 429 - product id: 81937385, thử lại 1/3
2025-09-29 20:43:28,883 WARNING: Lỗi HTTP 429 - product id: 81938100, thử lại 1/3
2025-09-29 20:43:28,889 WARNING: Lỗi HTTP 429 - product id: 81985395, thử lại 1/3
2025-09-29 20:43:29,031 WARNING: Lỗi HTTP 429 - product id: 82040933, thử lại 1/3
2025-09-29 20:43:29,032 WARNING: Lỗi HTTP 429 - product id: 82028355, thử lại 1/3
2025-09-29 20:43:29,094 WARNING: Lỗi HTTP 429 - product id: 82074130, thử lại 1/3
2025-09-29 20:43:29,127 WARNING: Lỗi HTTP 429 - product id: 82074139, thử lại 1/3
2025-09-29 20:43:29,128 WARNING: Lỗi HTTP 429 - product id: 82074145, thử lại 1/3
2025-09-29 20:43:29,236 WARNING: Lỗi HTTP 429 - product id: 81223117, thử lại 2/3
2025-09-29 20:43:31,488 WARNING: Lỗi HTTP 429 - product id: 80379188, thử lại 1/3
2025-09-29 20:43:32,060 WARNING: Lỗi HTTP 404: Không tim thấy product id - product id: 80021389
2025-09-29 20:43:33,482 WARNING: Lỗi HTTP 429 - product id: 80935758, thử lại 1/3
2025-09-29 20:43:33,577 WARNING: Lỗi HTTP 429 - product id: 80947152, thử lại 1/3
2025-09-29 20:43:33,586 WARNING: Lỗi HTTP 429 - product id: 80952500, thử lại 1/3
2025-09-29 20:43:33,633 WARNING: Lỗi HTTP 429 - product id: 80964781, thử lại 1/3
2025-09-29 20:43:33,681 WARNING: Lỗi HTTP 429 - product id: 80974225, thử lại 1/3
2025-09-29 20:43:34,385 WARNING: Lỗi HTTP 429 - product id: 81132366, thử lại 1/3
2025-09-29 20:43:35,133 WARNING: Lỗi HTTP 429 - product id: 81223105, thử lại 1/3
2025-09-29 20:43:35,227 WARNING: Lỗi HTTP 429 - product id: 81223343, thử lại 1/3
2025-09-29 20:43:35,232 WARNING: Lỗi HTTP 429 - product id: 81223625, thử lại 1/3
2025-09-29 20:43:36,176 WARNING: Lỗi HTTP 429 - product id: 81590825, thử lại 1/3
2025-09-29 20:43:36,278 WARNING: Lỗi HTTP 429 - product id: 81644380, thử lại 1/3
2025-09-29 20:43:36,280 WARNING: Lỗi HTTP 429 - product id: 81640139, thử lại 1/3
2025-09-29 20:43:36,373 WARNING: Lỗi HTTP 429 - product id: 81695794, thử lại 1/3
2025-09-29 20:43:36,435 WARNING: Lỗi HTTP 429 - product id: 81714075, thử lại 1/3
2025-09-29 20:43:36,477 WARNING: Lỗi HTTP 429 - product id: 81714406, thử lại 1/3
2025-09-29 20:43:36,906 WARNING: Lỗi HTTP 429 - product id: 81824694, thử lại 1/3
2025-09-29 20:43:40,383 INFO: Đã commit batch 40 (1000 sản phẩm)
2025-09-29 20:43:40,406 INFO: Đã ghi 998 sản phẩm vào file /home/quannh/projects_de/Lab_01/output/products_batch_40_998_ids.csv
2025-09-29 20:43:40,437 INFO: Đã insert 998 sản phẩm từ file /home/quannh/projects_de/Lab_01/output/products_batch_40_998_ids.csv vào database PostgeSQL
2025-09-29 20:43:40,469 INFO: Đã update lại status của batch 41 về pending để tiến hành crawl lại batch
2025-09-29 20:43:40,480 INFO: Bắt đầu crawl batch 41 (1000 sản phẩm)
2025-09-29 20:43:40,940 WARNING: Lỗi HTTP 429 - product id: 82503068, thử lại 1/3
2025-09-29 20:43:40,985 WARNING: Lỗi HTTP 429 - product id: 82503127, thử lại 1/3
2025-09-29 20:43:41,096 WARNING: Lỗi HTTP 429 - product id: 82503499, thử lại 1/3
2025-09-29 20:43:41,137 WARNING: Lỗi HTTP 429 - product id: 82503543, thử lại 1/3
2025-09-29 20:43:41,246 WARNING: Lỗi HTTP 429 - product id: 82503597, thử lại 1/3
2025-09-29 20:43:42,189 WARNING: Lỗi HTTP 429 - product id: 82742522, thử lại 1/3
2025-09-29 20:43:42,540 WARNING: Lỗi HTTP 429 - product id: 82880367, thử lại 1/3
2025-09-29 20:43:42,542 WARNING: Lỗi HTTP 429 - product id: 82880654, thử lại 1/3
2025-09-29 20:43:42,592 WARNING: Lỗi HTTP 429 - product id: 82895216, thử lại 1/3
2025-09-29 20:43:42,608 WARNING: Lỗi HTTP 429 - product id: 82895716, thử lại 1/3
2025-09-29 20:43:42,848 WARNING: Lỗi HTTP 429 - product id: 82908718, thử lại 1/3
2025-09-29 20:43:43,193 WARNING: Lỗi HTTP 429 - product id: 82909644, thử lại 1/3
2025-09-29 20:43:43,834 WARNING: Lỗi HTTP 429 - product id: 82911150, thử lại 1/3
2025-09-29 20:43:43,982 WARNING: Lỗi HTTP 429 - product id: 82911545, thử lại 1/3
2025-09-29 20:43:44,533 WARNING: Lỗi HTTP 429 - product id: 82921009, thử lại 1/3
2025-09-29 20:43:44,935 WARNING: Lỗi HTTP 429 - product id: 82999252, thử lại 1/3
2025-09-29 20:43:44,994 WARNING: Lỗi HTTP 429 - product id: 83022521, thử lại 1/3
2025-09-29 20:43:45,039 WARNING: Lỗi HTTP 429 - product id: 83034289, thử lại 1/3
2025-09-29 20:43:45,091 WARNING: Lỗi HTTP 429 - product id: 83154935, thử lại 1/3
2025-09-29 20:43:45,138 WARNING: Lỗi HTTP 429 - product id: 83156813, thử lại 1/3
2025-09-29 20:43:45,139 WARNING: Lỗi HTTP 429 - product id: 83157083, thử lại 1/3
2025-09-29 20:43:45,189 WARNING: Lỗi HTTP 429 - product id: 83157630, thử lại 1/3
2025-09-29 20:43:46,436 WARNING: Lỗi HTTP 429 - product id: 83518046, thử lại 1/3
2025-09-29 20:43:46,439 WARNING: Lỗi HTTP 429 - product id: 83518087, thử lại 1/3
2025-09-29 20:43:46,692 WARNING: Lỗi HTTP 429 - product id: 83531404, thử lại 1/3
2025-09-29 20:43:46,694 WARNING: Lỗi HTTP 429 - product id: 83568084, thử lại 1/3
2025-09-29 20:43:46,731 WARNING: Lỗi HTTP 429 - product id: 83578348, thử lại 1/3
2025-09-29 20:43:46,734 WARNING: Lỗi HTTP 429 - product id: 83578736, thử lại 1/3
2025-09-29 20:43:46,779 WARNING: Lỗi HTTP 429 - product id: 83605448, thử lại 1/3
2025-09-29 20:43:46,785 WARNING: Lỗi HTTP 429 - product id: 83605701, thử lại 1/3
2025-09-29 20:43:46,795 WARNING: Lỗi HTTP 429 - product id: 83606223, thử lại 1/3
2025-09-29 20:43:48,352 WARNING: Lỗi HTTP 404: Không tim thấy product id - product id: 82921009
2025-09-29 20:43:49,629 WARNING: Lỗi HTTP 429 - product id: 83518046, thử lại 2/3
2025-09-29 20:43:49,788 WARNING: Lỗi HTTP 429 - product id: 82701031, thử lại 1/3
2025-09-29 20:43:50,890 WARNING: Lỗi HTTP 429 - product id: 82900828, thử lại 1/3
2025-09-29 20:43:52,291 WARNING: Lỗi HTTP 429 - product id: 82911073, thử lại 1/3
2025-09-29 20:43:52,433 WARNING: Lỗi HTTP 429 - product id: 82911596, thử lại 1/3
2025-09-29 20:43:52,484 WARNING: Lỗi HTTP 429 - product id: 82911720, thử lại 1/3
2025-09-29 20:43:52,633 WARNING: Lỗi HTTP 429 - product id: 82912265, thử lại 1/3
2025-09-29 20:43:52,699 WARNING: Lỗi HTTP 429 - product id: 82916256, thử lại 1/3
2025-09-29 20:43:52,779 WARNING: Lỗi HTTP 429 - product id: 82940117, thử lại 1/3
2025-09-29 20:43:52,780 WARNING: Lỗi HTTP 429 - product id: 82939418, thử lại 1/3
2025-09-29 20:43:52,839 WARNING: Lỗi HTTP 429 - product id: 82959300, thử lại 1/3
2025-09-29 20:43:52,841 WARNING: Lỗi HTTP 429 - product id: 82959842, thử lại 1/3
2025-09-29 20:43:52,841 WARNING: Lỗi HTTP 429 - product id: 82992311, thử lại 1/3
2025-09-29 20:43:52,936 WARNING: Lỗi HTTP 429 - product id: 82993711, thử lại 1/3
2025-09-29 20:43:52,987 WARNING: Lỗi HTTP 429 - product id: 82994800, thử lại 1/3
2025-09-29 20:43:56,357 WARNING: Lỗi HTTP 404: Không tim thấy product id - product id: 83665733
2025-09-29 20:43:56,485 WARNING: Lỗi HTTP 429 - product id: 82383156, thử lại 1/3
2025-09-29 20:43:59,617 INFO: Đã commit batch 41 (1000 sản phẩm)
2025-09-29 20:43:59,641 INFO: Đã ghi 998 sản phẩm vào file /home/quannh/projects_de/Lab_01/output/products_batch_41_998_ids.csv
2025-09-29 20:43:59,680 INFO: Đã insert 998 sản phẩm từ file /home/quannh/projects_de/Lab_01/output/products_batch_41_998_ids.csv vào database PostgeSQL
2025-09-29 20:43:59,712 INFO: Đã update lại status của batch 42 về pending để tiến hành crawl lại batch
2025-09-29 20:43:59,721 INFO: Bắt đầu crawl batch 42 (1000 sản phẩm)
2025-09-29 20:44:07,732 WARNING: Lỗi HTTP 429 - product id: 83930047, thử lại 1/3
2025-09-29 20:44:07,780 WARNING: Lỗi HTTP 429 - product id: 83931738, thử lại 1/3
2025-09-29 20:44:07,847 WARNING: Lỗi HTTP 404: Không tim thấy product id - product id: 83788044
2025-09-29 20:44:08,298 WARNING: Lỗi HTTP 404: Không tim thấy product id - product id: 83910574
2025-09-29 20:44:08,582 WARNING: Lỗi HTTP 429 - product id: 83939256, thử lại 1/3
2025-09-29 20:44:10,736 WARNING: Lỗi HTTP 429 - product id: 84381057, thử lại 1/3
2025-09-29 20:44:10,983 WARNING: Lỗi HTTP 429 - product id: 83930047, thử lại 2/3
2025-09-29 20:44:10,983 WARNING: Lỗi HTTP 429 - product id: 84424086, thử lại 1/3
2025-09-29 20:44:11,026 WARNING: Lỗi HTTP 429 - product id: 84445242, thử lại 1/3
2025-09-29 20:44:11,185 WARNING: Lỗi HTTP 429 - product id: 84454529, thử lại 1/3
2025-09-29 20:44:12,338 WARNING: Lỗi HTTP 429 - product id: 84568549, thử lại 1/3
2025-09-29 20:44:12,582 WARNING: Lỗi HTTP 429 - product id: 84598401, thử lại 1/3
2025-09-29 20:44:12,676 WARNING: Lỗi HTTP 429 - product id: 84623469, thử lại 1/3
2025-09-29 20:44:12,745 WARNING: Lỗi HTTP 404: Không tim thấy product id - product id: 84549047
2025-09-29 20:44:15,428 WARNING: Lỗi HTTP 429 - product id: 83745006, thử lại 1/3
2025-09-29 20:44:15,560 WARNING: Lỗi HTTP 429 - product id: 83768870, thử lại 1/3
2025-09-29 20:44:15,632 WARNING: Lỗi HTTP 429 - product id: 83778676, thử lại 1/3
2025-09-29 20:44:16,250 WARNING: Lỗi HTTP 404: Không tim thấy product id - product id: 83743179
2025-09-29 20:44:17,081 WARNING: Lỗi HTTP 404: Không tim thấy product id - product id: 83930047
2025-09-29 20:44:18,749 INFO: Đã commit batch 42 (1000 sản phẩm)
2025-09-29 20:44:18,777 INFO: Đã ghi 995 sản phẩm vào file /home/quannh/projects_de/Lab_01/output/products_batch_42_995_ids.csv
2025-09-29 20:44:18,811 INFO: Đã insert 995 sản phẩm từ file /home/quannh/projects_de/Lab_01/output/products_batch_42_995_ids.csv vào database PostgeSQL
2025-09-29 20:44:18,845 INFO: Đã update lại status của batch 43 về pending để tiến hành crawl lại batch
2025-09-29 20:44:18,856 INFO: Bắt đầu crawl batch 43 (1000 sản phẩm)
2025-09-29 20:44:21,060 WARNING: Lỗi HTTP 429 - product id: 85264927, thử lại 1/3
2025-09-29 20:44:21,622 WARNING: Lỗi HTTP 429 - product id: 85400233, thử lại 1/3
2025-09-29 20:44:21,710 WARNING: Lỗi HTTP 429 - product id: 85561056, thử lại 1/3
2025-09-29 20:44:21,711 WARNING: Lỗi HTTP 429 - product id: 85561172, thử lại 1/3
2025-09-29 20:44:21,765 WARNING: Lỗi HTTP 429 - product id: 85623671, thử lại 1/3
2025-09-29 20:44:21,917 WARNING: Lỗi HTTP 429 - product id: 85678493, thử lại 1/3
2025-09-29 20:44:21,917 WARNING: Lỗi HTTP 429 - product id: 85682388, thử lại 1/3
2025-09-29 20:44:21,980 WARNING: Lỗi HTTP 429 - product id: 85697973, thử lại 1/3
2025-09-29 20:44:21,990 WARNING: Lỗi HTTP 429 - product id: 85698072, thử lại 1/3
2025-09-29 20:44:22,011 WARNING: Lỗi HTTP 429 - product id: 85698365, thử lại 1/3
2025-09-29 20:44:22,013 WARNING: Lỗi HTTP 429 - product id: 85698387, thử lại 1/3
2025-09-29 20:44:22,371 WARNING: Lỗi HTTP 429 - product id: 85920123, thử lại 1/3
2025-09-29 20:44:23,416 WARNING: Lỗi HTTP 429 - product id: 86129990, thử lại 1/3
2025-09-29 20:44:23,759 WARNING: Lỗi HTTP 429 - product id: 86137824, thử lại 1/3
2025-09-29 20:44:27,063 WARNING: Lỗi HTTP 429 - product id: 85079136, thử lại 1/3
2025-09-29 20:44:28,359 WARNING: Lỗi HTTP 429 - product id: 85273020, thử lại 1/3
2025-09-29 20:44:28,419 WARNING: Lỗi HTTP 429 - product id: 85289676, thử lại 1/3
2025-09-29 20:44:28,511 WARNING: Lỗi HTTP 429 - product id: 85349574, thử lại 1/3
2025-09-29 20:44:28,762 WARNING: Lỗi HTTP 429 - product id: 85393708, thử lại 1/3
2025-09-29 20:44:28,959 WARNING: Lỗi HTTP 429 - product id: 85643024, thử lại 1/3
2025-09-29 20:44:30,474 WARNING: Lỗi HTTP 429 - product id: 86128967, thử lại 1/3
2025-09-29 20:44:30,923 WARNING: Lỗi HTTP 429 - product id: 86143965, thử lại 1/3
2025-09-29 20:44:31,063 WARNING: Lỗi HTTP 429 - product id: 86239520, thử lại 1/3
2025-09-29 20:44:31,157 WARNING: Lỗi HTTP 429 - product id: 86256657, thử lại 1/3
2025-09-29 20:44:31,610 WARNING: Lỗi HTTP 429 - product id: 85289676, thử lại 2/3
2025-09-29 20:44:31,619 WARNING: Lỗi HTTP 429 - product id: 86380482, thử lại 1/3
2025-09-29 20:44:31,672 WARNING: Lỗi HTTP 429 - product id: 86380497, thử lại 1/3
2025-09-29 20:44:31,760 WARNING: Lỗi HTTP 429 - product id: 86387692, thử lại 1/3
2025-09-29 20:44:31,761 WARNING: Lỗi HTTP 429 - product id: 86397219, thử lại 1/3
2025-09-29 20:44:31,763 WARNING: Lỗi HTTP 429 - product id: 86401711, thử lại 1/3
2025-09-29 20:44:31,868 WARNING: Lỗi HTTP 429 - product id: 86413674, thử lại 1/3
2025-09-29 20:44:31,912 WARNING: Lỗi HTTP 429 - product id: 86415058, thử lại 1/3
2025-09-29 20:44:31,914 WARNING: Lỗi HTTP 429 - product id: 86415121, thử lại 1/3
2025-09-29 20:44:32,014 WARNING: Lỗi HTTP 429 - product id: 86528534, thử lại 1/3
2025-09-29 20:44:32,168 WARNING: Lỗi HTTP 429 - product id: 86533668, thử lại 1/3
2025-09-29 20:44:34,460 WARNING: Lỗi HTTP 429 - product id: 84884214, thử lại 1/3
2025-09-29 20:44:34,465 WARNING: Lỗi HTTP 429 - product id: 84884339, thử lại 1/3
2025-09-29 20:44:34,613 WARNING: Lỗi HTTP 429 - product id: 84913684, thử lại 1/3
2025-09-29 20:44:34,613 WARNING: Lỗi HTTP 429 - product id: 84910660, thử lại 1/3
2025-09-29 20:44:37,795 INFO: Đã commit batch 43 (1000 sản phẩm)
2025-09-29 20:44:37,819 INFO: Đã ghi 1000 sản phẩm vào file /home/quannh/projects_de/Lab_01/output/products_batch_43_1000_ids.csv
2025-09-29 20:44:37,854 INFO: Đã insert 1000 sản phẩm từ file /home/quannh/projects_de/Lab_01/output/products_batch_43_1000_ids.csv vào database PostgeSQL
2025-09-29 20:44:37,886 INFO: Đã update lại status của batch 44 về pending để tiến hành crawl lại batch
2025-09-29 20:44:37,896 INFO: Bắt đầu crawl batch 44 (1000 sản phẩm)
2025-09-29 20:44:39,529 WARNING: Lỗi HTTP 429 - product id: 87561507, thử lại 1/3
2025-09-29 20:44:39,579 WARNING: Lỗi HTTP 429 - product id: 87563368, thử lại 1/3
2025-09-29 20:44:39,643 WARNING: Lỗi HTTP 404: Không tim thấy product id - product id: 87551805
2025-09-29 20:44:39,812 WARNING: Lỗi HTTP 404: Không tim thấy product id - product id: 87553574
2025-09-29 20:44:39,843 WARNING: Lỗi HTTP 404: Không tim thấy product id - product id: 87554029
2025-09-29 20:44:39,891 WARNING: Lỗi HTTP 404: Không tim thấy product id - product id: 87555421
2025-09-29 20:44:39,942 WARNING: Lỗi HTTP 404: Không tim thấy product id - product id: 87556401
2025-09-29 20:44:39,991 WARNING: Lỗi HTTP 404: Không tim thấy product id - product id: 87557157
2025-09-29 20:44:39,993 WARNING: Lỗi HTTP 404: Không tim thấy product id - product id: 87547798
2025-09-29 20:44:40,144 WARNING: Lỗi HTTP 404: Không tim thấy product id - product id: 87558163
2025-09-29 20:44:40,246 WARNING: Lỗi HTTP 404: Không tim thấy product id - product id: 87553797
2025-09-29 20:44:40,345 WARNING: Lỗi HTTP 404: Không tim thấy product id - product id: 87555783
2025-09-29 20:44:40,446 WARNING: Lỗi HTTP 404: Không tim thấy product id - product id: 87558397
2025-09-29 20:44:40,541 WARNING: Lỗi HTTP 404: Không tim thấy product id - product id: 87563213
2025-09-29 20:44:41,033 WARNING: Lỗi HTTP 429 - product id: 87827992, thử lại 1/3
2025-09-29 20:44:41,128 WARNING: Lỗi HTTP 429 - product id: 87834476, thử lại 1/3
2025-09-29 20:44:41,172 WARNING: Lỗi HTTP 429 - product id: 87851024, thử lại 1/3
2025-09-29 20:44:41,221 WARNING: Lỗi HTTP 429 - product id: 87876198, thử lại 1/3
2025-09-29 20:44:41,844 WARNING: Lỗi HTTP 404: Không tim thấy product id - product id: 87851659
2025-09-29 20:44:42,635 WARNING: Lỗi HTTP 429 - product id: 88085690, thử lại 1/3
2025-09-29 20:44:43,146 WARNING: Lỗi HTTP 404: Không tim thấy product id - product id: 88096885
2025-09-29 20:44:43,229 WARNING: Lỗi HTTP 429 - product id: 88785428, thử lại 1/3
2025-09-29 20:44:43,279 WARNING: Lỗi HTTP 429 - product id: 88796406, thử lại 1/3
2025-09-29 20:44:47,593 WARNING: Lỗi HTTP 404: Không tim thấy product id - product id: 87548845
2025-09-29 20:44:47,693 WARNING: Lỗi HTTP 404: Không tim thấy product id - product id: 87550755
2025-09-29 20:44:47,694 WARNING: Lỗi HTTP 404: Không tim thấy product id - product id: 87548184
2025-09-29 20:44:47,794 WARNING: Lỗi HTTP 404: Không tim thấy product id - product id: 87549360
2025-09-29 20:44:47,846 WARNING: Lỗi HTTP 404: Không tim thấy product id - product id: 87549039
2025-09-29 20:44:47,846 WARNING: Lỗi HTTP 404: Không tim thấy product id - product id: 87552652
2025-09-29 20:44:47,891 WARNING: Lỗi HTTP 404: Không tim thấy product id - product id: 87550859
2025-09-29 20:44:47,944 WARNING: Lỗi HTTP 404: Không tim thấy product id - product id: 87552969
2025-09-29 20:44:48,144 WARNING: Lỗi HTTP 404: Không tim thấy product id - product id: 87557001
2025-09-29 20:44:48,147 WARNING: Lỗi HTTP 404: Không tim thấy product id - product id: 87560124
2025-09-29 20:44:48,293 WARNING: Lỗi HTTP 404: Không tim thấy product id - product id: 87564818
2025-09-29 20:44:48,882 WARNING: Lỗi HTTP 429 - product id: 87778393, thử lại 1/3
2025-09-29 20:44:48,926 WARNING: Lỗi HTTP 429 - product id: 87784415, thử lại 1/3
2025-09-29 20:44:49,129 WARNING: Lỗi HTTP 429 - product id: 87843042, thử lại 1/3
2025-09-29 20:44:49,243 WARNING: Lỗi HTTP 404: Không tim thấy product id - product id: 87771852
2025-09-29 20:44:49,320 WARNING: Lỗi HTTP 429 - product id: 87890574, thử lại 1/3
2025-09-29 20:44:49,524 WARNING: Lỗi HTTP 429 - product id: 87915004, thử lại 1/3
2025-09-29 20:44:49,627 WARNING: Lỗi HTTP 429 - product id: 87930392, thử lại 1/3
2025-09-29 20:44:49,643 WARNING: Lỗi HTTP 404: Không tim thấy product id - product id: 87851737
2025-09-29 20:44:49,690 WARNING: Lỗi HTTP 404: Không tim thấy product id - product id: 87851730
2025-09-29 20:44:49,729 WARNING: Lỗi HTTP 429 - product id: 87959719, thử lại 1/3
2025-09-29 20:44:49,743 WARNING: Lỗi HTTP 404: Không tim thấy product id - product id: 87851756
2025-09-29 20:44:49,930 WARNING: Lỗi HTTP 429 - product id: 87982688, thử lại 1/3
2025-09-29 20:44:52,428 WARNING: Lỗi HTTP 429 - product id: 89134895, thử lại 1/3
2025-09-29 20:44:52,470 WARNING: Lỗi HTTP 429 - product id: 89137268, thử lại 1/3
2025-09-29 20:44:52,927 WARNING: Lỗi HTTP 429 - product id: 87052759, thử lại 1/3
2025-09-29 20:44:53,078 WARNING: Lỗi HTTP 429 - product id: 87095332, thử lại 1/3
2025-09-29 20:44:53,127 WARNING: Lỗi HTTP 429 - product id: 87095336, thử lại 1/3
2025-09-29 20:44:53,219 WARNING: Lỗi HTTP 429 - product id: 87112446, thử lại 1/3
2025-09-29 20:44:53,279 WARNING: Lỗi HTTP 429 - product id: 87117028, thử lại 1/3
2025-09-29 20:44:56,395 INFO: Đã commit batch 44 (1000 sản phẩm)
2025-09-29 20:44:56,418 INFO: Đã ghi 971 sản phẩm vào file /home/quannh/projects_de/Lab_01/output/products_batch_44_971_ids.csv
2025-09-29 20:44:56,452 INFO: Đã insert 971 sản phẩm từ file /home/quannh/projects_de/Lab_01/output/products_batch_44_971_ids.csv vào database PostgeSQL
2025-09-29 20:44:56,483 INFO: Đã update lại status của batch 45 về pending để tiến hành crawl lại batch
2025-09-29 20:44:56,494 INFO: Bắt đầu crawl batch 45 (1000 sản phẩm)
2025-09-29 20:44:57,799 WARNING: Lỗi HTTP 429 - product id: 89705016, thử lại 1/3
2025-09-29 20:44:58,461 WARNING: Lỗi HTTP 429 - product id: 89839646, thử lại 1/3
2025-09-29 20:44:58,499 WARNING: Lỗi HTTP 429 - product id: 89840530, thử lại 1/3
2025-09-29 20:44:58,549 WARNING: Lỗi HTTP 429 - product id: 89841721, thử lại 1/3
2025-09-29 20:44:58,561 WARNING: Lỗi HTTP 429 - product id: 89850743, thử lại 1/3
2025-09-29 20:44:58,661 WARNING: Lỗi HTTP 429 - product id: 89878877, thử lại 1/3
2025-09-29 20:44:59,161 WARNING: Lỗi HTTP 429 - product id: 89928639, thử lại 1/3
2025-09-29 20:44:59,252 WARNING: Lỗi HTTP 429 - product id: 89931347, thử lại 1/3
2025-09-29 20:44:59,459 WARNING: Lỗi HTTP 429 - product id: 89950428, thử lại 1/3
2025-09-29 20:44:59,512 WARNING: Lỗi HTTP 429 - product id: 89968964, thử lại 1/3
2025-09-29 20:44:59,551 WARNING: Lỗi HTTP 429 - product id: 90027711, thử lại 1/3
2025-09-29 20:44:59,595 WARNING: Lỗi HTTP 429 - product id: 90061430, thử lại 1/3
2025-09-29 20:44:59,696 WARNING: Lỗi HTTP 429 - product id: 90062124, thử lại 1/3
2025-09-29 20:45:00,260 WARNING: Lỗi HTTP 429 - product id: 90069520, thử lại 1/3
2025-09-29 20:45:00,347 WARNING: Lỗi HTTP 429 - product id: 90071889, thử lại 1/3
2025-09-29 20:45:00,399 WARNING: Lỗi HTTP 429 - product id: 90074000, thử lại 1/3
2025-09-29 20:45:00,410 WARNING: Lỗi HTTP 429 - product id: 90082566, thử lại 1/3
2025-09-29 20:45:01,000 WARNING: Lỗi HTTP 429 - product id: 90193424, thử lại 1/3
2025-09-29 20:45:01,001 WARNING: Lỗi HTTP 429 - product id: 90193480, thử lại 1/3
2025-09-29 20:45:04,059 WARNING: Lỗi HTTP 429 - product id: 89424750, thử lại 1/3
2025-09-29 20:45:04,099 WARNING: Lỗi HTTP 429 - product id: 89424762, thử lại 1/3
2025-09-29 20:45:04,256 WARNING: Lỗi HTTP 429 - product id: 90193424, thử lại 2/3
2025-09-29 20:45:04,256 WARNING: Lỗi HTTP 429 - product id: 90193480, thử lại 2/3
2025-09-29 20:45:04,856 WARNING: Lỗi HTTP 429 - product id: 89639559, thử lại 1/3
2025-09-29 20:45:04,905 WARNING: Lỗi HTTP 429 - product id: 89639575, thử lại 1/3
2025-09-29 20:45:04,921 WARNING: Lỗi HTTP 429 - product id: 89640010, thử lại 1/3
2025-09-29 20:45:04,946 WARNING: Lỗi HTTP 429 - product id: 89640262, thử lại 1/3
2025-09-29 20:45:04,994 WARNING: Lỗi HTTP 429 - product id: 89640760, thử lại 1/3
2025-09-29 20:45:04,999 WARNING: Lỗi HTTP 429 - product id: 89640773, thử lại 1/3
2025-09-29 20:45:05,055 WARNING: Lỗi HTTP 429 - product id: 89641172, thử lại 1/3
2025-09-29 20:45:05,273 WARNING: Lỗi HTTP 429 - product id: 89644039, thử lại 1/3
2025-09-29 20:45:05,502 WARNING: Lỗi HTTP 429 - product id: 89693404, thử lại 1/3
2025-09-29 20:45:05,518 WARNING: Lỗi HTTP 404: Không tim thấy product id - product id: 89698759
2025-09-29 20:45:06,354 WARNING: Lỗi HTTP 429 - product id: 89839686, thử lại 1/3
2025-09-29 20:45:09,547 WARNING: Lỗi HTTP 429 - product id: 90194435, thử lại 1/3
2025-09-29 20:45:09,554 WARNING: Lỗi HTTP 429 - product id: 90194652, thử lại 1/3
2025-09-29 20:45:10,603 WARNING: Lỗi HTTP 429 - product id: 90323122, thử lại 1/3
2025-09-29 20:45:13,714 INFO: Đã commit batch 45 (1000 sản phẩm)
2025-09-29 20:45:13,737 INFO: Đã ghi 999 sản phẩm vào file /home/quannh/projects_de/Lab_01/output/products_batch_45_999_ids.csv
2025-09-29 20:45:13,770 INFO: Đã insert 999 sản phẩm từ file /home/quannh/projects_de/Lab_01/output/products_batch_45_999_ids.csv vào database PostgeSQL
2025-09-29 20:45:13,803 INFO: Đã update lại status của batch 46 về pending để tiến hành crawl lại batch
2025-09-29 20:45:13,813 INFO: Bắt đầu crawl batch 46 (1000 sản phẩm)
2025-09-29 20:45:15,723 WARNING: Lỗi HTTP 429 - product id: 90783100, thử lại 1/3
2025-09-29 20:45:15,973 WARNING: Lỗi HTTP 429 - product id: 90787845, thử lại 1/3
2025-09-29 20:45:16,070 WARNING: Lỗi HTTP 429 - product id: 90790640, thử lại 1/3
2025-09-29 20:45:16,171 WARNING: Lỗi HTTP 429 - product id: 90792901, thử lại 1/3
2025-09-29 20:45:16,518 WARNING: Lỗi HTTP 429 - product id: 90873744, thử lại 1/3
2025-09-29 20:45:16,526 WARNING: Lỗi HTTP 429 - product id: 90885638, thử lại 1/3
2025-09-29 20:45:16,572 WARNING: Lỗi HTTP 429 - product id: 90899251, thử lại 1/3
2025-09-29 20:45:16,578 WARNING: Lỗi HTTP 429 - product id: 90899243, thử lại 1/3
2025-09-29 20:45:16,620 WARNING: Lỗi HTTP 429 - product id: 90919321, thử lại 1/3
2025-09-29 20:45:16,777 WARNING: Lỗi HTTP 429 - product id: 90933172, thử lại 1/3
2025-09-29 20:45:16,873 WARNING: Lỗi HTTP 429 - product id: 90945695, thử lại 1/3
2025-09-29 20:45:17,077 WARNING: Lỗi HTTP 429 - product id: 90996549, thử lại 1/3
2025-09-29 20:45:18,019 WARNING: Lỗi HTTP 429 - product id: 91148367, thử lại 1/3
2025-09-29 20:45:18,069 WARNING: Lỗi HTTP 429 - product id: 91159818, thử lại 1/3
2025-09-29 20:45:18,416 WARNING: Lỗi HTTP 429 - product id: 91165049, thử lại 1/3
2025-09-29 20:45:18,422 WARNING: Lỗi HTTP 429 - product id: 91167275, thử lại 1/3
2025-09-29 20:45:18,476 WARNING: Lỗi HTTP 429 - product id: 91171350, thử lại 1/3
2025-09-29 20:45:18,524 WARNING: Lỗi HTTP 429 - product id: 91182782, thử lại 1/3
2025-09-29 20:45:20,473 WARNING: Lỗi HTTP 429 - product id: 91464074, thử lại 1/3
2025-09-29 20:45:21,281 WARNING: Lỗi HTTP 429 - product id: 90518865, thử lại 1/3
2025-09-29 20:45:21,348 WARNING: Lỗi HTTP 429 - product id: 90524327, thử lại 1/3
2025-09-29 20:45:21,465 WARNING: Lỗi HTTP 429 - product id: 90526750, thử lại 1/3
2025-09-29 20:45:21,517 WARNING: Lỗi HTTP 429 - product id: 90530773, thử lại 1/3
2025-09-29 20:45:21,525 WARNING: Lỗi HTTP 429 - product id: 90533052, thử lại 1/3
2025-09-29 20:45:21,579 WARNING: Lỗi HTTP 429 - product id: 91165049, thử lại 2/3
2025-09-29 20:45:21,617 WARNING: Lỗi HTTP 429 - product id: 90573257, thử lại 1/3
2025-09-29 20:45:21,671 WARNING: Lỗi HTTP 429 - product id: 90576741, thử lại 1/3
2025-09-29 20:45:21,679 WARNING: Lỗi HTTP 429 - product id: 90577025, thử lại 1/3
2025-09-29 20:45:21,762 WARNING: Lỗi HTTP 429 - product id: 90585142, thử lại 1/3
2025-09-29 20:45:21,772 WARNING: Lỗi HTTP 429 - product id: 90588747, thử lại 1/3
2025-09-29 20:45:22,006 WARNING: Lỗi HTTP 429 - product id: 90655566, thử lại 1/3
2025-09-29 20:45:22,121 WARNING: Lỗi HTTP 429 - product id: 90689038, thử lại 1/3
2025-09-29 20:45:22,178 WARNING: Lỗi HTTP 429 - product id: 90689449, thử lại 1/3
2025-09-29 20:45:22,225 WARNING: Lỗi HTTP 429 - product id: 90689777, thử lại 1/3
2025-09-29 20:45:22,629 WARNING: Lỗi HTTP 429 - product id: 90744552, thử lại 1/3
2025-09-29 20:45:22,884 WARNING: Lỗi HTTP 429 - product id: 90761511, thử lại 1/3
2025-09-29 20:45:25,277 WARNING: Lỗi HTTP 429 - product id: 91063758, thử lại 1/3
2025-09-29 20:45:25,534 WARNING: Lỗi HTTP 429 - product id: 91106155, thử lại 1/3
2025-09-29 20:45:25,620 WARNING: Lỗi HTTP 429 - product id: 91111511, thử lại 1/3
2025-09-29 20:45:25,876 WARNING: Lỗi HTTP 429 - product id: 91126822, thử lại 1/3
2025-09-29 20:45:25,925 WARNING: Lỗi HTTP 429 - product id: 91129651, thử lại 1/3
2025-09-29 20:45:26,072 WARNING: Lỗi HTTP 429 - product id: 91159733, thử lại 1/3
2025-09-29 20:45:26,072 WARNING: Lỗi HTTP 429 - product id: 91160166, thử lại 1/3
2025-09-29 20:45:26,076 WARNING: Lỗi HTTP 429 - product id: 91159594, thử lại 1/3
2025-09-29 20:45:26,278 WARNING: Lỗi HTTP 429 - product id: 91162193, thử lại 1/3
2025-09-29 20:45:26,328 WARNING: Lỗi HTTP 429 - product id: 91163001, thử lại 1/3
2025-09-29 20:45:26,376 WARNING: Lỗi HTTP 429 - product id: 91165452, thử lại 1/3
2025-09-29 20:45:26,479 WARNING: Lỗi HTTP 429 - product id: 91181198, thử lại 1/3
2025-09-29 20:45:26,548 WARNING: Lỗi HTTP 429 - product id: 91184585, thử lại 1/3
2025-09-29 20:45:26,565 WARNING: Lỗi HTTP 429 - product id: 91209388, thử lại 1/3
2025-09-29 20:45:26,945 WARNING: Lỗi HTTP 404: Không tim thấy product id - product id: 91129745
2025-09-29 20:45:28,690 WARNING: Lỗi HTTP 404: Không tim thấy product id - product id: 91403505
2025-09-29 20:45:30,924 INFO: Đã commit batch 46 (1000 sản phẩm)
2025-09-29 20:45:30,947 INFO: Đã ghi 998 sản phẩm vào file /home/quannh/projects_de/Lab_01/output/products_batch_46_998_ids.csv
2025-09-29 20:45:30,981 INFO: Đã insert 998 sản phẩm từ file /home/quannh/projects_de/Lab_01/output/products_batch_46_998_ids.csv vào database PostgeSQL
2025-09-29 20:45:31,012 INFO: Đã update lại status của batch 47 về pending để tiến hành crawl lại batch
2025-09-29 20:45:31,022 INFO: Bắt đầu crawl batch 47 (1000 sản phẩm)
2025-09-29 20:45:31,099 WARNING: Lỗi HTTP 429 - product id: 91557240, thử lại 1/3
2025-09-29 20:45:31,099 WARNING: Lỗi HTTP 429 - product id: 91564529, thử lại 1/3
2025-09-29 20:45:31,226 WARNING: Lỗi HTTP 429 - product id: 91591180, thử lại 1/3
2025-09-29 20:45:31,286 WARNING: Lỗi HTTP 429 - product id: 91605578, thử lại 1/3
2025-09-29 20:45:31,434 WARNING: Lỗi HTTP 429 - product id: 91627711, thử lại 1/3
2025-09-29 20:45:31,579 WARNING: Lỗi HTTP 429 - product id: 91718539, thử lại 1/3
2025-09-29 20:45:33,800 WARNING: Lỗi HTTP 404: Không tim thấy product id - product id: 91937597
2025-09-29 20:45:33,899 WARNING: Lỗi HTTP 404: Không tim thấy product id - product id: 91950879
2025-09-29 20:45:38,148 WARNING: Lỗi HTTP 404: Không tim thấy product id - product id: 92744455
2025-09-29 20:45:39,025 WARNING: Lỗi HTTP 429 - product id: 91557187, thử lại 1/3
2025-09-29 20:45:39,085 WARNING: Lỗi HTTP 429 - product id: 91557196, thử lại 1/3
2025-09-29 20:45:39,088 WARNING: Lỗi HTTP 429 - product id: 91557202, thử lại 1/3
2025-09-29 20:45:39,088 WARNING: Lỗi HTTP 429 - product id: 91557200, thử lại 1/3
2025-09-29 20:45:39,183 WARNING: Lỗi HTTP 429 - product id: 91565739, thử lại 1/3
2025-09-29 20:45:39,422 WARNING: Lỗi HTTP 429 - product id: 91632040, thử lại 1/3
2025-09-29 20:45:41,550 WARNING: Lỗi HTTP 404: Không tim thấy product id - product id: 91932472
2025-09-29 20:45:41,600 WARNING: Lỗi HTTP 404: Không tim thấy product id - product id: 91938807
2025-09-29 20:45:42,249 WARNING: Lỗi HTTP 404: Không tim thấy product id - product id: 91940010
2025-09-29 20:45:42,343 WARNING: Lỗi HTTP 404: Không tim thấy product id - product id: 91945133
2025-09-29 20:45:46,099 WARNING: Lỗi HTTP 404: Không tim thấy product id - product id: 92743919
2025-09-29 20:45:47,840 INFO: Đã commit batch 47 (1000 sản phẩm)
2025-09-29 20:45:47,866 INFO: Đã ghi 992 sản phẩm vào file /home/quannh/projects_de/Lab_01/output/products_batch_47_992_ids.csv
2025-09-29 20:45:47,904 INFO: Đã insert 992 sản phẩm từ file /home/quannh/projects_de/Lab_01/output/products_batch_47_992_ids.csv vào database PostgeSQL
2025-09-29 20:45:47,937 INFO: Đã update lại status của batch 48 về pending để tiến hành crawl lại batch
2025-09-29 20:45:47,947 INFO: Bắt đầu crawl batch 48 (1000 sản phẩm)
2025-09-29 20:45:48,050 WARNING: Lỗi HTTP 429 - product id: 93252026, thử lại 1/3
2025-09-29 20:45:48,131 WARNING: Lỗi HTTP 429 - product id: 93294228, thử lại 1/3
2025-09-29 20:45:48,134 WARNING: Lỗi HTTP 429 - product id: 93311296, thử lại 1/3
2025-09-29 20:45:48,377 WARNING: Lỗi HTTP 429 - product id: 93485383, thử lại 1/3
2025-09-29 20:45:48,684 WARNING: Lỗi HTTP 429 - product id: 93599751, thử lại 1/3
2025-09-29 20:45:49,224 WARNING: Lỗi HTTP 429 - product id: 93762823, thử lại 1/3
2025-09-29 20:45:49,285 WARNING: Lỗi HTTP 429 - product id: 93819812, thử lại 1/3
2025-09-29 20:45:49,894 WARNING: Lỗi HTTP 404: Không tim thấy product id - product id: 93764811
2025-09-29 20:45:50,687 WARNING: Lỗi HTTP 429 - product id: 94198441, thử lại 1/3
2025-09-29 20:45:50,782 WARNING: Lỗi HTTP 429 - product id: 94278483, thử lại 1/3
2025-09-29 20:45:51,799 WARNING: Lỗi HTTP 404: Không tim thấy product id - product id: 94306870
2025-09-29 20:45:52,572 WARNING: Lỗi HTTP 429 - product id: 93819812, thử lại 2/3
2025-09-29 20:45:52,580 WARNING: Lỗi HTTP 429 - product id: 94538181, thử lại 1/3
2025-09-29 20:45:52,782 WARNING: Lỗi HTTP 429 - product id: 94565135, thử lại 1/3
2025-09-29 20:45:52,832 WARNING: Lỗi HTTP 429 - product id: 94567168, thử lại 1/3
2025-09-29 20:45:52,934 WARNING: Lỗi HTTP 429 - product id: 94568408, thử lại 1/3
2025-09-29 20:45:53,080 WARNING: Lỗi HTTP 429 - product id: 94583484, thử lại 1/3
2025-09-29 20:45:53,080 WARNING: Lỗi HTTP 429 - product id: 94583116, thử lại 1/3
2025-09-29 20:45:53,171 WARNING: Lỗi HTTP 429 - product id: 94585205, thử lại 1/3
2025-09-29 20:45:53,174 WARNING: Lỗi HTTP 429 - product id: 94584865, thử lại 1/3
2025-09-29 20:45:53,231 WARNING: Lỗi HTTP 429 - product id: 94585847, thử lại 1/3
2025-09-29 20:45:53,240 WARNING: Lỗi HTTP 429 - product id: 94586245, thử lại 1/3
2025-09-29 20:45:53,312 WARNING: Lỗi HTTP 429 - product id: 94589852, thử lại 1/3
2025-09-29 20:45:53,323 WARNING: Lỗi HTTP 429 - product id: 94597866, thử lại 1/3
2025-09-29 20:45:53,383 WARNING: Lỗi HTTP 429 - product id: 94635642, thử lại 1/3
2025-09-29 20:45:53,428 WARNING: Lỗi HTTP 429 - product id: 94635831, thử lại 1/3
2025-09-29 20:45:53,482 WARNING: Lỗi HTTP 429 - product id: 94637541, thử lại 1/3
2025-09-29 20:45:53,531 WARNING: Lỗi HTTP 429 - product id: 94652992, thử lại 1/3
2025-09-29 20:45:53,585 WARNING: Lỗi HTTP 429 - product id: 94654536, thử lại 1/3
2025-09-29 20:45:53,678 WARNING: Lỗi HTTP 429 - product id: 94674238, thử lại 1/3
2025-09-29 20:45:53,724 WARNING: Lỗi HTTP 429 - product id: 94704194, thử lại 1/3
2025-09-29 20:45:53,728 WARNING: Lỗi HTTP 429 - product id: 94726927, thử lại 1/3
2025-09-29 20:45:54,331 WARNING: Lỗi HTTP 429 - product id: 94774229, thử lại 1/3
2025-09-29 20:45:54,383 WARNING: Lỗi HTTP 429 - product id: 94774302, thử lại 1/3
2025-09-29 20:45:54,827 WARNING: Lỗi HTTP 429 - product id: 94840568, thử lại 1/3
2025-09-29 20:45:56,435 WARNING: Lỗi HTTP 429 - product id: 93717376, thử lại 1/3
2025-09-29 20:45:56,740 WARNING: Lỗi HTTP 429 - product id: 93871319, thử lại 1/3
2025-09-29 20:45:56,930 WARNING: Lỗi HTTP 429 - product id: 94704194, thử lại 2/3
2025-09-29 20:45:56,983 WARNING: Lỗi HTTP 429 - product id: 93952026, thử lại 1/3
2025-09-29 20:45:56,986 WARNING: Lỗi HTTP 429 - product id: 93956024, thử lại 1/3
2025-09-29 20:45:57,004 WARNING: Lỗi HTTP 404: Không tim thấy product id - product id: 93830430
2025-09-29 20:45:57,081 WARNING: Lỗi HTTP 429 - product id: 93958736, thử lại 1/3
2025-09-29 20:45:57,288 WARNING: Lỗi HTTP 429 - product id: 94035403, thử lại 1/3
2025-09-29 20:45:58,184 WARNING: Lỗi HTTP 429 - product id: 94226900, thử lại 1/3
2025-09-29 20:45:58,229 WARNING: Lỗi HTTP 429 - product id: 94227065, thử lại 1/3
2025-09-29 20:45:58,384 WARNING: Lỗi HTTP 429 - product id: 94292461, thử lại 1/3
2025-09-29 20:46:02,249 WARNING: Lỗi HTTP 404: Không tim thấy product id - product id: 94674261
2025-09-29 20:46:05,028 INFO: Đã commit batch 48 (1000 sản phẩm)
2025-09-29 20:46:05,053 INFO: Đã ghi 996 sản phẩm vào file /home/quannh/projects_de/Lab_01/output/products_batch_48_996_ids.csv
2025-09-29 20:46:05,086 INFO: Đã insert 996 sản phẩm từ file /home/quannh/projects_de/Lab_01/output/products_batch_48_996_ids.csv vào database PostgeSQL
2025-09-29 20:46:05,118 INFO: Đã update lại status của batch 49 về pending để tiến hành crawl lại batch
2025-09-29 20:46:05,129 INFO: Bắt đầu crawl batch 49 (1000 sản phẩm)
2025-09-29 20:46:05,739 WARNING: Lỗi HTTP 429 - product id: 95170954, thử lại 1/3
2025-09-29 20:46:08,239 WARNING: Lỗi HTTP 429 - product id: 95704107, thử lại 1/3
2025-09-29 20:46:08,839 WARNING: Lỗi HTTP 429 - product id: 95910932, thử lại 1/3
2025-09-29 20:46:08,844 WARNING: Lỗi HTTP 429 - product id: 95914428, thử lại 1/3
2025-09-29 20:46:08,927 WARNING: Lỗi HTTP 429 - product id: 95938863, thử lại 1/3
2025-09-29 20:46:08,932 WARNING: Lỗi HTTP 429 - product id: 95940589, thử lại 1/3
2025-09-29 20:46:08,934 WARNING: Lỗi HTTP 429 - product id: 95942107, thử lại 1/3
2025-09-29 20:46:08,982 WARNING: Lỗi HTTP 429 - product id: 95170954, thử lại 2/3
2025-09-29 20:46:08,993 WARNING: Lỗi HTTP 429 - product id: 95944691, thử lại 1/3
2025-09-29 20:46:09,032 WARNING: Lỗi HTTP 429 - product id: 95966682, thử lại 1/3
2025-09-29 20:46:09,041 WARNING: Lỗi HTTP 429 - product id: 95969041, thử lại 1/3
2025-09-29 20:46:09,086 WARNING: Lỗi HTTP 429 - product id: 95973016, thử lại 1/3
2025-09-29 20:46:09,088 WARNING: Lỗi HTTP 429 - product id: 95977098, thử lại 1/3
2025-09-29 20:46:09,092 WARNING: Lỗi HTTP 429 - product id: 95983034, thử lại 1/3
2025-09-29 20:46:09,157 WARNING: Lỗi HTTP 429 - product id: 96013795, thử lại 1/3
2025-09-29 20:46:09,188 WARNING: Lỗi HTTP 429 - product id: 96024612, thử lại 1/3
2025-09-29 20:46:09,237 WARNING: Lỗi HTTP 429 - product id: 96037620, thử lại 1/3
2025-09-29 20:46:09,682 WARNING: Lỗi HTTP 429 - product id: 96133088, thử lại 1/3
2025-09-29 20:46:09,731 WARNING: Lỗi HTTP 429 - product id: 96147475, thử lại 1/3
2025-09-29 20:46:09,838 WARNING: Lỗi HTTP 429 - product id: 96148600, thử lại 1/3
2025-09-29 20:46:10,077 WARNING: Lỗi HTTP 429 - product id: 96186209, thử lại 1/3
2025-09-29 20:46:10,084 WARNING: Lỗi HTTP 429 - product id: 96189562, thử lại 1/3
2025-09-29 20:46:10,223 WARNING: Lỗi HTTP 429 - product id: 96222011, thử lại 1/3
2025-09-29 20:46:10,254 WARNING: Lỗi HTTP 429 - product id: 96224801, thử lại 1/3
2025-09-29 20:46:12,289 WARNING: Lỗi HTTP 429 - product id: 96013795, thử lại 2/3
2025-09-29 20:46:12,431 WARNING: Lỗi HTTP 429 - product id: 95137084, thử lại 1/3
2025-09-29 20:46:14,281 WARNING: Lỗi HTTP 429 - product id: 95293299, thử lại 1/3
2025-09-29 20:46:14,289 WARNING: Lỗi HTTP 429 - product id: 95294255, thử lại 1/3
2025-09-29 20:46:14,587 WARNING: Lỗi HTTP 429 - product id: 95330326, thử lại 1/3
2025-09-29 20:46:14,630 WARNING: Lỗi HTTP 429 - product id: 95334317, thử lại 1/3
2025-09-29 20:46:14,687 WARNING: Lỗi HTTP 429 - product id: 95393847, thử lại 1/3
2025-09-29 20:46:14,739 WARNING: Lỗi HTTP 429 - product id: 95466212, thử lại 1/3
2025-09-29 20:46:14,837 WARNING: Lỗi HTTP 429 - product id: 95473924, thử lại 1/3
2025-09-29 20:46:14,982 WARNING: Lỗi HTTP 429 - product id: 95510635, thử lại 1/3
2025-09-29 20:46:15,203 WARNING: Lỗi HTTP 404: Không tim thấy product id - product id: 95296908
2025-09-29 20:46:17,189 WARNING: Lỗi HTTP 429 - product id: 96061253, thử lại 1/3
2025-09-29 20:46:17,940 WARNING: Lỗi HTTP 429 - product id: 96155463, thử lại 1/3
2025-09-29 20:46:18,036 WARNING: Lỗi HTTP 429 - product id: 96196997, thử lại 1/3
2025-09-29 20:46:18,037 WARNING: Lỗi HTTP 429 - product id: 96190105, thử lại 1/3
2025-09-29 20:46:18,136 WARNING: Lỗi HTTP 429 - product id: 96224724, thử lại 1/3
2025-09-29 20:46:18,183 WARNING: Lỗi HTTP 429 - product id: 96225156, thử lại 1/3
2025-09-29 20:46:18,436 WARNING: Lỗi HTTP 429 - product id: 96289519, thử lại 1/3
2025-09-29 20:46:18,483 WARNING: Lỗi HTTP 429 - product id: 96291268, thử lại 1/3
2025-09-29 20:46:18,592 WARNING: Lỗi HTTP 429 - product id: 96304571, thử lại 1/3
2025-09-29 20:46:18,807 WARNING: Lỗi HTTP 429 - product id: 96311822, thử lại 1/3
2025-09-29 20:46:18,887 WARNING: Lỗi HTTP 429 - product id: 96312308, thử lại 1/3
2025-09-29 20:46:19,282 WARNING: Lỗi HTTP 429 - product id: 96333235, thử lại 1/3
2025-09-29 20:46:19,343 WARNING: Lỗi HTTP 429 - product id: 96335758, thử lại 1/3
2025-09-29 20:46:19,587 WARNING: Lỗi HTTP 429 - product id: 94956865, thử lại 1/3
2025-09-29 20:46:19,885 WARNING: Lỗi HTTP 429 - product id: 95011503, thử lại 1/3
2025-09-29 20:46:19,889 WARNING: Lỗi HTTP 429 - product id: 95013100, thử lại 1/3
2025-09-29 20:46:19,937 WARNING: Lỗi HTTP 429 - product id: 94876342, thử lại 1/3
2025-09-29 20:46:20,037 WARNING: Lỗi HTTP 429 - product id: 94895968, thử lại 1/3
2025-09-29 20:46:20,093 WARNING: Lỗi HTTP 429 - product id: 94936855, thử lại 1/3
2025-09-29 20:46:20,281 WARNING: Lỗi HTTP 429 - product id: 94998803, thử lại 1/3
2025-09-29 20:46:20,385 WARNING: Lỗi HTTP 429 - product id: 95006599, thử lại 1/3
2025-09-29 20:46:20,439 WARNING: Lỗi HTTP 429 - product id: 95014343, thử lại 1/3
2025-09-29 20:46:20,584 WARNING: Lỗi HTTP 429 - product id: 95035860, thử lại 1/3
2025-09-29 20:46:23,689 INFO: Đã commit batch 49 (1000 sản phẩm)
2025-09-29 20:46:23,713 INFO: Đã ghi 999 sản phẩm vào file /home/quannh/projects_de/Lab_01/output/products_batch_49_999_ids.csv
2025-09-29 20:46:23,749 INFO: Đã insert 999 sản phẩm từ file /home/quannh/projects_de/Lab_01/output/products_batch_49_999_ids.csv vào database PostgeSQL
2025-09-29 20:46:23,780 INFO: Đã update lại status của batch 50 về pending để tiến hành crawl lại batch
2025-09-29 20:46:23,791 INFO: Bắt đầu crawl batch 50 (1000 sản phẩm)
2025-09-29 20:46:25,702 WARNING: Lỗi HTTP 429 - product id: 96999800, thử lại 1/3
2025-09-29 20:46:26,955 WARNING: Lỗi HTTP 429 - product id: 97362229, thử lại 1/3
2025-09-29 20:46:27,251 WARNING: Lỗi HTTP 429 - product id: 97489111, thử lại 1/3
2025-09-29 20:46:27,399 WARNING: Lỗi HTTP 429 - product id: 97534899, thử lại 1/3
2025-09-29 20:46:27,808 WARNING: Lỗi HTTP 429 - product id: 97587677, thử lại 1/3
2025-09-29 20:46:27,895 WARNING: Lỗi HTTP 429 - product id: 97589199, thử lại 1/3
2025-09-29 20:46:27,899 WARNING: Lỗi HTTP 429 - product id: 97598665, thử lại 1/3
2025-09-29 20:46:28,202 WARNING: Lỗi HTTP 429 - product id: 97685645, thử lại 1/3
2025-09-29 20:46:28,939 WARNING: Lỗi HTTP 429 - product id: 97769647, thử lại 1/3
2025-09-29 20:46:29,003 WARNING: Lỗi HTTP 429 - product id: 97769756, thử lại 1/3
2025-09-29 20:46:29,216 WARNING: Lỗi HTTP 404: Không tim thấy product id - product id: 97708090
2025-09-29 20:46:31,727 WARNING: Lỗi HTTP 429 - product id: 96596989, thử lại 1/3
2025-09-29 20:46:32,472 WARNING: Lỗi HTTP 429 - product id: 96748405, thử lại 1/3
2025-09-29 20:46:32,721 WARNING: Lỗi HTTP 429 - product id: 96751796, thử lại 1/3
2025-09-29 20:46:32,722 WARNING: Lỗi HTTP 429 - product id: 96751957, thử lại 1/3
2025-09-29 20:46:33,062 WARNING: Lỗi HTTP 429 - product id: 96846925, thử lại 1/3
2025-09-29 20:46:33,229 WARNING: Lỗi HTTP 429 - product id: 96846936, thử lại 1/3
2025-09-29 20:46:33,229 WARNING: Lỗi HTTP 429 - product id: 96846957, thử lại 1/3
2025-09-29 20:46:36,491 WARNING: Lỗi HTTP 429 - product id: 97767982, thử lại 1/3
2025-09-29 20:46:38,904 WARNING: Lỗi HTTP 429 - product id: 96415758, thử lại 1/3
2025-09-29 20:46:38,982 WARNING: Lỗi HTTP 429 - product id: 96446709, thử lại 1/3
2025-09-29 20:46:39,148 WARNING: Lỗi HTTP 429 - product id: 96483132, thử lại 1/3
2025-09-29 20:46:39,447 WARNING: Lỗi HTTP 429 - product id: 96336089, thử lại 1/3
2025-09-29 20:46:39,549 WARNING: Lỗi HTTP 429 - product id: 96336202, thử lại 1/3
2025-09-29 20:46:42,661 INFO: Đã commit batch 50 (1000 sản phẩm)
2025-09-29 20:46:42,685 INFO: Đã ghi 999 sản phẩm vào file /home/quannh/projects_de/Lab_01/output/products_batch_50_999_ids.csv
2025-09-29 20:46:42,722 INFO: Đã insert 999 sản phẩm từ file /home/quannh/projects_de/Lab_01/output/products_batch_50_999_ids.csv vào database PostgeSQL
2025-09-29 20:46:42,753 INFO: Đã update lại status của batch 51 về pending để tiến hành crawl lại batch
2025-09-29 20:46:42,763 INFO: Bắt đầu crawl batch 51 (1000 sản phẩm)
2025-09-29 20:46:44,886 WARNING: Lỗi HTTP 429 - product id: 98335494, thử lại 1/3
2025-09-29 20:46:45,670 WARNING: Lỗi HTTP 429 - product id: 98369594, thử lại 1/3
2025-09-29 20:46:45,830 WARNING: Lỗi HTTP 429 - product id: 98370504, thử lại 1/3
2025-09-29 20:46:46,077 WARNING: Lỗi HTTP 429 - product id: 98372042, thử lại 1/3
2025-09-29 20:46:46,080 WARNING: Lỗi HTTP 429 - product id: 98371861, thử lại 1/3
2025-09-29 20:46:46,271 WARNING: Lỗi HTTP 429 - product id: 98564679, thử lại 1/3
2025-09-29 20:46:46,567 WARNING: Lỗi HTTP 429 - product id: 98604901, thử lại 1/3
2025-09-29 20:46:47,026 WARNING: Lỗi HTTP 429 - product id: 98640463, thử lại 1/3
2025-09-29 20:46:47,130 WARNING: Lỗi HTTP 429 - product id: 98640981, thử lại 1/3
2025-09-29 20:46:47,975 WARNING: Lỗi HTTP 429 - product id: 98735746, thử lại 1/3
2025-09-29 20:46:50,468 WARNING: Lỗi HTTP 429 - product id: 98021546, thử lại 1/3
2025-09-29 20:46:50,471 WARNING: Lỗi HTTP 429 - product id: 98025389, thử lại 1/3
2025-09-29 20:46:50,530 WARNING: Lỗi HTTP 429 - product id: 98031028, thử lại 1/3
2025-09-29 20:46:50,575 WARNING: Lỗi HTTP 429 - product id: 98039913, thử lại 1/3
2025-09-29 20:46:50,577 WARNING: Lỗi HTTP 429 - product id: 98047106, thử lại 1/3
2025-09-29 20:46:50,624 WARNING: Lỗi HTTP 429 - product id: 98053572, thử lại 1/3
2025-09-29 20:46:50,732 WARNING: Lỗi HTTP 429 - product id: 98059382, thử lại 1/3
2025-09-29 20:46:51,030 WARNING: Lỗi HTTP 429 - product id: 98071020, thử lại 1/3
2025-09-29 20:46:51,323 WARNING: Lỗi HTTP 429 - product id: 98087036, thử lại 1/3
2025-09-29 20:46:55,769 WARNING: Lỗi HTTP 429 - product id: 98625509, thử lại 1/3
2025-09-29 20:46:57,163 WARNING: Lỗi HTTP 429 - product id: 98761631, thử lại 1/3
2025-09-29 20:46:57,164 WARNING: Lỗi HTTP 429 - product id: 98761951, thử lại 1/3
2025-09-29 20:46:57,567 WARNING: Lỗi HTTP 429 - product id: 97900098, thử lại 1/3
2025-09-29 20:46:57,672 WARNING: Lỗi HTTP 429 - product id: 97901595, thử lại 1/3
2025-09-29 20:46:57,820 WARNING: Lỗi HTTP 429 - product id: 97932532, thử lại 1/3
2025-09-29 20:46:57,885 WARNING: Lỗi HTTP 429 - product id: 97942088, thử lại 1/3
2025-09-29 20:47:00,992 INFO: Đã commit batch 51 (1000 sản phẩm)
2025-09-29 20:47:01,017 INFO: Đã ghi 1000 sản phẩm vào file /home/quannh/projects_de/Lab_01/output/products_batch_51_1000_ids.csv
2025-09-29 20:47:01,054 INFO: Đã insert 1000 sản phẩm từ file /home/quannh/projects_de/Lab_01/output/products_batch_51_1000_ids.csv vào database PostgeSQL
2025-09-29 20:47:01,084 INFO: Đã update lại status của batch 52 về pending để tiến hành crawl lại batch
2025-09-29 20:47:01,094 INFO: Bắt đầu crawl batch 52 (1000 sản phẩm)
2025-09-29 20:47:02,651 WARNING: Lỗi HTTP 429 - product id: 99480384, thử lại 1/3
2025-09-29 20:47:02,808 WARNING: Lỗi HTTP 429 - product id: 99480942, thử lại 1/3
2025-09-29 20:47:02,856 WARNING: Lỗi HTTP 429 - product id: 99481420, thử lại 1/3
2025-09-29 20:47:03,805 WARNING: Lỗi HTTP 429 - product id: 99488584, thử lại 1/3
2025-09-29 20:47:04,005 WARNING: Lỗi HTTP 429 - product id: 99490247, thử lại 1/3
2025-09-29 20:47:04,055 WARNING: Lỗi HTTP 429 - product id: 99490283, thử lại 1/3
2025-09-29 20:47:04,201 WARNING: Lỗi HTTP 429 - product id: 99492409, thử lại 1/3
2025-09-29 20:47:04,209 WARNING: Lỗi HTTP 429 - product id: 99492460, thử lại 1/3
2025-09-29 20:47:04,254 WARNING: Lỗi HTTP 429 - product id: 99492977, thử lại 1/3
2025-09-29 20:47:04,264 WARNING: Lỗi HTTP 429 - product id: 99493034, thử lại 1/3
2025-09-29 20:47:04,305 WARNING: Lỗi HTTP 429 - product id: 99493571, thử lại 1/3
2025-09-29 20:47:04,350 WARNING: Lỗi HTTP 429 - product id: 99493750, thử lại 1/3
2025-09-29 20:47:04,449 WARNING: Lỗi HTTP 429 - product id: 99494257, thử lại 1/3
2025-09-29 20:47:04,453 WARNING: Lỗi HTTP 429 - product id: 99493993, thử lại 1/3
2025-09-29 20:47:04,501 WARNING: Lỗi HTTP 429 - product id: 99494415, thử lại 1/3
2025-09-29 20:47:04,549 WARNING: Lỗi HTTP 429 - product id: 99494956, thử lại 1/3
2025-09-29 20:47:04,559 WARNING: Lỗi HTTP 429 - product id: 99495049, thử lại 1/3
2025-09-29 20:47:04,604 WARNING: Lỗi HTTP 429 - product id: 99496355, thử lại 1/3
2025-09-29 20:47:04,654 WARNING: Lỗi HTTP 429 - product id: 99496484, thử lại 1/3
2025-09-29 20:47:04,655 WARNING: Lỗi HTTP 429 - product id: 99496672, thử lại 1/3
2025-09-29 20:47:05,542 WARNING: Lỗi HTTP 429 - product id: 99716937, thử lại 1/3
2025-09-29 20:47:05,554 WARNING: Lỗi HTTP 429 - product id: 99717247, thử lại 1/3
2025-09-29 20:47:05,948 WARNING: Lỗi HTTP 429 - product id: 99863067, thử lại 1/3
2025-09-29 20:47:06,012 WARNING: Lỗi HTTP 429 - product id: 99867566, thử lại 1/3
2025-09-29 20:47:06,107 WARNING: Lỗi HTTP 429 - product id: 99906955, thử lại 1/3
2025-09-29 20:47:06,505 WARNING: Lỗi HTTP 429 - product id: 99992797, thử lại 1/3
2025-09-29 20:47:06,649 WARNING: Lỗi HTTP 429 - product id: 100031904, thử lại 1/3
2025-09-29 20:47:06,712 WARNING: Lỗi HTTP 429 - product id: 100067218, thử lại 1/3
2025-09-29 20:47:06,875 WARNING: Lỗi HTTP 429 - product id: 100103437, thử lại 1/3
2025-09-29 20:47:07,455 WARNING: Lỗi HTTP 429 - product id: 99055876, thử lại 1/3
2025-09-29 20:47:07,457 WARNING: Lỗi HTTP 429 - product id: 99055835, thử lại 1/3
2025-09-29 20:47:07,496 WARNING: Lỗi HTTP 429 - product id: 99072112, thử lại 1/3
2025-09-29 20:47:07,552 WARNING: Lỗi HTTP 429 - product id: 99081935, thử lại 1/3
2025-09-29 20:47:07,712 WARNING: Lỗi HTTP 429 - product id: 99097791, thử lại 1/3
2025-09-29 20:47:08,752 WARNING: Lỗi HTTP 429 - product id: 99220400, thử lại 1/3
2025-09-29 20:47:08,853 WARNING: Lỗi HTTP 429 - product id: 99316944, thử lại 1/3
2025-09-29 20:47:09,098 WARNING: Lỗi HTTP 429 - product id: 99410257, thử lại 1/3
2025-09-29 20:47:09,107 WARNING: Lỗi HTTP 429 - product id: 99867566, thử lại 2/3
2025-09-29 20:47:09,195 WARNING: Lỗi HTTP 429 - product id: 99906955, thử lại 2/3
2025-09-29 20:47:09,306 WARNING: Lỗi HTTP 429 - product id: 99478917, thử lại 1/3
2025-09-29 20:47:09,401 WARNING: Lỗi HTTP 429 - product id: 99479264, thử lại 1/3
2025-09-29 20:47:09,447 WARNING: Lỗi HTTP 429 - product id: 99479817, thử lại 1/3
2025-09-29 20:47:10,349 WARNING: Lỗi HTTP 429 - product id: 99484417, thử lại 1/3
2025-09-29 20:47:10,409 WARNING: Lỗi HTTP 429 - product id: 99484923, thử lại 1/3
2025-09-29 20:47:12,255 WARNING: Lỗi HTTP 429 - product id: 99496700, thử lại 1/3
2025-09-29 20:47:12,346 WARNING: Lỗi HTTP 429 - product id: 99497759, thử lại 1/3
2025-09-29 20:47:12,353 WARNING: Lỗi HTTP 429 - product id: 99497790, thử lại 1/3
2025-09-29 20:47:12,406 WARNING: Lỗi HTTP 429 - product id: 99511543, thử lại 1/3
2025-09-29 20:47:13,352 WARNING: Lỗi HTTP 429 - product id: 99718692, thử lại 1/3
2025-09-29 20:47:13,404 WARNING: Lỗi HTTP 429 - product id: 99834190, thử lại 1/3
2025-09-29 20:47:13,512 WARNING: Lỗi HTTP 429 - product id: 99838520, thử lại 1/3
2025-09-29 20:47:13,548 WARNING: Lỗi HTTP 429 - product id: 99838541, thử lại 1/3
2025-09-29 20:47:13,648 WARNING: Lỗi HTTP 429 - product id: 99852905, thử lại 1/3
2025-09-29 20:47:16,201 WARNING: Lỗi HTTP 429 - product id: 98975127, thử lại 1/3
2025-09-29 20:47:16,303 WARNING: Lỗi HTTP 429 - product id: 98862530, thử lại 1/3
2025-09-29 20:47:16,559 WARNING: Lỗi HTTP 429 - product id: 99718692, thử lại 2/3
2025-09-29 20:47:22,687 INFO: Đã commit batch 52 (1000 sản phẩm)
2025-09-29 20:47:22,710 INFO: Đã ghi 1000 sản phẩm vào file /home/quannh/projects_de/Lab_01/output/products_batch_52_1000_ids.csv
2025-09-29 20:47:22,743 INFO: Đã insert 1000 sản phẩm từ file /home/quannh/projects_de/Lab_01/output/products_batch_52_1000_ids.csv vào database PostgeSQL
2025-09-29 20:47:22,773 INFO: Đã update lại status của batch 53 về pending để tiến hành crawl lại batch
2025-09-29 20:47:22,783 INFO: Bắt đầu crawl batch 53 (1000 sản phẩm)
2025-09-29 20:47:25,102 WARNING: Lỗi HTTP 429 - product id: 100610513, thử lại 1/3
2025-09-29 20:47:25,295 WARNING: Lỗi HTTP 429 - product id: 100627707, thử lại 1/3
2025-09-29 20:47:25,950 WARNING: Lỗi HTTP 429 - product id: 100912790, thử lại 1/3
2025-09-29 20:47:25,990 WARNING: Lỗi HTTP 429 - product id: 100930232, thử lại 1/3
2025-09-29 20:47:26,053 WARNING: Lỗi HTTP 429 - product id: 100931641, thử lại 1/3
2025-09-29 20:47:26,854 WARNING: Lỗi HTTP 429 - product id: 101037297, thử lại 1/3
2025-09-29 20:47:27,550 WARNING: Lỗi HTTP 429 - product id: 101189873, thử lại 1/3
2025-09-29 20:47:28,504 WARNING: Lỗi HTTP 429 - product id: 101279008, thử lại 1/3
2025-09-29 20:47:28,546 WARNING: Lỗi HTTP 429 - product id: 101279208, thử lại 1/3
2025-09-29 20:47:28,749 WARNING: Lỗi HTTP 429 - product id: 101281041, thử lại 1/3
2025-09-29 20:47:28,751 WARNING: Lỗi HTTP 429 - product id: 101281211, thử lại 1/3
2025-09-29 20:47:28,890 WARNING: Lỗi HTTP 429 - product id: 101301033, thử lại 1/3
2025-09-29 20:47:28,892 WARNING: Lỗi HTTP 429 - product id: 101302183, thử lại 1/3
2025-09-29 20:47:28,952 WARNING: Lỗi HTTP 429 - product id: 101310597, thử lại 1/3
2025-09-29 20:47:28,993 WARNING: Lỗi HTTP 429 - product id: 101335733, thử lại 1/3
2025-09-29 20:47:29,153 WARNING: Lỗi HTTP 429 - product id: 101353866, thử lại 1/3
2025-09-29 20:47:29,644 WARNING: Lỗi HTTP 429 - product id: 100272582, thử lại 1/3
2025-09-29 20:47:29,947 WARNING: Lỗi HTTP 429 - product id: 100300321, thử lại 1/3
2025-09-29 20:47:30,015 WARNING: Lỗi HTTP 429 - product id: 100301466, thử lại 1/3
2025-09-29 20:47:30,067 WARNING: Lỗi HTTP 429 - product id: 100301849, thử lại 1/3
2025-09-29 20:47:30,068 WARNING: Lỗi HTTP 429 - product id: 100307674, thử lại 1/3
2025-09-29 20:47:30,198 WARNING: Lỗi HTTP 429 - product id: 100367154, thử lại 1/3
2025-09-29 20:47:30,291 WARNING: Lỗi HTTP 429 - product id: 100373912, thử lại 1/3
2025-09-29 20:47:30,302 WARNING: Lỗi HTTP 429 - product id: 100375973, thử lại 1/3
2025-09-29 20:47:30,349 WARNING: Lỗi HTTP 429 - product id: 100395857, thử lại 1/3
2025-09-29 20:47:30,692 WARNING: Lỗi HTTP 429 - product id: 100461824, thử lại 1/3
2025-09-29 20:47:31,062 WARNING: Lỗi HTTP 404: Không tim thấy product id - product id: 100319951
2025-09-29 20:47:31,554 WARNING: Lỗi HTTP 429 - product id: 100465455, thử lại 1/3
2025-09-29 20:47:33,151 WARNING: Lỗi HTTP 429 - product id: 100610102, thử lại 1/3
2025-09-29 20:47:35,190 WARNING: Lỗi HTTP 429 - product id: 101145456, thử lại 1/3
2025-09-29 20:47:35,261 WARNING: Lỗi HTTP 429 - product id: 101166330, thử lại 1/3
2025-09-29 20:47:36,103 WARNING: Lỗi HTTP 429 - product id: 101253129, thử lại 1/3
2025-09-29 20:47:36,198 WARNING: Lỗi HTTP 429 - product id: 101266706, thử lại 1/3
2025-09-29 20:47:36,267 WARNING: Lỗi HTTP 429 - product id: 101269863, thử lại 1/3
2025-09-29 20:47:36,462 WARNING: Lỗi HTTP 429 - product id: 101278927, thử lại 1/3
2025-09-29 20:47:36,620 WARNING: Lỗi HTTP 429 - product id: 101281094, thử lại 1/3
2025-09-29 20:47:36,834 WARNING: Lỗi HTTP 429 - product id: 101317468, thử lại 1/3
2025-09-29 20:47:37,157 WARNING: Lỗi HTTP 429 - product id: 100148783, thử lại 1/3
2025-09-29 20:47:37,167 WARNING: Lỗi HTTP 429 - product id: 100148889, thử lại 1/3
2025-09-29 20:47:37,237 WARNING: Lỗi HTTP 429 - product id: 100158601, thử lại 1/3
2025-09-29 20:47:37,311 WARNING: Lỗi HTTP 429 - product id: 100182035, thử lại 1/3
2025-09-29 20:47:38,603 WARNING: Lỗi HTTP 429 - product id: 100248432, thử lại 1/3
2025-09-29 20:47:38,639 WARNING: Lỗi HTTP 429 - product id: 100248439, thử lại 1/3
2025-09-29 20:47:41,749 INFO: Đã commit batch 53 (1000 sản phẩm)
2025-09-29 20:47:41,774 INFO: Đã ghi 999 sản phẩm vào file /home/quannh/projects_de/Lab_01/output/products_batch_53_999_ids.csv
2025-09-29 20:47:41,812 INFO: Đã insert 999 sản phẩm từ file /home/quannh/projects_de/Lab_01/output/products_batch_53_999_ids.csv vào database PostgeSQL
2025-09-29 20:47:41,843 INFO: Đã update lại status của batch 54 về pending để tiến hành crawl lại batch
2025-09-29 20:47:41,853 INFO: Bắt đầu crawl batch 54 (1000 sản phẩm)
2025-09-29 20:47:41,928 WARNING: Lỗi HTTP 429 - product id: 101579352, thử lại 1/3
2025-09-29 20:47:41,929 WARNING: Lỗi HTTP 429 - product id: 101552463, thử lại 1/3
2025-09-29 20:47:43,356 WARNING: Lỗi HTTP 429 - product id: 101842680, thử lại 1/3
2025-09-29 20:47:43,368 WARNING: Lỗi HTTP 429 - product id: 101847478, thử lại 1/3
2025-09-29 20:47:43,419 WARNING: Lỗi HTTP 429 - product id: 101852353, thử lại 1/3
2025-09-29 20:47:43,456 WARNING: Lỗi HTTP 429 - product id: 101860397, thử lại 1/3
2025-09-29 20:47:43,457 WARNING: Lỗi HTTP 429 - product id: 101862839, thử lại 1/3
2025-09-29 20:47:43,561 WARNING: Lỗi HTTP 429 - product id: 101905975, thử lại 1/3
2025-09-29 20:47:43,665 WARNING: Lỗi HTTP 429 - product id: 101934189, thử lại 1/3
2025-09-29 20:47:44,114 WARNING: Lỗi HTTP 429 - product id: 101990600, thử lại 1/3
2025-09-29 20:47:44,201 WARNING: Lỗi HTTP 429 - product id: 102013807, thử lại 1/3
2025-09-29 20:47:44,263 WARNING: Lỗi HTTP 429 - product id: 102018098, thử lại 1/3
2025-09-29 20:47:44,312 WARNING: Lỗi HTTP 429 - product id: 102019740, thử lại 1/3
2025-09-29 20:47:44,561 WARNING: Lỗi HTTP 429 - product id: 102050081, thử lại 1/3
2025-09-29 20:47:44,657 WARNING: Lỗi HTTP 429 - product id: 102077607, thử lại 1/3
2025-09-29 20:47:45,014 WARNING: Lỗi HTTP 429 - product id: 102110065, thử lại 1/3
2025-09-29 20:47:45,113 WARNING: Lỗi HTTP 429 - product id: 102117240, thử lại 1/3
2025-09-29 20:47:45,114 WARNING: Lỗi HTTP 429 - product id: 102116534, thử lại 1/3
2025-09-29 20:47:45,180 WARNING: Lỗi HTTP 429 - product id: 102120764, thử lại 1/3
2025-09-29 20:47:45,215 WARNING: Lỗi HTTP 429 - product id: 102121198, thử lại 1/3
2025-09-29 20:47:45,216 WARNING: Lỗi HTTP 429 - product id: 102123615, thử lại 1/3
2025-09-29 20:47:45,766 WARNING: Lỗi HTTP 429 - product id: 102142953, thử lại 1/3
2025-09-29 20:47:46,161 WARNING: Lỗi HTTP 429 - product id: 102262139, thử lại 1/3
2025-09-29 20:47:46,811 WARNING: Lỗi HTTP 429 - product id: 102504360, thử lại 1/3
2025-09-29 20:47:47,662 WARNING: Lỗi HTTP 429 - product id: 102600605, thử lại 1/3
2025-09-29 20:47:47,750 WARNING: Lỗi HTTP 429 - product id: 102630346, thử lại 1/3
2025-09-29 20:47:48,426 WARNING: Lỗi HTTP 404: Không tim thấy product id - product id: 102638291
2025-09-29 20:47:48,458 WARNING: Lỗi HTTP 429 - product id: 102768827, thử lại 1/3
2025-09-29 20:47:48,812 WARNING: Lỗi HTTP 429 - product id: 102824977, thử lại 1/3
2025-09-29 20:47:48,813 WARNING: Lỗi HTTP 429 - product id: 102832692, thử lại 1/3
2025-09-29 20:47:49,117 WARNING: Lỗi HTTP 429 - product id: 102872897, thử lại 1/3
2025-09-29 20:47:49,330 WARNING: Lỗi HTTP 404: Không tim thấy product id - product id: 102797694
2025-09-29 20:47:51,613 WARNING: Lỗi HTTP 429 - product id: 101861842, thử lại 1/3
2025-09-29 20:47:51,652 WARNING: Lỗi HTTP 429 - product id: 101869704, thử lại 1/3
2025-09-29 20:47:51,710 WARNING: Lỗi HTTP 429 - product id: 101902930, thử lại 1/3
2025-09-29 20:47:51,807 WARNING: Lỗi HTTP 429 - product id: 101913836, thử lại 1/3
2025-09-29 20:47:53,864 WARNING: Lỗi HTTP 429 - product id: 102172924, thử lại 1/3
2025-09-29 20:47:53,910 WARNING: Lỗi HTTP 429 - product id: 102173343, thử lại 1/3
2025-09-29 20:47:54,013 WARNING: Lỗi HTTP 429 - product id: 102378425, thử lại 1/3
2025-09-29 20:47:54,106 WARNING: Lỗi HTTP 429 - product id: 102420190, thử lại 1/3
2025-09-29 20:47:54,310 WARNING: Lỗi HTTP 429 - product id: 102481058, thử lại 1/3
2025-09-29 20:47:54,357 WARNING: Lỗi HTTP 429 - product id: 102485620, thử lại 1/3
2025-09-29 20:47:54,401 WARNING: Lỗi HTTP 429 - product id: 102497190, thử lại 1/3
2025-09-29 20:47:54,866 WARNING: Lỗi HTTP 429 - product id: 102559304, thử lại 1/3
2025-09-29 20:47:54,949 WARNING: Lỗi HTTP 429 - product id: 102563308, thử lại 1/3
2025-09-29 20:47:55,011 WARNING: Lỗi HTTP 429 - product id: 102567665, thử lại 1/3
2025-09-29 20:47:55,317 WARNING: Lỗi HTTP 429 - product id: 102573376, thử lại 1/3
2025-09-29 20:47:55,317 WARNING: Lỗi HTTP 429 - product id: 102573315, thử lại 1/3
2025-09-29 20:47:57,111 WARNING: Lỗi HTTP 429 - product id: 101367438, thử lại 1/3
2025-09-29 20:47:57,208 WARNING: Lỗi HTTP 429 - product id: 101410012, thử lại 1/3
2025-09-29 20:47:57,306 WARNING: Lỗi HTTP 429 - product id: 101456420, thử lại 1/3
2025-09-29 20:47:57,413 WARNING: Lỗi HTTP 429 - product id: 101456647, thử lại 1/3
2025-09-29 20:48:00,540 INFO: Đã commit batch 54 (1000 sản phẩm)
2025-09-29 20:48:00,565 INFO: Đã ghi 998 sản phẩm vào file /home/quannh/projects_de/Lab_01/output/products_batch_54_998_ids.csv
2025-09-29 20:48:00,605 INFO: Đã insert 998 sản phẩm từ file /home/quannh/projects_de/Lab_01/output/products_batch_54_998_ids.csv vào database PostgeSQL
2025-09-29 20:48:00,635 INFO: Đã update lại status của batch 55 về pending để tiến hành crawl lại batch
2025-09-29 20:48:00,645 INFO: Bắt đầu crawl batch 55 (1000 sản phẩm)
2025-09-29 20:48:01,013 WARNING: Lỗi HTTP 429 - product id: 103097636, thử lại 1/3
2025-09-29 20:48:01,014 WARNING: Lỗi HTTP 429 - product id: 103097687, thử lại 1/3
2025-09-29 20:48:01,110 WARNING: Lỗi HTTP 429 - product id: 103098127, thử lại 1/3
2025-09-29 20:48:01,112 WARNING: Lỗi HTTP 429 - product id: 103098139, thử lại 1/3
2025-09-29 20:48:01,229 WARNING: Lỗi HTTP 429 - product id: 103098296, thử lại 1/3
2025-09-29 20:48:01,309 WARNING: Lỗi HTTP 429 - product id: 103098669, thử lại 1/3
2025-09-29 20:48:01,312 WARNING: Lỗi HTTP 429 - product id: 103098777, thử lại 1/3
2025-09-29 20:48:01,366 WARNING: Lỗi HTTP 429 - product id: 103098800, thử lại 1/3
2025-09-29 20:48:01,414 WARNING: Lỗi HTTP 429 - product id: 103101854, thử lại 1/3
2025-09-29 20:48:01,535 WARNING: Lỗi HTTP 429 - product id: 103102769, thử lại 1/3
2025-09-29 20:48:01,566 WARNING: Lỗi HTTP 429 - product id: 103102783, thử lại 1/3
2025-09-29 20:48:01,662 WARNING: Lỗi HTTP 429 - product id: 103105016, thử lại 1/3
2025-09-29 20:48:02,015 WARNING: Lỗi HTTP 429 - product id: 103216995, thử lại 1/3
2025-09-29 20:48:02,118 WARNING: Lỗi HTTP 429 - product id: 103234095, thử lại 1/3
2025-09-29 20:48:02,917 WARNING: Lỗi HTTP 429 - product id: 103319088, thử lại 1/3
2025-09-29 20:48:02,920 WARNING: Lỗi HTTP 429 - product id: 103306690, thử lại 1/3
2025-09-29 20:48:02,957 WARNING: Lỗi HTTP 429 - product id: 103327133, thử lại 1/3
2025-09-29 20:48:03,011 WARNING: Lỗi HTTP 429 - product id: 103336304, thử lại 1/3
2025-09-29 20:48:03,468 WARNING: Lỗi HTTP 429 - product id: 103392298, thử lại 1/3
2025-09-29 20:48:07,457 WARNING: Lỗi HTTP 429 - product id: 103886767, thử lại 1/3
2025-09-29 20:48:12,904 WARNING: Lỗi HTTP 429 - product id: 103472708, thử lại 1/3
2025-09-29 20:48:13,004 WARNING: Lỗi HTTP 429 - product id: 103472840, thử lại 1/3
2025-09-29 20:48:13,073 WARNING: Lỗi HTTP 429 - product id: 103473006, thử lại 1/3
2025-09-29 20:48:13,155 WARNING: Lỗi HTTP 429 - product id: 103473246, thử lại 1/3
2025-09-29 20:48:14,111 WARNING: Lỗi HTTP 429 - product id: 103596531, thử lại 1/3
2025-09-29 20:48:17,604 INFO: Đã commit batch 55 (1000 sản phẩm)
2025-09-29 20:48:17,625 INFO: Đã ghi 1000 sản phẩm vào file /home/quannh/projects_de/Lab_01/output/products_batch_55_1000_ids.csv
2025-09-29 20:48:17,655 INFO: Đã insert 1000 sản phẩm từ file /home/quannh/projects_de/Lab_01/output/products_batch_55_1000_ids.csv vào database PostgeSQL
2025-09-29 20:48:17,685 INFO: Đã update lại status của batch 56 về pending để tiến hành crawl lại batch
2025-09-29 20:48:17,695 INFO: Bắt đầu crawl batch 56 (1000 sản phẩm)
2025-09-29 20:48:19,602 WARNING: Lỗi HTTP 429 - product id: 104185147, thử lại 1/3
2025-09-29 20:48:19,708 WARNING: Lỗi HTTP 429 - product id: 104209062, thử lại 1/3
2025-09-29 20:48:20,255 WARNING: Lỗi HTTP 429 - product id: 104394414, thử lại 1/3
2025-09-29 20:48:20,354 WARNING: Lỗi HTTP 429 - product id: 104406776, thử lại 1/3
2025-09-29 20:48:21,362 WARNING: Lỗi HTTP 429 - product id: 104526603, thử lại 1/3
2025-09-29 20:48:21,663 WARNING: Lỗi HTTP 429 - product id: 104551695, thử lại 1/3
2025-09-29 20:48:22,458 WARNING: Lỗi HTTP 429 - product id: 104703370, thử lại 1/3
2025-09-29 20:48:22,563 WARNING: Lỗi HTTP 429 - product id: 104705064, thử lại 1/3
2025-09-29 20:48:22,659 WARNING: Lỗi HTTP 429 - product id: 104705302, thử lại 1/3
2025-09-29 20:48:22,812 WARNING: Lỗi HTTP 429 - product id: 104707208, thử lại 1/3
2025-09-29 20:48:23,659 WARNING: Lỗi HTTP 429 - product id: 104739784, thử lại 1/3
2025-09-29 20:48:24,261 WARNING: Lỗi HTTP 429 - product id: 104762996, thử lại 1/3
2025-09-29 20:48:24,311 WARNING: Lỗi HTTP 429 - product id: 104794757, thử lại 1/3
2025-09-29 20:48:24,356 WARNING: Lỗi HTTP 429 - product id: 104802291, thử lại 1/3
2025-09-29 20:48:24,450 WARNING: Lỗi HTTP 429 - product id: 104811838, thử lại 1/3
2025-09-29 20:48:24,451 WARNING: Lỗi HTTP 429 - product id: 104811913, thử lại 1/3
2025-09-29 20:48:24,458 WARNING: Lỗi HTTP 429 - product id: 104811951, thử lại 1/3
2025-09-29 20:48:24,557 WARNING: Lỗi HTTP 429 - product id: 104843176, thử lại 1/3
2025-09-29 20:48:27,818 WARNING: Lỗi HTTP 404: Không tim thấy product id - product id: 104792902
2025-09-29 20:48:27,872 WARNING: Lỗi HTTP 404: Không tim thấy product id - product id: 104791896
2025-09-29 20:48:28,374 WARNING: Lỗi HTTP 404: Không tim thấy product id - product id: 104794757
2025-09-29 20:48:28,607 WARNING: Lỗi HTTP 429 - product id: 103983104, thử lại 1/3
2025-09-29 20:48:28,909 WARNING: Lỗi HTTP 429 - product id: 104064242, thử lại 1/3
2025-09-29 20:48:29,910 WARNING: Lỗi HTTP 429 - product id: 104167671, thử lại 1/3
2025-09-29 20:48:29,956 WARNING: Lỗi HTTP 429 - product id: 104168446, thử lại 1/3
2025-09-29 20:48:29,959 WARNING: Lỗi HTTP 429 - product id: 104168033, thử lại 1/3
2025-09-29 20:48:30,004 WARNING: Lỗi HTTP 429 - product id: 104169868, thử lại 1/3
2025-09-29 20:48:34,560 INFO: Đã commit batch 56 (1000 sản phẩm)
2025-09-29 20:48:34,586 INFO: Đã ghi 997 sản phẩm vào file /home/quannh/projects_de/Lab_01/output/products_batch_56_997_ids.csv
2025-09-29 20:48:34,623 INFO: Đã insert 997 sản phẩm từ file /home/quannh/projects_de/Lab_01/output/products_batch_56_997_ids.csv vào database PostgeSQL
2025-09-29 20:48:34,654 INFO: Đã update lại status của batch 57 về pending để tiến hành crawl lại batch
2025-09-29 20:48:34,664 INFO: Bắt đầu crawl batch 57 (1000 sản phẩm)
2025-09-29 20:48:35,322 WARNING: Lỗi HTTP 429 - product id: 105211516, thử lại 1/3
2025-09-29 20:48:35,418 WARNING: Lỗi HTTP 429 - product id: 105228658, thử lại 1/3
2025-09-29 20:48:35,420 WARNING: Lỗi HTTP 429 - product id: 105232595, thử lại 1/3
2025-09-29 20:48:35,724 WARNING: Lỗi HTTP 429 - product id: 105249243, thử lại 1/3
2025-09-29 20:48:35,731 WARNING: Lỗi HTTP 429 - product id: 105249473, thử lại 1/3
2025-09-29 20:48:35,778 WARNING: Lỗi HTTP 429 - product id: 105258402, thử lại 1/3
2025-09-29 20:48:35,824 WARNING: Lỗi HTTP 429 - product id: 105265399, thử lại 1/3
2025-09-29 20:48:35,973 WARNING: Lỗi HTTP 429 - product id: 105327246, thử lại 1/3
2025-09-29 20:48:35,976 WARNING: Lỗi HTTP 429 - product id: 105327296, thử lại 1/3
2025-09-29 20:48:36,025 WARNING: Lỗi HTTP 429 - product id: 105327332, thử lại 1/3
2025-09-29 20:48:36,876 WARNING: Lỗi HTTP 429 - product id: 105795139, thử lại 1/3
2025-09-29 20:48:36,920 WARNING: Lỗi HTTP 429 - product id: 105795165, thử lại 1/3
2025-09-29 20:48:37,017 WARNING: Lỗi HTTP 429 - product id: 105795196, thử lại 1/3
2025-09-29 20:48:37,018 WARNING: Lỗi HTTP 429 - product id: 105795198, thử lại 1/3
2025-09-29 20:48:37,123 WARNING: Lỗi HTTP 429 - product id: 105800013, thử lại 1/3
2025-09-29 20:48:37,375 WARNING: Lỗi HTTP 429 - product id: 105801316, thử lại 1/3
2025-09-29 20:48:40,175 WARNING: Lỗi HTTP 429 - product id: 105665340, thử lại 1/3
2025-09-29 20:48:40,227 WARNING: Lỗi HTTP 429 - product id: 105671803, thử lại 1/3
2025-09-29 20:48:40,273 WARNING: Lỗi HTTP 429 - product id: 105673249, thử lại 1/3
2025-09-29 20:48:40,323 WARNING: Lỗi HTTP 429 - product id: 105675472, thử lại 1/3
2025-09-29 20:48:40,324 WARNING: Lỗi HTTP 429 - product id: 105674106, thử lại 1/3
2025-09-29 20:48:40,379 WARNING: Lỗi HTTP 429 - product id: 105800013, thử lại 2/3
2025-09-29 20:48:40,389 WARNING: Lỗi HTTP 429 - product id: 105689458, thử lại 1/3
2025-09-29 20:48:40,395 WARNING: Lỗi HTTP 429 - product id: 105690821, thử lại 1/3
2025-09-29 20:48:40,423 WARNING: Lỗi HTTP 429 - product id: 105691585, thử lại 1/3
2025-09-29 20:48:40,433 WARNING: Lỗi HTTP 429 - product id: 105690837, thử lại 1/3
2025-09-29 20:48:40,441 WARNING: Lỗi HTTP 429 - product id: 105692412, thử lại 1/3
2025-09-29 20:48:40,461 WARNING: Lỗi HTTP 429 - product id: 105693349, thử lại 1/3
2025-09-29 20:48:40,475 WARNING: Lỗi HTTP 429 - product id: 105694023, thử lại 1/3
2025-09-29 20:48:40,522 WARNING: Lỗi HTTP 429 - product id: 105801316, thử lại 2/3
2025-09-29 20:48:40,631 WARNING: Lỗi HTTP 429 - product id: 105712159, thử lại 1/3
2025-09-29 20:48:40,671 WARNING: Lỗi HTTP 429 - product id: 105712482, thử lại 1/3
2025-09-29 20:48:40,671 WARNING: Lỗi HTTP 429 - product id: 105712803, thử lại 1/3
2025-09-29 20:48:42,644 WARNING: Lỗi HTTP 404: Không tim thấy product id - product id: 104908913
2025-09-29 20:48:43,369 WARNING: Lỗi HTTP 429 - product id: 105673249, thử lại 2/3
2025-09-29 20:48:43,374 WARNING: Lỗi HTTP 429 - product id: 105087103, thử lại 1/3
2025-09-29 20:48:43,423 WARNING: Lỗi HTTP 429 - product id: 105675472, thử lại 2/3
2025-09-29 20:48:43,432 WARNING: Lỗi HTTP 429 - product id: 105674106, thử lại 2/3
2025-09-29 20:48:43,436 WARNING: Lỗi HTTP 429 - product id: 105099680, thử lại 1/3
2025-09-29 20:48:43,531 WARNING: Lỗi HTTP 429 - product id: 105692412, thử lại 2/3
2025-09-29 20:48:43,577 WARNING: Lỗi HTTP 429 - product id: 105693349, thử lại 2/3
2025-09-29 20:48:43,719 WARNING: Lỗi HTTP 429 - product id: 105045533, thử lại 1/3
2025-09-29 20:48:43,827 WARNING: Lỗi HTTP 429 - product id: 105085576, thử lại 1/3
2025-09-29 20:48:43,873 WARNING: Lỗi HTTP 429 - product id: 105087197, thử lại 1/3
2025-09-29 20:48:43,929 WARNING: Lỗi HTTP 429 - product id: 105104174, thử lại 1/3
2025-09-29 20:48:47,170 WARNING: Lỗi HTTP 429 - product id: 105239595, thử lại 1/3
2025-09-29 20:48:47,324 WARNING: Lỗi HTTP 429 - product id: 105248639, thử lại 1/3
2025-09-29 20:48:47,533 WARNING: Lỗi HTTP 429 - product id: 105307158, thử lại 1/3
2025-09-29 20:48:47,726 WARNING: Lỗi HTTP 429 - product id: 105327190, thử lại 1/3
2025-09-29 20:48:47,773 WARNING: Lỗi HTTP 429 - product id: 105327417, thử lại 1/3
2025-09-29 20:48:47,830 WARNING: Lỗi HTTP 429 - product id: 105336157, thử lại 1/3
2025-09-29 20:48:47,870 WARNING: Lỗi HTTP 429 - product id: 105336426, thử lại 1/3
2025-09-29 20:48:47,973 WARNING: Lỗi HTTP 429 - product id: 105337557, thử lại 1/3
2025-09-29 20:48:48,028 WARNING: Lỗi HTTP 429 - product id: 105341263, thử lại 1/3
2025-09-29 20:48:48,029 WARNING: Lỗi HTTP 429 - product id: 105342410, thử lại 1/3
2025-09-29 20:48:48,095 WARNING: Lỗi HTTP 429 - product id: 105358953, thử lại 1/3
2025-09-29 20:48:48,122 WARNING: Lỗi HTTP 429 - product id: 105361832, thử lại 1/3
2025-09-29 20:48:48,174 WARNING: Lỗi HTTP 429 - product id: 105371934, thử lại 1/3
2025-09-29 20:48:48,530 WARNING: Lỗi HTTP 429 - product id: 105520556, thử lại 1/3
2025-09-29 20:48:49,173 WARNING: Lỗi HTTP 429 - product id: 105800199, thử lại 1/3
2025-09-29 20:48:49,237 WARNING: Lỗi HTTP 429 - product id: 105801227, thử lại 1/3
2025-09-29 20:48:49,670 WARNING: Lỗi HTTP 429 - product id: 105924762, thử lại 1/3
2025-09-29 20:48:50,331 WARNING: Lỗi HTTP 429 - product id: 106003524, thử lại 1/3
2025-09-29 20:48:50,420 WARNING: Lỗi HTTP 429 - product id: 106007098, thử lại 1/3
2025-09-29 20:48:53,535 INFO: Đã commit batch 57 (1000 sản phẩm)
2025-09-29 20:48:53,557 INFO: Đã ghi 999 sản phẩm vào file /home/quannh/projects_de/Lab_01/output/products_batch_57_999_ids.csv
2025-09-29 20:48:53,587 INFO: Đã insert 999 sản phẩm từ file /home/quannh/projects_de/Lab_01/output/products_batch_57_999_ids.csv vào database PostgeSQL
2025-09-29 20:48:53,617 INFO: Đã update lại status của batch 58 về pending để tiến hành crawl lại batch
2025-09-29 20:48:53,627 INFO: Bắt đầu crawl batch 58 (1000 sản phẩm)
2025-09-29 20:48:53,837 WARNING: Lỗi HTTP 429 - product id: 106320906, thử lại 1/3
2025-09-29 20:48:53,922 WARNING: Lỗi HTTP 429 - product id: 106349981, thử lại 1/3
2025-09-29 20:48:54,049 WARNING: Lỗi HTTP 404: Không tim thấy product id - product id: 106242035
2025-09-29 20:48:54,441 WARNING: Lỗi HTTP 429 - product id: 106503232, thử lại 1/3
2025-09-29 20:48:54,888 WARNING: Lỗi HTTP 429 - product id: 106585399, thử lại 1/3
2025-09-29 20:48:54,929 WARNING: Lỗi HTTP 429 - product id: 106588168, thử lại 1/3
2025-09-29 20:48:54,937 WARNING: Lỗi HTTP 429 - product id: 106591596, thử lại 1/3
2025-09-29 20:48:55,440 WARNING: Lỗi HTTP 429 - product id: 106990580, thử lại 1/3
2025-09-29 20:48:56,037 WARNING: Lỗi HTTP 429 - product id: 107041991, thử lại 1/3
2025-09-29 20:48:56,227 WARNING: Lỗi HTTP 429 - product id: 107076498, thử lại 1/3
2025-09-29 20:48:56,230 WARNING: Lỗi HTTP 429 - product id: 107076531, thử lại 1/3
2025-09-29 20:48:56,240 WARNING: Lỗi HTTP 429 - product id: 107077754, thử lại 1/3
2025-09-29 20:48:56,296 WARNING: Lỗi HTTP 429 - product id: 107094013, thử lại 1/3
2025-09-29 20:48:56,300 WARNING: Lỗi HTTP 429 - product id: 107098629, thử lại 1/3
2025-09-29 20:48:56,333 WARNING: Lỗi HTTP 429 - product id: 107098666, thử lại 1/3
2025-09-29 20:48:56,335 WARNING: Lỗi HTTP 429 - product id: 107098890, thử lại 1/3
2025-09-29 20:48:56,361 WARNING: Lỗi HTTP 429 - product id: 107099356, thử lại 1/3
2025-09-29 20:48:57,432 WARNING: Lỗi HTTP 429 - product id: 106104896, thử lại 1/3
2025-09-29 20:48:57,491 WARNING: Lỗi HTTP 429 - product id: 106112150, thử lại 1/3
2025-09-29 20:48:57,532 WARNING: Lỗi HTTP 429 - product id: 106579167, thử lại 1/3
2025-09-29 20:48:57,589 WARNING: Lỗi HTTP 429 - product id: 106602272, thử lại 1/3
2025-09-29 20:48:57,628 WARNING: Lỗi HTTP 429 - product id: 106605868, thử lại 1/3
2025-09-29 20:48:57,652 WARNING: Lỗi HTTP 404: Không tim thấy product id - product id: 107195032
2025-09-29 20:48:57,677 WARNING: Lỗi HTTP 429 - product id: 106608368, thử lại 1/3
2025-09-29 20:48:58,137 WARNING: Lỗi HTTP 429 - product id: 106656082, thử lại 1/3
2025-09-29 20:48:58,191 WARNING: Lỗi HTTP 429 - product id: 106656304, thử lại 1/3
2025-09-29 20:48:59,329 WARNING: Lỗi HTTP 429 - product id: 106786587, thử lại 1/3
2025-09-29 20:48:59,583 WARNING: Lỗi HTTP 429 - product id: 106808087, thử lại 1/3
2025-09-29 20:48:59,693 WARNING: Lỗi HTTP 429 - product id: 106812706, thử lại 1/3
2025-09-29 20:49:00,779 WARNING: Lỗi HTTP 429 - product id: 106056575, thử lại 1/3
2025-09-29 20:49:00,783 WARNING: Lỗi HTTP 429 - product id: 106056581, thử lại 1/3
2025-09-29 20:49:00,996 WARNING: Lỗi HTTP 429 - product id: 106085512, thử lại 1/3
2025-09-29 20:49:05,287 WARNING: Lỗi HTTP 429 - product id: 106205641, thử lại 1/3
2025-09-29 20:49:05,584 WARNING: Lỗi HTTP 429 - product id: 106242121, thử lại 1/3
2025-09-29 20:49:05,827 WARNING: Lỗi HTTP 429 - product id: 106242658, thử lại 1/3
2025-09-29 20:49:05,834 WARNING: Lỗi HTTP 429 - product id: 106242705, thử lại 1/3
2025-09-29 20:49:05,837 WARNING: Lỗi HTTP 429 - product id: 106242734, thử lại 1/3
2025-09-29 20:49:05,929 WARNING: Lỗi HTTP 429 - product id: 106303384, thử lại 1/3
2025-09-29 20:49:05,983 WARNING: Lỗi HTTP 429 - product id: 106304429, thử lại 1/3
2025-09-29 20:49:06,263 WARNING: Lỗi HTTP 429 - product id: 106316987, thử lại 1/3
2025-09-29 20:49:06,333 WARNING: Lỗi HTTP 429 - product id: 106332749, thử lại 1/3
2025-09-29 20:49:06,389 WARNING: Lỗi HTTP 429 - product id: 106337452, thử lại 1/3
2025-09-29 20:49:06,390 WARNING: Lỗi HTTP 429 - product id: 106351481, thử lại 1/3
2025-09-29 20:49:06,456 WARNING: Lỗi HTTP 429 - product id: 106361945, thử lại 1/3
2025-09-29 20:49:06,473 WARNING: Lỗi HTTP 429 - product id: 106363457, thử lại 1/3
2025-09-29 20:49:06,523 WARNING: Lỗi HTTP 429 - product id: 106375729, thử lại 1/3
2025-09-29 20:49:06,673 WARNING: Lỗi HTTP 429 - product id: 106394489, thử lại 1/3
2025-09-29 20:49:06,681 WARNING: Lỗi HTTP 429 - product id: 106394679, thử lại 1/3
2025-09-29 20:49:06,731 WARNING: Lỗi HTTP 429 - product id: 106395240, thử lại 1/3
2025-09-29 20:49:06,732 WARNING: Lỗi HTTP 429 - product id: 106420675, thử lại 1/3
2025-09-29 20:49:08,891 WARNING: Lỗi HTTP 404: Không tim thấy product id - product id: 107077858
2025-09-29 20:49:09,854 WARNING: Lỗi HTTP 404: Không tim thấy product id - product id: 107219238
2025-09-29 20:49:10,155 WARNING: Lỗi HTTP 404: Không tim thấy product id - product id: 107278644
2025-09-29 20:49:10,631 INFO: Đã commit batch 58 (1000 sản phẩm)
2025-09-29 20:49:10,656 INFO: Đã ghi 995 sản phẩm vào file /home/quannh/projects_de/Lab_01/output/products_batch_58_995_ids.csv
2025-09-29 20:49:10,693 INFO: Đã insert 995 sản phẩm từ file /home/quannh/projects_de/Lab_01/output/products_batch_58_995_ids.csv vào database PostgeSQL
2025-09-29 20:49:10,723 INFO: Đã update lại status của batch 59 về pending để tiến hành crawl lại batch
2025-09-29 20:49:10,733 INFO: Bắt đầu crawl batch 59 (1000 sản phẩm)
2025-09-29 20:49:11,396 WARNING: Lỗi HTTP 429 - product id: 107619316, thử lại 1/3
2025-09-29 20:49:11,439 WARNING: Lỗi HTTP 429 - product id: 107632064, thử lại 1/3
2025-09-29 20:49:11,440 WARNING: Lỗi HTTP 429 - product id: 107631983, thử lại 1/3
2025-09-29 20:49:11,491 WARNING: Lỗi HTTP 429 - product id: 107640690, thử lại 1/3
2025-09-29 20:49:11,540 WARNING: Lỗi HTTP 429 - product id: 107652876, thử lại 1/3
2025-09-29 20:49:11,544 WARNING: Lỗi HTTP 429 - product id: 107641543, thử lại 1/3
2025-09-29 20:49:11,610 WARNING: Lỗi HTTP 429 - product id: 107679562, thử lại 1/3
2025-09-29 20:49:11,633 WARNING: Lỗi HTTP 429 - product id: 107681883, thử lại 1/3
2025-09-29 20:49:11,687 WARNING: Lỗi HTTP 429 - product id: 107694290, thử lại 1/3
2025-09-29 20:49:11,692 WARNING: Lỗi HTTP 429 - product id: 107695478, thử lại 1/3
2025-09-29 20:49:11,692 WARNING: Lỗi HTTP 429 - product id: 107708746, thử lại 1/3
2025-09-29 20:49:11,838 WARNING: Lỗi HTTP 429 - product id: 107708898, thử lại 1/3
2025-09-29 20:49:11,839 WARNING: Lỗi HTTP 429 - product id: 107708902, thử lại 1/3
2025-09-29 20:49:12,038 WARNING: Lỗi HTTP 429 - product id: 107760655, thử lại 1/3
2025-09-29 20:49:12,632 WARNING: Lỗi HTTP 429 - product id: 108213078, thử lại 1/3
2025-09-29 20:49:12,684 WARNING: Lỗi HTTP 429 - product id: 108213213, thử lại 1/3
2025-09-29 20:49:12,694 WARNING: Lỗi HTTP 429 - product id: 108213250, thử lại 1/3
2025-09-29 20:49:13,340 WARNING: Lỗi HTTP 429 - product id: 108252845, thử lại 1/3
2025-09-29 20:49:13,343 WARNING: Lỗi HTTP 429 - product id: 108252851, thử lại 1/3
2025-09-29 20:49:13,541 WARNING: Lỗi HTTP 429 - product id: 107315195, thử lại 1/3
2025-09-29 20:49:15,054 WARNING: Lỗi HTTP 404: Không tim thấy product id - product id: 107405220
2025-09-29 20:49:16,696 WARNING: Lỗi HTTP 429 - product id: 108044880, thử lại 1/3
2025-09-29 20:49:16,757 WARNING: Lỗi HTTP 429 - product id: 108045618, thử lại 1/3
2025-09-29 20:49:17,237 WARNING: Lỗi HTTP 429 - product id: 108101028, thử lại 1/3
2025-09-29 20:49:17,241 WARNING: Lỗi HTTP 429 - product id: 108101190, thử lại 1/3
2025-09-29 20:49:17,341 WARNING: Lỗi HTTP 429 - product id: 108141178, thử lại 1/3
2025-09-29 20:49:17,346 WARNING: Lỗi HTTP 429 - product id: 108141219, thử lại 1/3
2025-09-29 20:49:17,440 WARNING: Lỗi HTTP 429 - product id: 108142350, thử lại 1/3
2025-09-29 20:49:17,695 WARNING: Lỗi HTTP 429 - product id: 108174006, thử lại 1/3
2025-09-29 20:49:17,746 WARNING: Lỗi HTTP 429 - product id: 108178041, thử lại 1/3
2025-09-29 20:49:17,945 WARNING: Lỗi HTTP 429 - product id: 107370809, thử lại 1/3
2025-09-29 20:49:18,087 WARNING: Lỗi HTTP 429 - product id: 107391655, thử lại 1/3
2025-09-29 20:49:18,094 WARNING: Lỗi HTTP 429 - product id: 107392781, thử lại 1/3
2025-09-29 20:49:18,241 WARNING: Lỗi HTTP 429 - product id: 107427268, thử lại 1/3
2025-09-29 20:49:18,260 WARNING: Lỗi HTTP 404: Không tim thấy product id - product id: 108102585
2025-09-29 20:49:20,239 WARNING: Lỗi HTTP 429 - product id: 108045770, thử lại 1/3
2025-09-29 20:49:20,334 WARNING: Lỗi HTTP 429 - product id: 108046878, thử lại 1/3
2025-09-29 20:49:20,390 WARNING: Lỗi HTTP 429 - product id: 108101190, thử lại 2/3
2025-09-29 20:49:20,394 WARNING: Lỗi HTTP 429 - product id: 108047953, thử lại 1/3
2025-09-29 20:49:20,476 WARNING: Lỗi HTTP 429 - product id: 108055389, thử lại 1/3
2025-09-29 20:49:20,511 WARNING: Lỗi HTTP 404: Không tim thấy product id - product id: 107975641
2025-09-29 20:49:21,037 WARNING: Lỗi HTTP 429 - product id: 108112056, thử lại 1/3
2025-09-29 20:49:21,597 WARNING: Lỗi HTTP 429 - product id: 108174868, thử lại 1/3
2025-09-29 20:49:21,692 WARNING: Lỗi HTTP 429 - product id: 108187720, thử lại 1/3
2025-09-29 20:49:21,888 WARNING: Lỗi HTTP 429 - product id: 107471611, thử lại 1/3
2025-09-29 20:49:22,243 WARNING: Lỗi HTTP 429 - product id: 107527462, thử lại 1/3
2025-09-29 20:49:23,468 WARNING: Lỗi HTTP 429 - product id: 107695242, thử lại 1/3
2025-09-29 20:49:23,489 WARNING: Lỗi HTTP 429 - product id: 107695289, thử lại 1/3
2025-09-29 20:49:23,589 WARNING: Lỗi HTTP 429 - product id: 107708743, thử lại 1/3
2025-09-29 20:49:24,510 WARNING: Lỗi HTTP 404: Không tim thấy product id - product id: 108055389
2025-09-29 20:49:24,594 WARNING: Lỗi HTTP 429 - product id: 108213140, thử lại 1/3
2025-09-29 20:49:26,641 WARNING: Lỗi HTTP 429 - product id: 107364830, thử lại 1/3
2025-09-29 20:49:26,692 WARNING: Lỗi HTTP 429 - product id: 107365953, thử lại 1/3
2025-09-29 20:49:29,811 INFO: Đã commit batch 59 (1000 sản phẩm)
2025-09-29 20:49:29,834 INFO: Đã ghi 996 sản phẩm vào file /home/quannh/projects_de/Lab_01/output/products_batch_59_996_ids.csv
2025-09-29 20:49:29,866 INFO: Đã insert 996 sản phẩm từ file /home/quannh/projects_de/Lab_01/output/products_batch_59_996_ids.csv vào database PostgeSQL
2025-09-29 20:49:29,896 INFO: Đã update lại status của batch 60 về pending để tiến hành crawl lại batch
2025-09-29 20:49:29,906 INFO: Bắt đầu crawl batch 60 (1000 sản phẩm)
2025-09-29 20:49:30,063 WARNING: Lỗi HTTP 429 - product id: 108429085, thử lại 1/3
2025-09-29 20:49:30,162 WARNING: Lỗi HTTP 429 - product id: 108457213, thử lại 1/3
2025-09-29 20:49:30,165 WARNING: Lỗi HTTP 429 - product id: 108457243, thử lại 1/3
2025-09-29 20:49:30,258 WARNING: Lỗi HTTP 429 - product id: 108480194, thử lại 1/3
2025-09-29 20:49:30,320 WARNING: Lỗi HTTP 429 - product id: 108504307, thử lại 1/3
2025-09-29 20:49:30,368 WARNING: Lỗi HTTP 429 - product id: 108507753, thử lại 1/3
2025-09-29 20:49:30,417 WARNING: Lỗi HTTP 429 - product id: 108521091, thử lại 1/3
2025-09-29 20:49:30,420 WARNING: Lỗi HTTP 429 - product id: 108540087, thử lại 1/3
2025-09-29 20:49:30,464 WARNING: Lỗi HTTP 429 - product id: 108555160, thử lại 1/3
2025-09-29 20:49:30,465 WARNING: Lỗi HTTP 429 - product id: 108544913, thử lại 1/3
2025-09-29 20:49:30,522 WARNING: Lỗi HTTP 429 - product id: 108566796, thử lại 1/3
2025-09-29 20:49:30,623 WARNING: Lỗi HTTP 429 - product id: 108604915, thử lại 1/3
2025-09-29 20:49:30,669 WARNING: Lỗi HTTP 429 - product id: 108616418, thử lại 1/3
2025-09-29 20:49:30,714 WARNING: Lỗi HTTP 429 - product id: 108636692, thử lại 1/3
2025-09-29 20:49:30,763 WARNING: Lỗi HTTP 429 - product id: 108651012, thử lại 1/3
2025-09-29 20:49:30,787 WARNING: Lỗi HTTP 429 - product id: 108685171, thử lại 1/3
2025-09-29 20:49:30,868 WARNING: Lỗi HTTP 429 - product id: 108699186, thử lại 1/3
2025-09-29 20:49:31,018 WARNING: Lỗi HTTP 429 - product id: 108712802, thử lại 1/3
2025-09-29 20:49:31,269 WARNING: Lỗi HTTP 429 - product id: 108724729, thử lại 1/3
2025-09-29 20:49:31,417 WARNING: Lỗi HTTP 429 - product id: 108755501, thử lại 1/3
2025-09-29 20:49:31,665 WARNING: Lỗi HTTP 429 - product id: 108773775, thử lại 1/3
2025-09-29 20:49:31,666 WARNING: Lỗi HTTP 429 - product id: 108933753, thử lại 1/3
2025-09-29 20:49:31,673 WARNING: Lỗi HTTP 429 - product id: 108933941, thử lại 1/3
2025-09-29 20:49:33,433 WARNING: Lỗi HTTP 404: Không tim thấy product id - product id: 109017703
2025-09-29 20:49:33,768 WARNING: Lỗi HTTP 429 - product id: 108269641, thử lại 1/3
2025-09-29 20:49:34,320 WARNING: Lỗi HTTP 429 - product id: 108287771, thử lại 1/3
2025-09-29 20:49:34,819 WARNING: Lỗi HTTP 429 - product id: 108799978, thử lại 1/3
2025-09-29 20:49:35,068 WARNING: Lỗi HTTP 429 - product id: 108801113, thử lại 1/3
2025-09-29 20:49:36,162 WARNING: Lỗi HTTP 429 - product id: 108898668, thử lại 1/3
2025-09-29 20:49:36,165 WARNING: Lỗi HTTP 429 - product id: 108898753, thử lại 1/3
2025-09-29 20:49:38,720 WARNING: Lỗi HTTP 429 - product id: 108798154, thử lại 1/3
2025-09-29 20:49:38,771 WARNING: Lỗi HTTP 429 - product id: 108799755, thử lại 1/3
2025-09-29 20:49:38,859 WARNING: Lỗi HTTP 429 - product id: 108800424, thử lại 1/3
2025-09-29 20:49:38,867 WARNING: Lỗi HTTP 429 - product id: 108800539, thử lại 1/3
2025-09-29 20:49:39,216 WARNING: Lỗi HTTP 429 - product id: 108858593, thử lại 1/3
2025-09-29 20:49:41,363 WARNING: Lỗi HTTP 429 - product id: 108289721, thử lại 1/3
2025-09-29 20:49:41,471 WARNING: Lỗi HTTP 429 - product id: 108291228, thử lại 1/3
2025-09-29 20:49:42,080 WARNING: Lỗi HTTP 404: Không tim thấy product id - product id: 108324598
2025-09-29 20:49:42,536 WARNING: Lỗi HTTP 404: Không tim thấy product id - product id: 108358268
2025-09-29 20:49:45,117 WARNING: Lỗi HTTP 429 - product id: 108988397, thử lại 1/3
2025-09-29 20:49:45,121 WARNING: Lỗi HTTP 429 - product id: 108994588, thử lại 1/3
2025-09-29 20:49:45,189 WARNING: Lỗi HTTP 429 - product id: 108996915, thử lại 1/3
2025-09-29 20:49:45,214 WARNING: Lỗi HTTP 429 - product id: 108996954, thử lại 1/3
2025-09-29 20:49:45,718 WARNING: Lỗi HTTP 429 - product id: 108262165, thử lại 1/3
2025-09-29 20:49:48,822 INFO: Đã commit batch 60 (1000 sản phẩm)
2025-09-29 20:49:48,843 INFO: Đã ghi 997 sản phẩm vào file /home/quannh/projects_de/Lab_01/output/products_batch_60_997_ids.csv
2025-09-29 20:49:48,871 INFO: Đã insert 997 sản phẩm từ file /home/quannh/projects_de/Lab_01/output/products_batch_60_997_ids.csv vào database PostgeSQL
2025-09-29 20:49:48,910 INFO: Đã update lại status của batch 61 về pending để tiến hành crawl lại batch
2025-09-29 20:49:48,924 INFO: Bắt đầu crawl batch 61 (1000 sản phẩm)
2025-09-29 20:49:50,203 WARNING: Lỗi HTTP 404: Không tim thấy product id - product id: 109281355
2025-09-29 20:49:51,837 WARNING: Lỗi HTTP 429 - product id: 109415221, thử lại 1/3
2025-09-29 20:49:51,838 WARNING: Lỗi HTTP 429 - product id: 109415180, thử lại 1/3
2025-09-29 20:49:52,240 WARNING: Lỗi HTTP 429 - product id: 109421505, thử lại 1/3
2025-09-29 20:49:52,348 WARNING: Lỗi HTTP 429 - product id: 109424816, thử lại 1/3
2025-09-29 20:49:53,486 WARNING: Lỗi HTTP 429 - product id: 109596842, thử lại 1/3
2025-09-29 20:49:53,584 WARNING: Lỗi HTTP 429 - product id: 109602252, thử lại 1/3
2025-09-29 20:49:55,938 WARNING: Lỗi HTTP 429 - product id: 109922184, thử lại 1/3
2025-09-29 20:49:56,433 WARNING: Lỗi HTTP 429 - product id: 109134990, thử lại 1/3
2025-09-29 20:49:56,884 WARNING: Lỗi HTTP 429 - product id: 109179935, thử lại 1/3
2025-09-29 20:49:57,285 WARNING: Lỗi HTTP 429 - product id: 109264228, thử lại 1/3
2025-09-29 20:50:04,736 WARNING: Lỗi HTTP 429 - product id: 109088295, thử lại 1/3
2025-09-29 20:50:04,786 WARNING: Lỗi HTTP 429 - product id: 109089261, thử lại 1/3
2025-09-29 20:50:07,920 INFO: Đã commit batch 61 (1000 sản phẩm)
2025-09-29 20:50:07,944 INFO: Đã ghi 999 sản phẩm vào file /home/quannh/projects_de/Lab_01/output/products_batch_61_999_ids.csv
2025-09-29 20:50:08,096 INFO: Đã insert 999 sản phẩm từ file /home/quannh/projects_de/Lab_01/output/products_batch_61_999_ids.csv vào database PostgeSQL
2025-09-29 20:50:08,138 INFO: Đã update lại status của batch 62 về pending để tiến hành crawl lại batch
2025-09-29 20:50:08,148 INFO: Bắt đầu crawl batch 62 (1000 sản phẩm)
2025-09-29 20:50:09,656 WARNING: Lỗi HTTP 429 - product id: 110682125, thử lại 1/3
2025-09-29 20:50:09,725 WARNING: Lỗi HTTP 404: Không tim thấy product id - product id: 110360088
2025-09-29 20:50:09,960 WARNING: Lỗi HTTP 429 - product id: 110731067, thử lại 1/3
2025-09-29 20:50:10,161 WARNING: Lỗi HTTP 429 - product id: 111190059, thử lại 1/3
2025-09-29 20:50:10,262 WARNING: Lỗi HTTP 429 - product id: 111195131, thử lại 1/3
2025-09-29 20:50:10,460 WARNING: Lỗi HTTP 429 - product id: 111285067, thử lại 1/3
2025-09-29 20:50:10,557 WARNING: Lỗi HTTP 429 - product id: 111285512, thử lại 1/3
2025-09-29 20:50:10,636 WARNING: Lỗi HTTP 429 - product id: 111285744, thử lại 1/3
2025-09-29 20:50:10,655 WARNING: Lỗi HTTP 429 - product id: 111285995, thử lại 1/3
2025-09-29 20:50:10,658 WARNING: Lỗi HTTP 429 - product id: 111286116, thử lại 1/3
2025-09-29 20:50:10,706 WARNING: Lỗi HTTP 429 - product id: 111286714, thử lại 1/3
2025-09-29 20:50:10,774 WARNING: Lỗi HTTP 429 - product id: 111295906, thử lại 1/3
2025-09-29 20:50:10,853 WARNING: Lỗi HTTP 429 - product id: 111315071, thử lại 1/3
2025-09-29 20:50:13,760 WARNING: Lỗi HTTP 429 - product id: 111285512, thử lại 2/3
2025-09-29 20:50:14,362 WARNING: Lỗi HTTP 429 - product id: 110979600, thử lại 1/3
2025-09-29 20:50:15,358 WARNING: Lỗi HTTP 429 - product id: 111192322, thử lại 1/3
2025-09-29 20:50:15,709 WARNING: Lỗi HTTP 429 - product id: 109938175, thử lại 1/3
2025-09-29 20:50:15,802 WARNING: Lỗi HTTP 429 - product id: 109958535, thử lại 1/3
2025-09-29 20:50:15,958 WARNING: Lỗi HTTP 429 - product id: 109933481, thử lại 1/3
2025-09-29 20:50:16,055 WARNING: Lỗi HTTP 429 - product id: 109936650, thử lại 1/3
2025-09-29 20:50:16,251 WARNING: Lỗi HTTP 429 - product id: 109958571, thử lại 1/3
2025-09-29 20:50:16,314 WARNING: Lỗi HTTP 429 - product id: 109975301, thử lại 1/3
2025-09-29 20:50:16,358 WARNING: Lỗi HTTP 429 - product id: 109981590, thử lại 1/3
2025-09-29 20:50:16,617 WARNING: Lỗi HTTP 429 - product id: 110006502, thử lại 1/3
2025-09-29 20:50:16,777 WARNING: Lỗi HTTP 404: Không tim thấy product id - product id: 109976728
2025-09-29 20:50:18,103 WARNING: Lỗi HTTP 429 - product id: 110978809, thử lại 1/3
2025-09-29 20:50:18,106 WARNING: Lỗi HTTP 429 - product id: 110978824, thử lại 1/3
2025-09-29 20:50:18,360 WARNING: Lỗi HTTP 429 - product id: 110979147, thử lại 1/3
2025-09-29 20:50:20,073 WARNING: Lỗi HTTP 404: Không tim thấy product id - product id: 111158140
2025-09-29 20:50:20,706 WARNING: Lỗi HTTP 429 - product id: 110424335, thử lại 1/3
2025-09-29 20:50:20,706 WARNING: Lỗi HTTP 429 - product id: 110434693, thử lại 1/3
2025-09-29 20:50:20,807 WARNING: Lỗi HTTP 429 - product id: 110450529, thử lại 1/3
2025-09-29 20:50:20,809 WARNING: Lỗi HTTP 429 - product id: 110460798, thử lại 1/3
2025-09-29 20:50:20,906 WARNING: Lỗi HTTP 429 - product id: 110578407, thử lại 1/3
2025-09-29 20:50:20,958 WARNING: Lỗi HTTP 429 - product id: 110593068, thử lại 1/3
2025-09-29 20:50:21,154 WARNING: Lỗi HTTP 429 - product id: 110688608, thử lại 1/3
2025-09-29 20:50:21,156 WARNING: Lỗi HTTP 429 - product id: 110688658, thử lại 1/3
2025-09-29 20:50:22,009 WARNING: Lỗi HTTP 429 - product id: 110798173, thử lại 1/3
2025-09-29 20:50:22,357 WARNING: Lỗi HTTP 429 - product id: 111285519, thử lại 1/3
2025-09-29 20:50:23,358 WARNING: Lỗi HTTP 429 - product id: 111410834, thử lại 1/3
2025-09-29 20:50:23,408 WARNING: Lỗi HTTP 429 - product id: 111414189, thử lại 1/3
2025-09-29 20:50:23,460 WARNING: Lỗi HTTP 429 - product id: 111422531, thử lại 1/3
2025-09-29 20:50:23,505 WARNING: Lỗi HTTP 429 - product id: 111438071, thử lại 1/3
2025-09-29 20:50:23,611 WARNING: Lỗi HTTP 429 - product id: 111445250, thử lại 1/3
2025-09-29 20:50:23,809 WARNING: Lỗi HTTP 429 - product id: 111491441, thử lại 1/3
2025-09-29 20:50:26,918 INFO: Đã commit batch 62 (1000 sản phẩm)
2025-09-29 20:50:26,941 INFO: Đã ghi 997 sản phẩm vào file /home/quannh/projects_de/Lab_01/output/products_batch_62_997_ids.csv
2025-09-29 20:50:27,084 INFO: Đã insert 997 sản phẩm từ file /home/quannh/projects_de/Lab_01/output/products_batch_62_997_ids.csv vào database PostgeSQL
2025-09-29 20:50:27,126 INFO: Đã update lại status của batch 63 về pending để tiến hành crawl lại batch
2025-09-29 20:50:27,135 INFO: Bắt đầu crawl batch 63 (1000 sản phẩm)
2025-09-29 20:50:27,945 WARNING: Lỗi HTTP 429 - product id: 112095940, thử lại 1/3
2025-09-29 20:50:27,997 WARNING: Lỗi HTTP 429 - product id: 112101977, thử lại 1/3
2025-09-29 20:50:28,000 WARNING: Lỗi HTTP 429 - product id: 112099428, thử lại 1/3
2025-09-29 20:50:28,053 WARNING: Lỗi HTTP 429 - product id: 112107731, thử lại 1/3
2025-09-29 20:50:28,144 WARNING: Lỗi HTTP 429 - product id: 112139302, thử lại 1/3
2025-09-29 20:50:28,843 WARNING: Lỗi HTTP 429 - product id: 112321690, thử lại 1/3
2025-09-29 20:50:28,848 WARNING: Lỗi HTTP 429 - product id: 112328018, thử lại 1/3
2025-09-29 20:50:28,947 WARNING: Lỗi HTTP 429 - product id: 112354464, thử lại 1/3
2025-09-29 20:50:28,996 WARNING: Lỗi HTTP 429 - product id: 112448929, thử lại 1/3
2025-09-29 20:50:28,997 WARNING: Lỗi HTTP 429 - product id: 112442142, thử lại 1/3
2025-09-29 20:50:29,041 WARNING: Lỗi HTTP 429 - product id: 112816317, thử lại 1/3
2025-09-29 20:50:29,060 WARNING: Lỗi HTTP 429 - product id: 112816500, thử lại 1/3
2025-09-29 20:50:29,151 WARNING: Lỗi HTTP 429 - product id: 112816914, thử lại 1/3
2025-09-29 20:50:31,103 WARNING: Lỗi HTTP 429 - product id: 111841531, thử lại 1/3
2025-09-29 20:50:31,146 WARNING: Lỗi HTTP 429 - product id: 112101977, thử lại 2/3
2025-09-29 20:50:31,153 WARNING: Lỗi HTTP 429 - product id: 112099428, thử lại 2/3
2025-09-29 20:50:31,546 WARNING: Lỗi HTTP 429 - product id: 111984022, thử lại 1/3
2025-09-29 20:50:31,552 WARNING: Lỗi HTTP 429 - product id: 111985402, thử lại 1/3
2025-09-29 20:50:31,593 WARNING: Lỗi HTTP 429 - product id: 112646368, thử lại 1/3
2025-09-29 20:50:31,645 WARNING: Lỗi HTTP 429 - product id: 112646706, thử lại 1/3
2025-09-29 20:50:33,152 WARNING: Lỗi HTTP 429 - product id: 112728710, thử lại 1/3
2025-09-29 20:50:35,012 WARNING: Lỗi HTTP 404: Không tim thấy product id - product id: 111521985
2025-09-29 20:50:35,040 WARNING: Lỗi HTTP 429 - product id: 111553980, thử lại 1/3
2025-09-29 20:50:35,051 WARNING: Lỗi HTTP 429 - product id: 111579702, thử lại 1/3
2025-09-29 20:50:35,101 WARNING: Lỗi HTTP 429 - product id: 111585889, thử lại 1/3
2025-09-29 20:50:35,198 WARNING: Lỗi HTTP 429 - product id: 111587011, thử lại 1/3
2025-09-29 20:50:35,245 WARNING: Lỗi HTTP 429 - product id: 111588741, thử lại 1/3
2025-09-29 20:50:35,397 WARNING: Lỗi HTTP 429 - product id: 111509606, thử lại 1/3
2025-09-29 20:50:37,958 WARNING: Lỗi HTTP 404: Không tim thấy product id - product id: 111712435
2025-09-29 20:50:40,241 WARNING: Lỗi HTTP 429 - product id: 112757727, thử lại 1/3
2025-09-29 20:50:40,243 WARNING: Lỗi HTTP 429 - product id: 112757739, thử lại 1/3
2025-09-29 20:50:40,296 WARNING: Lỗi HTTP 429 - product id: 112781666, thử lại 1/3
2025-09-29 20:50:40,297 WARNING: Lỗi HTTP 429 - product id: 112781081, thử lại 1/3
2025-09-29 20:50:40,339 WARNING: Lỗi HTTP 429 - product id: 112791410, thử lại 1/3
2025-09-29 20:50:40,341 WARNING: Lỗi HTTP 429 - product id: 112786086, thử lại 1/3
2025-09-29 20:50:40,362 WARNING: Lỗi HTTP 429 - product id: 112792854, thử lại 1/3
2025-09-29 20:50:40,402 WARNING: Lỗi HTTP 429 - product id: 111992665, thử lại 1/3
2025-09-29 20:50:40,544 WARNING: Lỗi HTTP 429 - product id: 112047349, thử lại 1/3
2025-09-29 20:50:40,589 WARNING: Lỗi HTTP 429 - product id: 112052377, thử lại 1/3
2025-09-29 20:50:40,632 WARNING: Lỗi HTTP 429 - product id: 112077671, thử lại 1/3
2025-09-29 20:50:40,641 WARNING: Lỗi HTTP 429 - product id: 112078714, thử lại 1/3
2025-09-29 20:50:44,100 INFO: Đã commit batch 63 (1000 sản phẩm)
2025-09-29 20:50:44,123 INFO: Đã ghi 998 sản phẩm vào file /home/quannh/projects_de/Lab_01/output/products_batch_63_998_ids.csv
2025-09-29 20:50:44,272 INFO: Đã insert 998 sản phẩm từ file /home/quannh/projects_de/Lab_01/output/products_batch_63_998_ids.csv vào database PostgeSQL
2025-09-29 20:50:44,316 INFO: Đã update lại status của batch 64 về pending để tiến hành crawl lại batch
2025-09-29 20:50:44,326 INFO: Bắt đầu crawl batch 64 (1000 sản phẩm)
2025-09-29 20:50:44,696 WARNING: Lỗi HTTP 429 - product id: 113065202, thử lại 1/3
2025-09-29 20:50:46,839 WARNING: Lỗi HTTP 429 - product id: 113422594, thử lại 1/3
2025-09-29 20:50:46,936 WARNING: Lỗi HTTP 429 - product id: 113423301, thử lại 1/3
2025-09-29 20:50:47,243 WARNING: Lỗi HTTP 429 - product id: 113444583, thử lại 1/3
2025-09-29 20:50:47,951 WARNING: Lỗi HTTP 429 - product id: 113065202, thử lại 2/3
2025-09-29 20:50:47,991 WARNING: Lỗi HTTP 429 - product id: 112958345, thử lại 1/3
2025-09-29 20:50:48,042 WARNING: Lỗi HTTP 429 - product id: 112958668, thử lại 1/3
2025-09-29 20:50:48,098 WARNING: Lỗi HTTP 429 - product id: 112959706, thử lại 1/3
2025-09-29 20:50:48,196 WARNING: Lỗi HTTP 429 - product id: 112961252, thử lại 1/3
2025-09-29 20:50:48,260 WARNING: Lỗi HTTP 429 - product id: 112962320, thử lại 1/3
2025-09-29 20:50:48,394 WARNING: Lỗi HTTP 429 - product id: 112990545, thử lại 1/3
2025-09-29 20:50:48,538 WARNING: Lỗi HTTP 429 - product id: 113039487, thử lại 1/3
2025-09-29 20:50:48,539 WARNING: Lỗi HTTP 429 - product id: 113041194, thử lại 1/3
2025-09-29 20:50:48,662 WARNING: Lỗi HTTP 429 - product id: 113046478, thử lại 1/3
2025-09-29 20:50:48,745 WARNING: Lỗi HTTP 429 - product id: 113050911, thử lại 1/3
2025-09-29 20:50:48,747 WARNING: Lỗi HTTP 429 - product id: 113278056, thử lại 1/3
2025-09-29 20:50:48,839 WARNING: Lỗi HTTP 429 - product id: 113280391, thử lại 1/3
2025-09-29 20:50:48,943 WARNING: Lỗi HTTP 429 - product id: 113289939, thử lại 1/3
2025-09-29 20:50:49,390 WARNING: Lỗi HTTP 429 - product id: 113352140, thử lại 1/3
2025-09-29 20:50:49,433 WARNING: Lỗi HTTP 429 - product id: 113359704, thử lại 1/3
2025-09-29 20:50:49,441 WARNING: Lỗi HTTP 429 - product id: 113359813, thử lại 1/3
2025-09-29 20:50:49,890 WARNING: Lỗi HTTP 429 - product id: 113400469, thử lại 1/3
2025-09-29 20:50:50,336 WARNING: Lỗi HTTP 429 - product id: 113411942, thử lại 1/3
2025-09-29 20:50:50,541 WARNING: Lỗi HTTP 429 - product id: 113414242, thử lại 1/3
2025-09-29 20:50:51,393 WARNING: Lỗi HTTP 429 - product id: 113422584, thử lại 1/3
2025-09-29 20:50:51,486 WARNING: Lỗi HTTP 429 - product id: 112928338, thử lại 1/3
2025-09-29 20:50:52,740 WARNING: Lỗi HTTP 429 - product id: 112960224, thử lại 1/3
2025-09-29 20:50:52,742 WARNING: Lỗi HTTP 429 - product id: 112960150, thử lại 1/3
2025-09-29 20:50:53,042 WARNING: Lỗi HTTP 429 - product id: 112962300, thử lại 1/3
2025-09-29 20:50:54,355 WARNING: Lỗi HTTP 429 - product id: 113255774, thử lại 1/3
2025-09-29 20:50:54,417 WARNING: Lỗi HTTP 429 - product id: 113256595, thử lại 1/3
2025-09-29 20:50:54,442 WARNING: Lỗi HTTP 429 - product id: 113272965, thử lại 1/3
2025-09-29 20:50:54,507 WARNING: Lỗi HTTP 429 - product id: 113278109, thử lại 1/3
2025-09-29 20:50:54,520 WARNING: Lỗi HTTP 429 - product id: 113278128, thử lại 1/3
2025-09-29 20:50:54,637 WARNING: Lỗi HTTP 429 - product id: 113280795, thử lại 1/3
2025-09-29 20:50:54,684 WARNING: Lỗi HTTP 429 - product id: 113281765, thử lại 1/3
2025-09-29 20:50:54,697 WARNING: Lỗi HTTP 429 - product id: 113282100, thử lại 1/3
2025-09-29 20:50:54,737 WARNING: Lỗi HTTP 429 - product id: 113289768, thử lại 1/3
2025-09-29 20:50:54,828 WARNING: Lỗi HTTP 429 - product id: 113291510, thử lại 1/3
2025-09-29 20:50:54,869 WARNING: Lỗi HTTP 429 - product id: 113292443, thử lại 1/3
2025-09-29 20:50:54,873 WARNING: Lỗi HTTP 429 - product id: 113292996, thử lại 1/3
2025-09-29 20:50:54,919 WARNING: Lỗi HTTP 429 - product id: 113293749, thử lại 1/3
2025-09-29 20:50:54,934 WARNING: Lỗi HTTP 429 - product id: 113299459, thử lại 1/3
2025-09-29 20:50:55,870 WARNING: Lỗi HTTP 429 - product id: 113411591, thử lại 1/3
2025-09-29 20:50:55,884 WARNING: Lỗi HTTP 429 - product id: 113411975, thử lại 1/3
2025-09-29 20:50:55,916 WARNING: Lỗi HTTP 429 - product id: 113412199, thử lại 1/3
2025-09-29 20:50:55,927 WARNING: Lỗi HTTP 429 - product id: 113412337, thử lại 1/3
2025-09-29 20:50:56,237 WARNING: Lỗi HTTP 429 - product id: 113051785, thử lại 1/3
2025-09-29 20:50:56,389 WARNING: Lỗi HTTP 429 - product id: 113053079, thử lại 1/3
2025-09-29 20:50:57,583 WARNING: Lỗi HTTP 429 - product id: 113278128, thử lại 2/3
2025-09-29 20:51:03,708 INFO: Đã commit batch 64 (1000 sản phẩm)
2025-09-29 20:51:03,732 INFO: Đã ghi 1000 sản phẩm vào file /home/quannh/projects_de/Lab_01/output/products_batch_64_1000_ids.csv
2025-09-29 20:51:03,960 INFO: Đã insert 1000 sản phẩm từ file /home/quannh/projects_de/Lab_01/output/products_batch_64_1000_ids.csv vào database PostgeSQL
2025-09-29 20:51:04,004 INFO: Đã update lại status của batch 65 về pending để tiến hành crawl lại batch
2025-09-29 20:51:04,015 INFO: Bắt đầu crawl batch 65 (1000 sản phẩm)
2025-09-29 20:51:06,276 WARNING: Lỗi HTTP 429 - product id: 114428118, thử lại 1/3
2025-09-29 20:51:06,975 WARNING: Lỗi HTTP 429 - product id: 113738186, thử lại 1/3
2025-09-29 20:51:07,019 WARNING: Lỗi HTTP 429 - product id: 113755898, thử lại 1/3
2025-09-29 20:51:07,081 WARNING: Lỗi HTTP 429 - product id: 113760388, thử lại 1/3
2025-09-29 20:51:07,374 WARNING: Lỗi HTTP 429 - product id: 113843199, thử lại 1/3
2025-09-29 20:51:07,430 WARNING: Lỗi HTTP 429 - product id: 113887687, thử lại 1/3
2025-09-29 20:51:07,895 WARNING: Lỗi HTTP 404: Không tim thấy product id - product id: 113709695
2025-09-29 20:51:08,389 WARNING: Lỗi HTTP 404: Không tim thấy product id - product id: 113887120
2025-09-29 20:51:08,625 WARNING: Lỗi HTTP 429 - product id: 114318484, thử lại 1/3
2025-09-29 20:51:13,693 WARNING: Lỗi HTTP 404: Không tim thấy product id - product id: 113709617
2025-09-29 20:51:13,743 WARNING: Lỗi HTTP 404: Không tim thấy product id - product id: 113709632
2025-09-29 20:51:13,793 WARNING: Lỗi HTTP 404: Không tim thấy product id - product id: 113709643
2025-09-29 20:51:14,783 WARNING: Lỗi HTTP 429 - product id: 114320380, thử lại 1/3
2025-09-29 20:51:14,822 WARNING: Lỗi HTTP 429 - product id: 114320844, thử lại 1/3
2025-09-29 20:51:14,985 WARNING: Lỗi HTTP 429 - product id: 114322901, thử lại 1/3
2025-09-29 20:51:15,122 WARNING: Lỗi HTTP 429 - product id: 114324744, thử lại 1/3
2025-09-29 20:51:15,123 WARNING: Lỗi HTTP 429 - product id: 114324611, thử lại 1/3
2025-09-29 20:51:15,224 WARNING: Lỗi HTTP 429 - product id: 114326523, thử lại 1/3
2025-09-29 20:51:15,273 WARNING: Lỗi HTTP 429 - product id: 114327060, thử lại 1/3
2025-09-29 20:51:15,530 WARNING: Lỗi HTTP 429 - product id: 114328854, thử lại 1/3
2025-09-29 20:51:15,625 WARNING: Lỗi HTTP 429 - product id: 114330079, thử lại 1/3
2025-09-29 20:51:16,016 WARNING: Lỗi HTTP 429 - product id: 114335932, thử lại 1/3
2025-09-29 20:51:16,528 WARNING: Lỗi HTTP 429 - product id: 114363128, thử lại 1/3
2025-09-29 20:51:17,520 WARNING: Lỗi HTTP 429 - product id: 114251713, thử lại 1/3
2025-09-29 20:51:17,583 WARNING: Lỗi HTTP 429 - product id: 114256109, thử lại 1/3
2025-09-29 20:51:17,618 WARNING: Lỗi HTTP 429 - product id: 114266530, thử lại 1/3
2025-09-29 20:51:17,725 WARNING: Lỗi HTTP 429 - product id: 114277191, thử lại 1/3
2025-09-29 20:51:17,926 WARNING: Lỗi HTTP 429 - product id: 114277949, thử lại 1/3
2025-09-29 20:51:21,047 INFO: Đã commit batch 65 (1000 sản phẩm)
2025-09-29 20:51:21,074 INFO: Đã ghi 995 sản phẩm vào file /home/quannh/projects_de/Lab_01/output/products_batch_65_995_ids.csv
2025-09-29 20:51:21,282 INFO: Đã insert 995 sản phẩm từ file /home/quannh/projects_de/Lab_01/output/products_batch_65_995_ids.csv vào database PostgeSQL
2025-09-29 20:51:21,341 INFO: Đã update lại status của batch 66 về pending để tiến hành crawl lại batch
2025-09-29 20:51:21,356 INFO: Bắt đầu crawl batch 66 (1000 sản phẩm)
2025-09-29 20:51:21,515 WARNING: Lỗi HTTP 429 - product id: 114655771, thử lại 1/3
2025-09-29 20:51:21,588 WARNING: Lỗi HTTP 404: Không tim thấy product id - product id: 114572403
2025-09-29 20:51:21,684 WARNING: Lỗi HTTP 429 - product id: 114685639, thử lại 1/3
2025-09-29 20:51:24,285 WARNING: Lỗi HTTP 404: Không tim thấy product id - product id: 114572377
2025-09-29 20:51:24,333 WARNING: Lỗi HTTP 404: Không tim thấy product id - product id: 114572652
2025-09-29 20:51:24,587 WARNING: Lỗi HTTP 404: Không tim thấy product id - product id: 114572449
2025-09-29 20:51:24,632 WARNING: Lỗi HTTP 404: Không tim thấy product id - product id: 114572662
2025-09-29 20:51:25,607 WARNING: Lỗi HTTP 429 - product id: 114740184, thử lại 1/3
2025-09-29 20:51:25,611 WARNING: Lỗi HTTP 429 - product id: 114740212, thử lại 1/3
2025-09-29 20:51:25,668 WARNING: Lỗi HTTP 429 - product id: 114740323, thử lại 1/3
2025-09-29 20:51:25,716 WARNING: Lỗi HTTP 429 - product id: 114740448, thử lại 1/3
2025-09-29 20:51:26,287 WARNING: Lỗi HTTP 404: Không tim thấy product id - product id: 114876967
2025-09-29 20:51:26,424 WARNING: Lỗi HTTP 429 - product id: 114903522, thử lại 1/3
2025-09-29 20:51:26,606 WARNING: Lỗi HTTP 429 - product id: 114904282, thử lại 1/3
2025-09-29 20:51:26,608 WARNING: Lỗi HTTP 429 - product id: 114906879, thử lại 1/3
2025-09-29 20:51:26,959 WARNING: Lỗi HTTP 429 - product id: 114973558, thử lại 1/3
2025-09-29 20:51:26,960 WARNING: Lỗi HTTP 429 - product id: 114975016, thử lại 1/3
2025-09-29 20:51:27,066 WARNING: Lỗi HTTP 429 - product id: 115011885, thử lại 1/3
2025-09-29 20:51:27,067 WARNING: Lỗi HTTP 429 - product id: 115009501, thử lại 1/3
2025-09-29 20:51:27,126 WARNING: Lỗi HTTP 429 - product id: 115015524, thử lại 1/3
2025-09-29 20:51:27,316 WARNING: Lỗi HTTP 429 - product id: 115096266, thử lại 1/3
2025-09-29 20:51:27,336 WARNING: Lỗi HTTP 404: Không tim thấy product id - product id: 114894597
2025-09-29 20:51:27,366 WARNING: Lỗi HTTP 429 - product id: 115102771, thử lại 1/3
2025-09-29 20:51:27,420 WARNING: Lỗi HTTP 429 - product id: 115117612, thử lại 1/3
2025-09-29 20:51:27,464 WARNING: Lỗi HTTP 429 - product id: 115124945, thử lại 1/3
2025-09-29 20:51:27,665 WARNING: Lỗi HTTP 429 - product id: 115138716, thử lại 1/3
2025-09-29 20:51:27,669 WARNING: Lỗi HTTP 429 - product id: 115138704, thử lại 1/3
2025-09-29 20:51:27,769 WARNING: Lỗi HTTP 429 - product id: 115139971, thử lại 1/3
2025-09-29 20:51:28,123 WARNING: Lỗi HTTP 404: Không tim thấy product id - product id: 115196180
2025-09-29 20:51:28,766 WARNING: Lỗi HTTP 429 - product id: 115255567, thử lại 1/3
2025-09-29 20:51:28,864 WARNING: Lỗi HTTP 429 - product id: 115270966, thử lại 1/3
2025-09-29 20:51:29,411 WARNING: Lỗi HTTP 429 - product id: 115440137, thử lại 1/3
2025-09-29 20:51:29,663 WARNING: Lỗi HTTP 429 - product id: 115464199, thử lại 1/3
2025-09-29 20:51:29,671 WARNING: Lỗi HTTP 429 - product id: 114904282, thử lại 2/3
2025-09-29 20:51:31,306 WARNING: Lỗi HTTP 429 - product id: 114442486, thử lại 1/3
2025-09-29 20:51:31,370 WARNING: Lỗi HTTP 429 - product id: 114458602, thử lại 1/3
2025-09-29 20:51:31,678 WARNING: Lỗi HTTP 404: Không tim thấy product id - product id: 115667335
2025-09-29 20:51:33,074 WARNING: Lỗi HTTP 404: Không tim thấy product id - product id: 114877982
2025-09-29 20:51:33,865 WARNING: Lỗi HTTP 429 - product id: 115139145, thử lại 1/3
2025-09-29 20:51:34,351 WARNING: Lỗi HTTP 429 - product id: 115143638, thử lại 1/3
2025-09-29 20:51:35,370 WARNING: Lỗi HTTP 429 - product id: 115266131, thử lại 1/3
2025-09-29 20:51:35,711 WARNING: Lỗi HTTP 429 - product id: 115439042, thử lại 1/3
2025-09-29 20:51:35,880 WARNING: Lỗi HTTP 429 - product id: 115439608, thử lại 1/3
2025-09-29 20:51:35,880 WARNING: Lỗi HTTP 429 - product id: 115439896, thử lại 1/3
2025-09-29 20:51:39,951 INFO: Đã commit batch 66 (1000 sản phẩm)
2025-09-29 20:51:39,976 INFO: Đã ghi 990 sản phẩm vào file /home/quannh/projects_de/Lab_01/output/products_batch_66_990_ids.csv
2025-09-29 20:51:40,014 INFO: Đã insert 990 sản phẩm từ file /home/quannh/projects_de/Lab_01/output/products_batch_66_990_ids.csv vào database PostgeSQL
2025-09-29 20:51:40,044 INFO: Đã update lại status của batch 67 về pending để tiến hành crawl lại batch
2025-09-29 20:51:40,055 INFO: Bắt đầu crawl batch 67 (1000 sản phẩm)
2025-09-29 20:51:40,558 WARNING: Lỗi HTTP 429 - product id: 115947473, thử lại 1/3
2025-09-29 20:51:40,615 WARNING: Lỗi HTTP 429 - product id: 115947859, thử lại 1/3
2025-09-29 20:51:40,912 WARNING: Lỗi HTTP 429 - product id: 115959932, thử lại 1/3
2025-09-29 20:51:44,609 WARNING: Lỗi HTTP 429 - product id: 115897109, thử lại 1/3
2025-09-29 20:51:44,611 WARNING: Lỗi HTTP 429 - product id: 115897170, thử lại 1/3
2025-09-29 20:51:45,253 WARNING: Lỗi HTTP 429 - product id: 115945548, thử lại 1/3
2025-09-29 20:51:45,465 WARNING: Lỗi HTTP 429 - product id: 115947788, thử lại 1/3
2025-09-29 20:51:47,413 WARNING: Lỗi HTTP 429 - product id: 116638342, thử lại 1/3
2025-09-29 20:51:47,416 WARNING: Lỗi HTTP 429 - product id: 116638526, thử lại 1/3
2025-09-29 20:51:47,522 WARNING: Lỗi HTTP 429 - product id: 116639605, thử lại 1/3
2025-09-29 20:51:47,713 WARNING: Lỗi HTTP 429 - product id: 116719928, thử lại 1/3
2025-09-29 20:51:48,383 WARNING: Lỗi HTTP 404: Không tim thấy product id - product id: 115677940
2025-09-29 20:51:51,532 WARNING: Lỗi HTTP 404: Không tim thấy product id - product id: 116106095
2025-09-29 20:51:51,625 WARNING: Lỗi HTTP 404: Không tim thấy product id - product id: 116106183
2025-09-29 20:51:53,917 WARNING: Lỗi HTTP 429 - product id: 116183102, thử lại 1/3
2025-09-29 20:51:54,012 WARNING: Lỗi HTTP 429 - product id: 116203655, thử lại 1/3
2025-09-29 20:51:55,815 WARNING: Lỗi HTTP 429 - product id: 116566825, thử lại 1/3
2025-09-29 20:51:55,908 WARNING: Lỗi HTTP 429 - product id: 116593438, thử lại 1/3
2025-09-29 20:51:55,913 WARNING: Lỗi HTTP 429 - product id: 116594854, thử lại 1/3
2025-09-29 20:51:56,282 WARNING: Lỗi HTTP 404: Không tim thấy product id - product id: 116470301
2025-09-29 20:51:56,330 WARNING: Lỗi HTTP 404: Không tim thấy product id - product id: 116470590
2025-09-29 20:51:59,027 INFO: Đã commit batch 67 (1000 sản phẩm)
2025-09-29 20:51:59,051 INFO: Đã ghi 995 sản phẩm vào file /home/quannh/projects_de/Lab_01/output/products_batch_67_995_ids.csv
2025-09-29 20:51:59,089 INFO: Đã insert 995 sản phẩm từ file /home/quannh/projects_de/Lab_01/output/products_batch_67_995_ids.csv vào database PostgeSQL
2025-09-29 20:51:59,119 INFO: Đã update lại status của batch 68 về pending để tiến hành crawl lại batch
2025-09-29 20:51:59,130 INFO: Bắt đầu crawl batch 68 (1000 sản phẩm)
2025-09-29 20:51:59,988 WARNING: Lỗi HTTP 429 - product id: 116999255, thử lại 1/3
2025-09-29 20:52:01,093 WARNING: Lỗi HTTP 429 - product id: 117344210, thử lại 1/3
2025-09-29 20:52:01,168 WARNING: Lỗi HTTP 429 - product id: 117348163, thử lại 1/3
2025-09-29 20:52:01,193 WARNING: Lỗi HTTP 429 - product id: 117348461, thử lại 1/3
2025-09-29 20:52:01,287 WARNING: Lỗi HTTP 429 - product id: 117406092, thử lại 1/3
2025-09-29 20:52:01,347 WARNING: Lỗi HTTP 429 - product id: 117409958, thử lại 1/3
2025-09-29 20:52:02,143 WARNING: Lỗi HTTP 429 - product id: 117498531, thử lại 1/3
2025-09-29 20:52:02,586 WARNING: Lỗi HTTP 429 - product id: 117582490, thử lại 1/3
2025-09-29 20:52:02,643 WARNING: Lỗi HTTP 429 - product id: 117583217, thử lại 1/3
2025-09-29 20:52:07,993 WARNING: Lỗi HTTP 429 - product id: 117070614, thử lại 1/3
2025-09-29 20:52:08,439 WARNING: Lỗi HTTP 429 - product id: 117082297, thử lại 1/3
2025-09-29 20:52:08,465 WARNING: Lỗi HTTP 404: Không tim thấy product id - product id: 116813643
2025-09-29 20:52:08,739 WARNING: Lỗi HTTP 429 - product id: 117083409, thử lại 1/3
2025-09-29 20:52:08,838 WARNING: Lỗi HTTP 429 - product id: 117083736, thử lại 1/3
2025-09-29 20:52:09,095 WARNING: Lỗi HTTP 429 - product id: 117090693, thử lại 1/3
2025-09-29 20:52:10,749 WARNING: Lỗi HTTP 429 - product id: 116889492, thử lại 1/3
2025-09-29 20:52:11,337 WARNING: Lỗi HTTP 429 - product id: 116995376, thử lại 1/3
2025-09-29 20:52:11,840 WARNING: Lỗi HTTP 429 - product id: 116998807, thử lại 1/3
2025-09-29 20:52:11,892 WARNING: Lỗi HTTP 429 - product id: 116999125, thử lại 1/3
2025-09-29 20:52:12,435 WARNING: Lỗi HTTP 429 - product id: 117070176, thử lại 1/3
2025-09-29 20:52:12,945 WARNING: Lỗi HTTP 429 - product id: 117082669, thử lại 1/3
2025-09-29 20:52:13,435 WARNING: Lỗi HTTP 429 - product id: 117478272, thử lại 1/3
2025-09-29 20:52:13,487 WARNING: Lỗi HTTP 429 - product id: 117489735, thử lại 1/3
2025-09-29 20:52:13,541 WARNING: Lỗi HTTP 429 - product id: 117492118, thử lại 1/3
2025-09-29 20:52:13,991 WARNING: Lỗi HTTP 429 - product id: 117555850, thử lại 1/3
2025-09-29 20:52:14,037 WARNING: Lỗi HTTP 429 - product id: 117556166, thử lại 1/3
2025-09-29 20:52:14,100 WARNING: Lỗi HTTP 429 - product id: 117566141, thử lại 1/3
2025-09-29 20:52:14,103 WARNING: Lỗi HTTP 429 - product id: 117570392, thử lại 1/3
2025-09-29 20:52:14,131 WARNING: Lỗi HTTP 429 - product id: 117570398, thử lại 1/3
2025-09-29 20:52:14,485 WARNING: Lỗi HTTP 429 - product id: 117583869, thử lại 1/3
2025-09-29 20:52:14,487 WARNING: Lỗi HTTP 429 - product id: 117585548, thử lại 1/3
2025-09-29 20:52:14,548 WARNING: Lỗi HTTP 429 - product id: 117599148, thử lại 1/3
2025-09-29 20:52:17,677 INFO: Đã commit batch 68 (1000 sản phẩm)
2025-09-29 20:52:17,699 INFO: Đã ghi 999 sản phẩm vào file /home/quannh/projects_de/Lab_01/output/products_batch_68_999_ids.csv
2025-09-29 20:52:17,729 INFO: Đã insert 999 sản phẩm từ file /home/quannh/projects_de/Lab_01/output/products_batch_68_999_ids.csv vào database PostgeSQL
2025-09-29 20:52:17,759 INFO: Đã update lại status của batch 69 về pending để tiến hành crawl lại batch
2025-09-29 20:52:17,770 INFO: Bắt đầu crawl batch 69 (1000 sản phẩm)
2025-09-29 20:52:24,840 WARNING: Lỗi HTTP 429 - product id: 118846774, thử lại 1/3
2025-09-29 20:52:24,939 WARNING: Lỗi HTTP 429 - product id: 117818549, thử lại 1/3
2025-09-29 20:52:25,271 WARNING: Lỗi HTTP 429 - product id: 117929393, thử lại 1/3
2025-09-29 20:52:25,525 WARNING: Lỗi HTTP 429 - product id: 117974871, thử lại 1/3
2025-09-29 20:52:27,073 WARNING: Lỗi HTTP 429 - product id: 118140880, thử lại 1/3
2025-09-29 20:52:27,722 WARNING: Lỗi HTTP 429 - product id: 118152547, thử lại 1/3
2025-09-29 20:52:27,767 WARNING: Lỗi HTTP 429 - product id: 118154663, thử lại 1/3
2025-09-29 20:52:27,784 WARNING: Lỗi HTTP 429 - product id: 118156292, thử lại 1/3
2025-09-29 20:52:27,880 WARNING: Lỗi HTTP 429 - product id: 118159488, thử lại 1/3
2025-09-29 20:52:34,529 INFO: Đã commit batch 69 (1000 sản phẩm)
2025-09-29 20:52:34,550 INFO: Đã ghi 1000 sản phẩm vào file /home/quannh/projects_de/Lab_01/output/products_batch_69_1000_ids.csv
2025-09-29 20:52:34,577 INFO: Đã insert 1000 sản phẩm từ file /home/quannh/projects_de/Lab_01/output/products_batch_69_1000_ids.csv vào database PostgeSQL
2025-09-29 20:52:34,606 INFO: Đã update lại status của batch 70 về pending để tiến hành crawl lại batch
2025-09-29 20:52:34,616 INFO: Bắt đầu crawl batch 70 (1000 sản phẩm)
2025-09-29 20:52:39,525 WARNING: Lỗi HTTP 429 - product id: 119718564, thử lại 1/3
2025-09-29 20:52:40,176 WARNING: Lỗi HTTP 429 - product id: 119926326, thử lại 1/3
2025-09-29 20:52:40,176 WARNING: Lỗi HTTP 429 - product id: 119926352, thử lại 1/3
2025-09-29 20:52:40,270 WARNING: Lỗi HTTP 429 - product id: 119926551, thử lại 1/3
2025-09-29 20:52:40,367 WARNING: Lỗi HTTP 429 - product id: 119926756, thử lại 1/3
2025-09-29 20:52:40,369 WARNING: Lỗi HTTP 429 - product id: 119926760, thử lại 1/3
2025-09-29 20:52:40,468 WARNING: Lỗi HTTP 429 - product id: 119926819, thử lại 1/3
2025-09-29 20:52:40,576 WARNING: Lỗi HTTP 429 - product id: 119927286, thử lại 1/3
2025-09-29 20:52:40,622 WARNING: Lỗi HTTP 429 - product id: 119927309, thử lại 1/3
2025-09-29 20:52:40,780 WARNING: Lỗi HTTP 429 - product id: 119927459, thử lại 1/3
2025-09-29 20:52:40,978 WARNING: Lỗi HTTP 429 - product id: 119943397, thử lại 1/3
2025-09-29 20:52:41,068 WARNING: Lỗi HTTP 429 - product id: 119961071, thử lại 1/3
2025-09-29 20:52:41,928 WARNING: Lỗi HTTP 429 - product id: 118989591, thử lại 1/3
2025-09-29 20:52:41,929 WARNING: Lỗi HTTP 429 - product id: 118989787, thử lại 1/3
2025-09-29 20:52:43,186 WARNING: Lỗi HTTP 429 - product id: 119201531, thử lại 1/3
2025-09-29 20:52:47,423 WARNING: Lỗi HTTP 429 - product id: 119914765, thử lại 1/3
2025-09-29 20:52:48,918 WARNING: Lỗi HTTP 429 - product id: 119965593, thử lại 1/3
2025-09-29 20:52:52,070 INFO: Đã commit batch 70 (1000 sản phẩm)
2025-09-29 20:52:52,097 INFO: Đã ghi 1000 sản phẩm vào file /home/quannh/projects_de/Lab_01/output/products_batch_70_1000_ids.csv
2025-09-29 20:52:52,137 INFO: Đã insert 1000 sản phẩm từ file /home/quannh/projects_de/Lab_01/output/products_batch_70_1000_ids.csv vào database PostgeSQL
2025-09-29 20:52:52,167 INFO: Đã update lại status của batch 71 về pending để tiến hành crawl lại batch
2025-09-29 20:52:52,177 INFO: Bắt đầu crawl batch 71 (1000 sản phẩm)
2025-09-29 20:52:54,201 WARNING: Lỗi HTTP 404: Không tim thấy product id - product id: 120431463
2025-09-29 20:52:55,540 WARNING: Lỗi HTTP 429 - product id: 120534904, thử lại 1/3
2025-09-29 20:52:55,587 WARNING: Lỗi HTTP 429 - product id: 120534967, thử lại 1/3
2025-09-29 20:52:56,236 WARNING: Lỗi HTTP 429 - product id: 120585788, thử lại 1/3
2025-09-29 20:52:56,484 WARNING: Lỗi HTTP 429 - product id: 120604713, thử lại 1/3
2025-09-29 20:52:56,548 WARNING: Lỗi HTTP 429 - product id: 120645817, thử lại 1/3
2025-09-29 20:52:56,628 WARNING: Lỗi HTTP 429 - product id: 120666237, thử lại 1/3
2025-09-29 20:52:56,640 WARNING: Lỗi HTTP 429 - product id: 120674159, thử lại 1/3
2025-09-29 20:52:56,882 WARNING: Lỗi HTTP 429 - product id: 120789870, thử lại 1/3
2025-09-29 20:52:57,247 WARNING: Lỗi HTTP 429 - product id: 121003878, thử lại 1/3
2025-09-29 20:52:57,338 WARNING: Lỗi HTTP 429 - product id: 121019360, thử lại 1/3
2025-09-29 20:52:58,337 WARNING: Lỗi HTTP 404: Không tim thấy product id - product id: 121106476
2025-09-29 20:53:00,638 WARNING: Lỗi HTTP 429 - product id: 120226835, thử lại 1/3
2025-09-29 20:53:00,675 WARNING: Lỗi HTTP 429 - product id: 120227153, thử lại 1/3
2025-09-29 20:53:00,917 WARNING: Lỗi HTTP 429 - product id: 120311472, thử lại 1/3
2025-09-29 20:53:01,965 WARNING: Lỗi HTTP 429 - product id: 120420899, thử lại 1/3
2025-09-29 20:53:01,979 WARNING: Lỗi HTTP 429 - product id: 120421109, thử lại 1/3
2025-09-29 20:53:02,081 WARNING: Lỗi HTTP 429 - product id: 120431470, thử lại 1/3
2025-09-29 20:53:02,185 WARNING: Lỗi HTTP 429 - product id: 120452134, thử lại 1/3
2025-09-29 20:53:02,402 WARNING: Lỗi HTTP 429 - product id: 120469174, thử lại 1/3
2025-09-29 20:53:02,512 WARNING: Lỗi HTTP 429 - product id: 120480536, thử lại 1/3
2025-09-29 20:53:02,532 WARNING: Lỗi HTTP 429 - product id: 120483167, thử lại 1/3
2025-09-29 20:53:02,659 WARNING: Lỗi HTTP 429 - product id: 120491483, thử lại 1/3
2025-09-29 20:53:02,668 WARNING: Lỗi HTTP 429 - product id: 120495550, thử lại 1/3
2025-09-29 20:53:02,819 WARNING: Lỗi HTTP 429 - product id: 120504895, thử lại 1/3
2025-09-29 20:53:03,053 WARNING: Lỗi HTTP 429 - product id: 120524595, thử lại 1/3
2025-09-29 20:53:03,060 WARNING: Lỗi HTTP 429 - product id: 120524824, thử lại 1/3
2025-09-29 20:53:04,427 WARNING: Lỗi HTTP 429 - product id: 120593914, thử lại 1/3
2025-09-29 20:53:05,982 WARNING: Lỗi HTTP 429 - product id: 121037791, thử lại 1/3
2025-09-29 20:53:06,067 WARNING: Lỗi HTTP 429 - product id: 121038339, thử lại 1/3
2025-09-29 20:53:06,080 WARNING: Lỗi HTTP 429 - product id: 121038347, thử lại 1/3
2025-09-29 20:53:06,630 WARNING: Lỗi HTTP 429 - product id: 121101422, thử lại 1/3
2025-09-29 20:53:06,710 WARNING: Lỗi HTTP 429 - product id: 121106061, thử lại 1/3
2025-09-29 20:53:06,714 WARNING: Lỗi HTTP 429 - product id: 121106064, thử lại 1/3
2025-09-29 20:53:06,840 WARNING: Lỗi HTTP 429 - product id: 121106975, thử lại 1/3
2025-09-29 20:53:06,864 WARNING: Lỗi HTTP 429 - product id: 121107027, thử lại 1/3
2025-09-29 20:53:06,909 WARNING: Lỗi HTTP 429 - product id: 121107066, thử lại 1/3
2025-09-29 20:53:06,926 WARNING: Lỗi HTTP 429 - product id: 121107218, thử lại 1/3
2025-09-29 20:53:10,145 INFO: Đã commit batch 71 (1000 sản phẩm)
2025-09-29 20:53:10,176 INFO: Đã ghi 998 sản phẩm vào file /home/quannh/projects_de/Lab_01/output/products_batch_71_998_ids.csv
2025-09-29 20:53:10,229 INFO: Đã insert 998 sản phẩm từ file /home/quannh/projects_de/Lab_01/output/products_batch_71_998_ids.csv vào database PostgeSQL
2025-09-29 20:53:10,259 INFO: Đã update lại status của batch 72 về pending để tiến hành crawl lại batch
2025-09-29 20:53:10,269 INFO: Bắt đầu crawl batch 72 (1000 sản phẩm)
2025-09-29 20:53:10,931 WARNING: Lỗi HTTP 429 - product id: 121231509, thử lại 1/3
2025-09-29 20:53:18,886 WARNING: Lỗi HTTP 429 - product id: 121249371, thử lại 1/3
2025-09-29 20:53:18,987 WARNING: Lỗi HTTP 429 - product id: 121257933, thử lại 1/3
2025-09-29 20:53:19,929 WARNING: Lỗi HTTP 429 - product id: 121329537, thử lại 1/3
2025-09-29 20:53:20,026 WARNING: Lỗi HTTP 429 - product id: 121331818, thử lại 1/3
2025-09-29 20:53:20,085 WARNING: Lỗi HTTP 429 - product id: 121332473, thử lại 1/3
2025-09-29 20:53:20,138 WARNING: Lỗi HTTP 429 - product id: 121332544, thử lại 1/3
2025-09-29 20:53:20,185 WARNING: Lỗi HTTP 429 - product id: 121332605, thử lại 1/3
2025-09-29 20:53:20,227 WARNING: Lỗi HTTP 429 - product id: 121332642, thử lại 1/3
2025-09-29 20:53:20,231 WARNING: Lỗi HTTP 429 - product id: 121332648, thử lại 1/3
2025-09-29 20:53:20,329 WARNING: Lỗi HTTP 429 - product id: 121332983, thử lại 1/3
2025-09-29 20:53:20,947 WARNING: Lỗi HTTP 404: Không tim thấy product id - product id: 121331576
2025-09-29 20:53:22,182 WARNING: Lỗi HTTP 429 - product id: 121597325, thử lại 1/3
2025-09-29 20:53:22,477 WARNING: Lỗi HTTP 429 - product id: 121597676, thử lại 1/3
2025-09-29 20:53:22,778 WARNING: Lỗi HTTP 429 - product id: 121597996, thử lại 1/3
2025-09-29 20:53:23,627 WARNING: Lỗi HTTP 429 - product id: 121661516, thử lại 1/3
2025-09-29 20:53:23,736 WARNING: Lỗi HTTP 429 - product id: 121682515, thử lại 1/3
2025-09-29 20:53:23,830 WARNING: Lỗi HTTP 429 - product id: 121693379, thử lại 1/3
2025-09-29 20:53:23,883 WARNING: Lỗi HTTP 429 - product id: 121696794, thử lại 1/3
2025-09-29 20:53:23,927 WARNING: Lỗi HTTP 429 - product id: 121747165, thử lại 1/3
2025-09-29 20:53:24,127 WARNING: Lỗi HTTP 429 - product id: 121759111, thử lại 1/3
2025-09-29 20:53:24,132 WARNING: Lỗi HTTP 429 - product id: 121760253, thử lại 1/3
2025-09-29 20:53:24,194 WARNING: Lỗi HTTP 429 - product id: 121770307, thử lại 1/3
2025-09-29 20:53:24,194 WARNING: Lỗi HTTP 429 - product id: 121775573, thử lại 1/3
2025-09-29 20:53:24,282 WARNING: Lỗi HTTP 429 - product id: 121949535, thử lại 1/3
2025-09-29 20:53:24,626 WARNING: Lỗi HTTP 429 - product id: 121230321, thử lại 1/3
2025-09-29 20:53:25,226 WARNING: Lỗi HTTP 429 - product id: 121230916, thử lại 1/3
2025-09-29 20:53:25,283 WARNING: Lỗi HTTP 429 - product id: 121230968, thử lại 1/3
2025-09-29 20:53:25,287 WARNING: Lỗi HTTP 429 - product id: 121230974, thử lại 1/3
2025-09-29 20:53:25,876 WARNING: Lỗi HTTP 429 - product id: 121488502, thử lại 1/3
2025-09-29 20:53:25,925 WARNING: Lỗi HTTP 429 - product id: 121493783, thử lại 1/3
2025-09-29 20:53:25,939 WARNING: Lỗi HTTP 429 - product id: 121494016, thử lại 1/3
2025-09-29 20:53:29,051 INFO: Đã commit batch 72 (1000 sản phẩm)
2025-09-29 20:53:29,076 INFO: Đã ghi 999 sản phẩm vào file /home/quannh/projects_de/Lab_01/output/products_batch_72_999_ids.csv
2025-09-29 20:53:29,111 INFO: Đã insert 999 sản phẩm từ file /home/quannh/projects_de/Lab_01/output/products_batch_72_999_ids.csv vào database PostgeSQL
2025-09-29 20:53:29,139 INFO: Đã update lại status của batch 73 về pending để tiến hành crawl lại batch
2025-09-29 20:53:29,149 INFO: Bắt đầu crawl batch 73 (1000 sản phẩm)
2025-09-29 20:53:34,708 WARNING: Lỗi HTTP 429 - product id: 122353531, thử lại 1/3
2025-09-29 20:53:37,909 WARNING: Lỗi HTTP 429 - product id: 123346294, thử lại 1/3
2025-09-29 20:53:38,514 WARNING: Lỗi HTTP 429 - product id: 123533332, thử lại 1/3
2025-09-29 20:53:38,604 WARNING: Lỗi HTTP 429 - product id: 123545955, thử lại 1/3
2025-09-29 20:53:38,856 WARNING: Lỗi HTTP 429 - product id: 123673161, thử lại 1/3
2025-09-29 20:53:39,953 WARNING: Lỗi HTTP 429 - product id: 123948354, thử lại 1/3
2025-09-29 20:53:39,997 WARNING: Lỗi HTTP 429 - product id: 123948421, thử lại 1/3
2025-09-29 20:53:40,048 WARNING: Lỗi HTTP 429 - product id: 123950059, thử lại 1/3
2025-09-29 20:53:40,153 WARNING: Lỗi HTTP 429 - product id: 122069705, thử lại 1/3
2025-09-29 20:53:40,709 WARNING: Lỗi HTTP 429 - product id: 122147237, thử lại 1/3
2025-09-29 20:53:40,847 WARNING: Lỗi HTTP 429 - product id: 122185258, thử lại 1/3
2025-09-29 20:53:40,855 WARNING: Lỗi HTTP 429 - product id: 122189790, thử lại 1/3
2025-09-29 20:53:40,954 WARNING: Lỗi HTTP 429 - product id: 122202243, thử lại 1/3
2025-09-29 20:53:41,050 WARNING: Lỗi HTTP 429 - product id: 122029681, thử lại 1/3
2025-09-29 20:53:41,157 WARNING: Lỗi HTTP 429 - product id: 122072341, thử lại 1/3
2025-09-29 20:53:41,308 WARNING: Lỗi HTTP 429 - product id: 122087497, thử lại 1/3
2025-09-29 20:53:41,403 WARNING: Lỗi HTTP 429 - product id: 122090335, thử lại 1/3
2025-09-29 20:53:42,253 WARNING: Lỗi HTTP 429 - product id: 124039569, thử lại 1/3
2025-09-29 20:53:46,007 INFO: Đã commit batch 73 (1000 sản phẩm)
2025-09-29 20:53:46,035 INFO: Đã ghi 1000 sản phẩm vào file /home/quannh/projects_de/Lab_01/output/products_batch_73_1000_ids.csv
2025-09-29 20:53:46,088 INFO: Đã insert 1000 sản phẩm từ file /home/quannh/projects_de/Lab_01/output/products_batch_73_1000_ids.csv vào database PostgeSQL
2025-09-29 20:53:46,117 INFO: Đã update lại status của batch 74 về pending để tiến hành crawl lại batch
2025-09-29 20:53:46,127 INFO: Bắt đầu crawl batch 74 (1000 sản phẩm)
2025-09-29 20:53:46,708 WARNING: Lỗi HTTP 404: Không tim thấy product id - product id: 124275744
2025-09-29 20:53:51,342 WARNING: Lỗi HTTP 429 - product id: 124414017, thử lại 1/3
2025-09-29 20:53:55,136 WARNING: Lỗi HTTP 429 - product id: 124238819, thử lại 1/3
2025-09-29 20:53:55,229 WARNING: Lỗi HTTP 429 - product id: 124239226, thử lại 1/3
2025-09-29 20:53:55,234 WARNING: Lỗi HTTP 429 - product id: 124239272, thử lại 1/3
2025-09-29 20:53:55,440 WARNING: Lỗi HTTP 429 - product id: 124243391, thử lại 1/3
2025-09-29 20:53:55,538 WARNING: Lỗi HTTP 429 - product id: 124243751, thử lại 1/3
2025-09-29 20:53:55,736 WARNING: Lỗi HTTP 429 - product id: 124272011, thử lại 1/3
2025-09-29 20:53:55,738 WARNING: Lỗi HTTP 429 - product id: 124272010, thử lại 1/3
2025-09-29 20:53:55,783 WARNING: Lỗi HTTP 429 - product id: 124272019, thử lại 1/3
2025-09-29 20:53:55,797 WARNING: Lỗi HTTP 429 - product id: 124272047, thử lại 1/3
2025-09-29 20:53:57,734 WARNING: Lỗi HTTP 429 - product id: 125195468, thử lại 1/3
2025-09-29 20:53:58,142 WARNING: Lỗi HTTP 429 - product id: 125261582, thử lại 1/3
2025-09-29 20:53:58,237 WARNING: Lỗi HTTP 429 - product id: 125273701, thử lại 1/3
2025-09-29 20:53:58,395 WARNING: Lỗi HTTP 429 - product id: 124239272, thử lại 2/3
2025-09-29 20:53:58,442 WARNING: Lỗi HTTP 429 - product id: 125280128, thử lại 1/3
2025-09-29 20:53:58,534 WARNING: Lỗi HTTP 429 - product id: 125087288, thử lại 1/3
2025-09-29 20:53:58,840 WARNING: Lỗi HTTP 429 - product id: 125100520, thử lại 1/3
2025-09-29 20:53:58,942 WARNING: Lỗi HTTP 429 - product id: 125137736, thử lại 1/3
2025-09-29 20:53:58,992 WARNING: Lỗi HTTP 429 - product id: 125137824, thử lại 1/3
2025-09-29 20:54:04,517 INFO: Đã commit batch 74 (1000 sản phẩm)
2025-09-29 20:54:04,542 INFO: Đã ghi 999 sản phẩm vào file /home/quannh/projects_de/Lab_01/output/products_batch_74_999_ids.csv
2025-09-29 20:54:04,579 INFO: Đã insert 999 sản phẩm từ file /home/quannh/projects_de/Lab_01/output/products_batch_74_999_ids.csv vào database PostgeSQL
2025-09-29 20:54:04,607 INFO: Đã update lại status của batch 75 về pending để tiến hành crawl lại batch
2025-09-29 20:54:04,617 INFO: Bắt đầu crawl batch 75 (1000 sản phẩm)
2025-09-29 20:54:04,696 WARNING: Lỗi HTTP 429 - product id: 125743085, thử lại 1/3
2025-09-29 20:54:04,697 WARNING: Lỗi HTTP 429 - product id: 125742697, thử lại 1/3
2025-09-29 20:54:05,032 WARNING: Lỗi HTTP 429 - product id: 125773330, thử lại 1/3
2025-09-29 20:54:05,428 WARNING: Lỗi HTTP 429 - product id: 125796925, thử lại 1/3
2025-09-29 20:54:05,481 WARNING: Lỗi HTTP 429 - product id: 125802613, thử lại 1/3
2025-09-29 20:54:06,874 WARNING: Lỗi HTTP 429 - product id: 125910529, thử lại 1/3
2025-09-29 20:54:06,927 WARNING: Lỗi HTTP 429 - product id: 125910781, thử lại 1/3
2025-09-29 20:54:06,932 WARNING: Lỗi HTTP 429 - product id: 125910663, thử lại 1/3
2025-09-29 20:54:06,976 WARNING: Lỗi HTTP 429 - product id: 125911000, thử lại 1/3
2025-09-29 20:54:06,980 WARNING: Lỗi HTTP 429 - product id: 125911034, thử lại 1/3
2025-09-29 20:54:07,074 WARNING: Lỗi HTTP 429 - product id: 125912049, thử lại 1/3
2025-09-29 20:54:07,083 WARNING: Lỗi HTTP 429 - product id: 125912136, thử lại 1/3
2025-09-29 20:54:09,581 WARNING: Lỗi HTTP 429 - product id: 125730186, thử lại 1/3
2025-09-29 20:54:09,621 WARNING: Lỗi HTTP 429 - product id: 125732073, thử lại 1/3
2025-09-29 20:54:09,630 WARNING: Lỗi HTTP 429 - product id: 125732123, thử lại 1/3
2025-09-29 20:54:09,684 WARNING: Lỗi HTTP 429 - product id: 125737665, thử lại 1/3
2025-09-29 20:54:09,774 WARNING: Lỗi HTTP 429 - product id: 125740274, thử lại 1/3
2025-09-29 20:54:09,778 WARNING: Lỗi HTTP 429 - product id: 125742539, thử lại 1/3
2025-09-29 20:54:10,032 WARNING: Lỗi HTTP 429 - product id: 125932077, thử lại 1/3
2025-09-29 20:54:10,332 WARNING: Lỗi HTTP 429 - product id: 125946313, thử lại 1/3
2025-09-29 20:54:10,423 WARNING: Lỗi HTTP 429 - product id: 125973639, thử lại 1/3
2025-09-29 20:54:10,433 WARNING: Lỗi HTTP 429 - product id: 125995842, thử lại 1/3
2025-09-29 20:54:10,524 WARNING: Lỗi HTTP 429 - product id: 126022166, thử lại 1/3
2025-09-29 20:54:10,524 WARNING: Lỗi HTTP 429 - product id: 126022397, thử lại 1/3
2025-09-29 20:54:12,621 WARNING: Lỗi HTTP 429 - product id: 125355256, thử lại 1/3
2025-09-29 20:54:12,719 WARNING: Lỗi HTTP 429 - product id: 125363425, thử lại 1/3
2025-09-29 20:54:12,722 WARNING: Lỗi HTTP 429 - product id: 125363143, thử lại 1/3
2025-09-29 20:54:13,878 WARNING: Lỗi HTTP 429 - product id: 125596248, thử lại 1/3
2025-09-29 20:54:14,181 WARNING: Lỗi HTTP 429 - product id: 125614892, thử lại 1/3
2025-09-29 20:54:15,076 WARNING: Lỗi HTTP 429 - product id: 126022431, thử lại 1/3
2025-09-29 20:54:15,231 WARNING: Lỗi HTTP 429 - product id: 126022573, thử lại 1/3
2025-09-29 20:54:16,920 WARNING: Lỗi HTTP 429 - product id: 126049199, thử lại 1/3
2025-09-29 20:54:16,979 WARNING: Lỗi HTTP 429 - product id: 126049249, thử lại 1/3
2025-09-29 20:54:16,984 WARNING: Lỗi HTTP 429 - product id: 126049303, thử lại 1/3
2025-09-29 20:54:17,278 WARNING: Lỗi HTTP 429 - product id: 125754913, thử lại 1/3
2025-09-29 20:54:17,577 WARNING: Lỗi HTTP 429 - product id: 125780972, thử lại 1/3
2025-09-29 20:54:17,672 WARNING: Lỗi HTTP 429 - product id: 125784689, thử lại 1/3
2025-09-29 20:54:17,678 WARNING: Lỗi HTTP 429 - product id: 125785209, thử lại 1/3
2025-09-29 20:54:17,775 WARNING: Lỗi HTTP 429 - product id: 125793650, thử lại 1/3
2025-09-29 20:54:19,028 WARNING: Lỗi HTTP 429 - product id: 125910608, thử lại 1/3
2025-09-29 20:54:19,035 WARNING: Lỗi HTTP 429 - product id: 125910655, thử lại 1/3
2025-09-29 20:54:19,119 WARNING: Lỗi HTTP 429 - product id: 125911044, thử lại 1/3
2025-09-29 20:54:19,165 WARNING: Lỗi HTTP 429 - product id: 125911185, thử lại 1/3
2025-09-29 20:54:19,174 WARNING: Lỗi HTTP 429 - product id: 125911397, thử lại 1/3
2025-09-29 20:54:19,284 WARNING: Lỗi HTTP 429 - product id: 125911673, thử lại 1/3
2025-09-29 20:54:19,384 WARNING: Lỗi HTTP 429 - product id: 125912017, thử lại 1/3
2025-09-29 20:54:19,424 WARNING: Lỗi HTTP 429 - product id: 125912200, thử lại 1/3
2025-09-29 20:54:19,678 WARNING: Lỗi HTTP 429 - product id: 126052792, thử lại 1/3
2025-09-29 20:54:19,732 WARNING: Lỗi HTTP 429 - product id: 126052875, thử lại 1/3
2025-09-29 20:54:19,781 WARNING: Lỗi HTTP 429 - product id: 125352154, thử lại 1/3
2025-09-29 20:54:19,983 WARNING: Lỗi HTTP 429 - product id: 125383626, thử lại 1/3
2025-09-29 20:54:20,028 WARNING: Lỗi HTTP 429 - product id: 125394041, thử lại 1/3
2025-09-29 20:54:20,130 WARNING: Lỗi HTTP 429 - product id: 125416774, thử lại 1/3
2025-09-29 20:54:23,239 INFO: Đã commit batch 75 (1000 sản phẩm)
2025-09-29 20:54:23,262 INFO: Đã ghi 1000 sản phẩm vào file /home/quannh/projects_de/Lab_01/output/products_batch_75_1000_ids.csv
2025-09-29 20:54:23,297 INFO: Đã insert 1000 sản phẩm từ file /home/quannh/projects_de/Lab_01/output/products_batch_75_1000_ids.csv vào database PostgeSQL
2025-09-29 20:54:23,325 INFO: Đã update lại status của batch 76 về pending để tiến hành crawl lại batch
2025-09-29 20:54:23,335 INFO: Bắt đầu crawl batch 76 (1000 sản phẩm)
2025-09-29 20:54:23,547 WARNING: Lỗi HTTP 429 - product id: 126342699, thử lại 1/3
2025-09-29 20:54:23,696 WARNING: Lỗi HTTP 429 - product id: 126344003, thử lại 1/3
2025-09-29 20:54:24,151 WARNING: Lỗi HTTP 429 - product id: 126347587, thử lại 1/3
2025-09-29 20:54:25,587 WARNING: Lỗi HTTP 429 - product id: 126920338, thử lại 1/3
2025-09-29 20:54:25,894 WARNING: Lỗi HTTP 429 - product id: 127012933, thử lại 1/3
2025-09-29 20:54:25,948 WARNING: Lỗi HTTP 429 - product id: 127013999, thử lại 1/3
2025-09-29 20:54:26,044 WARNING: Lỗi HTTP 429 - product id: 127046029, thử lại 1/3
2025-09-29 20:54:26,395 WARNING: Lỗi HTTP 429 - product id: 127096684, thử lại 1/3
2025-09-29 20:54:26,444 WARNING: Lỗi HTTP 429 - product id: 127097023, thử lại 1/3
2025-09-29 20:54:26,493 WARNING: Lỗi HTTP 429 - product id: 127120321, thử lại 1/3
2025-09-29 20:54:26,542 WARNING: Lỗi HTTP 429 - product id: 127120439, thử lại 1/3
2025-09-29 20:54:26,643 WARNING: Lỗi HTTP 429 - product id: 127120964, thử lại 1/3
2025-09-29 20:54:26,645 WARNING: Lỗi HTTP 429 - product id: 127120899, thử lại 1/3
2025-09-29 20:54:26,897 WARNING: Lỗi HTTP 429 - product id: 127191630, thử lại 1/3
2025-09-29 20:54:27,414 WARNING: Lỗi HTTP 404: Không tim thấy product id - product id: 127113936
2025-09-29 20:54:27,691 WARNING: Lỗi HTTP 429 - product id: 126155574, thử lại 1/3
2025-09-29 20:54:27,800 WARNING: Lỗi HTTP 429 - product id: 126169153, thử lại 1/3
2025-09-29 20:54:27,801 WARNING: Lỗi HTTP 429 - product id: 126171918, thử lại 1/3
2025-09-29 20:54:27,867 WARNING: Lỗi HTTP 429 - product id: 126185570, thử lại 1/3
2025-09-29 20:54:27,896 WARNING: Lỗi HTTP 429 - product id: 126521196, thử lại 1/3
2025-09-29 20:54:30,415 WARNING: Lỗi HTTP 404: Không tim thấy product id - product id: 127097023
2025-09-29 20:54:30,744 WARNING: Lỗi HTTP 429 - product id: 126075111, thử lại 1/3
2025-09-29 20:54:30,800 WARNING: Lỗi HTTP 429 - product id: 126075873, thử lại 1/3
2025-09-29 20:54:30,951 WARNING: Lỗi HTTP 429 - product id: 126122990, thử lại 1/3
2025-09-29 20:54:31,051 WARNING: Lỗi HTTP 429 - product id: 126131836, thử lại 1/3
2025-09-29 20:54:31,146 WARNING: Lỗi HTTP 429 - product id: 126521196, thử lại 2/3
2025-09-29 20:54:31,252 WARNING: Lỗi HTTP 429 - product id: 126157441, thử lại 1/3
2025-09-29 20:54:31,807 WARNING: Lỗi HTTP 429 - product id: 126229484, thử lại 1/3
2025-09-29 20:54:32,061 WARNING: Lỗi HTTP 404: Không tim thấy product id - product id: 126158085
2025-09-29 20:54:32,297 WARNING: Lỗi HTTP 429 - product id: 126672978, thử lại 1/3
2025-09-29 20:54:32,348 WARNING: Lỗi HTTP 429 - product id: 126677071, thử lại 1/3
2025-09-29 20:54:32,449 WARNING: Lỗi HTTP 429 - product id: 126678250, thử lại 1/3
2025-09-29 20:54:32,553 WARNING: Lỗi HTTP 429 - product id: 126678842, thử lại 1/3
2025-09-29 20:54:32,602 WARNING: Lỗi HTTP 429 - product id: 126678940, thử lại 1/3
2025-09-29 20:54:32,696 WARNING: Lỗi HTTP 429 - product id: 126698134, thử lại 1/3
2025-09-29 20:54:32,699 WARNING: Lỗi HTTP 429 - product id: 126700159, thử lại 1/3
2025-09-29 20:54:32,845 WARNING: Lỗi HTTP 429 - product id: 126701444, thử lại 1/3
2025-09-29 20:54:32,847 WARNING: Lỗi HTTP 429 - product id: 126701453, thử lại 1/3
2025-09-29 20:54:32,917 WARNING: Lỗi HTTP 429 - product id: 126701520, thử lại 1/3
2025-09-29 20:54:32,925 WARNING: Lỗi HTTP 429 - product id: 126701549, thử lại 1/3
2025-09-29 20:54:32,936 WARNING: Lỗi HTTP 429 - product id: 126701565, thử lại 1/3
2025-09-29 20:54:32,951 WARNING: Lỗi HTTP 429 - product id: 126701576, thử lại 1/3
2025-09-29 20:54:33,843 WARNING: Lỗi HTTP 429 - product id: 126811563, thử lại 1/3
2025-09-29 20:54:34,742 WARNING: Lỗi HTTP 429 - product id: 126233873, thử lại 1/3
2025-09-29 20:54:34,744 WARNING: Lỗi HTTP 429 - product id: 126234190, thử lại 1/3
2025-09-29 20:54:34,790 WARNING: Lỗi HTTP 429 - product id: 126235946, thử lại 1/3
2025-09-29 20:54:35,838 WARNING: Lỗi HTTP 429 - product id: 126345818, thử lại 1/3
2025-09-29 20:54:35,888 WARNING: Lỗi HTTP 429 - product id: 126346317, thử lại 1/3
2025-09-29 20:54:36,382 WARNING: Lỗi HTTP 429 - product id: 126507878, thử lại 1/3
2025-09-29 20:54:37,098 WARNING: Lỗi HTTP 429 - product id: 126812608, thử lại 1/3
2025-09-29 20:54:37,252 WARNING: Lỗi HTTP 429 - product id: 126896512, thử lại 1/3
2025-09-29 20:54:37,552 WARNING: Lỗi HTTP 429 - product id: 126938080, thử lại 1/3
2025-09-29 20:54:37,690 WARNING: Lỗi HTTP 429 - product id: 126957316, thử lại 1/3
2025-09-29 20:54:37,751 WARNING: Lỗi HTTP 429 - product id: 126973699, thử lại 1/3
2025-09-29 20:54:37,788 WARNING: Lỗi HTTP 429 - product id: 126997020, thử lại 1/3
2025-09-29 20:54:38,145 WARNING: Lỗi HTTP 429 - product id: 127015146, thử lại 1/3
2025-09-29 20:54:38,194 WARNING: Lỗi HTTP 429 - product id: 127028573, thử lại 1/3
2025-09-29 20:54:38,246 WARNING: Lỗi HTTP 429 - product id: 127049952, thử lại 1/3
2025-09-29 20:54:38,248 WARNING: Lỗi HTTP 429 - product id: 127050110, thử lại 1/3
2025-09-29 20:54:38,348 WARNING: Lỗi HTTP 429 - product id: 127052034, thử lại 1/3
2025-09-29 20:54:38,442 WARNING: Lỗi HTTP 429 - product id: 127114141, thử lại 1/3
2025-09-29 20:54:38,446 WARNING: Lỗi HTTP 429 - product id: 127096705, thử lại 1/3
2025-09-29 20:54:38,632 WARNING: Lỗi HTTP 429 - product id: 127120232, thử lại 1/3
2025-09-29 20:54:38,837 WARNING: Lỗi HTTP 429 - product id: 127124912, thử lại 1/3
2025-09-29 20:54:38,960 WARNING: Lỗi HTTP 429 - product id: 127191938, thử lại 1/3
2025-09-29 20:54:41,541 WARNING: Lỗi HTTP 404: Không tim thấy product id - product id: 127114141
2025-09-29 20:54:42,097 INFO: Đã commit batch 76 (1000 sản phẩm)
2025-09-29 20:54:42,121 INFO: Đã ghi 996 sản phẩm vào file /home/quannh/projects_de/Lab_01/output/products_batch_76_996_ids.csv
2025-09-29 20:54:42,154 INFO: Đã insert 996 sản phẩm từ file /home/quannh/projects_de/Lab_01/output/products_batch_76_996_ids.csv vào database PostgeSQL
2025-09-29 20:54:42,183 INFO: Đã update lại status của batch 77 về pending để tiến hành crawl lại batch
2025-09-29 20:54:42,193 INFO: Bắt đầu crawl batch 77 (1000 sản phẩm)
2025-09-29 20:54:43,151 WARNING: Lỗi HTTP 429 - product id: 127784143, thử lại 1/3
2025-09-29 20:54:43,199 WARNING: Lỗi HTTP 429 - product id: 127800261, thử lại 1/3
2025-09-29 20:54:43,246 WARNING: Lỗi HTTP 429 - product id: 127806593, thử lại 1/3
2025-09-29 20:54:43,458 WARNING: Lỗi HTTP 429 - product id: 127862533, thử lại 1/3
2025-09-29 20:54:43,508 WARNING: Lỗi HTTP 429 - product id: 127864335, thử lại 1/3
2025-09-29 20:54:45,524 WARNING: Lỗi HTTP 404: Không tim thấy product id - product id: 127528127
2025-09-29 20:54:45,624 WARNING: Lỗi HTTP 404: Không tim thấy product id - product id: 127537280
2025-09-29 20:54:46,298 WARNING: Lỗi HTTP 429 - product id: 127665637, thử lại 1/3
2025-09-29 20:54:46,951 WARNING: Lỗi HTTP 429 - product id: 127992196, thử lại 1/3
2025-09-29 20:54:47,054 WARNING: Lỗi HTTP 429 - product id: 127994957, thử lại 1/3
2025-09-29 20:54:47,552 WARNING: Lỗi HTTP 429 - product id: 128257850, thử lại 1/3
2025-09-29 20:54:47,608 WARNING: Lỗi HTTP 429 - product id: 128260048, thử lại 1/3
2025-09-29 20:54:47,807 WARNING: Lỗi HTTP 429 - product id: 127210359, thử lại 1/3
2025-09-29 20:54:47,857 WARNING: Lỗi HTTP 429 - product id: 127218072, thử lại 1/3
2025-09-29 20:54:47,905 WARNING: Lỗi HTTP 429 - product id: 127220536, thử lại 1/3
2025-09-29 20:54:47,908 WARNING: Lỗi HTTP 429 - product id: 127220538, thử lại 1/3
2025-09-29 20:54:47,969 WARNING: Lỗi HTTP 429 - product id: 127220782, thử lại 1/3
2025-09-29 20:54:48,044 WARNING: Lỗi HTTP 429 - product id: 127242585, thử lại 1/3
2025-09-29 20:54:48,208 WARNING: Lỗi HTTP 429 - product id: 127312343, thử lại 1/3
2025-09-29 20:54:50,701 WARNING: Lỗi HTTP 429 - product id: 127580775, thử lại 1/3
2025-09-29 20:54:50,760 WARNING: Lỗi HTTP 429 - product id: 127584385, thử lại 1/3
2025-09-29 20:54:50,799 WARNING: Lỗi HTTP 429 - product id: 128260048, thử lại 2/3
2025-09-29 20:54:51,019 WARNING: Lỗi HTTP 404: Không tim thấy product id - product id: 127531945
2025-09-29 20:54:51,101 WARNING: Lỗi HTTP 429 - product id: 127649042, thử lại 1/3
2025-09-29 20:54:51,654 WARNING: Lỗi HTTP 429 - product id: 127665154, thử lại 1/3
2025-09-29 20:54:51,656 WARNING: Lỗi HTTP 429 - product id: 127665183, thử lại 1/3
2025-09-29 20:54:51,710 WARNING: Lỗi HTTP 429 - product id: 127665265, thử lại 1/3
2025-09-29 20:54:51,752 WARNING: Lỗi HTTP 429 - product id: 127665373, thử lại 1/3
2025-09-29 20:54:51,902 WARNING: Lỗi HTTP 429 - product id: 127665706, thử lại 1/3
2025-09-29 20:54:52,002 WARNING: Lỗi HTTP 429 - product id: 127665811, thử lại 1/3
2025-09-29 20:54:52,103 WARNING: Lỗi HTTP 429 - product id: 127665964, thử lại 1/3
2025-09-29 20:54:52,545 WARNING: Lỗi HTTP 429 - product id: 128117694, thử lại 1/3
2025-09-29 20:54:52,604 WARNING: Lỗi HTTP 429 - product id: 128124227, thử lại 1/3
2025-09-29 20:54:52,703 WARNING: Lỗi HTTP 429 - product id: 128254297, thử lại 1/3
2025-09-29 20:54:52,906 WARNING: Lỗi HTTP 429 - product id: 128261360, thử lại 1/3
2025-09-29 20:54:53,904 WARNING: Lỗi HTTP 429 - product id: 127350288, thử lại 1/3
2025-09-29 20:54:54,058 WARNING: Lỗi HTTP 429 - product id: 127352358, thử lại 1/3
2025-09-29 20:54:54,805 WARNING: Lỗi HTTP 429 - product id: 127665265, thử lại 2/3
2025-09-29 20:54:54,902 WARNING: Lỗi HTTP 429 - product id: 127666740, thử lại 1/3
2025-09-29 20:54:54,954 WARNING: Lỗi HTTP 429 - product id: 127666783, thử lại 1/3
2025-09-29 20:54:55,055 WARNING: Lỗi HTTP 429 - product id: 127666856, thử lại 1/3
2025-09-29 20:54:56,054 WARNING: Lỗi HTTP 429 - product id: 127785535, thử lại 1/3
2025-09-29 20:54:56,151 WARNING: Lỗi HTTP 429 - product id: 127807162, thử lại 1/3
2025-09-29 20:54:56,152 WARNING: Lỗi HTTP 429 - product id: 127834799, thử lại 1/3
2025-09-29 20:54:56,218 WARNING: Lỗi HTTP 429 - product id: 127840148, thử lại 1/3
2025-09-29 20:54:56,258 WARNING: Lỗi HTTP 429 - product id: 128268191, thử lại 1/3
2025-09-29 20:54:56,407 WARNING: Lỗi HTTP 429 - product id: 127193543, thử lại 1/3
2025-09-29 20:54:56,507 WARNING: Lỗi HTTP 429 - product id: 127202184, thử lại 1/3
2025-09-29 20:54:56,550 WARNING: Lỗi HTTP 429 - product id: 127207902, thử lại 1/3
2025-09-29 20:54:56,555 WARNING: Lỗi HTTP 429 - product id: 127193335, thử lại 1/3
2025-09-29 20:54:56,812 WARNING: Lỗi HTTP 429 - product id: 127210430, thử lại 1/3
2025-09-29 20:55:00,907 INFO: Đã commit batch 77 (1000 sản phẩm)
2025-09-29 20:55:00,931 INFO: Đã ghi 997 sản phẩm vào file /home/quannh/projects_de/Lab_01/output/products_batch_77_997_ids.csv
2025-09-29 20:55:00,966 INFO: Đã insert 997 sản phẩm từ file /home/quannh/projects_de/Lab_01/output/products_batch_77_997_ids.csv vào database PostgeSQL
2025-09-29 20:55:00,999 INFO: Đã update lại status của batch 78 về pending để tiến hành crawl lại batch
2025-09-29 20:55:01,009 INFO: Bắt đầu crawl batch 78 (1000 sản phẩm)
2025-09-29 20:55:01,101 WARNING: Lỗi HTTP 429 - product id: 128789164, thử lại 1/3
2025-09-29 20:55:01,173 WARNING: Lỗi HTTP 429 - product id: 128790008, thử lại 1/3
2025-09-29 20:55:01,370 WARNING: Lỗi HTTP 429 - product id: 128792926, thử lại 1/3
2025-09-29 20:55:01,371 WARNING: Lỗi HTTP 429 - product id: 128792856, thử lại 1/3
2025-09-29 20:55:01,572 WARNING: Lỗi HTTP 429 - product id: 128805279, thử lại 1/3
2025-09-29 20:55:01,773 WARNING: Lỗi HTTP 429 - product id: 128822725, thử lại 1/3
2025-09-29 20:55:02,175 WARNING: Lỗi HTTP 429 - product id: 128912679, thử lại 1/3
2025-09-29 20:55:02,322 WARNING: Lỗi HTTP 429 - product id: 128925907, thử lại 1/3
2025-09-29 20:55:02,366 WARNING: Lỗi HTTP 429 - product id: 128929376, thử lại 1/3
2025-09-29 20:55:02,478 WARNING: Lỗi HTTP 429 - product id: 128934441, thử lại 1/3
2025-09-29 20:55:02,743 WARNING: Lỗi HTTP 429 - product id: 129025094, thử lại 1/3
2025-09-29 20:55:03,188 WARNING: Lỗi HTTP 404: Không tim thấy product id - product id: 129010866
2025-09-29 20:55:04,370 WARNING: Lỗi HTTP 429 - product id: 128591400, thử lại 1/3
2025-09-29 20:55:04,372 WARNING: Lỗi HTTP 429 - product id: 128591405, thử lại 1/3
2025-09-29 20:55:04,425 WARNING: Lỗi HTTP 429 - product id: 128594798, thử lại 1/3
2025-09-29 20:55:04,438 WARNING: Lỗi HTTP 429 - product id: 128597332, thử lại 1/3
2025-09-29 20:55:04,465 WARNING: Lỗi HTTP 429 - product id: 128633146, thử lại 1/3
2025-09-29 20:55:04,620 WARNING: Lỗi HTTP 429 - product id: 128659290, thử lại 1/3
2025-09-29 20:55:04,812 WARNING: Lỗi HTTP 429 - product id: 128664691, thử lại 1/3
2025-09-29 20:55:05,041 WARNING: Lỗi HTTP 404: Không tim thấy product id - product id: 128660837
2025-09-29 20:55:06,627 WARNING: Lỗi HTTP 429 - product id: 129300163, thử lại 1/3
2025-09-29 20:55:06,722 WARNING: Lỗi HTTP 429 - product id: 129309698, thử lại 1/3
2025-09-29 20:55:06,924 WARNING: Lỗi HTTP 429 - product id: 129347470, thử lại 1/3
2025-09-29 20:55:06,969 WARNING: Lỗi HTTP 429 - product id: 129347577, thử lại 1/3
2025-09-29 20:55:06,974 WARNING: Lỗi HTTP 429 - product id: 129347864, thử lại 1/3
2025-09-29 20:55:09,215 WARNING: Lỗi HTTP 429 - product id: 128280344, thử lại 1/3
2025-09-29 20:55:09,218 WARNING: Lỗi HTTP 429 - product id: 128280442, thử lại 1/3
2025-09-29 20:55:09,282 WARNING: Lỗi HTTP 429 - product id: 128281087, thử lại 1/3
2025-09-29 20:55:09,286 WARNING: Lỗi HTTP 429 - product id: 128280789, thử lại 1/3
2025-09-29 20:55:09,318 WARNING: Lỗi HTTP 429 - product id: 128281237, thử lại 1/3
2025-09-29 20:55:09,768 WARNING: Lỗi HTTP 429 - product id: 129300163, thử lại 2/3
2025-09-29 20:55:09,771 WARNING: Lỗi HTTP 429 - product id: 128307185, thử lại 1/3
2025-09-29 20:55:09,969 WARNING: Lỗi HTTP 429 - product id: 128310728, thử lại 1/3
2025-09-29 20:55:10,016 WARNING: Lỗi HTTP 429 - product id: 128319456, thử lại 1/3
2025-09-29 20:55:10,114 WARNING: Lỗi HTTP 429 - product id: 129347864, thử lại 2/3
2025-09-29 20:55:10,174 WARNING: Lỗi HTTP 429 - product id: 128325976, thử lại 1/3
2025-09-29 20:55:10,259 WARNING: Lỗi HTTP 429 - product id: 128327497, thử lại 1/3
2025-09-29 20:55:10,260 WARNING: Lỗi HTTP 429 - product id: 128327534, thử lại 1/3
2025-09-29 20:55:10,262 WARNING: Lỗi HTTP 429 - product id: 128328051, thử lại 1/3
2025-09-29 20:55:12,969 WARNING: Lỗi HTTP 429 - product id: 129347347, thử lại 1/3
2025-09-29 20:55:13,462 WARNING: Lỗi HTTP 429 - product id: 129389950, thử lại 1/3
2025-09-29 20:55:13,525 WARNING: Lỗi HTTP 429 - product id: 129389957, thử lại 1/3
2025-09-29 20:55:13,567 WARNING: Lỗi HTTP 429 - product id: 129390064, thử lại 1/3
2025-09-29 20:55:16,010 WARNING: Lỗi HTTP 429 - product id: 128868359, thử lại 1/3
2025-09-29 20:55:17,286 WARNING: Lỗi HTTP 404: Không tim thấy product id - product id: 129172465
2025-09-29 20:55:19,145 INFO: Đã commit batch 78 (1000 sản phẩm)
2025-09-29 20:55:19,172 INFO: Đã ghi 997 sản phẩm vào file /home/quannh/projects_de/Lab_01/output/products_batch_78_997_ids.csv
2025-09-29 20:55:19,213 INFO: Đã insert 997 sản phẩm từ file /home/quannh/projects_de/Lab_01/output/products_batch_78_997_ids.csv vào database PostgeSQL
2025-09-29 20:55:19,242 INFO: Đã update lại status của batch 79 về pending để tiến hành crawl lại batch
2025-09-29 20:55:19,253 INFO: Bắt đầu crawl batch 79 (1000 sản phẩm)
2025-09-29 20:55:19,840 WARNING: Lỗi HTTP 429 - product id: 129500503, thử lại 1/3
2025-09-29 20:55:19,885 WARNING: Lỗi HTTP 429 - product id: 129501084, thử lại 1/3
2025-09-29 20:55:20,042 WARNING: Lỗi HTTP 429 - product id: 129542903, thử lại 1/3
2025-09-29 20:55:20,187 WARNING: Lỗi HTTP 429 - product id: 129567259, thử lại 1/3
2025-09-29 20:55:20,593 WARNING: Lỗi HTTP 429 - product id: 129623751, thử lại 1/3
2025-09-29 20:55:20,640 WARNING: Lỗi HTTP 429 - product id: 129624279, thử lại 1/3
2025-09-29 20:55:20,889 WARNING: Lỗi HTTP 429 - product id: 129637417, thử lại 1/3
2025-09-29 20:55:20,989 WARNING: Lỗi HTTP 429 - product id: 129639908, thử lại 1/3
2025-09-29 20:55:21,137 WARNING: Lỗi HTTP 429 - product id: 129647715, thử lại 1/3
2025-09-29 20:55:21,137 WARNING: Lỗi HTTP 429 - product id: 129651404, thử lại 1/3
2025-09-29 20:55:21,201 WARNING: Lỗi HTTP 429 - product id: 129916850, thử lại 1/3
2025-09-29 20:55:21,240 WARNING: Lỗi HTTP 429 - product id: 129916880, thử lại 1/3
2025-09-29 20:55:21,291 WARNING: Lỗi HTTP 429 - product id: 129916900, thử lại 1/3
2025-09-29 20:55:21,337 WARNING: Lỗi HTTP 429 - product id: 129916943, thử lại 1/3
2025-09-29 20:55:21,374 WARNING: Lỗi HTTP 429 - product id: 129916956, thử lại 1/3
2025-09-29 20:55:21,441 WARNING: Lỗi HTTP 429 - product id: 129917034, thử lại 1/3
2025-09-29 20:55:21,483 WARNING: Lỗi HTTP 429 - product id: 129917084, thử lại 1/3
2025-09-29 20:55:21,689 WARNING: Lỗi HTTP 429 - product id: 129917209, thử lại 1/3
2025-09-29 20:55:21,740 WARNING: Lỗi HTTP 429 - product id: 129917255, thử lại 1/3
2025-09-29 20:55:21,782 WARNING: Lỗi HTTP 429 - product id: 129917346, thử lại 1/3
2025-09-29 20:55:22,097 WARNING: Lỗi HTTP 429 - product id: 129943002, thử lại 1/3
2025-09-29 20:55:22,188 WARNING: Lỗi HTTP 429 - product id: 129944142, thử lại 1/3
2025-09-29 20:55:24,109 WARNING: Lỗi HTTP 404: Không tim thấy product id - product id: 129416808
2025-09-29 20:55:25,035 WARNING: Lỗi HTTP 429 - product id: 129817564, thử lại 1/3
2025-09-29 20:55:25,303 WARNING: Lỗi HTTP 404: Không tim thấy product id - product id: 129727779
2025-09-29 20:55:25,344 WARNING: Lỗi HTTP 429 - product id: 129849454, thử lại 1/3
2025-09-29 20:55:25,583 WARNING: Lỗi HTTP 429 - product id: 129869141, thử lại 1/3
2025-09-29 20:55:25,594 WARNING: Lỗi HTTP 429 - product id: 129869449, thử lại 1/3
2025-09-29 20:55:25,648 WARNING: Lỗi HTTP 429 - product id: 129871149, thử lại 1/3
2025-09-29 20:55:25,685 WARNING: Lỗi HTTP 429 - product id: 129876577, thử lại 1/3
2025-09-29 20:55:25,839 WARNING: Lỗi HTTP 429 - product id: 129916823, thử lại 1/3
2025-09-29 20:55:26,235 WARNING: Lỗi HTTP 429 - product id: 129917126, thử lại 1/3
2025-09-29 20:55:26,294 WARNING: Lỗi HTTP 429 - product id: 129917174, thử lại 1/3
2025-09-29 20:55:26,342 WARNING: Lỗi HTTP 429 - product id: 129917215, thử lại 1/3
2025-09-29 20:55:26,388 WARNING: Lỗi HTTP 429 - product id: 129917278, thử lại 1/3
2025-09-29 20:55:26,442 WARNING: Lỗi HTTP 429 - product id: 129392635, thử lại 1/3
2025-09-29 20:55:26,449 WARNING: Lỗi HTTP 429 - product id: 129393153, thử lại 1/3
2025-09-29 20:55:29,509 WARNING: Lỗi HTTP 404: Không tim thấy product id - product id: 129714951
2025-09-29 20:55:34,886 WARNING: Lỗi HTTP 429 - product id: 129396303, thử lại 1/3
2025-09-29 20:55:34,888 WARNING: Lỗi HTTP 429 - product id: 129396334, thử lại 1/3
2025-09-29 20:55:34,955 WARNING: Lỗi HTTP 429 - product id: 129397132, thử lại 1/3
2025-09-29 20:55:34,980 WARNING: Lỗi HTTP 429 - product id: 129397296, thử lại 1/3
2025-09-29 20:55:35,277 WARNING: Lỗi HTTP 429 - product id: 129402494, thử lại 1/3
2025-09-29 20:55:35,283 WARNING: Lỗi HTTP 429 - product id: 129402811, thử lại 1/3
2025-09-29 20:55:38,385 INFO: Đã commit batch 79 (1000 sản phẩm)
2025-09-29 20:55:38,419 INFO: Đã ghi 997 sản phẩm vào file /home/quannh/projects_de/Lab_01/output/products_batch_79_997_ids.csv
2025-09-29 20:55:38,467 INFO: Đã insert 997 sản phẩm từ file /home/quannh/projects_de/Lab_01/output/products_batch_79_997_ids.csv vào database PostgeSQL
2025-09-29 20:55:38,501 INFO: Đã update lại status của batch 80 về pending để tiến hành crawl lại batch
2025-09-29 20:55:38,513 INFO: Bắt đầu crawl batch 80 (1000 sản phẩm)
2025-09-29 20:55:42,838 WARNING: Lỗi HTTP 404: Không tim thấy product id - product id: 130422290
2025-09-29 20:55:42,934 WARNING: Lỗi HTTP 404: Không tim thấy product id - product id: 130423003
2025-09-29 20:55:43,786 WARNING: Lỗi HTTP 404: Không tim thấy product id - product id: 130773904
2025-09-29 20:55:45,073 WARNING: Lỗi HTTP 429 - product id: 131498031, thử lại 1/3
2025-09-29 20:55:45,119 WARNING: Lỗi HTTP 429 - product id: 131504612, thử lại 1/3
2025-09-29 20:55:45,165 WARNING: Lỗi HTTP 429 - product id: 130179497, thử lại 1/3
2025-09-29 20:55:45,268 WARNING: Lỗi HTTP 429 - product id: 130199975, thử lại 1/3
2025-09-29 20:55:45,475 WARNING: Lỗi HTTP 429 - product id: 130316068, thử lại 1/3
2025-09-29 20:55:45,868 WARNING: Lỗi HTTP 429 - product id: 130392957, thử lại 1/3
2025-09-29 20:55:46,168 WARNING: Lỗi HTTP 429 - product id: 130414662, thử lại 1/3
2025-09-29 20:55:46,465 WARNING: Lỗi HTTP 429 - product id: 130425293, thử lại 1/3
2025-09-29 20:55:46,615 WARNING: Lỗi HTTP 429 - product id: 130432408, thử lại 1/3
2025-09-29 20:55:46,674 WARNING: Lỗi HTTP 429 - product id: 130436759, thử lại 1/3
2025-09-29 20:55:50,385 WARNING: Lỗi HTTP 404: Không tim thấy product id - product id: 130425293
2025-09-29 20:55:51,127 WARNING: Lỗi HTTP 429 - product id: 131175390, thử lại 1/3
2025-09-29 20:55:51,173 WARNING: Lỗi HTTP 429 - product id: 131177535, thử lại 1/3
2025-09-29 20:55:51,286 WARNING: Lỗi HTTP 429 - product id: 131183664, thử lại 1/3
2025-09-29 20:55:51,353 WARNING: Lỗi HTTP 429 - product id: 131184029, thử lại 1/3
2025-09-29 20:55:51,353 WARNING: Lỗi HTTP 429 - product id: 131183906, thử lại 1/3
2025-09-29 20:55:51,417 WARNING: Lỗi HTTP 429 - product id: 131184533, thử lại 1/3
2025-09-29 20:55:51,515 WARNING: Lỗi HTTP 429 - product id: 131194860, thử lại 1/3
2025-09-29 20:55:51,520 WARNING: Lỗi HTTP 429 - product id: 131194868, thử lại 1/3
2025-09-29 20:55:51,623 WARNING: Lỗi HTTP 429 - product id: 131238600, thử lại 1/3
2025-09-29 20:55:51,723 WARNING: Lỗi HTTP 429 - product id: 131239289, thử lại 1/3
2025-09-29 20:55:52,020 WARNING: Lỗi HTTP 429 - product id: 131290731, thử lại 1/3
2025-09-29 20:55:52,266 WARNING: Lỗi HTTP 429 - product id: 130045646, thử lại 1/3
2025-09-29 20:55:53,523 WARNING: Lỗi HTTP 429 - product id: 131418237, thử lại 1/3
2025-09-29 20:55:53,590 WARNING: Lỗi HTTP 429 - product id: 131473341, thử lại 1/3
2025-09-29 20:55:53,607 WARNING: Lỗi HTTP 429 - product id: 131496983, thử lại 1/3
2025-09-29 20:55:53,668 WARNING: Lỗi HTTP 429 - product id: 130029592, thử lại 1/3
2025-09-29 20:55:56,775 INFO: Đã commit batch 80 (1000 sản phẩm)
2025-09-29 20:55:56,804 INFO: Đã ghi 996 sản phẩm vào file /home/quannh/projects_de/Lab_01/output/products_batch_80_996_ids.csv
2025-09-29 20:55:56,850 INFO: Đã insert 996 sản phẩm từ file /home/quannh/projects_de/Lab_01/output/products_batch_80_996_ids.csv vào database PostgeSQL
2025-09-29 20:55:56,879 INFO: Đã update lại status của batch 81 về pending để tiến hành crawl lại batch
2025-09-29 20:55:56,889 INFO: Bắt đầu crawl batch 81 (1000 sản phẩm)
2025-09-29 20:55:57,298 WARNING: Lỗi HTTP 429 - product id: 132111036, thử lại 1/3
2025-09-29 20:55:57,490 WARNING: Lỗi HTTP 429 - product id: 132126990, thử lại 1/3
2025-09-29 20:55:57,551 WARNING: Lỗi HTTP 429 - product id: 132127979, thử lại 1/3
2025-09-29 20:55:57,602 WARNING: Lỗi HTTP 429 - product id: 132129662, thử lại 1/3
2025-09-29 20:55:57,646 WARNING: Lỗi HTTP 429 - product id: 132130955, thử lại 1/3
2025-09-29 20:55:58,349 WARNING: Lỗi HTTP 429 - product id: 132261559, thử lại 1/3
2025-09-29 20:55:58,405 WARNING: Lỗi HTTP 429 - product id: 132296759, thử lại 1/3
2025-09-29 20:55:58,447 WARNING: Lỗi HTTP 429 - product id: 132305201, thử lại 1/3
2025-09-29 20:55:58,449 WARNING: Lỗi HTTP 429 - product id: 132304960, thử lại 1/3
2025-09-29 20:55:58,507 WARNING: Lỗi HTTP 429 - product id: 132308574, thử lại 1/3
2025-09-29 20:55:58,852 WARNING: Lỗi HTTP 429 - product id: 133000694, thử lại 1/3
2025-09-29 20:55:58,993 WARNING: Lỗi HTTP 429 - product id: 133004913, thử lại 1/3
2025-09-29 20:55:59,204 WARNING: Lỗi HTTP 429 - product id: 133032532, thử lại 1/3
2025-09-29 20:55:59,544 WARNING: Lỗi HTTP 429 - product id: 133072782, thử lại 1/3
2025-09-29 20:55:59,600 WARNING: Lỗi HTTP 429 - product id: 133081474, thử lại 1/3
2025-09-29 20:55:59,645 WARNING: Lỗi HTTP 429 - product id: 133085568, thử lại 1/3
2025-09-29 20:55:59,646 WARNING: Lỗi HTTP 429 - product id: 133083261, thử lại 1/3
2025-09-29 20:55:59,664 WARNING: Lỗi HTTP 429 - product id: 133091621, thử lại 1/3
2025-09-29 20:55:59,702 WARNING: Lỗi HTTP 429 - product id: 133091826, thử lại 1/3
2025-09-29 20:55:59,751 WARNING: Lỗi HTTP 429 - product id: 133091974, thử lại 1/3
2025-09-29 20:55:59,751 WARNING: Lỗi HTTP 429 - product id: 133092111, thử lại 1/3
2025-09-29 20:56:00,001 WARNING: Lỗi HTTP 429 - product id: 133108491, thử lại 1/3
2025-09-29 20:56:00,245 WARNING: Lỗi HTTP 429 - product id: 133166638, thử lại 1/3
2025-09-29 20:56:00,246 WARNING: Lỗi HTTP 429 - product id: 133166418, thử lại 1/3
2025-09-29 20:56:00,701 WARNING: Lỗi HTTP 429 - product id: 133426634, thử lại 1/3
2025-09-29 20:56:00,750 WARNING: Lỗi HTTP 429 - product id: 133426667, thử lại 1/3
2025-09-29 20:56:01,648 WARNING: Lỗi HTTP 429 - product id: 132255639, thử lại 1/3
2025-09-29 20:56:01,719 WARNING: Lỗi HTTP 429 - product id: 132285670, thử lại 1/3
2025-09-29 20:56:01,960 WARNING: Lỗi HTTP 429 - product id: 132315691, thử lại 1/3
2025-09-29 20:56:02,650 WARNING: Lỗi HTTP 429 - product id: 132339759, thử lại 1/3
2025-09-29 20:56:02,951 WARNING: Lỗi HTTP 429 - product id: 132696541, thử lại 1/3
2025-09-29 20:56:02,998 WARNING: Lỗi HTTP 429 - product id: 132783394, thử lại 1/3
2025-09-29 20:56:03,049 WARNING: Lỗi HTTP 429 - product id: 132809873, thử lại 1/3
2025-09-29 20:56:03,343 WARNING: Lỗi HTTP 429 - product id: 132841554, thử lại 1/3
2025-09-29 20:56:03,492 WARNING: Lỗi HTTP 429 - product id: 132857083, thử lại 1/3
2025-09-29 20:56:03,504 WARNING: Lỗi HTTP 429 - product id: 132857276, thử lại 1/3
2025-09-29 20:56:03,554 WARNING: Lỗi HTTP 429 - product id: 132862307, thử lại 1/3
2025-09-29 20:56:03,699 WARNING: Lỗi HTTP 429 - product id: 132899329, thử lại 1/3
2025-09-29 20:56:03,844 WARNING: Lỗi HTTP 429 - product id: 132921457, thử lại 1/3
2025-09-29 20:56:04,005 WARNING: Lỗi HTTP 429 - product id: 131504629, thử lại 1/3
2025-09-29 20:56:04,402 WARNING: Lỗi HTTP 429 - product id: 132324437, thử lại 1/3
2025-09-29 20:56:04,407 WARNING: Lỗi HTTP 429 - product id: 132325178, thử lại 1/3
2025-09-29 20:56:04,454 WARNING: Lỗi HTTP 429 - product id: 132326680, thử lại 1/3
2025-09-29 20:56:04,788 WARNING: Lỗi HTTP 429 - product id: 132367912, thử lại 1/3
2025-09-29 20:56:04,827 WARNING: Lỗi HTTP 429 - product id: 132370750, thử lại 1/3
2025-09-29 20:56:04,994 WARNING: Lỗi HTTP 429 - product id: 132380819, thử lại 1/3
2025-09-29 20:56:06,453 WARNING: Lỗi HTTP 429 - product id: 132841554, thử lại 2/3
2025-09-29 20:56:06,524 WARNING: Lỗi HTTP 429 - product id: 132922010, thử lại 1/3
2025-09-29 20:56:10,206 WARNING: Lỗi HTTP 429 - product id: 133000783, thử lại 1/3
2025-09-29 20:56:13,955 INFO: Đã commit batch 81 (1000 sản phẩm)
2025-09-29 20:56:13,982 INFO: Đã ghi 1000 sản phẩm vào file /home/quannh/projects_de/Lab_01/output/products_batch_81_1000_ids.csv
2025-09-29 20:56:14,024 INFO: Đã insert 1000 sản phẩm từ file /home/quannh/projects_de/Lab_01/output/products_batch_81_1000_ids.csv vào database PostgeSQL
2025-09-29 20:56:14,053 INFO: Đã update lại status của batch 82 về pending để tiến hành crawl lại batch
2025-09-29 20:56:14,064 INFO: Bắt đầu crawl batch 82 (1000 sản phẩm)
2025-09-29 20:56:18,573 WARNING: Lỗi HTTP 429 - product id: 134332755, thử lại 1/3
2025-09-29 20:56:18,676 WARNING: Lỗi HTTP 429 - product id: 134349666, thử lại 1/3
2025-09-29 20:56:20,570 WARNING: Lỗi HTTP 429 - product id: 134487465, thử lại 1/3
2025-09-29 20:56:20,838 WARNING: Lỗi HTTP 404: Không tim thấy product id - product id: 134389899
2025-09-29 20:56:25,275 WARNING: Lỗi HTTP 429 - product id: 134019628, thử lại 1/3
2025-09-29 20:56:25,316 WARNING: Lỗi HTTP 429 - product id: 134021846, thử lại 1/3
2025-09-29 20:56:25,372 WARNING: Lỗi HTTP 429 - product id: 134025794, thử lại 1/3
2025-09-29 20:56:25,416 WARNING: Lỗi HTTP 429 - product id: 134232187, thử lại 1/3
2025-09-29 20:56:25,466 WARNING: Lỗi HTTP 429 - product id: 134232344, thử lại 1/3
2025-09-29 20:56:25,479 WARNING: Lỗi HTTP 429 - product id: 134240237, thử lại 1/3
2025-09-29 20:56:25,570 WARNING: Lỗi HTTP 429 - product id: 134245342, thử lại 1/3
2025-09-29 20:56:25,584 WARNING: Lỗi HTTP 429 - product id: 134245673, thử lại 1/3
2025-09-29 20:56:25,622 WARNING: Lỗi HTTP 429 - product id: 134253123, thử lại 1/3
2025-09-29 20:56:25,825 WARNING: Lỗi HTTP 429 - product id: 134293188, thử lại 1/3
2025-09-29 20:56:25,825 WARNING: Lỗi HTTP 429 - product id: 134293407, thử lại 1/3
2025-09-29 20:56:26,823 WARNING: Lỗi HTTP 429 - product id: 134349991, thử lại 1/3
2025-09-29 20:56:26,923 WARNING: Lỗi HTTP 429 - product id: 134352570, thử lại 1/3
2025-09-29 20:56:27,621 WARNING: Lỗi HTTP 429 - product id: 134381028, thử lại 1/3
2025-09-29 20:56:27,719 WARNING: Lỗi HTTP 429 - product id: 134381541, thử lại 1/3
2025-09-29 20:56:28,611 WARNING: Lỗi HTTP 429 - product id: 134232344, thử lại 2/3
2025-09-29 20:56:28,618 WARNING: Lỗi HTTP 429 - product id: 134240237, thử lại 2/3
2025-09-29 20:56:29,017 WARNING: Lỗi HTTP 429 - product id: 134293188, thử lại 2/3
2025-09-29 20:56:29,166 WARNING: Lỗi HTTP 429 - product id: 134513406, thử lại 1/3
2025-09-29 20:56:29,167 WARNING: Lỗi HTTP 429 - product id: 134515847, thử lại 1/3
2025-09-29 20:56:29,218 WARNING: Lỗi HTTP 429 - product id: 134522051, thử lại 1/3
2025-09-29 20:56:29,228 WARNING: Lỗi HTTP 429 - product id: 134551883, thử lại 1/3
2025-09-29 20:56:29,262 WARNING: Lỗi HTTP 429 - product id: 134556757, thử lại 1/3
2025-09-29 20:56:29,264 WARNING: Lỗi HTTP 429 - product id: 134556228, thử lại 1/3
2025-09-29 20:56:29,324 WARNING: Lỗi HTTP 429 - product id: 134560085, thử lại 1/3
2025-09-29 20:56:35,130 INFO: Đã commit batch 82 (1000 sản phẩm)
2025-09-29 20:56:35,160 INFO: Đã ghi 999 sản phẩm vào file /home/quannh/projects_de/Lab_01/output/products_batch_82_999_ids.csv
2025-09-29 20:56:35,200 INFO: Đã insert 999 sản phẩm từ file /home/quannh/projects_de/Lab_01/output/products_batch_82_999_ids.csv vào database PostgeSQL
2025-09-29 20:56:35,229 INFO: Đã update lại status của batch 83 về pending để tiến hành crawl lại batch
2025-09-29 20:56:35,239 INFO: Bắt đầu crawl batch 83 (1000 sản phẩm)
2025-09-29 20:56:35,998 WARNING: Lỗi HTTP 429 - product id: 135094168, thử lại 1/3
2025-09-29 20:56:35,998 WARNING: Lỗi HTTP 429 - product id: 135094192, thử lại 1/3
2025-09-29 20:56:39,779 WARNING: Lỗi HTTP 429 - product id: 134888239, thử lại 1/3
2025-09-29 20:56:39,779 WARNING: Lỗi HTTP 429 - product id: 134888129, thử lại 1/3
2025-09-29 20:56:39,845 WARNING: Lỗi HTTP 429 - product id: 134890155, thử lại 1/3
2025-09-29 20:56:39,846 WARNING: Lỗi HTTP 429 - product id: 134888957, thử lại 1/3
2025-09-29 20:56:40,290 WARNING: Lỗi HTTP 429 - product id: 135459740, thử lại 1/3
2025-09-29 20:56:40,800 WARNING: Lỗi HTTP 429 - product id: 135520916, thử lại 1/3
2025-09-29 20:56:49,327 WARNING: Lỗi HTTP 404: Không tim thấy product id - product id: 135370586
2025-09-29 20:56:49,502 WARNING: Lỗi HTTP 429 - product id: 135598234, thử lại 1/3
2025-09-29 20:56:49,746 WARNING: Lỗi HTTP 429 - product id: 135727406, thử lại 1/3
2025-09-29 20:56:49,902 WARNING: Lỗi HTTP 429 - product id: 135773434, thử lại 1/3
2025-09-29 20:56:49,903 WARNING: Lỗi HTTP 429 - product id: 135798051, thử lại 1/3
2025-09-29 20:56:50,049 WARNING: Lỗi HTTP 429 - product id: 135840020, thử lại 1/3
2025-09-29 20:56:50,098 WARNING: Lỗi HTTP 429 - product id: 135840098, thử lại 1/3
2025-09-29 20:56:50,103 WARNING: Lỗi HTTP 429 - product id: 135840113, thử lại 1/3
2025-09-29 20:56:50,192 WARNING: Lỗi HTTP 429 - product id: 135841978, thử lại 1/3
2025-09-29 20:56:53,322 INFO: Đã commit batch 83 (1000 sản phẩm)
2025-09-29 20:56:53,348 INFO: Đã ghi 999 sản phẩm vào file /home/quannh/projects_de/Lab_01/output/products_batch_83_999_ids.csv
2025-09-29 20:56:53,395 INFO: Đã insert 999 sản phẩm từ file /home/quannh/projects_de/Lab_01/output/products_batch_83_999_ids.csv vào database PostgeSQL
2025-09-29 20:56:53,430 INFO: Đã update lại status của batch 84 về pending để tiến hành crawl lại batch
2025-09-29 20:56:53,441 INFO: Bắt đầu crawl batch 84 (1000 sản phẩm)
2025-09-29 20:56:53,601 WARNING: Lỗi HTTP 429 - product id: 136108654, thử lại 1/3
2025-09-29 20:56:53,908 WARNING: Lỗi HTTP 429 - product id: 136462898, thử lại 1/3
2025-09-29 20:56:54,200 WARNING: Lỗi HTTP 429 - product id: 136516216, thử lại 1/3
2025-09-29 20:56:56,018 WARNING: Lỗi HTTP 404: Không tim thấy product id - product id: 136699272
2025-09-29 20:56:56,896 WARNING: Lỗi HTTP 429 - product id: 136108654, thử lại 2/3
2025-09-29 20:56:56,902 WARNING: Lỗi HTTP 429 - product id: 136155867, thử lại 1/3
2025-09-29 20:56:56,968 WARNING: Lỗi HTTP 429 - product id: 136157059, thử lại 1/3
2025-09-29 20:56:57,003 WARNING: Lỗi HTTP 429 - product id: 136157067, thử lại 1/3
2025-09-29 20:56:57,304 WARNING: Lỗi HTTP 429 - product id: 136207059, thử lại 1/3
2025-09-29 20:56:57,448 WARNING: Lỗi HTTP 429 - product id: 136209202, thử lại 1/3
2025-09-29 20:56:57,455 WARNING: Lỗi HTTP 429 - product id: 136212565, thử lại 1/3
2025-09-29 20:56:57,540 WARNING: Lỗi HTTP 429 - product id: 136293131, thử lại 1/3
2025-09-29 20:56:57,589 WARNING: Lỗi HTTP 429 - product id: 136335048, thử lại 1/3
2025-09-29 20:56:57,651 WARNING: Lỗi HTTP 429 - product id: 136343427, thử lại 1/3
2025-09-29 20:56:57,656 WARNING: Lỗi HTTP 429 - product id: 136343470, thử lại 1/3
2025-09-29 20:56:58,103 WARNING: Lỗi HTTP 429 - product id: 136368995, thử lại 1/3
2025-09-29 20:56:58,203 WARNING: Lỗi HTTP 429 - product id: 136383311, thử lại 1/3
2025-09-29 20:56:58,299 WARNING: Lỗi HTTP 429 - product id: 136404949, thử lại 1/3
2025-09-29 20:56:58,459 WARNING: Lỗi HTTP 429 - product id: 136414698, thử lại 1/3
2025-09-29 20:56:58,552 WARNING: Lỗi HTTP 429 - product id: 136462217, thử lại 1/3
2025-09-29 20:56:58,898 WARNING: Lỗi HTTP 429 - product id: 136825595, thử lại 1/3
2025-09-29 20:56:59,002 WARNING: Lỗi HTTP 429 - product id: 136836352, thử lại 1/3
2025-09-29 20:56:59,352 WARNING: Lỗi HTTP 429 - product id: 136839048, thử lại 1/3
2025-09-29 20:56:59,354 WARNING: Lỗi HTTP 429 - product id: 136838540, thử lại 1/3
2025-09-29 20:56:59,447 WARNING: Lỗi HTTP 429 - product id: 136839368, thử lại 1/3
2025-09-29 20:56:59,450 WARNING: Lỗi HTTP 429 - product id: 136839291, thử lại 1/3
2025-09-29 20:56:59,603 WARNING: Lỗi HTTP 429 - product id: 136849843, thử lại 1/3
2025-09-29 20:57:00,546 WARNING: Lỗi HTTP 429 - product id: 136120979, thử lại 1/3
2025-09-29 20:57:00,857 WARNING: Lỗi HTTP 429 - product id: 136142755, thử lại 1/3
2025-09-29 20:57:01,204 WARNING: Lỗi HTTP 429 - product id: 136156925, thử lại 1/3
2025-09-29 20:57:01,795 WARNING: Lỗi HTTP 429 - product id: 136219290, thử lại 1/3
2025-09-29 20:57:01,857 WARNING: Lỗi HTTP 429 - product id: 136240760, thử lại 1/3
2025-09-29 20:57:01,998 WARNING: Lỗi HTTP 429 - product id: 136825595, thử lại 2/3
2025-09-29 20:57:02,156 WARNING: Lỗi HTTP 429 - product id: 136352856, thử lại 1/3
2025-09-29 20:57:02,253 WARNING: Lỗi HTTP 429 - product id: 136363566, thử lại 1/3
2025-09-29 20:57:02,354 WARNING: Lỗi HTTP 429 - product id: 136364055, thử lại 1/3
2025-09-29 20:57:02,798 WARNING: Lỗi HTTP 429 - product id: 136404775, thử lại 1/3
2025-09-29 20:57:02,894 WARNING: Lỗi HTTP 429 - product id: 136414600, thử lại 1/3
2025-09-29 20:57:02,898 WARNING: Lỗi HTTP 429 - product id: 136418252, thử lại 1/3
2025-09-29 20:57:03,418 WARNING: Lỗi HTTP 429 - product id: 136815710, thử lại 1/3
2025-09-29 20:57:03,446 WARNING: Lỗi HTTP 429 - product id: 136819974, thử lại 1/3
2025-09-29 20:57:03,448 WARNING: Lỗi HTTP 429 - product id: 136820011, thử lại 1/3
2025-09-29 20:57:03,494 WARNING: Lỗi HTTP 429 - product id: 136820282, thử lại 1/3
2025-09-29 20:57:03,548 WARNING: Lỗi HTTP 429 - product id: 136820952, thử lại 1/3
2025-09-29 20:57:03,551 WARNING: Lỗi HTTP 429 - product id: 136820991, thử lại 1/3
2025-09-29 20:57:03,857 WARNING: Lỗi HTTP 429 - product id: 136827128, thử lại 1/3
2025-09-29 20:57:03,900 WARNING: Lỗi HTTP 429 - product id: 136828056, thử lại 1/3
2025-09-29 20:57:03,948 WARNING: Lỗi HTTP 429 - product id: 136835946, thử lại 1/3
2025-09-29 20:57:04,367 WARNING: Lỗi HTTP 429 - product id: 136839379, thử lại 1/3
2025-09-29 20:57:04,372 WARNING: Lỗi HTTP 429 - product id: 136839732, thử lại 1/3
2025-09-29 20:57:04,396 WARNING: Lỗi HTTP 429 - product id: 136849634, thử lại 1/3
2025-09-29 20:57:04,407 WARNING: Lỗi HTTP 429 - product id: 136849642, thử lại 1/3
2025-09-29 20:57:04,496 WARNING: Lỗi HTTP 429 - product id: 136849829, thử lại 1/3
2025-09-29 20:57:04,935 WARNING: Lỗi HTTP 429 - product id: 136095491, thử lại 1/3
2025-09-29 20:57:04,993 WARNING: Lỗi HTTP 429 - product id: 136103213, thử lại 1/3
2025-09-29 20:57:05,047 WARNING: Lỗi HTTP 429 - product id: 136113856, thử lại 1/3
2025-09-29 20:57:05,252 WARNING: Lỗi HTTP 429 - product id: 136116480, thử lại 1/3
2025-09-29 20:57:05,401 WARNING: Lỗi HTTP 429 - product id: 136136207, thử lại 1/3
2025-09-29 20:57:05,407 WARNING: Lỗi HTTP 429 - product id: 136137134, thử lại 1/3
2025-09-29 20:57:05,598 WARNING: Lỗi HTTP 429 - product id: 136139498, thử lại 1/3
2025-09-29 20:57:05,749 WARNING: Lỗi HTTP 429 - product id: 136477035, thử lại 1/3
2025-09-29 20:57:05,796 WARNING: Lỗi HTTP 429 - product id: 136484141, thử lại 1/3
2025-09-29 20:57:05,798 WARNING: Lỗi HTTP 429 - product id: 136484372, thử lại 1/3
2025-09-29 20:57:06,000 WARNING: Lỗi HTTP 429 - product id: 136545419, thử lại 1/3
2025-09-29 20:57:06,549 WARNING: Lỗi HTTP 429 - product id: 136625630, thử lại 1/3
2025-09-29 20:57:06,703 WARNING: Lỗi HTTP 429 - product id: 136664344, thử lại 1/3
2025-09-29 20:57:09,196 WARNING: Lỗi HTTP 429 - product id: 136039462, thử lại 1/3
2025-09-29 20:57:09,498 WARNING: Lỗi HTTP 429 - product id: 136059352, thử lại 1/3
2025-09-29 20:57:12,612 INFO: Đã commit batch 84 (1000 sản phẩm)
2025-09-29 20:57:12,635 INFO: Đã ghi 999 sản phẩm vào file /home/quannh/projects_de/Lab_01/output/products_batch_84_999_ids.csv
2025-09-29 20:57:12,670 INFO: Đã insert 999 sản phẩm từ file /home/quannh/projects_de/Lab_01/output/products_batch_84_999_ids.csv vào database PostgeSQL
2025-09-29 20:57:12,698 INFO: Đã update lại status của batch 85 về pending để tiến hành crawl lại batch
2025-09-29 20:57:12,708 INFO: Bắt đầu crawl batch 85 (1000 sản phẩm)
2025-09-29 20:57:14,670 WARNING: Lỗi HTTP 429 - product id: 137417153, thử lại 1/3
2025-09-29 20:57:14,914 WARNING: Lỗi HTTP 429 - product id: 137466903, thử lại 1/3
2025-09-29 20:57:14,919 WARNING: Lỗi HTTP 429 - product id: 137467173, thử lại 1/3
2025-09-29 20:57:14,983 WARNING: Lỗi HTTP 429 - product id: 137478913, thử lại 1/3
2025-09-29 20:57:15,008 WARNING: Lỗi HTTP 429 - product id: 137481133, thử lại 1/3
2025-09-29 20:57:15,011 WARNING: Lỗi HTTP 429 - product id: 137481231, thử lại 1/3
2025-09-29 20:57:15,063 WARNING: Lỗi HTTP 429 - product id: 137486448, thử lại 1/3
2025-09-29 20:57:15,064 WARNING: Lỗi HTTP 429 - product id: 137497834, thử lại 1/3
2025-09-29 20:57:15,068 WARNING: Lỗi HTTP 429 - product id: 137497862, thử lại 1/3
2025-09-29 20:57:15,128 WARNING: Lỗi HTTP 429 - product id: 137498191, thử lại 1/3
2025-09-29 20:57:15,159 WARNING: Lỗi HTTP 429 - product id: 137498235, thử lại 1/3
2025-09-29 20:57:15,217 WARNING: Lỗi HTTP 429 - product id: 137498797, thử lại 1/3
2025-09-29 20:57:15,218 WARNING: Lỗi HTTP 429 - product id: 137499350, thử lại 1/3
2025-09-29 20:57:15,262 WARNING: Lỗi HTTP 429 - product id: 137500879, thử lại 1/3
2025-09-29 20:57:15,466 WARNING: Lỗi HTTP 429 - product id: 137547783, thử lại 1/3
2025-09-29 20:57:15,864 WARNING: Lỗi HTTP 429 - product id: 137599733, thử lại 1/3
2025-09-29 20:57:15,965 WARNING: Lỗi HTTP 429 - product id: 137636780, thử lại 1/3
2025-09-29 20:57:17,384 WARNING: Lỗi HTTP 404: Không tim thấy product id - product id: 137675299
2025-09-29 20:57:17,437 WARNING: Lỗi HTTP 404: Không tim thấy product id - product id: 137675369
2025-09-29 20:57:17,534 WARNING: Lỗi HTTP 404: Không tim thấy product id - product id: 137675541
2025-09-29 20:57:18,118 WARNING: Lỗi HTTP 429 - product id: 137255107, thử lại 1/3
2025-09-29 20:57:18,315 WARNING: Lỗi HTTP 429 - product id: 137379460, thử lại 1/3
2025-09-29 20:57:18,414 WARNING: Lỗi HTTP 429 - product id: 137499350, thử lại 2/3
2025-09-29 20:57:18,516 WARNING: Lỗi HTTP 429 - product id: 137386293, thử lại 1/3
2025-09-29 20:57:20,690 WARNING: Lỗi HTTP 404: Không tim thấy product id - product id: 136891407
2025-09-29 20:57:21,263 WARNING: Lỗi HTTP 429 - product id: 136884606, thử lại 1/3
2025-09-29 20:57:21,709 WARNING: Lỗi HTTP 429 - product id: 136940146, thử lại 1/3
2025-09-29 20:57:21,769 WARNING: Lỗi HTTP 429 - product id: 136940199, thử lại 1/3
2025-09-29 20:57:21,772 WARNING: Lỗi HTTP 429 - product id: 137386293, thử lại 2/3
2025-09-29 20:57:21,866 WARNING: Lỗi HTTP 429 - product id: 136942742, thử lại 1/3
2025-09-29 20:57:21,911 WARNING: Lỗi HTTP 429 - product id: 136961115, thử lại 1/3
2025-09-29 20:57:21,913 WARNING: Lỗi HTTP 429 - product id: 136959562, thử lại 1/3
2025-09-29 20:57:21,980 WARNING: Lỗi HTTP 429 - product id: 136981245, thử lại 1/3
2025-09-29 20:57:22,116 WARNING: Lỗi HTTP 429 - product id: 136988870, thử lại 1/3
2025-09-29 20:57:22,157 WARNING: Lỗi HTTP 429 - product id: 136996321, thử lại 1/3
2025-09-29 20:57:22,159 WARNING: Lỗi HTTP 429 - product id: 136988920, thử lại 1/3
2025-09-29 20:57:22,960 WARNING: Lỗi HTTP 429 - product id: 137114227, thử lại 1/3
2025-09-29 20:57:23,016 WARNING: Lỗi HTTP 429 - product id: 137117262, thử lại 1/3
2025-09-29 20:57:23,020 WARNING: Lỗi HTTP 429 - product id: 137117267, thử lại 1/3
2025-09-29 20:57:23,170 WARNING: Lỗi HTTP 429 - product id: 137135094, thử lại 1/3
2025-09-29 20:57:23,214 WARNING: Lỗi HTTP 429 - product id: 137136120, thử lại 1/3
2025-09-29 20:57:24,417 WARNING: Lỗi HTTP 429 - product id: 137010986, thử lại 1/3
2025-09-29 20:57:24,513 WARNING: Lỗi HTTP 429 - product id: 137011695, thử lại 1/3
2025-09-29 20:57:24,715 WARNING: Lỗi HTTP 429 - product id: 137013115, thử lại 1/3
2025-09-29 20:57:24,764 WARNING: Lỗi HTTP 429 - product id: 137013264, thử lại 1/3
2025-09-29 20:57:26,362 WARNING: Lỗi HTTP 429 - product id: 137502826, thử lại 1/3
2025-09-29 20:57:26,367 WARNING: Lỗi HTTP 429 - product id: 137135094, thử lại 2/3
2025-09-29 20:57:26,465 WARNING: Lỗi HTTP 429 - product id: 137519046, thử lại 1/3
2025-09-29 20:57:29,134 WARNING: Lỗi HTTP 404: Không tim thấy product id - product id: 137675321
2025-09-29 20:57:29,283 WARNING: Lỗi HTTP 404: Không tim thấy product id - product id: 137675537
2025-09-29 20:57:32,472 INFO: Đã commit batch 85 (1000 sản phẩm)
2025-09-29 20:57:32,498 INFO: Đã ghi 994 sản phẩm vào file /home/quannh/projects_de/Lab_01/output/products_batch_85_994_ids.csv
2025-09-29 20:57:32,537 INFO: Đã insert 994 sản phẩm từ file /home/quannh/projects_de/Lab_01/output/products_batch_85_994_ids.csv vào database PostgeSQL
2025-09-29 20:57:32,565 INFO: Đã update lại status của batch 86 về pending để tiến hành crawl lại batch
2025-09-29 20:57:32,575 INFO: Bắt đầu crawl batch 86 (1000 sản phẩm)
2025-09-29 20:57:32,662 WARNING: Lỗi HTTP 429 - product id: 138001608, thử lại 1/3
2025-09-29 20:57:33,079 WARNING: Lỗi HTTP 429 - product id: 138071133, thử lại 1/3
2025-09-29 20:57:35,230 WARNING: Lỗi HTTP 429 - product id: 138661356, thử lại 1/3
2025-09-29 20:57:35,483 WARNING: Lỗi HTTP 429 - product id: 138747680, thử lại 1/3
2025-09-29 20:57:35,494 WARNING: Lỗi HTTP 429 - product id: 138747953, thử lại 1/3
2025-09-29 20:57:35,545 WARNING: Lỗi HTTP 429 - product id: 138748315, thử lại 1/3
2025-09-29 20:57:36,255 WARNING: Lỗi HTTP 404: Không tim thấy product id - product id: 138771951
2025-09-29 20:57:36,676 WARNING: Lỗi HTTP 429 - product id: 137805683, thử lại 1/3
2025-09-29 20:57:36,686 WARNING: Lỗi HTTP 429 - product id: 137805986, thử lại 1/3
2025-09-29 20:57:36,739 WARNING: Lỗi HTTP 429 - product id: 137846966, thử lại 1/3
2025-09-29 20:57:36,785 WARNING: Lỗi HTTP 429 - product id: 137847883, thử lại 1/3
2025-09-29 20:57:36,883 WARNING: Lỗi HTTP 429 - product id: 137858485, thử lại 1/3
2025-09-29 20:57:36,891 WARNING: Lỗi HTTP 429 - product id: 137860490, thử lại 1/3
2025-09-29 20:57:36,938 WARNING: Lỗi HTTP 429 - product id: 137865042, thử lại 1/3
2025-09-29 20:57:37,029 WARNING: Lỗi HTTP 429 - product id: 138191675, thử lại 1/3
2025-09-29 20:57:37,090 WARNING: Lỗi HTTP 429 - product id: 138206879, thử lại 1/3
2025-09-29 20:57:37,493 WARNING: Lỗi HTTP 429 - product id: 138318348, thử lại 1/3
2025-09-29 20:57:37,575 WARNING: Lỗi HTTP 429 - product id: 138323542, thử lại 1/3
2025-09-29 20:57:37,581 WARNING: Lỗi HTTP 429 - product id: 138326983, thử lại 1/3
2025-09-29 20:57:37,830 WARNING: Lỗi HTTP 429 - product id: 138360835, thử lại 1/3
2025-09-29 20:57:37,986 WARNING: Lỗi HTTP 429 - product id: 138383472, thử lại 1/3
2025-09-29 20:57:38,285 WARNING: Lỗi HTTP 429 - product id: 138386527, thử lại 1/3
2025-09-29 20:57:38,295 WARNING: Lỗi HTTP 429 - product id: 138661356, thử lại 2/3
2025-09-29 20:57:38,480 WARNING: Lỗi HTTP 429 - product id: 138408433, thử lại 1/3
2025-09-29 20:57:38,482 WARNING: Lỗi HTTP 429 - product id: 138407962, thử lại 1/3
2025-09-29 20:57:38,493 WARNING: Lỗi HTTP 429 - product id: 138408537, thử lại 1/3
2025-09-29 20:57:38,591 WARNING: Lỗi HTTP 429 - product id: 138412465, thử lại 1/3
2025-09-29 20:57:39,086 WARNING: Lỗi HTTP 429 - product id: 138490937, thử lại 1/3
2025-09-29 20:57:40,133 WARNING: Lỗi HTTP 429 - product id: 138747660, thử lại 1/3
2025-09-29 20:57:40,231 WARNING: Lỗi HTTP 429 - product id: 138748423, thử lại 1/3
2025-09-29 20:57:42,056 WARNING: Lỗi HTTP 404: Không tim thấy product id - product id: 137676921
2025-09-29 20:57:42,107 WARNING: Lỗi HTTP 404: Không tim thấy product id - product id: 137676504
2025-09-29 20:57:42,236 WARNING: Lỗi HTTP 429 - product id: 137676219, thử lại 1/3
2025-09-29 20:57:42,532 WARNING: Lỗi HTTP 429 - product id: 137677088, thử lại 1/3
2025-09-29 20:57:42,690 WARNING: Lỗi HTTP 404: Không tim thấy product id - product id: 137676509
2025-09-29 20:57:42,981 WARNING: Lỗi HTTP 429 - product id: 137938029, thử lại 1/3
2025-09-29 20:57:43,004 WARNING: Lỗi HTTP 404: Không tim thấy product id - product id: 137676419
2025-09-29 20:57:43,030 WARNING: Lỗi HTTP 429 - product id: 137944079, thử lại 1/3
2025-09-29 20:57:43,055 WARNING: Lỗi HTTP 404: Không tim thấy product id - product id: 137676428
2025-09-29 20:57:43,204 WARNING: Lỗi HTTP 404: Không tim thấy product id - product id: 137676203
2025-09-29 20:57:43,280 WARNING: Lỗi HTTP 429 - product id: 137970795, thử lại 1/3
2025-09-29 20:57:43,307 WARNING: Lỗi HTTP 404: Không tim thấy product id - product id: 137676513
2025-09-29 20:57:43,339 WARNING: Lỗi HTTP 429 - product id: 138747660, thử lại 2/3
2025-09-29 20:57:43,430 WARNING: Lỗi HTTP 429 - product id: 138748423, thử lại 2/3
2025-09-29 20:57:43,542 WARNING: Lỗi HTTP 429 - product id: 138306943, thử lại 1/3
2025-09-29 20:57:43,594 WARNING: Lỗi HTTP 429 - product id: 138306998, thử lại 1/3
2025-09-29 20:57:43,691 WARNING: Lỗi HTTP 429 - product id: 138307787, thử lại 1/3
2025-09-29 20:57:43,781 WARNING: Lỗi HTTP 429 - product id: 138318394, thử lại 1/3
2025-09-29 20:57:43,789 WARNING: Lỗi HTTP 429 - product id: 138318450, thử lại 1/3
2025-09-29 20:57:44,685 WARNING: Lỗi HTTP 429 - product id: 138386340, thử lại 1/3
2025-09-29 20:57:45,088 WARNING: Lỗi HTTP 429 - product id: 138422841, thử lại 1/3
2025-09-29 20:57:45,089 WARNING: Lỗi HTTP 429 - product id: 138423267, thử lại 1/3
2025-09-29 20:57:45,137 WARNING: Lỗi HTTP 429 - product id: 138439780, thử lại 1/3
2025-09-29 20:57:45,225 WARNING: Lỗi HTTP 429 - product id: 138456544, thử lại 1/3
2025-09-29 20:57:45,590 WARNING: Lỗi HTTP 429 - product id: 138491754, thử lại 1/3
2025-09-29 20:57:45,624 WARNING: Lỗi HTTP 429 - product id: 138491828, thử lại 1/3
2025-09-29 20:57:45,830 WARNING: Lỗi HTTP 429 - product id: 138558998, thử lại 1/3
2025-09-29 20:57:46,085 WARNING: Lỗi HTTP 429 - product id: 137943973, thử lại 1/3
2025-09-29 20:57:46,131 WARNING: Lỗi HTTP 429 - product id: 137944104, thử lại 1/3
2025-09-29 20:57:46,137 WARNING: Lỗi HTTP 429 - product id: 137944171, thử lại 1/3
2025-09-29 20:57:46,379 WARNING: Lỗi HTTP 429 - product id: 137971091, thử lại 1/3
2025-09-29 20:57:46,739 WARNING: Lỗi HTTP 429 - product id: 137997758, thử lại 1/3
2025-09-29 20:57:46,837 WARNING: Lỗi HTTP 429 - product id: 138001410, thử lại 1/3
2025-09-29 20:57:47,487 WARNING: Lỗi HTTP 429 - product id: 138114033, thử lại 1/3
2025-09-29 20:57:47,781 WARNING: Lỗi HTTP 429 - product id: 138119587, thử lại 1/3
2025-09-29 20:57:47,839 WARNING: Lỗi HTTP 429 - product id: 138120703, thử lại 1/3
2025-09-29 20:57:48,486 WARNING: Lỗi HTTP 429 - product id: 138160968, thử lại 1/3
2025-09-29 20:57:51,597 INFO: Đã commit batch 86 (1000 sản phẩm)
2025-09-29 20:57:51,623 INFO: Đã ghi 992 sản phẩm vào file /home/quannh/projects_de/Lab_01/output/products_batch_86_992_ids.csv
2025-09-29 20:57:51,661 INFO: Đã insert 992 sản phẩm từ file /home/quannh/projects_de/Lab_01/output/products_batch_86_992_ids.csv vào database PostgeSQL
2025-09-29 20:57:51,688 INFO: Đã update lại status của batch 87 về pending để tiến hành crawl lại batch
2025-09-29 20:57:51,698 INFO: Bắt đầu crawl batch 87 (1000 sản phẩm)
2025-09-29 20:57:51,975 WARNING: Lỗi HTTP 404: Không tim thấy product id - product id: 139033619
2025-09-29 20:57:52,976 WARNING: Lỗi HTTP 404: Không tim thấy product id - product id: 139196211
2025-09-29 20:57:57,025 WARNING: Lỗi HTTP 404: Không tim thấy product id - product id: 138989666
2025-09-29 20:57:59,605 WARNING: Lỗi HTTP 429 - product id: 138856363, thử lại 1/3
2025-09-29 20:57:59,706 WARNING: Lỗi HTTP 429 - product id: 138893099, thử lại 1/3
2025-09-29 20:58:02,153 WARNING: Lỗi HTTP 429 - product id: 139530182, thử lại 1/3
2025-09-29 20:58:02,360 WARNING: Lỗi HTTP 429 - product id: 139558314, thử lại 1/3
2025-09-29 20:58:02,402 WARNING: Lỗi HTTP 429 - product id: 139559572, thử lại 1/3
2025-09-29 20:58:02,453 WARNING: Lỗi HTTP 429 - product id: 139559958, thử lại 1/3
2025-09-29 20:58:03,508 WARNING: Lỗi HTTP 429 - product id: 139053235, thử lại 1/3
2025-09-29 20:58:04,844 WARNING: Lỗi HTTP 429 - product id: 139202732, thử lại 1/3
2025-09-29 20:58:04,958 WARNING: Lỗi HTTP 429 - product id: 139214348, thử lại 1/3
2025-09-29 20:58:05,056 WARNING: Lỗi HTTP 429 - product id: 139221739, thử lại 1/3
2025-09-29 20:58:05,299 WARNING: Lỗi HTTP 429 - product id: 139241858, thử lại 1/3
2025-09-29 20:58:05,313 WARNING: Lỗi HTTP 429 - product id: 139242037, thử lại 1/3
2025-09-29 20:58:05,360 WARNING: Lỗi HTTP 429 - product id: 139244119, thử lại 1/3
2025-09-29 20:58:05,441 WARNING: Lỗi HTTP 429 - product id: 139245466, thử lại 1/3
2025-09-29 20:58:05,452 WARNING: Lỗi HTTP 429 - product id: 139245918, thử lại 1/3
2025-09-29 20:58:05,551 WARNING: Lỗi HTTP 429 - product id: 139263860, thử lại 1/3
2025-09-29 20:58:05,586 WARNING: Lỗi HTTP 429 - product id: 139275336, thử lại 1/3
2025-09-29 20:58:05,810 WARNING: Lỗi HTTP 429 - product id: 139308116, thử lại 1/3
2025-09-29 20:58:05,875 WARNING: Lỗi HTTP 404: Không tim thấy product id - product id: 139222915
2025-09-29 20:58:05,901 WARNING: Lỗi HTTP 429 - product id: 139616246, thử lại 1/3
2025-09-29 20:58:06,154 WARNING: Lỗi HTTP 429 - product id: 139618003, thử lại 1/3
2025-09-29 20:58:06,406 WARNING: Lỗi HTTP 429 - product id: 139618927, thử lại 1/3
2025-09-29 20:58:06,410 WARNING: Lỗi HTTP 429 - product id: 139618970, thử lại 1/3
2025-09-29 20:58:06,552 WARNING: Lỗi HTTP 429 - product id: 139619462, thử lại 1/3
2025-09-29 20:58:06,712 WARNING: Lỗi HTTP 429 - product id: 139620348, thử lại 1/3
2025-09-29 20:58:06,758 WARNING: Lỗi HTTP 429 - product id: 139620476, thử lại 1/3
2025-09-29 20:58:07,403 WARNING: Lỗi HTTP 429 - product id: 139623892, thử lại 1/3
2025-09-29 20:58:10,506 INFO: Đã commit batch 87 (1000 sản phẩm)
2025-09-29 20:58:10,529 INFO: Đã ghi 996 sản phẩm vào file /home/quannh/projects_de/Lab_01/output/products_batch_87_996_ids.csv
2025-09-29 20:58:10,559 INFO: Đã insert 996 sản phẩm từ file /home/quannh/projects_de/Lab_01/output/products_batch_87_996_ids.csv vào database PostgeSQL
2025-09-29 20:58:10,587 INFO: Đã update lại status của batch 88 về pending để tiến hành crawl lại batch
2025-09-29 20:58:10,596 INFO: Bắt đầu crawl batch 88 (1000 sản phẩm)
2025-09-29 20:58:10,829 WARNING: Lỗi HTTP 429 - product id: 140361523, thử lại 1/3
2025-09-29 20:58:10,832 WARNING: Lỗi HTTP 429 - product id: 140372119, thử lại 1/3
2025-09-29 20:58:10,882 WARNING: Lỗi HTTP 429 - product id: 140376045, thử lại 1/3
2025-09-29 20:58:12,223 WARNING: Lỗi HTTP 429 - product id: 140520902, thử lại 1/3
2025-09-29 20:58:12,328 WARNING: Lỗi HTTP 429 - product id: 140534946, thử lại 1/3
2025-09-29 20:58:12,478 WARNING: Lỗi HTTP 429 - product id: 140546776, thử lại 1/3
2025-09-29 20:58:12,479 WARNING: Lỗi HTTP 429 - product id: 140557839, thử lại 1/3
2025-09-29 20:58:12,576 WARNING: Lỗi HTTP 429 - product id: 140569544, thử lại 1/3
2025-09-29 20:58:12,674 WARNING: Lỗi HTTP 429 - product id: 140580533, thử lại 1/3
2025-09-29 20:58:12,828 WARNING: Lỗi HTTP 429 - product id: 140630290, thử lại 1/3
2025-09-29 20:58:12,928 WARNING: Lỗi HTTP 429 - product id: 140638659, thử lại 1/3
2025-09-29 20:58:16,432 WARNING: Lỗi HTTP 429 - product id: 140330464, thử lại 1/3
2025-09-29 20:58:17,045 WARNING: Lỗi HTTP 404: Không tim thấy product id - product id: 140331433
2025-09-29 20:58:20,519 WARNING: Lỗi HTTP 429 - product id: 140179622, thử lại 1/3
2025-09-29 20:58:20,581 WARNING: Lỗi HTTP 429 - product id: 140180071, thử lại 1/3
2025-09-29 20:58:21,177 WARNING: Lỗi HTTP 429 - product id: 139730711, thử lại 1/3
2025-09-29 20:58:21,375 WARNING: Lỗi HTTP 429 - product id: 139779130, thử lại 1/3
2025-09-29 20:58:21,379 WARNING: Lỗi HTTP 429 - product id: 139779384, thử lại 1/3
2025-09-29 20:58:21,420 WARNING: Lỗi HTTP 429 - product id: 139816278, thử lại 1/3
2025-09-29 20:58:21,443 WARNING: Lỗi HTTP 429 - product id: 139908746, thử lại 1/3
2025-09-29 20:58:21,473 WARNING: Lỗi HTTP 429 - product id: 139918466, thử lại 1/3
2025-09-29 20:58:21,527 WARNING: Lỗi HTTP 429 - product id: 139952764, thử lại 1/3
2025-09-29 20:58:21,575 WARNING: Lỗi HTTP 429 - product id: 139971894, thử lại 1/3
2025-09-29 20:58:23,922 WARNING: Lỗi HTTP 429 - product id: 140580379, thử lại 1/3
2025-09-29 20:58:23,985 WARNING: Lỗi HTTP 429 - product id: 140628433, thử lại 1/3
2025-09-29 20:58:24,227 WARNING: Lỗi HTTP 429 - product id: 140747615, thử lại 1/3
2025-09-29 20:58:24,227 WARNING: Lỗi HTTP 429 - product id: 140750625, thử lại 1/3
2025-09-29 20:58:24,725 WARNING: Lỗi HTTP 429 - product id: 140784209, thử lại 1/3
2025-09-29 20:58:24,728 WARNING: Lỗi HTTP 429 - product id: 140783963, thử lại 1/3
2025-09-29 20:58:24,775 WARNING: Lỗi HTTP 429 - product id: 140784306, thử lại 1/3
2025-09-29 20:58:24,791 WARNING: Lỗi HTTP 429 - product id: 140784341, thử lại 1/3
2025-09-29 20:58:24,828 WARNING: Lỗi HTTP 429 - product id: 140784731, thử lại 1/3
2025-09-29 20:58:24,880 WARNING: Lỗi HTTP 429 - product id: 140785403, thử lại 1/3
2025-09-29 20:58:24,892 WARNING: Lỗi HTTP 429 - product id: 140786115, thử lại 1/3
2025-09-29 20:58:24,922 WARNING: Lỗi HTTP 429 - product id: 140786339, thử lại 1/3
2025-09-29 20:58:24,974 WARNING: Lỗi HTTP 429 - product id: 140788029, thử lại 1/3
2025-09-29 20:58:24,984 WARNING: Lỗi HTTP 429 - product id: 140788943, thử lại 1/3
2025-09-29 20:58:25,931 WARNING: Lỗi HTTP 429 - product id: 140843809, thử lại 1/3
2025-09-29 20:58:26,228 WARNING: Lỗi HTTP 429 - product id: 139701828, thử lại 1/3
2025-09-29 20:58:29,341 INFO: Đã commit batch 88 (1000 sản phẩm)
2025-09-29 20:58:29,365 INFO: Đã ghi 999 sản phẩm vào file /home/quannh/projects_de/Lab_01/output/products_batch_88_999_ids.csv
2025-09-29 20:58:29,399 INFO: Đã insert 999 sản phẩm từ file /home/quannh/projects_de/Lab_01/output/products_batch_88_999_ids.csv vào database PostgeSQL
2025-09-29 20:58:29,427 INFO: Đã update lại status của batch 89 về pending để tiến hành crawl lại batch
2025-09-29 20:58:29,437 INFO: Bắt đầu crawl batch 89 (1000 sản phẩm)
2025-09-29 20:58:30,265 WARNING: Lỗi HTTP 404: Không tim thấy product id - product id: 140987470
2025-09-29 20:58:31,497 WARNING: Lỗi HTTP 429 - product id: 141233010, thử lại 1/3
2025-09-29 20:58:31,540 WARNING: Lỗi HTTP 429 - product id: 141235723, thử lại 1/3
2025-09-29 20:58:40,546 WARNING: Lỗi HTTP 429 - product id: 141280817, thử lại 1/3
2025-09-29 20:58:40,591 WARNING: Lỗi HTTP 429 - product id: 141280914, thử lại 1/3
2025-09-29 20:58:40,640 WARNING: Lỗi HTTP 429 - product id: 141281286, thử lại 1/3
2025-09-29 20:58:41,844 WARNING: Lỗi HTTP 429 - product id: 141351665, thử lại 1/3
2025-09-29 20:58:41,899 WARNING: Lỗi HTTP 429 - product id: 141356070, thử lại 1/3
2025-09-29 20:58:42,397 WARNING: Lỗi HTTP 429 - product id: 141491049, thử lại 1/3
2025-09-29 20:58:46,422 INFO: Đã commit batch 89 (1000 sản phẩm)
2025-09-29 20:58:46,447 INFO: Đã ghi 999 sản phẩm vào file /home/quannh/projects_de/Lab_01/output/products_batch_89_999_ids.csv
2025-09-29 20:58:46,485 INFO: Đã insert 999 sản phẩm từ file /home/quannh/projects_de/Lab_01/output/products_batch_89_999_ids.csv vào database PostgeSQL
2025-09-29 20:58:46,513 INFO: Đã update lại status của batch 90 về pending để tiến hành crawl lại batch
2025-09-29 20:58:46,522 INFO: Bắt đầu crawl batch 90 (1000 sản phẩm)
2025-09-29 20:58:47,888 WARNING: Lỗi HTTP 429 - product id: 141986026, thử lại 1/3
2025-09-29 20:58:47,972 WARNING: Lỗi HTTP 429 - product id: 142006890, thử lại 1/3
2025-09-29 20:58:48,034 WARNING: Lỗi HTTP 429 - product id: 142031617, thử lại 1/3
2025-09-29 20:58:48,184 WARNING: Lỗi HTTP 429 - product id: 142085425, thử lại 1/3
2025-09-29 20:58:48,247 WARNING: Lỗi HTTP 429 - product id: 142112738, thử lại 1/3
2025-09-29 20:58:48,333 WARNING: Lỗi HTTP 429 - product id: 142208970, thử lại 1/3
2025-09-29 20:58:50,731 WARNING: Lỗi HTTP 429 - product id: 141773619, thử lại 1/3
2025-09-29 20:58:50,883 WARNING: Lỗi HTTP 429 - product id: 141774576, thử lại 1/3
2025-09-29 20:58:51,229 WARNING: Lỗi HTTP 429 - product id: 142317169, thử lại 1/3
2025-09-29 20:58:51,674 WARNING: Lỗi HTTP 429 - product id: 142366965, thử lại 1/3
2025-09-29 20:58:51,834 WARNING: Lỗi HTTP 429 - product id: 142391733, thử lại 1/3
2025-09-29 20:58:52,630 WARNING: Lỗi HTTP 429 - product id: 142667259, thử lại 1/3
2025-09-29 20:58:52,782 WARNING: Lỗi HTTP 429 - product id: 142672613, thử lại 1/3
2025-09-29 20:58:52,880 WARNING: Lỗi HTTP 429 - product id: 142673306, thử lại 1/3
2025-09-29 20:58:52,987 WARNING: Lỗi HTTP 429 - product id: 142708688, thử lại 1/3
2025-09-29 20:58:53,285 WARNING: Lỗi HTTP 429 - product id: 142781806, thử lại 1/3
2025-09-29 20:58:54,238 WARNING: Lỗi HTTP 429 - product id: 141562765, thử lại 1/3
2025-09-29 20:58:54,281 WARNING: Lỗi HTTP 429 - product id: 141567651, thử lại 1/3
2025-09-29 20:58:54,331 WARNING: Lỗi HTTP 429 - product id: 141580758, thử lại 1/3
2025-09-29 20:58:56,084 WARNING: Lỗi HTTP 429 - product id: 141595412, thử lại 1/3
2025-09-29 20:58:56,127 WARNING: Lỗi HTTP 429 - product id: 141596102, thử lại 1/3
2025-09-29 20:58:56,584 WARNING: Lỗi HTTP 429 - product id: 141678254, thử lại 1/3
2025-09-29 20:58:56,676 WARNING: Lỗi HTTP 429 - product id: 141733711, thử lại 1/3
2025-09-29 20:58:56,729 WARNING: Lỗi HTTP 429 - product id: 141741179, thử lại 1/3
2025-09-29 20:58:56,778 WARNING: Lỗi HTTP 429 - product id: 141759944, thử lại 1/3
2025-09-29 20:58:57,081 WARNING: Lỗi HTTP 429 - product id: 142252562, thử lại 1/3
2025-09-29 20:58:57,424 WARNING: Lỗi HTTP 429 - product id: 142316612, thử lại 1/3
2025-09-29 20:58:57,873 WARNING: Lỗi HTTP 429 - product id: 142366660, thử lại 1/3
2025-09-29 20:58:57,884 WARNING: Lỗi HTTP 429 - product id: 142366703, thử lại 1/3
2025-09-29 20:58:57,931 WARNING: Lỗi HTTP 429 - product id: 142367153, thử lại 1/3
2025-09-29 20:58:57,935 WARNING: Lỗi HTTP 429 - product id: 142367248, thử lại 1/3
2025-09-29 20:58:58,176 WARNING: Lỗi HTTP 429 - product id: 142437257, thử lại 1/3
2025-09-29 20:58:58,378 WARNING: Lỗi HTTP 429 - product id: 142478076, thử lại 1/3
2025-09-29 20:58:58,429 WARNING: Lỗi HTTP 429 - product id: 142542138, thử lại 1/3
2025-09-29 20:58:58,531 WARNING: Lỗi HTTP 429 - product id: 142558169, thử lại 1/3
2025-09-29 20:58:58,633 WARNING: Lỗi HTTP 429 - product id: 142626068, thử lại 1/3
2025-09-29 20:59:01,026 WARNING: Lỗi HTTP 429 - product id: 142101544, thử lại 1/3
2025-09-29 20:59:01,080 WARNING: Lỗi HTTP 429 - product id: 142110935, thử lại 1/3
2025-09-29 20:59:02,527 WARNING: Lỗi HTTP 429 - product id: 142857446, thử lại 1/3
2025-09-29 20:59:05,655 INFO: Đã commit batch 90 (1000 sản phẩm)
2025-09-29 20:59:05,681 INFO: Đã ghi 1000 sản phẩm vào file /home/quannh/projects_de/Lab_01/output/products_batch_90_1000_ids.csv
2025-09-29 20:59:05,720 INFO: Đã insert 1000 sản phẩm từ file /home/quannh/projects_de/Lab_01/output/products_batch_90_1000_ids.csv vào database PostgeSQL
2025-09-29 20:59:05,748 INFO: Đã update lại status của batch 91 về pending để tiến hành crawl lại batch
2025-09-29 20:59:05,758 INFO: Bắt đầu crawl batch 91 (1000 sản phẩm)
2025-09-29 20:59:06,069 WARNING: Lỗi HTTP 429 - product id: 143140061, thử lại 1/3
2025-09-29 20:59:06,868 WARNING: Lỗi HTTP 429 - product id: 143159220, thử lại 1/3
2025-09-29 20:59:08,206 WARNING: Lỗi HTTP 429 - product id: 143612646, thử lại 1/3
2025-09-29 20:59:08,222 WARNING: Lỗi HTTP 429 - product id: 143612803, thử lại 1/3
2025-09-29 20:59:08,415 WARNING: Lỗi HTTP 429 - product id: 143614030, thử lại 1/3
2025-09-29 20:59:08,417 WARNING: Lỗi HTTP 429 - product id: 143614015, thử lại 1/3
2025-09-29 20:59:09,124 WARNING: Lỗi HTTP 429 - product id: 143678802, thử lại 1/3
2025-09-29 20:59:11,275 WARNING: Lỗi HTTP 429 - product id: 143400117, thử lại 1/3
2025-09-29 20:59:11,315 WARNING: Lỗi HTTP 429 - product id: 143400212, thử lại 1/3
2025-09-29 20:59:12,119 WARNING: Lỗi HTTP 429 - product id: 143468381, thử lại 1/3
2025-09-29 20:59:12,320 WARNING: Lỗi HTTP 429 - product id: 143520136, thử lại 1/3
2025-09-29 20:59:12,331 WARNING: Lỗi HTTP 404: Không tim thấy product id - product id: 143406068
2025-09-29 20:59:12,397 WARNING: Lỗi HTTP 429 - product id: 143591664, thử lại 1/3
2025-09-29 20:59:12,416 WARNING: Lỗi HTTP 429 - product id: 143608143, thử lại 1/3
2025-09-29 20:59:12,566 WARNING: Lỗi HTTP 429 - product id: 143612536, thử lại 1/3
2025-09-29 20:59:13,467 WARNING: Lỗi HTTP 429 - product id: 143003833, thử lại 1/3
2025-09-29 20:59:13,516 WARNING: Lỗi HTTP 429 - product id: 143017109, thử lại 1/3
2025-09-29 20:59:13,519 WARNING: Lỗi HTTP 429 - product id: 143029713, thử lại 1/3
2025-09-29 20:59:13,614 WARNING: Lỗi HTTP 429 - product id: 143035381, thử lại 1/3
2025-09-29 20:59:14,669 WARNING: Lỗi HTTP 429 - product id: 143264436, thử lại 1/3
2025-09-29 20:59:14,767 WARNING: Lỗi HTTP 429 - product id: 143284588, thử lại 1/3
2025-09-29 20:59:14,771 WARNING: Lỗi HTTP 429 - product id: 143291474, thử lại 1/3
2025-09-29 20:59:14,813 WARNING: Lỗi HTTP 429 - product id: 143291846, thử lại 1/3
2025-09-29 20:59:14,864 WARNING: Lỗi HTTP 429 - product id: 143326574, thử lại 1/3
2025-09-29 20:59:14,867 WARNING: Lỗi HTTP 429 - product id: 143328400, thử lại 1/3
2025-09-29 20:59:14,909 WARNING: Lỗi HTTP 429 - product id: 143329641, thử lại 1/3
2025-09-29 20:59:14,917 WARNING: Lỗi HTTP 429 - product id: 143329936, thử lại 1/3
2025-09-29 20:59:15,812 WARNING: Lỗi HTTP 429 - product id: 143378530, thử lại 1/3
2025-09-29 20:59:16,110 WARNING: Lỗi HTTP 429 - product id: 143385846, thử lại 1/3
2025-09-29 20:59:16,266 WARNING: Lỗi HTTP 429 - product id: 143400021, thử lại 1/3
2025-09-29 20:59:16,613 WARNING: Lỗi HTTP 429 - product id: 143029713, thử lại 2/3
2025-09-29 20:59:16,810 WARNING: Lỗi HTTP 429 - product id: 143424582, thử lại 1/3
2025-09-29 20:59:16,815 WARNING: Lỗi HTTP 429 - product id: 143424778, thử lại 1/3
2025-09-29 20:59:17,024 WARNING: Lỗi HTTP 429 - product id: 143468095, thử lại 1/3
2025-09-29 20:59:17,216 WARNING: Lỗi HTTP 429 - product id: 143095499, thử lại 1/3
2025-09-29 20:59:17,389 WARNING: Lỗi HTTP 404: Không tim thấy product id - product id: 143468298
2025-09-29 20:59:17,985 WARNING: Lỗi HTTP 404: Không tim thấy product id - product id: 143468129
2025-09-29 20:59:18,615 WARNING: Lỗi HTTP 429 - product id: 143157928, thử lại 1/3
2025-09-29 20:59:18,617 WARNING: Lỗi HTTP 429 - product id: 143158069, thử lại 1/3
2025-09-29 20:59:18,833 WARNING: Lỗi HTTP 404: Không tim thấy product id - product id: 143144978
2025-09-29 20:59:19,027 WARNING: Lỗi HTTP 429 - product id: 143226364, thử lại 1/3
2025-09-29 20:59:19,274 WARNING: Lỗi HTTP 429 - product id: 143241030, thử lại 1/3
2025-09-29 20:59:19,878 WARNING: Lỗi HTTP 429 - product id: 143643517, thử lại 1/3
2025-09-29 20:59:20,024 WARNING: Lỗi HTTP 429 - product id: 143669980, thử lại 1/3
2025-09-29 20:59:20,408 WARNING: Lỗi HTTP 429 - product id: 143095499, thử lại 2/3
2025-09-29 20:59:21,069 WARNING: Lỗi HTTP 429 - product id: 143769911, thử lại 1/3
2025-09-29 20:59:21,117 WARNING: Lỗi HTTP 429 - product id: 143776723, thử lại 1/3
2025-09-29 20:59:21,161 WARNING: Lỗi HTTP 429 - product id: 142872692, thử lại 1/3
2025-09-29 20:59:21,162 WARNING: Lỗi HTTP 429 - product id: 142872686, thử lại 1/3
2025-09-29 20:59:21,164 WARNING: Lỗi HTTP 429 - product id: 142872689, thử lại 1/3
2025-09-29 20:59:21,224 WARNING: Lỗi HTTP 429 - product id: 142872855, thử lại 1/3
2025-09-29 20:59:21,264 WARNING: Lỗi HTTP 429 - product id: 142901099, thử lại 1/3
2025-09-29 20:59:26,523 INFO: Đã commit batch 91 (1000 sản phẩm)
2025-09-29 20:59:26,550 INFO: Đã ghi 996 sản phẩm vào file /home/quannh/projects_de/Lab_01/output/products_batch_91_996_ids.csv
2025-09-29 20:59:26,588 INFO: Đã insert 996 sản phẩm từ file /home/quannh/projects_de/Lab_01/output/products_batch_91_996_ids.csv vào database PostgeSQL
2025-09-29 20:59:26,617 INFO: Đã update lại status của batch 92 về pending để tiến hành crawl lại batch
2025-09-29 20:59:26,628 INFO: Bắt đầu crawl batch 92 (1000 sản phẩm)
2025-09-29 20:59:28,335 WARNING: Lỗi HTTP 429 - product id: 143921050, thử lại 1/3
2025-09-29 20:59:28,436 WARNING: Lỗi HTTP 429 - product id: 143927097, thử lại 1/3
2025-09-29 20:59:29,534 WARNING: Lỗi HTTP 429 - product id: 144096823, thử lại 1/3
2025-09-29 20:59:29,585 WARNING: Lỗi HTTP 429 - product id: 144097020, thử lại 1/3
2025-09-29 20:59:29,632 WARNING: Lỗi HTTP 429 - product id: 144124346, thử lại 1/3
2025-09-29 20:59:29,639 WARNING: Lỗi HTTP 429 - product id: 144124532, thử lại 1/3
2025-09-29 20:59:29,936 WARNING: Lỗi HTTP 429 - product id: 144125933, thử lại 1/3
2025-09-29 20:59:29,990 WARNING: Lỗi HTTP 429 - product id: 144126125, thử lại 1/3
2025-09-29 20:59:31,940 WARNING: Lỗi HTTP 429 - product id: 144177392, thử lại 1/3
2025-09-29 20:59:32,044 WARNING: Lỗi HTTP 429 - product id: 144180711, thử lại 1/3
2025-09-29 20:59:32,287 WARNING: Lỗi HTTP 429 - product id: 144196920, thử lại 1/3
2025-09-29 20:59:32,288 WARNING: Lỗi HTTP 429 - product id: 144196939, thử lại 1/3
2025-09-29 20:59:32,343 WARNING: Lỗi HTTP 429 - product id: 144197141, thử lại 1/3
2025-09-29 20:59:32,388 WARNING: Lỗi HTTP 429 - product id: 144197510, thử lại 1/3
2025-09-29 20:59:32,388 WARNING: Lỗi HTTP 429 - product id: 144197623, thử lại 1/3
2025-09-29 20:59:32,448 WARNING: Lỗi HTTP 429 - product id: 144197745, thử lại 1/3
2025-09-29 20:59:32,542 WARNING: Lỗi HTTP 429 - product id: 144198764, thử lại 1/3
2025-09-29 20:59:32,943 WARNING: Lỗi HTTP 429 - product id: 144203319, thử lại 1/3
2025-09-29 20:59:33,090 WARNING: Lỗi HTTP 429 - product id: 144216558, thử lại 1/3
2025-09-29 20:59:33,134 WARNING: Lỗi HTTP 429 - product id: 144228143, thử lại 1/3
2025-09-29 20:59:33,243 WARNING: Lỗi HTTP 429 - product id: 144230663, thử lại 1/3
2025-09-29 20:59:33,256 WARNING: Lỗi HTTP 404: Không tim thấy product id - product id: 144198306
2025-09-29 20:59:33,506 WARNING: Lỗi HTTP 404: Không tim thấy product id - product id: 144199447
2025-09-29 20:59:33,938 WARNING: Lỗi HTTP 429 - product id: 144243693, thử lại 1/3
2025-09-29 20:59:33,983 WARNING: Lỗi HTTP 429 - product id: 144244450, thử lại 1/3
2025-09-29 20:59:34,047 WARNING: Lỗi HTTP 429 - product id: 144250427, thử lại 1/3
2025-09-29 20:59:34,087 WARNING: Lỗi HTTP 429 - product id: 144250844, thử lại 1/3
2025-09-29 20:59:34,383 WARNING: Lỗi HTTP 429 - product id: 143862791, thử lại 1/3
2025-09-29 20:59:35,435 WARNING: Lỗi HTTP 429 - product id: 144197141, thử lại 2/3
2025-09-29 20:59:36,132 WARNING: Lỗi HTTP 429 - product id: 143921683, thử lại 1/3
2025-09-29 20:59:36,239 WARNING: Lỗi HTTP 429 - product id: 144216558, thử lại 2/3
2025-09-29 20:59:36,486 WARNING: Lỗi HTTP 429 - product id: 144044950, thử lại 1/3
2025-09-29 20:59:36,636 WARNING: Lỗi HTTP 429 - product id: 144045987, thử lại 1/3
2025-09-29 20:59:36,734 WARNING: Lỗi HTTP 429 - product id: 144053613, thử lại 1/3
2025-09-29 20:59:36,741 WARNING: Lỗi HTTP 429 - product id: 144062581, thử lại 1/3
2025-09-29 20:59:36,888 WARNING: Lỗi HTTP 429 - product id: 144084433, thử lại 1/3
2025-09-29 20:59:37,040 WARNING: Lỗi HTTP 429 - product id: 144243693, thử lại 2/3
2025-09-29 20:59:37,106 WARNING: Lỗi HTTP 404: Không tim thấy product id - product id: 144045034
2025-09-29 20:59:37,157 WARNING: Lỗi HTTP 404: Không tim thấy product id - product id: 144046174
2025-09-29 20:59:38,243 WARNING: Lỗi HTTP 429 - product id: 144132527, thử lại 1/3
2025-09-29 20:59:39,435 WARNING: Lỗi HTTP 429 - product id: 144180327, thử lại 1/3
2025-09-29 20:59:40,221 WARNING: Lỗi HTTP 404: Không tim thấy product id - product id: 144197460
2025-09-29 20:59:41,136 WARNING: Lỗi HTTP 429 - product id: 144268605, thử lại 1/3
2025-09-29 20:59:41,302 WARNING: Lỗi HTTP 429 - product id: 143787607, thử lại 1/3
2025-09-29 20:59:41,338 WARNING: Lỗi HTTP 429 - product id: 143806903, thử lại 1/3
2025-09-29 20:59:41,458 WARNING: Lỗi HTTP 404: Không tim thấy product id - product id: 144230422
2025-09-29 20:59:41,519 WARNING: Lỗi HTTP 429 - product id: 143819488, thử lại 1/3
2025-09-29 20:59:44,631 INFO: Đã commit batch 92 (1000 sản phẩm)
2025-09-29 20:59:44,655 INFO: Đã ghi 994 sản phẩm vào file /home/quannh/projects_de/Lab_01/output/products_batch_92_994_ids.csv
2025-09-29 20:59:44,688 INFO: Đã insert 994 sản phẩm từ file /home/quannh/projects_de/Lab_01/output/products_batch_92_994_ids.csv vào database PostgeSQL
2025-09-29 20:59:44,716 INFO: Đã update lại status của batch 93 về pending để tiến hành crawl lại batch
2025-09-29 20:59:44,725 INFO: Bắt đầu crawl batch 93 (1000 sản phẩm)
2025-09-29 20:59:47,803 WARNING: Lỗi HTTP 404: Không tim thấy product id - product id: 144631305
2025-09-29 20:59:48,884 WARNING: Lỗi HTTP 429 - product id: 144758962, thử lại 1/3
2025-09-29 20:59:48,979 WARNING: Lỗi HTTP 429 - product id: 144769535, thử lại 1/3
2025-09-29 20:59:49,089 WARNING: Lỗi HTTP 429 - product id: 144872378, thử lại 1/3
2025-09-29 20:59:49,091 WARNING: Lỗi HTTP 429 - product id: 144872424, thử lại 1/3
2025-09-29 20:59:49,187 WARNING: Lỗi HTTP 429 - product id: 144873593, thử lại 1/3
2025-09-29 20:59:55,383 WARNING: Lỗi HTTP 429 - product id: 144699665, thử lại 1/3
2025-09-29 20:59:55,432 WARNING: Lỗi HTTP 429 - product id: 144700578, thử lại 1/3
2025-09-29 20:59:55,685 WARNING: Lỗi HTTP 429 - product id: 144709840, thử lại 1/3
2025-09-29 20:59:55,686 WARNING: Lỗi HTTP 429 - product id: 144737655, thử lại 1/3
2025-09-29 20:59:55,784 WARNING: Lỗi HTTP 429 - product id: 144754268, thử lại 1/3
2025-09-29 20:59:56,952 WARNING: Lỗi HTTP 404: Không tim thấy product id - product id: 144763130
2025-09-29 20:59:57,935 WARNING: Lỗi HTTP 429 - product id: 145092433, thử lại 1/3
2025-09-29 20:59:57,937 WARNING: Lỗi HTTP 429 - product id: 145092935, thử lại 1/3
2025-09-29 20:59:59,632 WARNING: Lỗi HTTP 429 - product id: 144272349, thử lại 1/3
2025-09-29 21:00:00,481 WARNING: Lỗi HTTP 429 - product id: 144342633, thử lại 1/3
2025-09-29 21:00:00,591 WARNING: Lỗi HTTP 429 - product id: 144346824, thử lại 1/3
2025-09-29 21:00:03,694 INFO: Đã commit batch 93 (1000 sản phẩm)
2025-09-29 21:00:03,720 INFO: Đã ghi 998 sản phẩm vào file /home/quannh/projects_de/Lab_01/output/products_batch_93_998_ids.csv
2025-09-29 21:00:03,759 INFO: Đã insert 998 sản phẩm từ file /home/quannh/projects_de/Lab_01/output/products_batch_93_998_ids.csv vào database PostgeSQL
2025-09-29 21:00:03,785 INFO: Đã update lại status của batch 94 về pending để tiến hành crawl lại batch
2025-09-29 21:00:03,795 INFO: Bắt đầu crawl batch 94 (1000 sản phẩm)
2025-09-29 21:00:05,853 WARNING: Lỗi HTTP 429 - product id: 145977827, thử lại 1/3
2025-09-29 21:00:07,546 WARNING: Lỗi HTTP 429 - product id: 145236495, thử lại 1/3
2025-09-29 21:00:07,553 WARNING: Lỗi HTTP 429 - product id: 145576016, thử lại 1/3
2025-09-29 21:00:07,601 WARNING: Lỗi HTTP 429 - product id: 145584090, thử lại 1/3
2025-09-29 21:00:07,651 WARNING: Lỗi HTTP 429 - product id: 145605515, thử lại 1/3
2025-09-29 21:00:07,746 WARNING: Lỗi HTTP 429 - product id: 145610116, thử lại 1/3
2025-09-29 21:00:07,806 WARNING: Lỗi HTTP 429 - product id: 145620209, thử lại 1/3
2025-09-29 21:00:07,850 WARNING: Lỗi HTTP 429 - product id: 145620260, thử lại 1/3
2025-09-29 21:00:07,854 WARNING: Lỗi HTTP 429 - product id: 145620265, thử lại 1/3
2025-09-29 21:00:07,907 WARNING: Lỗi HTTP 429 - product id: 145620295, thử lại 1/3
2025-09-29 21:00:07,949 WARNING: Lỗi HTTP 429 - product id: 145620364, thử lại 1/3
2025-09-29 21:00:08,014 WARNING: Lỗi HTTP 429 - product id: 145620756, thử lại 1/3
2025-09-29 21:00:08,302 WARNING: Lỗi HTTP 429 - product id: 145653959, thử lại 1/3
2025-09-29 21:00:08,410 WARNING: Lỗi HTTP 429 - product id: 145659438, thử lại 1/3
2025-09-29 21:00:08,411 WARNING: Lỗi HTTP 429 - product id: 145660183, thử lại 1/3
2025-09-29 21:00:08,478 WARNING: Lỗi HTTP 429 - product id: 145672535, thử lại 1/3
2025-09-29 21:00:08,497 WARNING: Lỗi HTTP 429 - product id: 145680991, thử lại 1/3
2025-09-29 21:00:08,913 WARNING: Lỗi HTTP 429 - product id: 145717324, thử lại 1/3
2025-09-29 21:00:08,952 WARNING: Lỗi HTTP 429 - product id: 145717398, thử lại 1/3
2025-09-29 21:00:09,003 WARNING: Lỗi HTTP 429 - product id: 145754764, thử lại 1/3
2025-09-29 21:00:09,045 WARNING: Lỗi HTTP 429 - product id: 145757412, thử lại 1/3
2025-09-29 21:00:10,706 WARNING: Lỗi HTTP 429 - product id: 145142420, thử lại 1/3
2025-09-29 21:00:10,759 WARNING: Lỗi HTTP 429 - product id: 145142736, thử lại 1/3
2025-09-29 21:00:10,908 WARNING: Lỗi HTTP 429 - product id: 145167607, thử lại 1/3
2025-09-29 21:00:10,917 WARNING: Lỗi HTTP 429 - product id: 145620260, thử lại 2/3
2025-09-29 21:00:10,962 WARNING: Lỗi HTTP 429 - product id: 145171483, thử lại 1/3
2025-09-29 21:00:11,002 WARNING: Lỗi HTTP 429 - product id: 145171713, thử lại 1/3
2025-09-29 21:00:11,004 WARNING: Lỗi HTTP 429 - product id: 145172042, thử lại 1/3
2025-09-29 21:00:11,105 WARNING: Lỗi HTTP 429 - product id: 145172691, thử lại 1/3
2025-09-29 21:00:11,204 WARNING: Lỗi HTTP 429 - product id: 145179323, thử lại 1/3
2025-09-29 21:00:11,504 WARNING: Lỗi HTTP 429 - product id: 145278736, thử lại 1/3
2025-09-29 21:00:11,849 WARNING: Lỗi HTTP 429 - product id: 145302158, thử lại 1/3
2025-09-29 21:00:11,914 WARNING: Lỗi HTTP 429 - product id: 145304247, thử lại 1/3
2025-09-29 21:00:11,952 WARNING: Lỗi HTTP 429 - product id: 145369614, thử lại 1/3
2025-09-29 21:00:12,004 WARNING: Lỗi HTTP 429 - product id: 145372505, thử lại 1/3
2025-09-29 21:00:12,202 WARNING: Lỗi HTTP 429 - product id: 145394339, thử lại 1/3
2025-09-29 21:00:12,204 WARNING: Lỗi HTTP 429 - product id: 145395312, thử lại 1/3
2025-09-29 21:00:12,350 WARNING: Lỗi HTTP 429 - product id: 145399614, thử lại 1/3
2025-09-29 21:00:12,510 WARNING: Lỗi HTTP 429 - product id: 145411623, thử lại 1/3
2025-09-29 21:00:12,651 WARNING: Lỗi HTTP 429 - product id: 145411954, thử lại 1/3
2025-09-29 21:00:13,645 WARNING: Lỗi HTTP 429 - product id: 145499626, thử lại 1/3
2025-09-29 21:00:13,665 WARNING: Lỗi HTTP 404: Không tim thấy product id - product id: 145412406
2025-09-29 21:00:19,750 WARNING: Lỗi HTTP 429 - product id: 146151006, thử lại 1/3
2025-09-29 21:00:19,752 WARNING: Lỗi HTTP 429 - product id: 146160520, thử lại 1/3
2025-09-29 21:00:22,907 INFO: Đã commit batch 94 (1000 sản phẩm)
2025-09-29 21:00:22,932 INFO: Đã ghi 999 sản phẩm vào file /home/quannh/projects_de/Lab_01/output/products_batch_94_999_ids.csv
2025-09-29 21:00:22,969 INFO: Đã insert 999 sản phẩm từ file /home/quannh/projects_de/Lab_01/output/products_batch_94_999_ids.csv vào database PostgeSQL
2025-09-29 21:00:22,997 INFO: Đã update lại status của batch 95 về pending để tiến hành crawl lại batch
2025-09-29 21:00:23,007 INFO: Bắt đầu crawl batch 95 (1000 sản phẩm)
2025-09-29 21:00:23,086 WARNING: Lỗi HTTP 429 - product id: 146380646, thử lại 1/3
2025-09-29 21:00:26,469 WARNING: Lỗi HTTP 429 - product id: 146784657, thử lại 1/3
2025-09-29 21:00:26,617 WARNING: Lỗi HTTP 429 - product id: 146886381, thử lại 1/3
2025-09-29 21:00:26,669 WARNING: Lỗi HTTP 429 - product id: 146919880, thử lại 1/3
2025-09-29 21:00:28,363 WARNING: Lỗi HTTP 429 - product id: 146366488, thử lại 1/3
2025-09-29 21:00:28,686 WARNING: Lỗi HTTP 404: Không tim thấy product id - product id: 146250691
2025-09-29 21:00:28,767 WARNING: Lỗi HTTP 429 - product id: 146515183, thử lại 1/3
2025-09-29 21:00:28,875 WARNING: Lỗi HTTP 429 - product id: 146553359, thử lại 1/3
2025-09-29 21:00:28,966 WARNING: Lỗi HTTP 429 - product id: 146573288, thử lại 1/3
2025-09-29 21:00:33,681 WARNING: Lỗi HTTP 404: Không tim thấy product id - product id: 146232045
2025-09-29 21:00:39,834 INFO: Đã commit batch 95 (1000 sản phẩm)
2025-09-29 21:00:39,860 INFO: Đã ghi 998 sản phẩm vào file /home/quannh/projects_de/Lab_01/output/products_batch_95_998_ids.csv
2025-09-29 21:00:39,900 INFO: Đã insert 998 sản phẩm từ file /home/quannh/projects_de/Lab_01/output/products_batch_95_998_ids.csv vào database PostgeSQL
2025-09-29 21:00:39,928 INFO: Đã update lại status của batch 96 về pending để tiến hành crawl lại batch
2025-09-29 21:00:39,938 INFO: Bắt đầu crawl batch 96 (1000 sản phẩm)
2025-09-29 21:00:42,199 WARNING: Lỗi HTTP 429 - product id: 147918838, thử lại 1/3
2025-09-29 21:00:42,348 WARNING: Lỗi HTTP 429 - product id: 147919166, thử lại 1/3
2025-09-29 21:00:42,463 WARNING: Lỗi HTTP 404: Không tim thấy product id - product id: 147873300
2025-09-29 21:00:42,495 WARNING: Lỗi HTTP 429 - product id: 147947006, thử lại 1/3
2025-09-29 21:00:42,740 WARNING: Lỗi HTTP 429 - product id: 147959439, thử lại 1/3
2025-09-29 21:00:42,890 WARNING: Lỗi HTTP 429 - product id: 147003796, thử lại 1/3
2025-09-29 21:00:42,946 WARNING: Lỗi HTTP 429 - product id: 147008553, thử lại 1/3
2025-09-29 21:00:43,189 WARNING: Lỗi HTTP 429 - product id: 147061294, thử lại 1/3
2025-09-29 21:00:43,395 WARNING: Lỗi HTTP 429 - product id: 147101164, thử lại 1/3
2025-09-29 21:00:43,546 WARNING: Lỗi HTTP 429 - product id: 147105189, thử lại 1/3
2025-09-29 21:00:43,635 WARNING: Lỗi HTTP 429 - product id: 147105605, thử lại 1/3
2025-09-29 21:00:43,642 WARNING: Lỗi HTTP 429 - product id: 147105689, thử lại 1/3
2025-09-29 21:00:43,695 WARNING: Lỗi HTTP 429 - product id: 147498474, thử lại 1/3
2025-09-29 21:00:43,698 WARNING: Lỗi HTTP 429 - product id: 147498578, thử lại 1/3
2025-09-29 21:00:44,605 WARNING: Lỗi HTTP 429 - product id: 147725067, thử lại 1/3
2025-09-29 21:00:45,758 WARNING: Lỗi HTTP 429 - product id: 147771034, thử lại 1/3
2025-09-29 21:00:45,896 WARNING: Lỗi HTTP 429 - product id: 147784215, thử lại 1/3
2025-09-29 21:00:45,946 WARNING: Lỗi HTTP 429 - product id: 147800082, thử lại 1/3
2025-09-29 21:00:46,001 WARNING: Lỗi HTTP 429 - product id: 147815151, thử lại 1/3
2025-09-29 21:00:46,347 WARNING: Lỗi HTTP 429 - product id: 147441796, thử lại 1/3
2025-09-29 21:00:46,450 WARNING: Lỗi HTTP 429 - product id: 147443065, thử lại 1/3
2025-09-29 21:00:46,595 WARNING: Lỗi HTTP 429 - product id: 147443739, thử lại 1/3
2025-09-29 21:00:47,250 WARNING: Lỗi HTTP 429 - product id: 147446997, thử lại 1/3
2025-09-29 21:00:47,303 WARNING: Lỗi HTTP 429 - product id: 147452736, thử lại 1/3
2025-09-29 21:00:47,346 WARNING: Lỗi HTTP 429 - product id: 147485440, thử lại 1/3
2025-09-29 21:00:47,416 WARNING: Lỗi HTTP 429 - product id: 147496417, thử lại 1/3
2025-09-29 21:00:47,742 WARNING: Lỗi HTTP 429 - product id: 147725067, thử lại 2/3
2025-09-29 21:00:47,744 WARNING: Lỗi HTTP 429 - product id: 147662711, thử lại 1/3
2025-09-29 21:00:49,641 WARNING: Lỗi HTTP 429 - product id: 147815147, thử lại 1/3
2025-09-29 21:00:49,746 WARNING: Lỗi HTTP 429 - product id: 147816612, thử lại 1/3
2025-09-29 21:00:49,792 WARNING: Lỗi HTTP 429 - product id: 147443739, thử lại 2/3
2025-09-29 21:00:49,840 WARNING: Lỗi HTTP 429 - product id: 147835377, thử lại 1/3
2025-09-29 21:00:49,856 WARNING: Lỗi HTTP 429 - product id: 147836384, thử lại 1/3
2025-09-29 21:00:49,884 WARNING: Lỗi HTTP 429 - product id: 147837218, thử lại 1/3
2025-09-29 21:00:49,936 WARNING: Lỗi HTTP 429 - product id: 147837522, thử lại 1/3
2025-09-29 21:00:49,942 WARNING: Lỗi HTTP 429 - product id: 147837612, thử lại 1/3
2025-09-29 21:00:49,995 WARNING: Lỗi HTTP 429 - product id: 147838018, thử lại 1/3
2025-09-29 21:00:49,998 WARNING: Lỗi HTTP 429 - product id: 147838096, thử lại 1/3
2025-09-29 21:00:50,589 WARNING: Lỗi HTTP 429 - product id: 147210052, thử lại 1/3
2025-09-29 21:00:50,688 WARNING: Lỗi HTTP 429 - product id: 147214942, thử lại 1/3
2025-09-29 21:00:50,795 WARNING: Lỗi HTTP 429 - product id: 147248514, thử lại 1/3
2025-09-29 21:00:50,796 WARNING: Lỗi HTTP 429 - product id: 147267377, thử lại 1/3
2025-09-29 21:00:50,848 WARNING: Lỗi HTTP 429 - product id: 147662711, thử lại 2/3
2025-09-29 21:00:51,052 WARNING: Lỗi HTTP 429 - product id: 147346746, thử lại 1/3
2025-09-29 21:00:51,100 WARNING: Lỗi HTTP 429 - product id: 147350169, thử lại 1/3
2025-09-29 21:00:51,494 WARNING: Lỗi HTTP 429 - product id: 147368847, thử lại 1/3
2025-09-29 21:00:51,590 WARNING: Lỗi HTTP 429 - product id: 147370917, thử lại 1/3
2025-09-29 21:00:51,591 WARNING: Lỗi HTTP 429 - product id: 147371810, thử lại 1/3
2025-09-29 21:00:51,792 WARNING: Lỗi HTTP 429 - product id: 147413664, thử lại 1/3
2025-09-29 21:00:51,798 WARNING: Lỗi HTTP 429 - product id: 147414370, thử lại 1/3
2025-09-29 21:00:53,442 WARNING: Lỗi HTTP 429 - product id: 147838568, thử lại 1/3
2025-09-29 21:00:53,891 WARNING: Lỗi HTTP 429 - product id: 147891186, thử lại 1/3
2025-09-29 21:00:54,563 WARNING: Lỗi HTTP 404: Không tim thấy product id - product id: 147873788
2025-09-29 21:00:55,646 WARNING: Lỗi HTTP 429 - product id: 146992154, thử lại 1/3
2025-09-29 21:00:58,759 INFO: Đã commit batch 96 (1000 sản phẩm)
2025-09-29 21:00:58,785 INFO: Đã ghi 998 sản phẩm vào file /home/quannh/projects_de/Lab_01/output/products_batch_96_998_ids.csv
2025-09-29 21:00:58,826 INFO: Đã insert 998 sản phẩm từ file /home/quannh/projects_de/Lab_01/output/products_batch_96_998_ids.csv vào database PostgeSQL
2025-09-29 21:00:58,853 INFO: Đã update lại status của batch 97 về pending để tiến hành crawl lại batch
2025-09-29 21:00:58,863 INFO: Bắt đầu crawl batch 97 (1000 sản phẩm)
2025-09-29 21:00:59,273 WARNING: Lỗi HTTP 429 - product id: 148662648, thử lại 1/3
2025-09-29 21:00:59,279 WARNING: Lỗi HTTP 429 - product id: 148673581, thử lại 1/3
2025-09-29 21:00:59,338 WARNING: Lỗi HTTP 429 - product id: 148674779, thử lại 1/3
2025-09-29 21:00:59,403 WARNING: Lỗi HTTP 429 - product id: 148680632, thử lại 1/3
2025-09-29 21:00:59,423 WARNING: Lỗi HTTP 429 - product id: 148693462, thử lại 1/3
2025-09-29 21:00:59,450 WARNING: Lỗi HTTP 429 - product id: 148693819, thử lại 1/3
2025-09-29 21:00:59,591 WARNING: Lỗi HTTP 429 - product id: 148698822, thử lại 1/3
2025-09-29 21:00:59,680 WARNING: Lỗi HTTP 429 - product id: 148699758, thử lại 1/3
2025-09-29 21:00:59,684 WARNING: Lỗi HTTP 429 - product id: 148699819, thử lại 1/3
2025-09-29 21:00:59,736 WARNING: Lỗi HTTP 429 - product id: 148700015, thử lại 1/3
2025-09-29 21:01:00,229 WARNING: Lỗi HTTP 429 - product id: 148841166, thử lại 1/3
2025-09-29 21:01:00,289 WARNING: Lỗi HTTP 429 - product id: 148841849, thử lại 1/3
2025-09-29 21:01:02,532 WARNING: Lỗi HTTP 429 - product id: 148077037, thử lại 1/3
2025-09-29 21:01:02,583 WARNING: Lỗi HTTP 429 - product id: 148077253, thử lại 1/3
2025-09-29 21:01:02,720 WARNING: Lỗi HTTP 429 - product id: 148556713, thử lại 1/3
2025-09-29 21:01:02,725 WARNING: Lỗi HTTP 429 - product id: 148557223, thử lại 1/3
2025-09-29 21:01:02,882 WARNING: Lỗi HTTP 429 - product id: 148699819, thử lại 2/3
2025-09-29 21:01:02,888 WARNING: Lỗi HTTP 429 - product id: 148616119, thử lại 1/3
2025-09-29 21:01:03,175 WARNING: Lỗi HTTP 429 - product id: 148675039, thử lại 1/3
2025-09-29 21:01:03,180 WARNING: Lỗi HTTP 429 - product id: 148676735, thử lại 1/3
2025-09-29 21:01:06,830 WARNING: Lỗi HTTP 429 - product id: 147975048, thử lại 1/3
2025-09-29 21:01:06,831 WARNING: Lỗi HTTP 429 - product id: 147978815, thử lại 1/3
2025-09-29 21:01:06,837 WARNING: Lỗi HTTP 429 - product id: 147978723, thử lại 1/3
2025-09-29 21:01:06,936 WARNING: Lỗi HTTP 429 - product id: 147991615, thử lại 1/3
2025-09-29 21:01:07,388 WARNING: Lỗi HTTP 429 - product id: 148013571, thử lại 1/3
2025-09-29 21:01:08,039 WARNING: Lỗi HTTP 429 - product id: 148075678, thử lại 1/3
2025-09-29 21:01:08,129 WARNING: Lỗi HTTP 429 - product id: 148076341, thử lại 1/3
2025-09-29 21:01:08,174 WARNING: Lỗi HTTP 429 - product id: 148076862, thử lại 1/3
2025-09-29 21:01:08,222 WARNING: Lỗi HTTP 429 - product id: 148077084, thử lại 1/3
2025-09-29 21:01:08,235 WARNING: Lỗi HTTP 429 - product id: 148077257, thử lại 1/3
2025-09-29 21:01:08,284 WARNING: Lỗi HTTP 429 - product id: 148077580, thử lại 1/3
2025-09-29 21:01:08,381 WARNING: Lỗi HTTP 429 - product id: 148081489, thử lại 1/3
2025-09-29 21:01:08,381 WARNING: Lỗi HTTP 429 - product id: 148081440, thử lại 1/3
2025-09-29 21:01:08,383 WARNING: Lỗi HTTP 429 - product id: 148090558, thử lại 1/3
2025-09-29 21:01:08,475 WARNING: Lỗi HTTP 429 - product id: 148551814, thử lại 1/3
2025-09-29 21:01:08,480 WARNING: Lỗi HTTP 429 - product id: 148560153, thử lại 1/3
2025-09-29 21:01:08,636 WARNING: Lỗi HTTP 429 - product id: 148606991, thử lại 1/3
2025-09-29 21:01:08,932 WARNING: Lỗi HTTP 429 - product id: 148802151, thử lại 1/3
2025-09-29 21:01:08,975 WARNING: Lỗi HTTP 429 - product id: 148804283, thử lại 1/3
2025-09-29 21:01:09,022 WARNING: Lỗi HTTP 429 - product id: 148805389, thử lại 1/3
2025-09-29 21:01:09,024 WARNING: Lỗi HTTP 429 - product id: 148807979, thử lại 1/3
2025-09-29 21:01:09,032 WARNING: Lỗi HTTP 429 - product id: 148808088, thử lại 1/3
2025-09-29 21:01:11,037 WARNING: Lỗi HTTP 429 - product id: 149389711, thử lại 1/3
2025-09-29 21:01:11,428 WARNING: Lỗi HTTP 429 - product id: 148019704, thử lại 1/3
2025-09-29 21:01:12,833 WARNING: Lỗi HTTP 429 - product id: 148872579, thử lại 1/3
2025-09-29 21:01:12,887 WARNING: Lỗi HTTP 429 - product id: 148877227, thử lại 1/3
2025-09-29 21:01:13,027 WARNING: Lỗi HTTP 429 - product id: 148910226, thử lại 1/3
2025-09-29 21:01:14,487 WARNING: Lỗi HTTP 429 - product id: 149175640, thử lại 1/3
2025-09-29 21:01:14,499 WARNING: Lỗi HTTP 429 - product id: 149175637, thử lại 1/3
2025-09-29 21:01:14,599 WARNING: Lỗi HTTP 404: Không tim thấy product id - product id: 149128429
2025-09-29 21:01:14,626 WARNING: Lỗi HTTP 429 - product id: 149189296, thử lại 1/3
2025-09-29 21:01:14,626 WARNING: Lỗi HTTP 429 - product id: 149189173, thử lại 1/3
2025-09-29 21:01:17,748 INFO: Đã commit batch 97 (1000 sản phẩm)
2025-09-29 21:01:17,774 INFO: Đã ghi 999 sản phẩm vào file /home/quannh/projects_de/Lab_01/output/products_batch_97_999_ids.csv
2025-09-29 21:01:17,815 INFO: Đã insert 999 sản phẩm từ file /home/quannh/projects_de/Lab_01/output/products_batch_97_999_ids.csv vào database PostgeSQL
2025-09-29 21:01:17,842 INFO: Đã update lại status của batch 98 về pending để tiến hành crawl lại batch
2025-09-29 21:01:17,852 INFO: Bắt đầu crawl batch 98 (1000 sản phẩm)
2025-09-29 21:01:19,716 WARNING: Lỗi HTTP 429 - product id: 150207600, thử lại 1/3
2025-09-29 21:01:19,809 WARNING: Lỗi HTTP 429 - product id: 150212349, thử lại 1/3
2025-09-29 21:01:19,820 WARNING: Lỗi HTTP 429 - product id: 150213913, thử lại 1/3
2025-09-29 21:01:19,959 WARNING: Lỗi HTTP 429 - product id: 150226418, thử lại 1/3
2025-09-29 21:01:20,067 WARNING: Lỗi HTTP 429 - product id: 150248044, thử lại 1/3
2025-09-29 21:01:20,114 WARNING: Lỗi HTTP 429 - product id: 150249167, thử lại 1/3
2025-09-29 21:01:20,160 WARNING: Lỗi HTTP 429 - product id: 150249674, thử lại 1/3
2025-09-29 21:01:20,328 WARNING: Lỗi HTTP 429 - product id: 150251516, thử lại 1/3
2025-09-29 21:01:20,403 WARNING: Lỗi HTTP 429 - product id: 150252282, thử lại 1/3
2025-09-29 21:01:20,461 WARNING: Lỗi HTTP 429 - product id: 150252444, thử lại 1/3
2025-09-29 21:01:20,464 WARNING: Lỗi HTTP 429 - product id: 150252718, thử lại 1/3
2025-09-29 21:01:20,613 WARNING: Lỗi HTTP 429 - product id: 150253734, thử lại 1/3
2025-09-29 21:01:20,707 WARNING: Lỗi HTTP 429 - product id: 150311179, thử lại 1/3
2025-09-29 21:01:20,861 WARNING: Lỗi HTTP 429 - product id: 150312224, thử lại 1/3
2025-09-29 21:01:21,012 WARNING: Lỗi HTTP 429 - product id: 150333055, thử lại 1/3
2025-09-29 21:01:21,064 WARNING: Lỗi HTTP 429 - product id: 150360404, thử lại 1/3
2025-09-29 21:01:21,740 WARNING: Lỗi HTTP 404: Không tim thấy product id - product id: 149688054
2025-09-29 21:01:22,256 WARNING: Lỗi HTTP 429 - product id: 149914931, thử lại 1/3
2025-09-29 21:01:22,257 WARNING: Lỗi HTTP 429 - product id: 149911500, thử lại 1/3
2025-09-29 21:01:22,461 WARNING: Lỗi HTTP 429 - product id: 149967803, thử lại 1/3
2025-09-29 21:01:22,469 WARNING: Lỗi HTTP 429 - product id: 149967827, thử lại 1/3
2025-09-29 21:01:23,011 WARNING: Lỗi HTTP 429 - product id: 149970965, thử lại 1/3
2025-09-29 21:01:23,274 WARNING: Lỗi HTTP 429 - product id: 150146765, thử lại 1/3
2025-09-29 21:01:23,412 WARNING: Lỗi HTTP 429 - product id: 150173427, thử lại 1/3
2025-09-29 21:01:23,515 WARNING: Lỗi HTTP 429 - product id: 150178777, thử lại 1/3
2025-09-29 21:01:23,516 WARNING: Lỗi HTTP 429 - product id: 150178791, thử lại 1/3
2025-09-29 21:01:24,229 WARNING: Lỗi HTTP 404: Không tim thấy product id - product id: 150252282
2025-09-29 21:01:24,995 WARNING: Lỗi HTTP 404: Không tim thấy product id - product id: 150247761
2025-09-29 21:01:26,079 WARNING: Lỗi HTTP 429 - product id: 150537446, thử lại 1/3
2025-09-29 21:01:26,089 WARNING: Lỗi HTTP 429 - product id: 150537879, thử lại 1/3
2025-09-29 21:01:26,163 WARNING: Lỗi HTTP 429 - product id: 150539920, thử lại 1/3
2025-09-29 21:01:26,965 WARNING: Lỗi HTTP 429 - product id: 149445533, thử lại 1/3
2025-09-29 21:01:27,020 WARNING: Lỗi HTTP 429 - product id: 149446711, thử lại 1/3
2025-09-29 21:01:27,068 WARNING: Lỗi HTTP 429 - product id: 149447236, thử lại 1/3
2025-09-29 21:01:29,014 WARNING: Lỗi HTTP 429 - product id: 149712462, thử lại 1/3
2025-09-29 21:01:29,085 WARNING: Lỗi HTTP 404: Không tim thấy product id - product id: 149655340
2025-09-29 21:01:30,560 WARNING: Lỗi HTTP 429 - product id: 149968629, thử lại 1/3
2025-09-29 21:01:31,461 WARNING: Lỗi HTTP 429 - product id: 150531980, thử lại 1/3
2025-09-29 21:01:32,569 WARNING: Lỗi HTTP 429 - product id: 149521403, thử lại 1/3
2025-09-29 21:01:33,061 WARNING: Lỗi HTTP 429 - product id: 149568288, thử lại 1/3
2025-09-29 21:01:33,574 WARNING: Lỗi HTTP 429 - product id: 149661990, thử lại 1/3
2025-09-29 21:01:33,610 WARNING: Lỗi HTTP 429 - product id: 149664391, thử lại 1/3
2025-09-29 21:01:33,761 WARNING: Lỗi HTTP 429 - product id: 150565532, thử lại 1/3
2025-09-29 21:01:33,807 WARNING: Lỗi HTTP 429 - product id: 149968629, thử lại 2/3
2025-09-29 21:01:33,811 WARNING: Lỗi HTTP 429 - product id: 150604635, thử lại 1/3
2025-09-29 21:01:39,959 INFO: Đã commit batch 98 (1000 sản phẩm)
2025-09-29 21:01:39,985 INFO: Đã ghi 996 sản phẩm vào file /home/quannh/projects_de/Lab_01/output/products_batch_98_996_ids.csv
2025-09-29 21:01:40,025 INFO: Đã insert 996 sản phẩm từ file /home/quannh/projects_de/Lab_01/output/products_batch_98_996_ids.csv vào database PostgeSQL
2025-09-29 21:01:40,052 INFO: Đã update lại status của batch 99 về pending để tiến hành crawl lại batch
2025-09-29 21:01:40,062 INFO: Bắt đầu crawl batch 99 (1000 sản phẩm)
2025-09-29 21:01:40,376 WARNING: Lỗi HTTP 429 - product id: 150882120, thử lại 1/3
2025-09-29 21:01:40,521 WARNING: Lỗi HTTP 429 - product id: 150910271, thử lại 1/3
2025-09-29 21:01:40,527 WARNING: Lỗi HTTP 429 - product id: 150910352, thử lại 1/3
2025-09-29 21:01:42,022 WARNING: Lỗi HTTP 429 - product id: 151676695, thử lại 1/3
2025-09-29 21:01:42,113 WARNING: Lỗi HTTP 429 - product id: 151696899, thử lại 1/3
2025-09-29 21:01:42,224 WARNING: Lỗi HTTP 429 - product id: 151748223, thử lại 1/3
2025-09-29 21:01:42,669 WARNING: Lỗi HTTP 429 - product id: 151798722, thử lại 1/3
2025-09-29 21:01:43,475 WARNING: Lỗi HTTP 429 - product id: 151819335, thử lại 1/3
2025-09-29 21:01:43,676 WARNING: Lỗi HTTP 429 - product id: 150994326, thử lại 1/3
2025-09-29 21:01:44,022 WARNING: Lỗi HTTP 429 - product id: 151045525, thử lại 1/3
2025-09-29 21:01:44,176 WARNING: Lỗi HTTP 429 - product id: 151046748, thử lại 1/3
2025-09-29 21:01:44,177 WARNING: Lỗi HTTP 429 - product id: 151223002, thử lại 1/3
2025-09-29 21:01:44,178 WARNING: Lỗi HTTP 429 - product id: 151223054, thử lại 1/3
2025-09-29 21:01:44,269 WARNING: Lỗi HTTP 429 - product id: 151233601, thử lại 1/3
2025-09-29 21:01:46,215 WARNING: Lỗi HTTP 429 - product id: 151585792, thử lại 1/3
2025-09-29 21:01:46,716 WARNING: Lỗi HTTP 429 - product id: 151842588, thử lại 1/3
2025-09-29 21:01:49,079 WARNING: Lỗi HTTP 429 - product id: 151422395, thử lại 1/3
2025-09-29 21:01:49,171 WARNING: Lỗi HTTP 429 - product id: 151426272, thử lại 1/3
2025-09-29 21:01:49,245 WARNING: Lỗi HTTP 429 - product id: 151438141, thử lại 1/3
2025-09-29 21:01:49,265 WARNING: Lỗi HTTP 429 - product id: 151438519, thử lại 1/3
2025-09-29 21:01:49,268 WARNING: Lỗi HTTP 429 - product id: 151438762, thử lại 1/3
2025-09-29 21:01:49,326 WARNING: Lỗi HTTP 429 - product id: 151453619, thử lại 1/3
2025-09-29 21:01:49,419 WARNING: Lỗi HTTP 429 - product id: 151488597, thử lại 1/3
2025-09-29 21:01:49,464 WARNING: Lỗi HTTP 429 - product id: 151489086, thử lại 1/3
2025-09-29 21:01:50,138 WARNING: Lỗi HTTP 429 - product id: 151553291, thử lại 1/3
2025-09-29 21:01:50,377 WARNING: Lỗi HTTP 429 - product id: 151831766, thử lại 1/3
2025-09-29 21:01:50,622 WARNING: Lỗi HTTP 429 - product id: 151842355, thử lại 1/3
2025-09-29 21:01:50,920 WARNING: Lỗi HTTP 429 - product id: 151844541, thử lại 1/3
2025-09-29 21:01:50,922 WARNING: Lỗi HTTP 429 - product id: 150718978, thử lại 1/3
2025-09-29 21:01:50,981 WARNING: Lỗi HTTP 429 - product id: 150719028, thử lại 1/3
2025-09-29 21:01:51,030 WARNING: Lỗi HTTP 429 - product id: 150734456, thử lại 1/3
2025-09-29 21:01:51,871 WARNING: Lỗi HTTP 429 - product id: 150866059, thử lại 1/3
2025-09-29 21:01:52,108 WARNING: Lỗi HTTP 429 - product id: 150891117, thử lại 1/3
2025-09-29 21:01:52,158 WARNING: Lỗi HTTP 429 - product id: 150928537, thử lại 1/3
2025-09-29 21:01:52,165 WARNING: Lỗi HTTP 429 - product id: 150929581, thử lại 1/3
2025-09-29 21:01:52,167 WARNING: Lỗi HTTP 429 - product id: 150929623, thử lại 1/3
2025-09-29 21:01:52,330 WARNING: Lỗi HTTP 429 - product id: 151438519, thử lại 2/3
2025-09-29 21:01:52,416 WARNING: Lỗi HTTP 429 - product id: 150937593, thử lại 1/3
2025-09-29 21:01:52,539 WARNING: Lỗi HTTP 404: Không tim thấy product id - product id: 150857577
2025-09-29 21:01:52,588 WARNING: Lỗi HTTP 404: Không tim thấy product id - product id: 150857989
2025-09-29 21:01:52,672 WARNING: Lỗi HTTP 429 - product id: 150956951, thử lại 1/3
2025-09-29 21:01:52,911 WARNING: Lỗi HTTP 429 - product id: 151610810, thử lại 1/3
2025-09-29 21:01:53,231 WARNING: Lỗi HTTP 429 - product id: 151611778, thử lại 1/3
2025-09-29 21:01:53,269 WARNING: Lỗi HTTP 429 - product id: 151613514, thử lại 1/3
2025-09-29 21:01:53,371 WARNING: Lỗi HTTP 429 - product id: 151648517, thử lại 1/3
2025-09-29 21:01:53,420 WARNING: Lỗi HTTP 429 - product id: 151676613, thử lại 1/3
2025-09-29 21:01:53,445 WARNING: Lỗi HTTP 404: Không tim thấy product id - product id: 150946988
2025-09-29 21:01:53,493 WARNING: Lỗi HTTP 404: Không tim thấy product id - product id: 150947006
2025-09-29 21:01:53,520 WARNING: Lỗi HTTP 429 - product id: 151708326, thử lại 1/3
2025-09-29 21:01:54,024 WARNING: Lỗi HTTP 429 - product id: 151768274, thử lại 1/3
2025-09-29 21:01:54,055 WARNING: Lỗi HTTP 429 - product id: 151778407, thử lại 1/3
2025-09-29 21:01:54,068 WARNING: Lỗi HTTP 429 - product id: 151779058, thử lại 1/3
2025-09-29 21:01:54,104 WARNING: Lỗi HTTP 429 - product id: 151783748, thử lại 1/3
2025-09-29 21:01:54,364 WARNING: Lỗi HTTP 429 - product id: 151816671, thử lại 1/3
2025-09-29 21:01:55,873 WARNING: Lỗi HTTP 429 - product id: 150633309, thử lại 1/3
2025-09-29 21:01:56,525 WARNING: Lỗi HTTP 429 - product id: 150716010, thử lại 1/3
2025-09-29 21:01:59,660 INFO: Đã commit batch 99 (1000 sản phẩm)
2025-09-29 21:01:59,687 INFO: Đã ghi 996 sản phẩm vào file /home/quannh/projects_de/Lab_01/output/products_batch_99_996_ids.csv
2025-09-29 21:01:59,729 INFO: Đã insert 996 sản phẩm từ file /home/quannh/projects_de/Lab_01/output/products_batch_99_996_ids.csv vào database PostgeSQL
2025-09-29 21:01:59,757 INFO: Đã update lại status của batch 100 về pending để tiến hành crawl lại batch
2025-09-29 21:01:59,767 INFO: Bắt đầu crawl batch 100 (1000 sản phẩm)
2025-09-29 21:02:01,129 WARNING: Lỗi HTTP 429 - product id: 152564926, thử lại 1/3
2025-09-29 21:02:01,218 WARNING: Lỗi HTTP 429 - product id: 152618982, thử lại 1/3
2025-09-29 21:02:01,234 WARNING: Lỗi HTTP 429 - product id: 152619015, thử lại 1/3
2025-09-29 21:02:01,280 WARNING: Lỗi HTTP 429 - product id: 152629930, thử lại 1/3
2025-09-29 21:02:01,328 WARNING: Lỗi HTTP 429 - product id: 152630953, thử lại 1/3
2025-09-29 21:02:01,333 WARNING: Lỗi HTTP 429 - product id: 152631757, thử lại 1/3
2025-09-29 21:02:01,371 WARNING: Lỗi HTTP 429 - product id: 152633581, thử lại 1/3
2025-09-29 21:02:01,430 WARNING: Lỗi HTTP 429 - product id: 152637153, thử lại 1/3
2025-09-29 21:02:01,469 WARNING: Lỗi HTTP 429 - product id: 152682571, thử lại 1/3
2025-09-29 21:02:01,623 WARNING: Lỗi HTTP 429 - product id: 152730098, thử lại 1/3
2025-09-29 21:02:01,787 WARNING: Lỗi HTTP 429 - product id: 152764615, thử lại 1/3
2025-09-29 21:02:01,872 WARNING: Lỗi HTTP 429 - product id: 152766843, thử lại 1/3
2025-09-29 21:02:01,983 WARNING: Lỗi HTTP 429 - product id: 152784031, thử lại 1/3
2025-09-29 21:02:02,132 WARNING: Lỗi HTTP 429 - product id: 153471543, thử lại 1/3
2025-09-29 21:02:02,571 WARNING: Lỗi HTTP 429 - product id: 152094955, thử lại 1/3
2025-09-29 21:02:02,622 WARNING: Lỗi HTTP 429 - product id: 152095173, thử lại 1/3
2025-09-29 21:02:02,632 WARNING: Lỗi HTTP 429 - product id: 152095236, thử lại 1/3
2025-09-29 21:02:03,329 WARNING: Lỗi HTTP 429 - product id: 152101571, thử lại 1/3
2025-09-29 21:02:03,472 WARNING: Lỗi HTTP 429 - product id: 152183815, thử lại 1/3
2025-09-29 21:02:03,479 WARNING: Lỗi HTTP 429 - product id: 152185085, thử lại 1/3
2025-09-29 21:02:03,672 WARNING: Lỗi HTTP 429 - product id: 152193138, thử lại 1/3
2025-09-29 21:02:03,679 WARNING: Lỗi HTTP 429 - product id: 152193149, thử lại 1/3
2025-09-29 21:02:03,773 WARNING: Lỗi HTTP 429 - product id: 152282908, thử lại 1/3
2025-09-29 21:02:04,360 WARNING: Lỗi HTTP 429 - product id: 152380050, thử lại 1/3
2025-09-29 21:02:04,379 WARNING: Lỗi HTTP 429 - product id: 152410393, thử lại 1/3
2025-09-29 21:02:04,874 WARNING: Lỗi HTTP 429 - product id: 153073934, thử lại 1/3
2025-09-29 21:02:05,331 WARNING: Lỗi HTTP 429 - product id: 153262175, thử lại 1/3
2025-09-29 21:02:07,524 WARNING: Lỗi HTTP 429 - product id: 152094267, thử lại 1/3
2025-09-29 21:02:08,426 WARNING: Lỗi HTTP 429 - product id: 152100798, thử lại 1/3
2025-09-29 21:02:08,470 WARNING: Lỗi HTTP 429 - product id: 152101590, thử lại 1/3
2025-09-29 21:02:08,527 WARNING: Lỗi HTTP 429 - product id: 152108694, thử lại 1/3
2025-09-29 21:02:08,618 WARNING: Lỗi HTTP 429 - product id: 152163254, thử lại 1/3
2025-09-29 21:02:08,679 WARNING: Lỗi HTTP 429 - product id: 152179133, thử lại 1/3
2025-09-29 21:02:08,878 WARNING: Lỗi HTTP 429 - product id: 152193108, thử lại 1/3
2025-09-29 21:02:09,018 WARNING: Lỗi HTTP 429 - product id: 152282850, thử lại 1/3
2025-09-29 21:02:09,064 WARNING: Lỗi HTTP 429 - product id: 152300369, thử lại 1/3
2025-09-29 21:02:09,074 WARNING: Lỗi HTTP 429 - product id: 152313179, thử lại 1/3
2025-09-29 21:02:09,083 WARNING: Lỗi HTTP 429 - product id: 152318141, thử lại 1/3
2025-09-29 21:02:10,914 WARNING: Lỗi HTTP 429 - product id: 153262026, thử lại 1/3
2025-09-29 21:02:11,074 WARNING: Lỗi HTTP 429 - product id: 153264179, thử lại 1/3
2025-09-29 21:02:11,088 WARNING: Lỗi HTTP 429 - product id: 153264757, thử lại 1/3
2025-09-29 21:02:11,175 WARNING: Lỗi HTTP 429 - product id: 153360129, thử lại 1/3
2025-09-29 21:02:12,224 WARNING: Lỗi HTTP 429 - product id: 152530929, thử lại 1/3
2025-09-29 21:02:13,322 WARNING: Lỗi HTTP 429 - product id: 152710458, thử lại 1/3
2025-09-29 21:02:16,632 INFO: Đã commit batch 100 (1000 sản phẩm)
2025-09-29 21:02:16,660 INFO: Đã ghi 1000 sản phẩm vào file /home/quannh/projects_de/Lab_01/output/products_batch_100_1000_ids.csv
2025-09-29 21:02:16,703 INFO: Đã insert 1000 sản phẩm từ file /home/quannh/projects_de/Lab_01/output/products_batch_100_1000_ids.csv vào database PostgeSQL
2025-09-29 21:02:16,731 INFO: Đã update lại status của batch 101 về pending để tiến hành crawl lại batch
2025-09-29 21:02:16,740 INFO: Bắt đầu crawl batch 101 (1000 sản phẩm)
2025-09-29 21:02:17,206 WARNING: Lỗi HTTP 429 - product id: 154096973, thử lại 1/3
2025-09-29 21:02:18,198 WARNING: Lỗi HTTP 429 - product id: 154180187, thử lại 1/3
2025-09-29 21:02:18,250 WARNING: Lỗi HTTP 429 - product id: 154180585, thử lại 1/3
2025-09-29 21:02:18,456 WARNING: Lỗi HTTP 429 - product id: 154200724, thử lại 1/3
2025-09-29 21:02:18,497 WARNING: Lỗi HTTP 429 - product id: 154201115, thử lại 1/3
2025-09-29 21:02:18,558 WARNING: Lỗi HTTP 429 - product id: 154202770, thử lại 1/3
2025-09-29 21:02:18,645 WARNING: Lỗi HTTP 429 - product id: 153598563, thử lại 1/3
2025-09-29 21:02:18,852 WARNING: Lỗi HTTP 429 - product id: 153611852, thử lại 1/3
2025-09-29 21:02:19,150 WARNING: Lỗi HTTP 429 - product id: 153648095, thử lại 1/3
2025-09-29 21:02:19,399 WARNING: Lỗi HTTP 429 - product id: 153763337, thử lại 1/3
2025-09-29 21:02:20,693 WARNING: Lỗi HTTP 429 - product id: 153963594, thử lại 1/3
2025-09-29 21:02:20,746 WARNING: Lỗi HTTP 429 - product id: 153978715, thử lại 1/3
2025-09-29 21:02:20,755 WARNING: Lỗi HTTP 429 - product id: 153978784, thử lại 1/3
2025-09-29 21:02:21,355 WARNING: Lỗi HTTP 429 - product id: 154234971, thử lại 1/3
2025-09-29 21:02:21,407 WARNING: Lỗi HTTP 429 - product id: 154250051, thử lại 1/3
2025-09-29 21:02:21,746 WARNING: Lỗi HTTP 429 - product id: 154416206, thử lại 1/3
2025-09-29 21:02:21,807 WARNING: Lỗi HTTP 429 - product id: 154439874, thử lại 1/3
2025-09-29 21:02:21,898 WARNING: Lỗi HTTP 429 - product id: 154489351, thử lại 1/3
2025-09-29 21:02:22,352 WARNING: Lỗi HTTP 429 - product id: 154695341, thử lại 1/3
2025-09-29 21:02:22,543 WARNING: Lỗi HTTP 429 - product id: 154707464, thử lại 1/3
2025-09-29 21:02:22,634 WARNING: Lỗi HTTP 404: Không tim thấy product id - product id: 154532335
2025-09-29 21:02:22,700 WARNING: Lỗi HTTP 429 - product id: 153472782, thử lại 1/3
2025-09-29 21:02:22,757 WARNING: Lỗi HTTP 429 - product id: 153472817, thử lại 1/3
2025-09-29 21:02:22,800 WARNING: Lỗi HTTP 429 - product id: 153486787, thử lại 1/3
2025-09-29 21:02:22,896 WARNING: Lỗi HTTP 429 - product id: 153494753, thử lại 1/3
2025-09-29 21:02:23,118 WARNING: Lỗi HTTP 404: Không tim thấy product id - product id: 154532215
2025-09-29 21:02:25,470 WARNING: Lỗi HTTP 404: Không tim thấy product id - product id: 153530111
2025-09-29 21:02:26,417 WARNING: Lỗi HTTP 404: Không tim thấy product id - product id: 153612232
2025-09-29 21:02:27,119 WARNING: Lỗi HTTP 404: Không tim thấy product id - product id: 153770931
2025-09-29 21:02:28,047 WARNING: Lỗi HTTP 429 - product id: 154273346, thử lại 1/3
2025-09-29 21:02:28,107 WARNING: Lỗi HTTP 429 - product id: 154274762, thử lại 1/3
2025-09-29 21:02:28,144 WARNING: Lỗi HTTP 429 - product id: 154312227, thử lại 1/3
2025-09-29 21:02:28,147 WARNING: Lỗi HTTP 429 - product id: 154293422, thử lại 1/3
2025-09-29 21:02:28,204 WARNING: Lỗi HTTP 429 - product id: 154365989, thử lại 1/3
2025-09-29 21:02:28,297 WARNING: Lỗi HTTP 429 - product id: 154403931, thử lại 1/3
2025-09-29 21:02:28,337 WARNING: Lỗi HTTP 429 - product id: 154407223, thử lại 1/3
2025-09-29 21:02:28,344 WARNING: Lỗi HTTP 429 - product id: 154413091, thử lại 1/3
2025-09-29 21:02:28,350 WARNING: Lỗi HTTP 429 - product id: 154414628, thử lại 1/3
2025-09-29 21:02:28,400 WARNING: Lỗi HTTP 429 - product id: 154414972, thử lại 1/3
2025-09-29 21:02:28,403 WARNING: Lỗi HTTP 429 - product id: 154429209, thử lại 1/3
2025-09-29 21:02:28,467 WARNING: Lỗi HTTP 429 - product id: 154445628, thử lại 1/3
2025-09-29 21:02:28,497 WARNING: Lỗi HTTP 429 - product id: 154467332, thử lại 1/3
2025-09-29 21:02:29,342 WARNING: Lỗi HTTP 429 - product id: 154728720, thử lại 1/3
2025-09-29 21:02:29,343 WARNING: Lỗi HTTP 429 - product id: 154728540, thử lại 1/3
2025-09-29 21:02:29,469 WARNING: Lỗi HTTP 404: Không tim thấy product id - product id: 154530131
2025-09-29 21:02:29,599 WARNING: Lỗi HTTP 429 - product id: 153579185, thử lại 1/3
2025-09-29 21:02:29,613 WARNING: Lỗi HTTP 404: Không tim thấy product id - product id: 154532108
2025-09-29 21:02:30,144 WARNING: Lỗi HTTP 429 - product id: 154093956, thử lại 1/3
2025-09-29 21:02:30,200 WARNING: Lỗi HTTP 429 - product id: 154094204, thử lại 1/3
2025-09-29 21:02:30,251 WARNING: Lỗi HTTP 429 - product id: 154094420, thử lại 1/3
2025-09-29 21:02:30,450 WARNING: Lỗi HTTP 429 - product id: 154096547, thử lại 1/3
2025-09-29 21:02:30,545 WARNING: Lỗi HTTP 429 - product id: 154097100, thử lại 1/3
2025-09-29 21:02:32,000 WARNING: Lỗi HTTP 429 - product id: 154179835, thử lại 1/3
2025-09-29 21:02:32,054 WARNING: Lỗi HTTP 429 - product id: 154180347, thử lại 1/3
2025-09-29 21:02:32,098 WARNING: Lỗi HTTP 429 - product id: 154180729, thử lại 1/3
2025-09-29 21:02:32,350 WARNING: Lỗi HTTP 429 - product id: 154203591, thử lại 1/3
2025-09-29 21:02:32,396 WARNING: Lỗi HTTP 429 - product id: 154204013, thử lại 1/3
2025-09-29 21:02:32,548 WARNING: Lỗi HTTP 429 - product id: 154205746, thử lại 1/3
2025-09-29 21:02:35,653 INFO: Đã commit batch 101 (1000 sản phẩm)
2025-09-29 21:02:35,681 INFO: Đã ghi 993 sản phẩm vào file /home/quannh/projects_de/Lab_01/output/products_batch_101_993_ids.csv
2025-09-29 21:02:35,723 INFO: Đã insert 993 sản phẩm từ file /home/quannh/projects_de/Lab_01/output/products_batch_101_993_ids.csv vào database PostgeSQL
2025-09-29 21:02:35,749 INFO: Đã update lại status của batch 102 về pending để tiến hành crawl lại batch
2025-09-29 21:02:35,759 INFO: Bắt đầu crawl batch 102 (1000 sản phẩm)
2025-09-29 21:02:36,822 WARNING: Lỗi HTTP 429 - product id: 155218796, thử lại 1/3
2025-09-29 21:02:36,967 WARNING: Lỗi HTTP 429 - product id: 155225312, thử lại 1/3
2025-09-29 21:02:36,972 WARNING: Lỗi HTTP 429 - product id: 155231143, thử lại 1/3
2025-09-29 21:02:37,073 WARNING: Lỗi HTTP 429 - product id: 155232458, thử lại 1/3
2025-09-29 21:02:41,117 WARNING: Lỗi HTTP 429 - product id: 155189001, thử lại 1/3
2025-09-29 21:02:41,208 WARNING: Lỗi HTTP 429 - product id: 155190693, thử lại 1/3
2025-09-29 21:02:42,580 WARNING: Lỗi HTTP 404: Không tim thấy product id - product id: 155199093
2025-09-29 21:02:42,719 WARNING: Lỗi HTTP 429 - product id: 155237733, thử lại 1/3
2025-09-29 21:02:42,767 WARNING: Lỗi HTTP 429 - product id: 155238140, thử lại 1/3
2025-09-29 21:02:42,784 WARNING: Lỗi HTTP 429 - product id: 155238594, thử lại 1/3
2025-09-29 21:02:42,865 WARNING: Lỗi HTTP 429 - product id: 154729061, thử lại 1/3
2025-09-29 21:02:42,970 WARNING: Lỗi HTTP 429 - product id: 154730120, thử lại 1/3
2025-09-29 21:02:43,024 WARNING: Lỗi HTTP 429 - product id: 154730269, thử lại 1/3
2025-09-29 21:02:43,231 WARNING: Lỗi HTTP 429 - product id: 154784167, thử lại 1/3
2025-09-29 21:02:43,319 WARNING: Lỗi HTTP 429 - product id: 154785392, thử lại 1/3
2025-09-29 21:02:43,320 WARNING: Lỗi HTTP 429 - product id: 154785437, thử lại 1/3
2025-09-29 21:02:43,323 WARNING: Lỗi HTTP 429 - product id: 154785580, thử lại 1/3
2025-09-29 21:02:44,075 WARNING: Lỗi HTTP 429 - product id: 154906054, thử lại 1/3
2025-09-29 21:02:46,513 WARNING: Lỗi HTTP 429 - product id: 155098080, thử lại 1/3
2025-09-29 21:02:46,526 WARNING: Lỗi HTTP 429 - product id: 155098084, thử lại 1/3
2025-09-29 21:02:46,773 WARNING: Lỗi HTTP 429 - product id: 155142298, thử lại 1/3
2025-09-29 21:02:46,822 WARNING: Lỗi HTTP 429 - product id: 155159850, thử lại 1/3
2025-09-29 21:02:47,077 WARNING: Lỗi HTTP 429 - product id: 155169039, thử lại 1/3
2025-09-29 21:02:47,515 WARNING: Lỗi HTTP 429 - product id: 155183186, thử lại 1/3
2025-09-29 21:02:47,609 WARNING: Lỗi HTTP 429 - product id: 155183651, thử lại 1/3
2025-09-29 21:02:48,020 WARNING: Lỗi HTTP 429 - product id: 155193224, thử lại 1/3
2025-09-29 21:02:49,373 WARNING: Lỗi HTTP 429 - product id: 154910364, thử lại 1/3
2025-09-29 21:02:49,373 WARNING: Lỗi HTTP 429 - product id: 154910686, thử lại 1/3
2025-09-29 21:02:49,468 WARNING: Lỗi HTTP 429 - product id: 154911487, thử lại 1/3
2025-09-29 21:02:49,568 WARNING: Lỗi HTTP 429 - product id: 154913127, thử lại 1/3
2025-09-29 21:02:49,618 WARNING: Lỗi HTTP 429 - product id: 154913403, thử lại 1/3
2025-09-29 21:02:49,665 WARNING: Lỗi HTTP 429 - product id: 155098084, thử lại 2/3
2025-09-29 21:02:49,714 WARNING: Lỗi HTTP 429 - product id: 154913970, thử lại 1/3
2025-09-29 21:02:49,760 WARNING: Lỗi HTTP 429 - product id: 154914304, thử lại 1/3
2025-09-29 21:02:49,767 WARNING: Lỗi HTTP 429 - product id: 154914516, thử lại 1/3
2025-09-29 21:02:49,866 WARNING: Lỗi HTTP 429 - product id: 154915897, thử lại 1/3
2025-09-29 21:02:55,778 INFO: Đã commit batch 102 (1000 sản phẩm)
2025-09-29 21:02:55,801 INFO: Đã ghi 999 sản phẩm vào file /home/quannh/projects_de/Lab_01/output/products_batch_102_999_ids.csv
2025-09-29 21:02:55,833 INFO: Đã insert 999 sản phẩm từ file /home/quannh/projects_de/Lab_01/output/products_batch_102_999_ids.csv vào database PostgeSQL
2025-09-29 21:02:55,859 INFO: Đã update lại status của batch 103 về pending để tiến hành crawl lại batch
2025-09-29 21:02:55,869 INFO: Bắt đầu crawl batch 103 (1000 sản phẩm)
2025-09-29 21:02:56,775 WARNING: Lỗi HTTP 429 - product id: 155381533, thử lại 1/3
2025-09-29 21:02:56,838 WARNING: Lỗi HTTP 429 - product id: 155390397, thử lại 1/3
2025-09-29 21:02:57,083 WARNING: Lỗi HTTP 429 - product id: 155393438, thử lại 1/3
2025-09-29 21:02:57,149 WARNING: Lỗi HTTP 429 - product id: 155394052, thử lại 1/3
2025-09-29 21:02:57,155 WARNING: Lỗi HTTP 429 - product id: 155395169, thử lại 1/3
2025-09-29 21:02:57,182 WARNING: Lỗi HTTP 429 - product id: 155395228, thử lại 1/3
2025-09-29 21:02:57,182 WARNING: Lỗi HTTP 429 - product id: 155395660, thử lại 1/3
2025-09-29 21:02:57,248 WARNING: Lỗi HTTP 429 - product id: 155427978, thử lại 1/3
2025-09-29 21:02:57,319 WARNING: Lỗi HTTP 429 - product id: 155428546, thử lại 1/3
2025-09-29 21:02:57,334 WARNING: Lỗi HTTP 429 - product id: 155428653, thử lại 1/3
2025-09-29 21:02:57,334 WARNING: Lỗi HTTP 429 - product id: 155428575, thử lại 1/3
2025-09-29 21:02:57,397 WARNING: Lỗi HTTP 429 - product id: 155437081, thử lại 1/3
2025-09-29 21:02:57,486 WARNING: Lỗi HTTP 429 - product id: 155443605, thử lại 1/3
2025-09-29 21:02:58,633 WARNING: Lỗi HTTP 429 - product id: 155703846, thử lại 1/3
2025-09-29 21:02:58,722 WARNING: Lỗi HTTP 429 - product id: 155705838, thử lại 1/3
2025-09-29 21:02:58,730 WARNING: Lỗi HTTP 429 - product id: 155705888, thử lại 1/3
2025-09-29 21:02:58,931 WARNING: Lỗi HTTP 429 - product id: 155887454, thử lại 1/3
2025-09-29 21:02:59,029 WARNING: Lỗi HTTP 429 - product id: 155887655, thử lại 1/3
2025-09-29 21:02:59,040 WARNING: Lỗi HTTP 429 - product id: 155887749, thử lại 1/3
2025-09-29 21:02:59,381 WARNING: Lỗi HTTP 429 - product id: 155251301, thử lại 1/3
2025-09-29 21:02:59,385 WARNING: Lỗi HTTP 429 - product id: 155249221, thử lại 1/3
2025-09-29 21:03:00,224 WARNING: Lỗi HTTP 429 - product id: 155395169, thử lại 2/3
2025-09-29 21:03:00,234 WARNING: Lỗi HTTP 429 - product id: 155340513, thử lại 1/3
2025-09-29 21:03:00,237 WARNING: Lỗi HTTP 429 - product id: 155340765, thử lại 1/3
2025-09-29 21:03:00,280 WARNING: Lỗi HTTP 429 - product id: 155340900, thử lại 1/3
2025-09-29 21:03:00,390 WARNING: Lỗi HTTP 429 - product id: 155347146, thử lại 1/3
2025-09-29 21:03:00,390 WARNING: Lỗi HTTP 429 - product id: 155428546, thử lại 2/3
2025-09-29 21:03:00,477 WARNING: Lỗi HTTP 429 - product id: 155347449, thử lại 1/3
2025-09-29 21:03:00,830 WARNING: Lỗi HTTP 429 - product id: 155355513, thử lại 1/3
2025-09-29 21:03:00,838 WARNING: Lỗi HTTP 429 - product id: 155355603, thử lại 1/3
2025-09-29 21:03:04,127 WARNING: Lỗi HTTP 429 - product id: 155795343, thử lại 1/3
2025-09-29 21:03:04,149 WARNING: Lỗi HTTP 404: Không tim thấy product id - product id: 155778757
2025-09-29 21:03:04,431 WARNING: Lỗi HTTP 429 - product id: 155244326, thử lại 1/3
2025-09-29 21:03:07,186 WARNING: Lỗi HTTP 429 - product id: 155795218, thử lại 1/3
2025-09-29 21:03:07,435 WARNING: Lỗi HTTP 429 - product id: 155795343, thử lại 2/3
2025-09-29 21:03:07,588 WARNING: Lỗi HTTP 429 - product id: 155809589, thử lại 1/3
2025-09-29 21:03:08,077 WARNING: Lỗi HTTP 429 - product id: 155886986, thử lại 1/3
2025-09-29 21:03:08,171 WARNING: Lỗi HTTP 429 - product id: 155374064, thử lại 1/3
2025-09-29 21:03:08,174 WARNING: Lỗi HTTP 429 - product id: 155374095, thử lại 1/3
2025-09-29 21:03:08,176 WARNING: Lỗi HTTP 429 - product id: 155374551, thử lại 1/3
2025-09-29 21:03:08,279 WARNING: Lỗi HTTP 429 - product id: 155389729, thử lại 1/3
2025-09-29 21:03:10,974 WARNING: Lỗi HTTP 429 - product id: 155809991, thử lại 1/3
2025-09-29 21:03:11,031 WARNING: Lỗi HTTP 429 - product id: 155810617, thử lại 1/3
2025-09-29 21:03:14,139 INFO: Đã commit batch 103 (1000 sản phẩm)
2025-09-29 21:03:14,166 INFO: Đã ghi 999 sản phẩm vào file /home/quannh/projects_de/Lab_01/output/products_batch_103_999_ids.csv
2025-09-29 21:03:14,206 INFO: Đã insert 999 sản phẩm từ file /home/quannh/projects_de/Lab_01/output/products_batch_103_999_ids.csv vào database PostgeSQL
2025-09-29 21:03:14,233 INFO: Đã update lại status của batch 104 về pending để tiến hành crawl lại batch
2025-09-29 21:03:14,243 INFO: Bắt đầu crawl batch 104 (1000 sản phẩm)
2025-09-29 21:03:14,320 WARNING: Lỗi HTTP 429 - product id: 156232945, thử lại 1/3
2025-09-29 21:03:14,321 WARNING: Lỗi HTTP 429 - product id: 156280552, thử lại 1/3
2025-09-29 21:03:14,555 WARNING: Lỗi HTTP 429 - product id: 157084562, thử lại 1/3
2025-09-29 21:03:14,657 WARNING: Lỗi HTTP 429 - product id: 157097984, thử lại 1/3
2025-09-29 21:03:15,450 WARNING: Lỗi HTTP 429 - product id: 157198897, thử lại 1/3
2025-09-29 21:03:15,547 WARNING: Lỗi HTTP 429 - product id: 157205787, thử lại 1/3
2025-09-29 21:03:15,603 WARNING: Lỗi HTTP 429 - product id: 157206527, thử lại 1/3
2025-09-29 21:03:15,648 WARNING: Lỗi HTTP 429 - product id: 157207521, thử lại 1/3
2025-09-29 21:03:15,849 WARNING: Lỗi HTTP 429 - product id: 157254194, thử lại 1/3
2025-09-29 21:03:15,850 WARNING: Lỗi HTTP 429 - product id: 157254291, thử lại 1/3
2025-09-29 21:03:15,953 WARNING: Lỗi HTTP 429 - product id: 157256744, thử lại 1/3
2025-09-29 21:03:16,001 WARNING: Lỗi HTTP 429 - product id: 157335187, thử lại 1/3
2025-09-29 21:03:16,098 WARNING: Lỗi HTTP 429 - product id: 157401999, thử lại 1/3
2025-09-29 21:03:16,103 WARNING: Lỗi HTTP 429 - product id: 157402142, thử lại 1/3
2025-09-29 21:03:16,162 WARNING: Lỗi HTTP 429 - product id: 157405630, thử lại 1/3
2025-09-29 21:03:16,254 WARNING: Lỗi HTTP 429 - product id: 157414137, thử lại 1/3
2025-09-29 21:03:16,256 WARNING: Lỗi HTTP 429 - product id: 157412815, thử lại 1/3
2025-09-29 21:03:16,359 WARNING: Lỗi HTTP 429 - product id: 157414340, thử lại 1/3
2025-09-29 21:03:16,399 WARNING: Lỗi HTTP 429 - product id: 157414478, thử lại 1/3
2025-09-29 21:03:17,548 WARNING: Lỗi HTTP 429 - product id: 156645813, thử lại 1/3
2025-09-29 21:03:17,556 WARNING: Lỗi HTTP 429 - product id: 156645981, thử lại 1/3
2025-09-29 21:03:19,877 WARNING: Lỗi HTTP 429 - product id: 157493783, thử lại 1/3
2025-09-29 21:03:20,397 WARNING: Lỗi HTTP 429 - product id: 157513431, thử lại 1/3
2025-09-29 21:03:20,483 WARNING: Lỗi HTTP 429 - product id: 157530151, thử lại 1/3
2025-09-29 21:03:21,399 WARNING: Lỗi HTTP 429 - product id: 155994404, thử lại 1/3
2025-09-29 21:03:21,496 WARNING: Lỗi HTTP 429 - product id: 156054875, thử lại 1/3
2025-09-29 21:03:21,543 WARNING: Lỗi HTTP 429 - product id: 156112682, thử lại 1/3
2025-09-29 21:03:21,599 WARNING: Lỗi HTTP 429 - product id: 156118804, thử lại 1/3
2025-09-29 21:03:21,643 WARNING: Lỗi HTTP 429 - product id: 155924382, thử lại 1/3
2025-09-29 21:03:22,240 WARNING: Lỗi HTTP 429 - product id: 156175161, thử lại 1/3
2025-09-29 21:03:22,240 WARNING: Lỗi HTTP 429 - product id: 156175172, thử lại 1/3
2025-09-29 21:03:22,286 WARNING: Lỗi HTTP 429 - product id: 156175272, thử lại 1/3
2025-09-29 21:03:22,349 WARNING: Lỗi HTTP 429 - product id: 156189068, thử lại 1/3
2025-09-29 21:03:22,435 WARNING: Lỗi HTTP 429 - product id: 156299384, thử lại 1/3
2025-09-29 21:03:22,441 WARNING: Lỗi HTTP 429 - product id: 156299398, thử lại 1/3
2025-09-29 21:03:22,601 WARNING: Lỗi HTTP 429 - product id: 156299890, thử lại 1/3
2025-09-29 21:03:22,702 WARNING: Lỗi HTTP 429 - product id: 156300039, thử lại 1/3
2025-09-29 21:03:22,748 WARNING: Lỗi HTTP 429 - product id: 156314036, thử lại 1/3
2025-09-29 21:03:24,898 WARNING: Lỗi HTTP 429 - product id: 157063126, thử lại 1/3
2025-09-29 21:03:24,986 WARNING: Lỗi HTTP 429 - product id: 157491276, thử lại 1/3
2025-09-29 21:03:25,038 WARNING: Lỗi HTTP 429 - product id: 157491415, thử lại 1/3
2025-09-29 21:03:25,249 WARNING: Lỗi HTTP 429 - product id: 157497084, thử lại 1/3
2025-09-29 21:03:25,443 WARNING: Lỗi HTTP 429 - product id: 156175272, thử lại 2/3
2025-09-29 21:03:25,450 WARNING: Lỗi HTTP 429 - product id: 157499371, thử lại 1/3
2025-09-29 21:03:25,542 WARNING: Lỗi HTTP 429 - product id: 157500198, thử lại 1/3
2025-09-29 21:03:26,743 WARNING: Lỗi HTTP 429 - product id: 157579581, thử lại 1/3
2025-09-29 21:03:26,805 WARNING: Lỗi HTTP 429 - product id: 156189817, thử lại 1/3
2025-09-29 21:03:26,847 WARNING: Lỗi HTTP 429 - product id: 156204711, thử lại 1/3
2025-09-29 21:03:27,349 WARNING: Lỗi HTTP 429 - product id: 156299001, thử lại 1/3
2025-09-29 21:03:27,899 WARNING: Lỗi HTTP 429 - product id: 157142958, thử lại 1/3
2025-09-29 21:03:29,498 WARNING: Lỗi HTTP 429 - product id: 157405989, thử lại 1/3
2025-09-29 21:03:29,995 WARNING: Lỗi HTTP 429 - product id: 157424718, thử lại 1/3
2025-09-29 21:03:30,265 WARNING: Lỗi HTTP 429 - product id: 157483114, thử lại 1/3
2025-09-29 21:03:33,378 INFO: Đã commit batch 104 (1000 sản phẩm)
2025-09-29 21:03:33,404 INFO: Đã ghi 1000 sản phẩm vào file /home/quannh/projects_de/Lab_01/output/products_batch_104_1000_ids.csv
2025-09-29 21:03:33,445 INFO: Đã insert 1000 sản phẩm từ file /home/quannh/projects_de/Lab_01/output/products_batch_104_1000_ids.csv vào database PostgeSQL
2025-09-29 21:03:33,472 INFO: Đã update lại status của batch 105 về pending để tiến hành crawl lại batch
2025-09-29 21:03:33,482 INFO: Bắt đầu crawl batch 105 (1000 sản phẩm)
2025-09-29 21:03:34,193 WARNING: Lỗi HTTP 429 - product id: 158210239, thử lại 1/3
2025-09-29 21:03:34,240 WARNING: Lỗi HTTP 429 - product id: 158210257, thử lại 1/3
2025-09-29 21:03:34,445 WARNING: Lỗi HTTP 429 - product id: 158213111, thử lại 1/3
2025-09-29 21:03:34,644 WARNING: Lỗi HTTP 429 - product id: 158221962, thử lại 1/3
2025-09-29 21:03:34,685 WARNING: Lỗi HTTP 429 - product id: 158223644, thử lại 1/3
2025-09-29 21:03:34,688 WARNING: Lỗi HTTP 429 - product id: 158223845, thử lại 1/3
2025-09-29 21:03:35,446 WARNING: Lỗi HTTP 429 - product id: 158562962, thử lại 1/3
2025-09-29 21:03:35,486 WARNING: Lỗi HTTP 429 - product id: 158582218, thử lại 1/3
2025-09-29 21:03:35,546 WARNING: Lỗi HTTP 429 - product id: 158594764, thử lại 1/3
2025-09-29 21:03:35,548 WARNING: Lỗi HTTP 429 - product id: 158595189, thử lại 1/3
2025-09-29 21:03:36,186 WARNING: Lỗi HTTP 429 - product id: 158649271, thử lại 1/3
2025-09-29 21:03:37,748 WARNING: Lỗi HTTP 429 - product id: 158100645, thử lại 1/3
2025-09-29 21:03:37,844 WARNING: Lỗi HTTP 429 - product id: 158112541, thử lại 1/3
2025-09-29 21:03:37,898 WARNING: Lỗi HTTP 429 - product id: 158223845, thử lại 2/3
2025-09-29 21:03:37,941 WARNING: Lỗi HTTP 429 - product id: 158117090, thử lại 1/3
2025-09-29 21:03:39,487 WARNING: Lỗi HTTP 429 - product id: 158493525, thử lại 1/3
2025-09-29 21:03:40,946 WARNING: Lỗi HTTP 429 - product id: 157636697, thử lại 1/3
2025-09-29 21:03:41,343 WARNING: Lỗi HTTP 429 - product id: 157803656, thử lại 1/3
2025-09-29 21:03:41,435 WARNING: Lỗi HTTP 429 - product id: 157823083, thử lại 1/3
2025-09-29 21:03:41,437 WARNING: Lỗi HTTP 429 - product id: 157823684, thử lại 1/3
2025-09-29 21:03:41,499 WARNING: Lỗi HTTP 429 - product id: 157825422, thử lại 1/3
2025-09-29 21:03:41,940 WARNING: Lỗi HTTP 429 - product id: 157634675, thử lại 1/3
2025-09-29 21:03:43,787 WARNING: Lỗi HTTP 429 - product id: 158421437, thử lại 1/3
2025-09-29 21:03:44,638 WARNING: Lỗi HTTP 429 - product id: 158473498, thử lại 1/3
2025-09-29 21:03:44,740 WARNING: Lỗi HTTP 429 - product id: 158474008, thử lại 1/3
2025-09-29 21:03:44,740 WARNING: Lỗi HTTP 429 - product id: 158473877, thử lại 1/3
2025-09-29 21:03:44,742 WARNING: Lỗi HTTP 429 - product id: 157825422, thử lại 2/3
2025-09-29 21:03:44,787 WARNING: Lỗi HTTP 429 - product id: 158474020, thử lại 1/3
2025-09-29 21:03:44,790 WARNING: Lỗi HTTP 429 - product id: 158474036, thử lại 1/3
2025-09-29 21:03:44,848 WARNING: Lỗi HTTP 429 - product id: 158474344, thử lại 1/3
2025-09-29 21:03:44,993 WARNING: Lỗi HTTP 429 - product id: 158475082, thử lại 1/3
2025-09-29 21:03:45,047 WARNING: Lỗi HTTP 429 - product id: 158475253, thử lại 1/3
2025-09-29 21:03:45,136 WARNING: Lỗi HTTP 429 - product id: 158475754, thử lại 1/3
2025-09-29 21:03:45,201 WARNING: Lỗi HTTP 429 - product id: 158476208, thử lại 1/3
2025-09-29 21:03:45,296 WARNING: Lỗi HTTP 429 - product id: 158476454, thử lại 1/3
2025-09-29 21:03:45,631 WARNING: Lỗi HTTP 429 - product id: 158493949, thử lại 1/3
2025-09-29 21:03:45,636 WARNING: Lỗi HTTP 429 - product id: 158493953, thử lại 1/3
2025-09-29 21:03:45,739 WARNING: Lỗi HTTP 429 - product id: 158494532, thử lại 1/3
2025-09-29 21:03:45,740 WARNING: Lỗi HTTP 429 - product id: 158122033, thử lại 1/3
2025-09-29 21:03:46,239 WARNING: Lỗi HTTP 429 - product id: 158153931, thử lại 1/3
2025-09-29 21:03:46,250 WARNING: Lỗi HTTP 429 - product id: 158153979, thử lại 1/3
2025-09-29 21:03:50,863 INFO: Đã commit batch 105 (1000 sản phẩm)
2025-09-29 21:03:50,888 INFO: Đã ghi 1000 sản phẩm vào file /home/quannh/projects_de/Lab_01/output/products_batch_105_1000_ids.csv
2025-09-29 21:03:50,924 INFO: Đã insert 1000 sản phẩm từ file /home/quannh/projects_de/Lab_01/output/products_batch_105_1000_ids.csv vào database PostgeSQL
2025-09-29 21:03:50,951 INFO: Đã update lại status của batch 106 về pending để tiến hành crawl lại batch
2025-09-29 21:03:50,960 INFO: Bắt đầu crawl batch 106 (1000 sản phẩm)
2025-09-29 21:03:51,972 WARNING: Lỗi HTTP 429 - product id: 159017915, thử lại 1/3
2025-09-29 21:03:52,026 WARNING: Lỗi HTTP 429 - product id: 159018145, thử lại 1/3
2025-09-29 21:03:53,766 WARNING: Lỗi HTTP 429 - product id: 158674725, thử lại 1/3
2025-09-29 21:03:53,825 WARNING: Lỗi HTTP 429 - product id: 158675163, thử lại 1/3
2025-09-29 21:03:53,871 WARNING: Lỗi HTTP 429 - product id: 158675941, thử lại 1/3
2025-09-29 21:03:54,121 WARNING: Lỗi HTTP 429 - product id: 158680162, thử lại 1/3
2025-09-29 21:03:54,368 WARNING: Lỗi HTTP 429 - product id: 158708408, thử lại 1/3
2025-09-29 21:03:54,421 WARNING: Lỗi HTTP 429 - product id: 158708627, thử lại 1/3
2025-09-29 21:03:54,515 WARNING: Lỗi HTTP 429 - product id: 158708906, thử lại 1/3
2025-09-29 21:03:56,169 WARNING: Lỗi HTTP 429 - product id: 159299775, thử lại 1/3
2025-09-29 21:03:56,226 WARNING: Lỗi HTTP 429 - product id: 159314174, thử lại 1/3
2025-09-29 21:03:56,625 WARNING: Lỗi HTTP 429 - product id: 159444881, thử lại 1/3
2025-09-29 21:04:00,061 WARNING: Lỗi HTTP 429 - product id: 159251360, thử lại 1/3
2025-09-29 21:04:00,122 WARNING: Lỗi HTTP 429 - product id: 159259238, thử lại 1/3
2025-09-29 21:04:00,165 WARNING: Lỗi HTTP 429 - product id: 159263394, thử lại 1/3
2025-09-29 21:04:00,522 WARNING: Lỗi HTTP 429 - product id: 159275894, thử lại 1/3
2025-09-29 21:04:00,713 WARNING: Lỗi HTTP 429 - product id: 159276806, thử lại 1/3
2025-09-29 21:04:00,765 WARNING: Lỗi HTTP 429 - product id: 159278079, thử lại 1/3
2025-09-29 21:04:00,866 WARNING: Lỗi HTTP 429 - product id: 159314953, thử lại 1/3
2025-09-29 21:04:01,807 WARNING: Lỗi HTTP 429 - product id: 159653089, thử lại 1/3
2025-09-29 21:04:01,823 WARNING: Lỗi HTTP 429 - product id: 159653188, thử lại 1/3
2025-09-29 21:04:01,868 WARNING: Lỗi HTTP 429 - product id: 159653517, thử lại 1/3
2025-09-29 21:04:02,019 WARNING: Lỗi HTTP 429 - product id: 159695659, thử lại 1/3
2025-09-29 21:04:02,024 WARNING: Lỗi HTTP 429 - product id: 159695910, thử lại 1/3
2025-09-29 21:04:02,068 WARNING: Lỗi HTTP 429 - product id: 159732648, thử lại 1/3
2025-09-29 21:04:02,168 WARNING: Lỗi HTTP 429 - product id: 159786708, thử lại 1/3
2025-09-29 21:04:02,373 WARNING: Lỗi HTTP 429 - product id: 158792379, thử lại 1/3
2025-09-29 21:04:03,386 WARNING: Lỗi HTTP 429 - product id: 159008502, thử lại 1/3
2025-09-29 21:04:03,422 WARNING: Lỗi HTTP 429 - product id: 159009744, thử lại 1/3
2025-09-29 21:04:03,470 WARNING: Lỗi HTTP 429 - product id: 159010557, thử lại 1/3
2025-09-29 21:04:03,515 WARNING: Lỗi HTTP 429 - product id: 159012919, thử lại 1/3
2025-09-29 21:04:03,616 WARNING: Lỗi HTTP 429 - product id: 159018110, thử lại 1/3
2025-09-29 21:04:03,966 WARNING: Lỗi HTTP 429 - product id: 159314953, thử lại 2/3
2025-09-29 21:04:04,071 WARNING: Lỗi HTTP 429 - product id: 159057961, thử lại 1/3
2025-09-29 21:04:04,072 WARNING: Lỗi HTTP 429 - product id: 159056133, thử lại 1/3
2025-09-29 21:04:04,119 WARNING: Lỗi HTTP 429 - product id: 159058274, thử lại 1/3
2025-09-29 21:04:05,208 WARNING: Lỗi HTTP 429 - product id: 159865236, thử lại 1/3
2025-09-29 21:04:05,215 WARNING: Lỗi HTTP 429 - product id: 159865308, thử lại 1/3
2025-09-29 21:04:05,256 WARNING: Lỗi HTTP 429 - product id: 159865866, thử lại 1/3
2025-09-29 21:04:05,263 WARNING: Lỗi HTTP 429 - product id: 159865971, thử lại 1/3
2025-09-29 21:04:05,518 WARNING: Lỗi HTTP 429 - product id: 158661579, thử lại 1/3
2025-09-29 21:04:05,564 WARNING: Lỗi HTTP 429 - product id: 158662027, thử lại 1/3
2025-09-29 21:04:05,712 WARNING: Lỗi HTTP 429 - product id: 158663665, thử lại 1/3
2025-09-29 21:04:05,817 WARNING: Lỗi HTTP 429 - product id: 158664629, thử lại 1/3
2025-09-29 21:04:05,818 WARNING: Lỗi HTTP 429 - product id: 158664631, thử lại 1/3
2025-09-29 21:04:05,865 WARNING: Lỗi HTTP 429 - product id: 158665193, thử lại 1/3
2025-09-29 21:04:06,517 WARNING: Lỗi HTTP 429 - product id: 158666623, thử lại 1/3
2025-09-29 21:04:06,764 WARNING: Lỗi HTTP 429 - product id: 158669478, thử lại 1/3
2025-09-29 21:04:06,819 WARNING: Lỗi HTTP 429 - product id: 158669687, thử lại 1/3
2025-09-29 21:04:10,064 INFO: Đã commit batch 106 (1000 sản phẩm)
2025-09-29 21:04:10,089 INFO: Đã ghi 1000 sản phẩm vào file /home/quannh/projects_de/Lab_01/output/products_batch_106_1000_ids.csv
2025-09-29 21:04:10,126 INFO: Đã insert 1000 sản phẩm từ file /home/quannh/projects_de/Lab_01/output/products_batch_106_1000_ids.csv vào database PostgeSQL
2025-09-29 21:04:10,153 INFO: Đã update lại status của batch 107 về pending để tiến hành crawl lại batch
2025-09-29 21:04:10,163 INFO: Bắt đầu crawl batch 107 (1000 sản phẩm)
2025-09-29 21:04:13,124 WARNING: Lỗi HTTP 429 - product id: 161215070, thử lại 1/3
2025-09-29 21:04:16,821 WARNING: Lỗi HTTP 429 - product id: 160887745, thử lại 1/3
2025-09-29 21:04:16,923 WARNING: Lỗi HTTP 429 - product id: 160900743, thử lại 1/3
2025-09-29 21:04:16,975 WARNING: Lỗi HTTP 429 - product id: 160903918, thử lại 1/3
2025-09-29 21:04:17,026 WARNING: Lỗi HTTP 429 - product id: 160925608, thử lại 1/3
2025-09-29 21:04:17,069 WARNING: Lỗi HTTP 429 - product id: 160925935, thử lại 1/3
2025-09-29 21:04:17,323 WARNING: Lỗi HTTP 429 - product id: 159888194, thử lại 1/3
2025-09-29 21:04:18,073 WARNING: Lỗi HTTP 429 - product id: 160069222, thử lại 1/3
2025-09-29 21:04:18,181 WARNING: Lỗi HTTP 429 - product id: 159902782, thử lại 1/3
2025-09-29 21:04:18,182 WARNING: Lỗi HTTP 429 - product id: 159908346, thử lại 1/3
2025-09-29 21:04:18,227 WARNING: Lỗi HTTP 429 - product id: 160072857, thử lại 1/3
2025-09-29 21:04:18,317 WARNING: Lỗi HTTP 429 - product id: 160080576, thử lại 1/3
2025-09-29 21:04:18,417 WARNING: Lỗi HTTP 429 - product id: 160622228, thử lại 1/3
2025-09-29 21:04:18,422 WARNING: Lỗi HTTP 429 - product id: 160633514, thử lại 1/3
2025-09-29 21:04:18,467 WARNING: Lỗi HTTP 429 - product id: 160661035, thử lại 1/3
2025-09-29 21:04:18,475 WARNING: Lỗi HTTP 429 - product id: 160665561, thử lại 1/3
2025-09-29 21:04:18,478 WARNING: Lỗi HTTP 429 - product id: 160666892, thử lại 1/3
2025-09-29 21:04:18,540 WARNING: Lỗi HTTP 429 - product id: 160682570, thử lại 1/3
2025-09-29 21:04:20,073 WARNING: Lỗi HTTP 429 - product id: 160902809, thử lại 1/3
2025-09-29 21:04:20,078 WARNING: Lỗi HTTP 429 - product id: 160903813, thử lại 1/3
2025-09-29 21:04:20,968 WARNING: Lỗi HTTP 429 - product id: 161008956, thử lại 1/3
2025-09-29 21:04:21,028 WARNING: Lỗi HTTP 429 - product id: 160067881, thử lại 1/3
2025-09-29 21:04:21,318 WARNING: Lỗi HTTP 429 - product id: 160082634, thử lại 1/3
2025-09-29 21:04:21,368 WARNING: Lỗi HTTP 429 - product id: 160096343, thử lại 1/3
2025-09-29 21:04:21,372 WARNING: Lỗi HTTP 429 - product id: 160105053, thử lại 1/3
2025-09-29 21:04:21,436 WARNING: Lỗi HTTP 429 - product id: 160132832, thử lại 1/3
2025-09-29 21:04:22,679 WARNING: Lỗi HTTP 429 - product id: 160398750, thử lại 1/3
2025-09-29 21:04:24,126 WARNING: Lỗi HTTP 429 - product id: 160991567, thử lại 1/3
2025-09-29 21:04:24,212 WARNING: Lỗi HTTP 429 - product id: 160997557, thử lại 1/3
2025-09-29 21:04:24,224 WARNING: Lỗi HTTP 429 - product id: 160067881, thử lại 2/3
2025-09-29 21:04:24,473 WARNING: Lỗi HTTP 429 - product id: 161027053, thử lại 1/3
2025-09-29 21:04:24,527 WARNING: Lỗi HTTP 429 - product id: 160082634, thử lại 2/3
2025-09-29 21:04:24,626 WARNING: Lỗi HTTP 429 - product id: 160132832, thử lại 2/3
2025-09-29 21:04:24,729 WARNING: Lỗi HTTP 429 - product id: 161032605, thử lại 1/3
2025-09-29 21:04:24,774 WARNING: Lỗi HTTP 429 - product id: 161033500, thử lại 1/3
2025-09-29 21:04:25,118 WARNING: Lỗi HTTP 429 - product id: 161217911, thử lại 1/3
2025-09-29 21:04:25,773 WARNING: Lỗi HTTP 429 - product id: 161257958, thử lại 1/3
2025-09-29 21:04:26,014 WARNING: Lỗi HTTP 429 - product id: 161311491, thử lại 1/3
2025-09-29 21:04:30,735 INFO: Đã commit batch 107 (1000 sản phẩm)
2025-09-29 21:04:30,763 INFO: Đã ghi 1000 sản phẩm vào file /home/quannh/projects_de/Lab_01/output/products_batch_107_1000_ids.csv
2025-09-29 21:04:30,804 INFO: Đã insert 1000 sản phẩm từ file /home/quannh/projects_de/Lab_01/output/products_batch_107_1000_ids.csv vào database PostgeSQL
2025-09-29 21:04:30,830 INFO: Đã update lại status của batch 108 về pending để tiến hành crawl lại batch
2025-09-29 21:04:30,840 INFO: Bắt đầu crawl batch 108 (1000 sản phẩm)
2025-09-29 21:04:32,497 WARNING: Lỗi HTTP 404: Không tim thấy product id - product id: 161874320
2025-09-29 21:04:32,745 WARNING: Lỗi HTTP 404: Không tim thấy product id - product id: 161894761
2025-09-29 21:04:34,718 WARNING: Lỗi HTTP 429 - product id: 161409112, thử lại 1/3
2025-09-29 21:04:34,873 WARNING: Lỗi HTTP 429 - product id: 161410890, thử lại 1/3
2025-09-29 21:04:34,919 WARNING: Lỗi HTTP 429 - product id: 161411018, thử lại 1/3
2025-09-29 21:04:34,972 WARNING: Lỗi HTTP 429 - product id: 161411573, thử lại 1/3
2025-09-29 21:04:34,983 WARNING: Lỗi HTTP 429 - product id: 161411768, thử lại 1/3
2025-09-29 21:04:35,065 WARNING: Lỗi HTTP 429 - product id: 161428611, thử lại 1/3
2025-09-29 21:04:35,070 WARNING: Lỗi HTTP 429 - product id: 161451345, thử lại 1/3
2025-09-29 21:04:36,381 WARNING: Lỗi HTTP 429 - product id: 162084864, thử lại 1/3
2025-09-29 21:04:36,580 WARNING: Lỗi HTTP 429 - product id: 162089217, thử lại 1/3
2025-09-29 21:04:36,581 WARNING: Lỗi HTTP 429 - product id: 162089035, thử lại 1/3
2025-09-29 21:04:36,641 WARNING: Lỗi HTTP 404: Không tim thấy product id - product id: 162087391
2025-09-29 21:04:36,668 WARNING: Lỗi HTTP 429 - product id: 162117207, thử lại 1/3
2025-09-29 21:04:36,672 WARNING: Lỗi HTTP 429 - product id: 162118306, thử lại 1/3
2025-09-29 21:04:36,675 WARNING: Lỗi HTTP 429 - product id: 162117400, thử lại 1/3
2025-09-29 21:04:36,731 WARNING: Lỗi HTTP 429 - product id: 162124666, thử lại 1/3
2025-09-29 21:04:36,775 WARNING: Lỗi HTTP 429 - product id: 162124827, thử lại 1/3
2025-09-29 21:04:37,170 WARNING: Lỗi HTTP 429 - product id: 162126315, thử lại 1/3
2025-09-29 21:04:37,674 WARNING: Lỗi HTTP 429 - product id: 162149713, thử lại 1/3
2025-09-29 21:04:37,769 WARNING: Lỗi HTTP 429 - product id: 162157021, thử lại 1/3
2025-09-29 21:04:37,822 WARNING: Lỗi HTTP 429 - product id: 162163430, thử lại 1/3
2025-09-29 21:04:37,927 WARNING: Lỗi HTTP 429 - product id: 161454643, thử lại 1/3
2025-09-29 21:04:37,978 WARNING: Lỗi HTTP 429 - product id: 161456144, thử lại 1/3
2025-09-29 21:04:38,024 WARNING: Lỗi HTTP 429 - product id: 161459206, thử lại 1/3
2025-09-29 21:04:38,075 WARNING: Lỗi HTTP 429 - product id: 161461236, thử lại 1/3
2025-09-29 21:04:38,132 WARNING: Lỗi HTTP 429 - product id: 161428611, thử lại 2/3
2025-09-29 21:04:38,174 WARNING: Lỗi HTTP 429 - product id: 162038797, thử lại 1/3
2025-09-29 21:04:41,424 WARNING: Lỗi HTTP 429 - product id: 161484376, thử lại 1/3
2025-09-29 21:04:41,631 WARNING: Lỗi HTTP 429 - product id: 161528370, thử lại 1/3
2025-09-29 21:04:42,020 WARNING: Lỗi HTTP 429 - product id: 161566685, thử lại 1/3
2025-09-29 21:04:42,020 WARNING: Lỗi HTTP 429 - product id: 161567516, thử lại 1/3
2025-09-29 21:04:42,168 WARNING: Lỗi HTTP 429 - product id: 161634248, thử lại 1/3
2025-09-29 21:04:42,870 WARNING: Lỗi HTTP 429 - product id: 161936313, thử lại 1/3
2025-09-29 21:04:42,967 WARNING: Lỗi HTTP 429 - product id: 161944608, thử lại 1/3
2025-09-29 21:04:43,291 WARNING: Lỗi HTTP 404: Không tim thấy product id - product id: 161869519
2025-09-29 21:04:43,678 WARNING: Lỗi HTTP 429 - product id: 162173362, thử lại 1/3
2025-09-29 21:04:43,722 WARNING: Lỗi HTTP 429 - product id: 162173374, thử lại 1/3
2025-09-29 21:04:43,776 WARNING: Lỗi HTTP 429 - product id: 162173631, thử lại 1/3
2025-09-29 21:04:43,867 WARNING: Lỗi HTTP 429 - product id: 162177019, thử lại 1/3
2025-09-29 21:04:43,928 WARNING: Lỗi HTTP 429 - product id: 162179260, thử lại 1/3
2025-09-29 21:04:43,941 WARNING: Lỗi HTTP 404: Không tim thấy product id - product id: 162163898
2025-09-29 21:04:45,115 WARNING: Lỗi HTTP 404: Không tim thấy product id - product id: 162197629
2025-09-29 21:04:45,443 WARNING: Lỗi HTTP 404: Không tim thấy product id - product id: 162217485
2025-09-29 21:04:45,518 WARNING: Lỗi HTTP 429 - product id: 161368554, thử lại 1/3
2025-09-29 21:04:45,620 WARNING: Lỗi HTTP 429 - product id: 161384895, thử lại 1/3
2025-09-29 21:04:45,670 WARNING: Lỗi HTTP 429 - product id: 161388956, thử lại 1/3
2025-09-29 21:04:45,788 WARNING: Lỗi HTTP 429 - product id: 161400293, thử lại 1/3
2025-09-29 21:04:48,904 INFO: Đã commit batch 108 (1000 sản phẩm)
2025-09-29 21:04:48,932 INFO: Đã ghi 993 sản phẩm vào file /home/quannh/projects_de/Lab_01/output/products_batch_108_993_ids.csv
2025-09-29 21:04:48,972 INFO: Đã insert 993 sản phẩm từ file /home/quannh/projects_de/Lab_01/output/products_batch_108_993_ids.csv vào database PostgeSQL
2025-09-29 21:04:49,000 INFO: Đã update lại status của batch 109 về pending để tiến hành crawl lại batch
2025-09-29 21:04:49,009 INFO: Bắt đầu crawl batch 109 (1000 sản phẩm)
2025-09-29 21:04:50,886 WARNING: Lỗi HTTP 404: Không tim thấy product id - product id: 162966789
2025-09-29 21:04:50,890 WARNING: Lỗi HTTP 404: Không tim thấy product id - product id: 162973658
2025-09-29 21:04:52,519 WARNING: Lỗi HTTP 429 - product id: 162538542, thử lại 1/3
2025-09-29 21:04:52,961 WARNING: Lỗi HTTP 429 - product id: 162574675, thử lại 1/3
2025-09-29 21:04:52,962 WARNING: Lỗi HTTP 429 - product id: 162574520, thử lại 1/3
2025-09-29 21:04:53,123 WARNING: Lỗi HTTP 429 - product id: 162585005, thử lại 1/3
2025-09-29 21:04:53,266 WARNING: Lỗi HTTP 429 - product id: 162593750, thử lại 1/3
2025-09-29 21:04:53,421 WARNING: Lỗi HTTP 429 - product id: 162599362, thử lại 1/3
2025-09-29 21:04:53,526 WARNING: Lỗi HTTP 429 - product id: 163523172, thử lại 1/3
2025-09-29 21:04:54,271 WARNING: Lỗi HTTP 429 - product id: 163562930, thử lại 1/3
2025-09-29 21:04:54,687 WARNING: Lỗi HTTP 404: Không tim thấy product id - product id: 163570490
2025-09-29 21:04:54,717 WARNING: Lỗi HTTP 429 - product id: 163574218, thử lại 1/3
2025-09-29 21:04:54,736 WARNING: Lỗi HTTP 404: Không tim thấy product id - product id: 163570657
2025-09-29 21:04:54,767 WARNING: Lỗi HTTP 429 - product id: 163574272, thử lại 1/3
2025-09-29 21:04:54,779 WARNING: Lỗi HTTP 429 - product id: 163574350, thử lại 1/3
2025-09-29 21:04:54,818 WARNING: Lỗi HTTP 429 - product id: 163577803, thử lại 1/3
2025-09-29 21:04:54,869 WARNING: Lỗi HTTP 429 - product id: 163577960, thử lại 1/3
2025-09-29 21:04:54,875 WARNING: Lỗi HTTP 429 - product id: 163578600, thử lại 1/3
2025-09-29 21:04:54,966 WARNING: Lỗi HTTP 429 - product id: 163659876, thử lại 1/3
2025-09-29 21:04:54,974 WARNING: Lỗi HTTP 429 - product id: 163660014, thử lại 1/3
2025-09-29 21:04:55,015 WARNING: Lỗi HTTP 429 - product id: 163661110, thử lại 1/3
2025-09-29 21:04:55,275 WARNING: Lỗi HTTP 429 - product id: 163708981, thử lại 1/3
2025-09-29 21:04:55,374 WARNING: Lỗi HTTP 429 - product id: 163709025, thử lại 1/3
2025-09-29 21:04:55,432 WARNING: Lỗi HTTP 404: Không tim thấy product id - product id: 163569552
2025-09-29 21:04:55,498 WARNING: Lỗi HTTP 404: Không tim thấy product id - product id: 163570467
2025-09-29 21:04:55,542 WARNING: Lỗi HTTP 404: Không tim thấy product id - product id: 163570578
2025-09-29 21:04:55,561 WARNING: Lỗi HTTP 429 - product id: 163709010, thử lại 1/3
2025-09-29 21:04:55,789 WARNING: Lỗi HTTP 429 - product id: 163792766, thử lại 1/3
2025-09-29 21:04:56,024 WARNING: Lỗi HTTP 429 - product id: 162574675, thử lại 2/3
2025-09-29 21:04:56,026 WARNING: Lỗi HTTP 429 - product id: 162574520, thử lại 2/3
2025-09-29 21:04:57,122 WARNING: Lỗi HTTP 429 - product id: 162530182, thử lại 1/3
2025-09-29 21:04:57,124 WARNING: Lỗi HTTP 429 - product id: 162530283, thử lại 1/3
2025-09-29 21:04:57,467 WARNING: Lỗi HTTP 429 - product id: 162538648, thử lại 1/3
2025-09-29 21:04:57,520 WARNING: Lỗi HTTP 429 - product id: 162538864, thử lại 1/3
2025-09-29 21:04:57,619 WARNING: Lỗi HTTP 429 - product id: 162544070, thử lại 1/3
2025-09-29 21:04:57,718 WARNING: Lỗi HTTP 429 - product id: 162574495, thử lại 1/3
2025-09-29 21:04:57,720 WARNING: Lỗi HTTP 429 - product id: 162574867, thử lại 1/3
2025-09-29 21:04:57,815 WARNING: Lỗi HTTP 429 - product id: 163031335, thử lại 1/3
2025-09-29 21:04:57,915 WARNING: Lỗi HTTP 429 - product id: 163034657, thử lại 1/3
2025-09-29 21:04:58,024 WARNING: Lỗi HTTP 429 - product id: 163138558, thử lại 1/3
2025-09-29 21:04:58,068 WARNING: Lỗi HTTP 429 - product id: 163148437, thử lại 1/3
2025-09-29 21:04:58,079 WARNING: Lỗi HTTP 429 - product id: 163149157, thử lại 1/3
2025-09-29 21:04:58,463 WARNING: Lỗi HTTP 429 - product id: 163523033, thử lại 1/3
2025-09-29 21:04:59,660 WARNING: Lỗi HTTP 429 - product id: 163574826, thử lại 1/3
2025-09-29 21:05:00,290 WARNING: Lỗi HTTP 404: Không tim thấy product id - product id: 163569558
2025-09-29 21:05:00,356 WARNING: Lỗi HTTP 429 - product id: 163747208, thử lại 1/3
2025-09-29 21:05:00,367 WARNING: Lỗi HTTP 429 - product id: 163747211, thử lại 1/3
2025-09-29 21:05:00,386 WARNING: Lỗi HTTP 404: Không tim thấy product id - product id: 163570619
2025-09-29 21:05:00,421 WARNING: Lỗi HTTP 429 - product id: 163790980, thử lại 1/3
2025-09-29 21:05:00,432 WARNING: Lỗi HTTP 404: Không tim thấy product id - product id: 163570579
2025-09-29 21:05:00,714 WARNING: Lỗi HTTP 429 - product id: 162544070, thử lại 2/3
2025-09-29 21:05:00,870 WARNING: Lỗi HTTP 429 - product id: 162777131, thử lại 1/3
2025-09-29 21:05:00,878 WARNING: Lỗi HTTP 429 - product id: 162777138, thử lại 1/3
2025-09-29 21:05:00,938 WARNING: Lỗi HTTP 429 - product id: 163031335, thử lại 2/3
2025-09-29 21:05:01,003 WARNING: Lỗi HTTP 429 - product id: 163034657, thử lại 2/3
2025-09-29 21:05:01,015 WARNING: Lỗi HTTP 429 - product id: 162777282, thử lại 1/3
2025-09-29 21:05:01,123 WARNING: Lỗi HTTP 429 - product id: 162824196, thử lại 1/3
2025-09-29 21:05:01,190 WARNING: Lỗi HTTP 429 - product id: 162832657, thử lại 1/3
2025-09-29 21:05:01,373 WARNING: Lỗi HTTP 429 - product id: 162844633, thử lại 1/3
2025-09-29 21:05:02,263 WARNING: Lỗi HTTP 429 - product id: 162979447, thử lại 1/3
2025-09-29 21:05:02,270 WARNING: Lỗi HTTP 429 - product id: 162997149, thử lại 1/3
2025-09-29 21:05:02,324 WARNING: Lỗi HTTP 429 - product id: 163016840, thử lại 1/3
2025-09-29 21:05:02,865 WARNING: Lỗi HTTP 429 - product id: 163281546, thử lại 1/3
2025-09-29 21:05:02,944 WARNING: Lỗi HTTP 404: Không tim thấy product id - product id: 162976249
2025-09-29 21:05:03,011 WARNING: Lỗi HTTP 429 - product id: 163315378, thử lại 1/3
2025-09-29 21:05:07,111 INFO: Đã commit batch 109 (1000 sản phẩm)
2025-09-29 21:05:07,136 INFO: Đã ghi 989 sản phẩm vào file /home/quannh/projects_de/Lab_01/output/products_batch_109_989_ids.csv
2025-09-29 21:05:07,174 INFO: Đã insert 989 sản phẩm từ file /home/quannh/projects_de/Lab_01/output/products_batch_109_989_ids.csv vào database PostgeSQL
2025-09-29 21:05:07,201 INFO: Đã update lại status của batch 110 về pending để tiến hành crawl lại batch
2025-09-29 21:05:07,210 INFO: Bắt đầu crawl batch 110 (1000 sản phẩm)
2025-09-29 21:05:07,888 WARNING: Lỗi HTTP 404: Không tim thấy product id - product id: 164536069
2025-09-29 21:05:08,622 WARNING: Lỗi HTTP 429 - product id: 164704208, thử lại 1/3
2025-09-29 21:05:08,917 WARNING: Lỗi HTTP 429 - product id: 164791498, thử lại 1/3
2025-09-29 21:05:08,919 WARNING: Lỗi HTTP 429 - product id: 164791501, thử lại 1/3
2025-09-29 21:05:09,015 WARNING: Lỗi HTTP 429 - product id: 164796005, thử lại 1/3
2025-09-29 21:05:09,917 WARNING: Lỗi HTTP 429 - product id: 164209334, thử lại 1/3
2025-09-29 21:05:10,021 WARNING: Lỗi HTTP 429 - product id: 164231500, thử lại 1/3
2025-09-29 21:05:10,022 WARNING: Lỗi HTTP 429 - product id: 164227405, thử lại 1/3
2025-09-29 21:05:10,125 WARNING: Lỗi HTTP 429 - product id: 164245456, thử lại 1/3
2025-09-29 21:05:13,134 WARNING: Lỗi HTTP 404: Không tim thấy product id - product id: 164972793
2025-09-29 21:05:13,142 WARNING: Lỗi HTTP 404: Không tim thấy product id - product id: 164968086
2025-09-29 21:05:13,190 WARNING: Lỗi HTTP 404: Không tim thấy product id - product id: 164968515
2025-09-29 21:05:15,308 WARNING: Lỗi HTTP 429 - product id: 164080528, thử lại 1/3
2025-09-29 21:05:15,321 WARNING: Lỗi HTTP 429 - product id: 164157705, thử lại 1/3
2025-09-29 21:05:15,474 WARNING: Lỗi HTTP 429 - product id: 164229067, thử lại 1/3
2025-09-29 21:05:15,567 WARNING: Lỗi HTTP 429 - product id: 164244972, thử lại 1/3
2025-09-29 21:05:15,570 WARNING: Lỗi HTTP 429 - product id: 164245031, thử lại 1/3
2025-09-29 21:05:15,571 WARNING: Lỗi HTTP 429 - product id: 164244875, thử lại 1/3
2025-09-29 21:05:15,871 WARNING: Lỗi HTTP 429 - product id: 164319340, thử lại 1/3
2025-09-29 21:05:15,920 WARNING: Lỗi HTTP 429 - product id: 164333414, thử lại 1/3
2025-09-29 21:05:17,838 WARNING: Lỗi HTTP 404: Không tim thấy product id - product id: 164965404
2025-09-29 21:05:18,486 WARNING: Lỗi HTTP 404: Không tim thấy product id - product id: 165015382
2025-09-29 21:05:20,530 WARNING: Lỗi HTTP 429 - product id: 164711827, thử lại 1/3
2025-09-29 21:05:20,601 WARNING: Lỗi HTTP 404: Không tim thấy product id - product id: 164552469
2025-09-29 21:05:20,618 WARNING: Lỗi HTTP 429 - product id: 164758200, thử lại 1/3
2025-09-29 21:05:20,675 WARNING: Lỗi HTTP 429 - product id: 164767093, thử lại 1/3
2025-09-29 21:05:20,716 WARNING: Lỗi HTTP 429 - product id: 164783578, thử lại 1/3
2025-09-29 21:05:20,762 WARNING: Lỗi HTTP 429 - product id: 164789990, thử lại 1/3
2025-09-29 21:05:20,763 WARNING: Lỗi HTTP 429 - product id: 164787600, thử lại 1/3
2025-09-29 21:05:20,819 WARNING: Lỗi HTTP 429 - product id: 164793447, thử lại 1/3
2025-09-29 21:05:20,824 WARNING: Lỗi HTTP 429 - product id: 164794957, thử lại 1/3
2025-09-29 21:05:20,963 WARNING: Lỗi HTTP 429 - product id: 164804969, thử lại 1/3
2025-09-29 21:05:20,968 WARNING: Lỗi HTTP 429 - product id: 164805966, thử lại 1/3
2025-09-29 21:05:24,070 INFO: Đã commit batch 110 (1000 sản phẩm)
2025-09-29 21:05:24,097 INFO: Đã ghi 993 sản phẩm vào file /home/quannh/projects_de/Lab_01/output/products_batch_110_993_ids.csv
2025-09-29 21:05:24,136 INFO: Đã insert 993 sản phẩm từ file /home/quannh/projects_de/Lab_01/output/products_batch_110_993_ids.csv vào database PostgeSQL
2025-09-29 21:05:24,162 INFO: Đã update lại status của batch 111 về pending để tiến hành crawl lại batch
2025-09-29 21:05:24,172 INFO: Bắt đầu crawl batch 111 (1000 sản phẩm)
2025-09-29 21:05:25,107 WARNING: Lỗi HTTP 429 - product id: 165865014, thử lại 1/3
2025-09-29 21:05:25,274 WARNING: Lỗi HTTP 429 - product id: 165883134, thử lại 1/3
2025-09-29 21:05:25,280 WARNING: Lỗi HTTP 429 - product id: 165868589, thử lại 1/3
2025-09-29 21:05:25,315 WARNING: Lỗi HTTP 429 - product id: 165883476, thử lại 1/3
2025-09-29 21:05:25,334 WARNING: Lỗi HTTP 429 - product id: 165883751, thử lại 1/3
2025-09-29 21:05:27,381 WARNING: Lỗi HTTP 404: Không tim thấy product id - product id: 166208944
2025-09-29 21:05:27,430 WARNING: Lỗi HTTP 404: Không tim thấy product id - product id: 166209502
2025-09-29 21:05:27,630 WARNING: Lỗi HTTP 404: Không tim thấy product id - product id: 166233431
2025-09-29 21:05:27,670 WARNING: Lỗi HTTP 429 - product id: 166410052, thử lại 1/3
2025-09-29 21:05:31,623 WARNING: Lỗi HTTP 429 - product id: 165250877, thử lại 1/3
2025-09-29 21:05:31,700 WARNING: Lỗi HTTP 429 - product id: 165257030, thử lại 1/3
2025-09-29 21:05:31,712 WARNING: Lỗi HTTP 429 - product id: 165265309, thử lại 1/3
2025-09-29 21:05:31,908 WARNING: Lỗi HTTP 429 - product id: 165258670, thử lại 1/3
2025-09-29 21:05:32,212 WARNING: Lỗi HTTP 429 - product id: 165592288, thử lại 1/3
2025-09-29 21:05:32,659 WARNING: Lỗi HTTP 429 - product id: 165661344, thử lại 1/3
2025-09-29 21:05:37,264 WARNING: Lỗi HTTP 429 - product id: 165868039, thử lại 1/3
2025-09-29 21:05:37,366 WARNING: Lỗi HTTP 429 - product id: 165883710, thử lại 1/3
2025-09-29 21:05:37,523 WARNING: Lỗi HTTP 429 - product id: 165886619, thử lại 1/3
2025-09-29 21:05:37,558 WARNING: Lỗi HTTP 429 - product id: 165887265, thử lại 1/3
2025-09-29 21:05:37,561 WARNING: Lỗi HTTP 429 - product id: 165887577, thử lại 1/3
2025-09-29 21:05:37,612 WARNING: Lỗi HTTP 429 - product id: 165888132, thử lại 1/3
2025-09-29 21:05:37,660 WARNING: Lỗi HTTP 429 - product id: 165888443, thử lại 1/3
2025-09-29 21:05:37,667 WARNING: Lỗi HTTP 429 - product id: 165888542, thử lại 1/3
2025-09-29 21:05:37,711 WARNING: Lỗi HTTP 429 - product id: 165890196, thử lại 1/3
2025-09-29 21:05:37,712 WARNING: Lỗi HTTP 429 - product id: 165889413, thử lại 1/3
2025-09-29 21:05:37,713 WARNING: Lỗi HTTP 429 - product id: 165889615, thử lại 1/3
2025-09-29 21:05:37,765 WARNING: Lỗi HTTP 429 - product id: 165890613, thử lại 1/3
2025-09-29 21:05:37,807 WARNING: Lỗi HTTP 429 - product id: 165892319, thử lại 1/3
2025-09-29 21:05:41,217 INFO: Đã commit batch 111 (1000 sản phẩm)
2025-09-29 21:05:41,244 INFO: Đã ghi 997 sản phẩm vào file /home/quannh/projects_de/Lab_01/output/products_batch_111_997_ids.csv
2025-09-29 21:05:41,292 INFO: Đã insert 997 sản phẩm từ file /home/quannh/projects_de/Lab_01/output/products_batch_111_997_ids.csv vào database PostgeSQL
2025-09-29 21:05:41,320 INFO: Đã update lại status của batch 112 về pending để tiến hành crawl lại batch
2025-09-29 21:05:41,330 INFO: Bắt đầu crawl batch 112 (1000 sản phẩm)
2025-09-29 21:05:41,407 WARNING: Lỗi HTTP 429 - product id: 166461561, thử lại 1/3
2025-09-29 21:05:41,635 WARNING: Lỗi HTTP 429 - product id: 166498754, thử lại 1/3
2025-09-29 21:05:41,639 WARNING: Lỗi HTTP 429 - product id: 166499209, thử lại 1/3
2025-09-29 21:05:41,791 WARNING: Lỗi HTTP 429 - product id: 166501038, thử lại 1/3
2025-09-29 21:05:42,591 WARNING: Lỗi HTTP 429 - product id: 166594570, thử lại 1/3
2025-09-29 21:05:42,689 WARNING: Lỗi HTTP 429 - product id: 166650962, thử lại 1/3
2025-09-29 21:05:42,743 WARNING: Lỗi HTTP 429 - product id: 166653211, thử lại 1/3
2025-09-29 21:05:42,787 WARNING: Lỗi HTTP 429 - product id: 166764954, thử lại 1/3
2025-09-29 21:05:42,792 WARNING: Lỗi HTTP 429 - product id: 166664795, thử lại 1/3
2025-09-29 21:05:44,456 WARNING: Lỗi HTTP 404: Không tim thấy product id - product id: 167475454
2025-09-29 21:05:44,599 WARNING: Lỗi HTTP 429 - product id: 167508922, thử lại 1/3
2025-09-29 21:05:44,642 WARNING: Lỗi HTTP 429 - product id: 167509393, thử lại 1/3
2025-09-29 21:05:44,649 WARNING: Lỗi HTTP 429 - product id: 167509701, thử lại 1/3
2025-09-29 21:05:44,661 WARNING: Lỗi HTTP 404: Không tim thấy product id - product id: 167477366
2025-09-29 21:05:44,731 WARNING: Lỗi HTTP 429 - product id: 167521935, thử lại 1/3
2025-09-29 21:05:44,858 WARNING: Lỗi HTTP 404: Không tim thấy product id - product id: 167473816
2025-09-29 21:05:45,255 WARNING: Lỗi HTTP 404: Không tim thấy product id - product id: 167481417
2025-09-29 21:05:45,746 WARNING: Lỗi HTTP 429 - product id: 167607673, thử lại 1/3
2025-09-29 21:05:45,749 WARNING: Lỗi HTTP 429 - product id: 167607586, thử lại 1/3
2025-09-29 21:05:45,788 WARNING: Lỗi HTTP 429 - product id: 167607870, thử lại 1/3
2025-09-29 21:05:46,037 WARNING: Lỗi HTTP 429 - product id: 166765779, thử lại 1/3
2025-09-29 21:05:46,138 WARNING: Lỗi HTTP 429 - product id: 166768182, thử lại 1/3
2025-09-29 21:05:46,190 WARNING: Lỗi HTTP 429 - product id: 167008065, thử lại 1/3
2025-09-29 21:05:46,254 WARNING: Lỗi HTTP 429 - product id: 167024675, thử lại 1/3
2025-09-29 21:05:46,300 WARNING: Lỗi HTTP 429 - product id: 167036014, thử lại 1/3
2025-09-29 21:05:46,736 WARNING: Lỗi HTTP 429 - product id: 167061541, thử lại 1/3
2025-09-29 21:05:46,742 WARNING: Lỗi HTTP 429 - product id: 167112810, thử lại 1/3
2025-09-29 21:05:46,942 WARNING: Lỗi HTTP 429 - product id: 167124369, thử lại 1/3
2025-09-29 21:05:47,148 WARNING: Lỗi HTTP 429 - product id: 167146227, thử lại 1/3
2025-09-29 21:05:47,179 WARNING: Lỗi HTTP 429 - product id: 167147610, thử lại 1/3
2025-09-29 21:05:47,247 WARNING: Lỗi HTTP 429 - product id: 167156975, thử lại 1/3
2025-09-29 21:05:47,342 WARNING: Lỗi HTTP 429 - product id: 167161361, thử lại 1/3
2025-09-29 21:05:47,344 WARNING: Lỗi HTTP 429 - product id: 167162186, thử lại 1/3
2025-09-29 21:05:47,893 WARNING: Lỗi HTTP 429 - product id: 167219337, thử lại 1/3
2025-09-29 21:05:48,181 WARNING: Lỗi HTTP 429 - product id: 167244001, thử lại 1/3
2025-09-29 21:05:48,184 WARNING: Lỗi HTTP 429 - product id: 167244024, thử lại 1/3
2025-09-29 21:05:48,193 WARNING: Lỗi HTTP 429 - product id: 167244037, thử lại 1/3
2025-09-29 21:05:49,136 WARNING: Lỗi HTTP 429 - product id: 167048026, thử lại 1/3
2025-09-29 21:05:49,246 WARNING: Lỗi HTTP 429 - product id: 167049247, thử lại 1/3
2025-09-29 21:05:49,434 WARNING: Lỗi HTTP 429 - product id: 167051315, thử lại 1/3
2025-09-29 21:05:49,487 WARNING: Lỗi HTTP 429 - product id: 167053328, thử lại 1/3
2025-09-29 21:05:49,497 WARNING: Lỗi HTTP 429 - product id: 167057717, thử lại 1/3
2025-09-29 21:05:49,790 WARNING: Lỗi HTTP 429 - product id: 167120318, thử lại 1/3
2025-09-29 21:05:49,839 WARNING: Lỗi HTTP 429 - product id: 167120810, thử lại 1/3
2025-09-29 21:05:49,842 WARNING: Lỗi HTTP 429 - product id: 167120886, thử lại 1/3
2025-09-29 21:05:49,909 WARNING: Lỗi HTTP 404: Không tim thấy product id - product id: 166412645
2025-09-29 21:05:49,942 WARNING: Lỗi HTTP 429 - product id: 167122208, thử lại 1/3
2025-09-29 21:05:52,580 WARNING: Lỗi HTTP 429 - product id: 166433305, thử lại 1/3
2025-09-29 21:05:55,612 WARNING: Lỗi HTTP 429 - product id: 167445391, thử lại 1/3
2025-09-29 21:05:55,706 WARNING: Lỗi HTTP 429 - product id: 167468924, thử lại 1/3
2025-09-29 21:05:55,750 WARNING: Lỗi HTTP 429 - product id: 167473557, thử lại 1/3
2025-09-29 21:05:55,891 WARNING: Lỗi HTTP 429 - product id: 167477583, thử lại 1/3
2025-09-29 21:05:56,277 WARNING: Lỗi HTTP 404: Không tim thấy product id - product id: 167477772
2025-09-29 21:05:56,614 WARNING: Lỗi HTTP 404: Không tim thấy product id - product id: 167483500
2025-09-29 21:05:56,928 WARNING: Lỗi HTTP 404: Không tim thấy product id - product id: 167478124
2025-09-29 21:05:59,006 INFO: Đã commit batch 112 (1000 sản phẩm)
2025-09-29 21:05:59,032 INFO: Đã ghi 992 sản phẩm vào file /home/quannh/projects_de/Lab_01/output/products_batch_112_992_ids.csv
2025-09-29 21:05:59,072 INFO: Đã insert 992 sản phẩm từ file /home/quannh/projects_de/Lab_01/output/products_batch_112_992_ids.csv vào database PostgeSQL
2025-09-29 21:05:59,099 INFO: Đã update lại status của batch 113 về pending để tiến hành crawl lại batch
2025-09-29 21:05:59,109 INFO: Bắt đầu crawl batch 113 (1000 sản phẩm)
2025-09-29 21:06:01,068 WARNING: Lỗi HTTP 429 - product id: 168078036, thử lại 1/3
2025-09-29 21:06:02,932 WARNING: Lỗi HTTP 429 - product id: 167851961, thử lại 1/3
2025-09-29 21:06:02,960 WARNING: Lỗi HTTP 429 - product id: 167851978, thử lại 1/3
2025-09-29 21:06:02,970 WARNING: Lỗi HTTP 429 - product id: 167852158, thử lại 1/3
2025-09-29 21:06:03,275 WARNING: Lỗi HTTP 429 - product id: 167854514, thử lại 1/3
2025-09-29 21:06:03,426 WARNING: Lỗi HTTP 429 - product id: 167855272, thử lại 1/3
2025-09-29 21:06:03,470 WARNING: Lỗi HTTP 429 - product id: 167855369, thử lại 1/3
2025-09-29 21:06:03,564 WARNING: Lỗi HTTP 429 - product id: 167856073, thử lại 1/3
2025-09-29 21:06:03,615 WARNING: Lỗi HTTP 429 - product id: 167856451, thử lại 1/3
2025-09-29 21:06:03,617 WARNING: Lỗi HTTP 429 - product id: 167856301, thử lại 1/3
2025-09-29 21:06:03,626 WARNING: Lỗi HTTP 429 - product id: 167856584, thử lại 1/3
2025-09-29 21:06:03,717 WARNING: Lỗi HTTP 429 - product id: 167893541, thử lại 1/3
2025-09-29 21:06:04,226 WARNING: Lỗi HTTP 429 - product id: 167950383, thử lại 1/3
2025-09-29 21:06:05,469 WARNING: Lỗi HTTP 429 - product id: 168271079, thử lại 1/3
2025-09-29 21:06:05,469 WARNING: Lỗi HTTP 429 - product id: 168271064, thử lại 1/3
2025-09-29 21:06:05,523 WARNING: Lỗi HTTP 429 - product id: 168271192, thử lại 1/3
2025-09-29 21:06:05,621 WARNING: Lỗi HTTP 429 - product id: 168294305, thử lại 1/3
2025-09-29 21:06:05,822 WARNING: Lỗi HTTP 429 - product id: 168299222, thử lại 1/3
2025-09-29 21:06:05,969 WARNING: Lỗi HTTP 429 - product id: 167636775, thử lại 1/3
2025-09-29 21:06:06,023 WARNING: Lỗi HTTP 429 - product id: 167636971, thử lại 1/3
2025-09-29 21:06:06,370 WARNING: Lỗi HTTP 429 - product id: 167646379, thử lại 1/3
2025-09-29 21:06:06,492 WARNING: Lỗi HTTP 429 - product id: 167855272, thử lại 2/3
2025-09-29 21:06:06,509 WARNING: Lỗi HTTP 429 - product id: 167655310, thử lại 1/3
2025-09-29 21:06:06,558 WARNING: Lỗi HTTP 429 - product id: 167655425, thử lại 1/3
2025-09-29 21:06:06,674 WARNING: Lỗi HTTP 429 - product id: 167619984, thử lại 1/3
2025-09-29 21:06:06,720 WARNING: Lỗi HTTP 429 - product id: 167620340, thử lại 1/3
2025-09-29 21:06:06,771 WARNING: Lỗi HTTP 429 - product id: 167640425, thử lại 1/3
2025-09-29 21:06:06,771 WARNING: Lỗi HTTP 429 - product id: 167639722, thử lại 1/3
2025-09-29 21:06:06,833 WARNING: Lỗi HTTP 429 - product id: 167645318, thử lại 1/3
2025-09-29 21:06:06,864 WARNING: Lỗi HTTP 429 - product id: 167645501, thử lại 1/3
2025-09-29 21:06:06,932 WARNING: Lỗi HTTP 429 - product id: 167645919, thử lại 1/3
2025-09-29 21:06:06,967 WARNING: Lỗi HTTP 429 - product id: 167646023, thử lại 1/3
2025-09-29 21:06:06,967 WARNING: Lỗi HTTP 429 - product id: 167646160, thử lại 1/3
2025-09-29 21:06:07,027 WARNING: Lỗi HTTP 429 - product id: 167653014, thử lại 1/3
2025-09-29 21:06:07,318 WARNING: Lỗi HTTP 429 - product id: 167850947, thử lại 1/3
2025-09-29 21:06:07,375 WARNING: Lỗi HTTP 429 - product id: 167851088, thử lại 1/3
2025-09-29 21:06:07,419 WARNING: Lỗi HTTP 429 - product id: 167851207, thử lại 1/3
2025-09-29 21:06:09,472 WARNING: Lỗi HTTP 429 - product id: 167952395, thử lại 1/3
2025-09-29 21:06:09,521 WARNING: Lỗi HTTP 429 - product id: 167952598, thử lại 1/3
2025-09-29 21:06:09,569 WARNING: Lỗi HTTP 429 - product id: 167952646, thử lại 1/3
2025-09-29 21:06:09,810 WARNING: Lỗi HTTP 429 - product id: 168235041, thử lại 1/3
2025-09-29 21:06:12,318 WARNING: Lỗi HTTP 429 - product id: 167803878, thử lại 1/3
2025-09-29 21:06:12,422 WARNING: Lỗi HTTP 429 - product id: 167809537, thử lại 1/3
2025-09-29 21:06:12,475 WARNING: Lỗi HTTP 429 - product id: 167959993, thử lại 1/3
2025-09-29 21:06:13,966 WARNING: Lỗi HTTP 429 - product id: 168094035, thử lại 1/3
2025-09-29 21:06:13,973 WARNING: Lỗi HTTP 429 - product id: 168094374, thử lại 1/3
2025-09-29 21:06:14,222 WARNING: Lỗi HTTP 429 - product id: 168157101, thử lại 1/3
2025-09-29 21:06:14,271 WARNING: Lỗi HTTP 429 - product id: 168159445, thử lại 1/3
2025-09-29 21:06:14,672 WARNING: Lỗi HTTP 429 - product id: 168227373, thử lại 1/3
2025-09-29 21:06:15,024 WARNING: Lỗi HTTP 429 - product id: 168267836, thử lại 1/3
2025-09-29 21:06:18,138 INFO: Đã commit batch 113 (1000 sản phẩm)
2025-09-29 21:06:18,161 INFO: Đã ghi 1000 sản phẩm vào file /home/quannh/projects_de/Lab_01/output/products_batch_113_1000_ids.csv
2025-09-29 21:06:18,197 INFO: Đã insert 1000 sản phẩm từ file /home/quannh/projects_de/Lab_01/output/products_batch_113_1000_ids.csv vào database PostgeSQL
2025-09-29 21:06:18,222 INFO: Đã update lại status của batch 114 về pending để tiến hành crawl lại batch
2025-09-29 21:06:18,233 INFO: Bắt đầu crawl batch 114 (1000 sản phẩm)
2025-09-29 21:06:19,488 WARNING: Lỗi HTTP 429 - product id: 168367297, thử lại 1/3
2025-09-29 21:06:19,489 WARNING: Lỗi HTTP 429 - product id: 168366974, thử lại 1/3
2025-09-29 21:06:19,551 WARNING: Lỗi HTTP 429 - product id: 168367484, thử lại 1/3
2025-09-29 21:06:19,583 WARNING: Lỗi HTTP 429 - product id: 168367618, thử lại 1/3
2025-09-29 21:06:19,587 WARNING: Lỗi HTTP 429 - product id: 168367627, thử lại 1/3
2025-09-29 21:06:19,643 WARNING: Lỗi HTTP 429 - product id: 168368302, thử lại 1/3
2025-09-29 21:06:19,649 WARNING: Lỗi HTTP 429 - product id: 168368482, thử lại 1/3
2025-09-29 21:06:19,741 WARNING: Lỗi HTTP 429 - product id: 168368900, thử lại 1/3
2025-09-29 21:06:19,842 WARNING: Lỗi HTTP 429 - product id: 168370747, thử lại 1/3
2025-09-29 21:06:19,946 WARNING: Lỗi HTTP 429 - product id: 168371039, thử lại 1/3
2025-09-29 21:06:19,992 WARNING: Lỗi HTTP 429 - product id: 168371258, thử lại 1/3
2025-09-29 21:06:20,143 WARNING: Lỗi HTTP 429 - product id: 168375409, thử lại 1/3
2025-09-29 21:06:21,841 WARNING: Lỗi HTTP 429 - product id: 168660717, thử lại 1/3
2025-09-29 21:06:21,944 WARNING: Lỗi HTTP 429 - product id: 168663266, thử lại 1/3
2025-09-29 21:06:22,099 WARNING: Lỗi HTTP 429 - product id: 168711298, thử lại 1/3
2025-09-29 21:06:22,184 WARNING: Lỗi HTTP 429 - product id: 168711814, thử lại 1/3
2025-09-29 21:06:22,240 WARNING: Lỗi HTTP 429 - product id: 168711961, thử lại 1/3
2025-09-29 21:06:22,287 WARNING: Lỗi HTTP 429 - product id: 168712073, thử lại 1/3
2025-09-29 21:06:24,539 WARNING: Lỗi HTTP 429 - product id: 168821292, thử lại 1/3
2025-09-29 21:06:24,543 WARNING: Lỗi HTTP 429 - product id: 168821706, thử lại 1/3
2025-09-29 21:06:24,635 WARNING: Lỗi HTTP 429 - product id: 168823140, thử lại 1/3
2025-09-29 21:06:24,690 WARNING: Lỗi HTTP 429 - product id: 168823209, thử lại 1/3
2025-09-29 21:06:24,697 WARNING: Lỗi HTTP 429 - product id: 168823330, thử lại 1/3
2025-09-29 21:06:24,757 WARNING: Lỗi HTTP 429 - product id: 168824435, thử lại 1/3
2025-09-29 21:06:24,843 WARNING: Lỗi HTTP 429 - product id: 168825173, thử lại 1/3
2025-09-29 21:06:24,936 WARNING: Lỗi HTTP 429 - product id: 168826470, thử lại 1/3
2025-09-29 21:06:25,037 WARNING: Lỗi HTTP 429 - product id: 168350994, thử lại 1/3
2025-09-29 21:06:25,041 WARNING: Lỗi HTTP 429 - product id: 168350844, thử lại 1/3
2025-09-29 21:06:25,292 WARNING: Lỗi HTTP 429 - product id: 168353621, thử lại 1/3
2025-09-29 21:06:25,341 WARNING: Lỗi HTTP 429 - product id: 168353663, thử lại 1/3
2025-09-29 21:06:25,346 WARNING: Lỗi HTTP 429 - product id: 168353874, thử lại 1/3
2025-09-29 21:06:25,384 WARNING: Lỗi HTTP 429 - product id: 168353987, thử lại 1/3
2025-09-29 21:06:25,387 WARNING: Lỗi HTTP 429 - product id: 168354028, thử lại 1/3
2025-09-29 21:06:25,494 WARNING: Lỗi HTTP 429 - product id: 168354761, thử lại 1/3
2025-09-29 21:06:25,495 WARNING: Lỗi HTTP 429 - product id: 168354827, thử lại 1/3
2025-09-29 21:06:25,541 WARNING: Lỗi HTTP 429 - product id: 168354938, thử lại 1/3
2025-09-29 21:06:25,896 WARNING: Lỗi HTTP 429 - product id: 168357395, thử lại 1/3
2025-09-29 21:06:25,988 WARNING: Lỗi HTTP 429 - product id: 168357741, thử lại 1/3
2025-09-29 21:06:26,388 WARNING: Lỗi HTTP 429 - product id: 168364155, thử lại 1/3
2025-09-29 21:06:28,043 WARNING: Lỗi HTTP 429 - product id: 168498260, thử lại 1/3
2025-09-29 21:06:28,056 WARNING: Lỗi HTTP 404: Không tim thấy product id - product id: 168404037
2025-09-29 21:06:28,191 WARNING: Lỗi HTTP 429 - product id: 168498831, thử lại 1/3
2025-09-29 21:06:28,288 WARNING: Lỗi HTTP 429 - product id: 168514251, thử lại 1/3
2025-09-29 21:06:28,290 WARNING: Lỗi HTTP 429 - product id: 168514241, thử lại 1/3
2025-09-29 21:06:28,347 WARNING: Lỗi HTTP 429 - product id: 168514475, thử lại 1/3
2025-09-29 21:06:29,737 WARNING: Lỗi HTTP 429 - product id: 168653260, thử lại 1/3
2025-09-29 21:06:29,793 WARNING: Lỗi HTTP 429 - product id: 168653386, thử lại 1/3
2025-09-29 21:06:30,544 WARNING: Lỗi HTTP 429 - product id: 168769126, thử lại 1/3
2025-09-29 21:06:32,839 WARNING: Lỗi HTTP 429 - product id: 168322051, thử lại 1/3
2025-09-29 21:06:32,906 WARNING: Lỗi HTTP 429 - product id: 168322195, thử lại 1/3
2025-09-29 21:06:32,942 WARNING: Lỗi HTTP 429 - product id: 168322322, thử lại 1/3
2025-09-29 21:06:32,944 WARNING: Lỗi HTTP 429 - product id: 168322370, thử lại 1/3
2025-09-29 21:06:33,350 WARNING: Lỗi HTTP 429 - product id: 168341518, thử lại 1/3
2025-09-29 21:06:33,436 WARNING: Lỗi HTTP 429 - product id: 168350331, thử lại 1/3
2025-09-29 21:06:33,486 WARNING: Lỗi HTTP 429 - product id: 168350502, thử lại 1/3
2025-09-29 21:06:36,596 INFO: Đã commit batch 114 (1000 sản phẩm)
2025-09-29 21:06:36,620 INFO: Đã ghi 999 sản phẩm vào file /home/quannh/projects_de/Lab_01/output/products_batch_114_999_ids.csv
2025-09-29 21:06:36,652 INFO: Đã insert 999 sản phẩm từ file /home/quannh/projects_de/Lab_01/output/products_batch_114_999_ids.csv vào database PostgeSQL
2025-09-29 21:06:36,678 INFO: Đã update lại status của batch 115 về pending để tiến hành crawl lại batch
2025-09-29 21:06:36,687 INFO: Bắt đầu crawl batch 115 (1000 sản phẩm)
2025-09-29 21:06:38,598 WARNING: Lỗi HTTP 429 - product id: 168880680, thử lại 1/3
2025-09-29 21:06:38,744 WARNING: Lỗi HTTP 429 - product id: 168923242, thử lại 1/3
2025-09-29 21:06:39,295 WARNING: Lỗi HTTP 429 - product id: 169008174, thử lại 1/3
2025-09-29 21:06:39,298 WARNING: Lỗi HTTP 429 - product id: 169012196, thử lại 1/3
2025-09-29 21:06:39,498 WARNING: Lỗi HTTP 429 - product id: 169052863, thử lại 1/3
2025-09-29 21:06:39,953 WARNING: Lỗi HTTP 429 - product id: 169102909, thử lại 1/3
2025-09-29 21:06:40,042 WARNING: Lỗi HTTP 429 - product id: 169103587, thử lại 1/3
2025-09-29 21:06:40,135 WARNING: Lỗi HTTP 429 - product id: 169105104, thử lại 1/3
2025-09-29 21:06:40,196 WARNING: Lỗi HTTP 429 - product id: 169105929, thử lại 1/3
2025-09-29 21:06:40,402 WARNING: Lỗi HTTP 429 - product id: 169112186, thử lại 1/3
2025-09-29 21:06:40,450 WARNING: Lỗi HTTP 429 - product id: 169348705, thử lại 1/3
2025-09-29 21:06:40,489 WARNING: Lỗi HTTP 429 - product id: 169348804, thử lại 1/3
2025-09-29 21:06:46,647 WARNING: Lỗi HTTP 429 - product id: 169111859, thử lại 1/3
2025-09-29 21:06:46,793 WARNING: Lỗi HTTP 429 - product id: 169114419, thử lại 1/3
2025-09-29 21:06:46,847 WARNING: Lỗi HTTP 429 - product id: 169114629, thử lại 1/3
2025-09-29 21:06:47,002 WARNING: Lỗi HTTP 429 - product id: 169117334, thử lại 1/3
2025-09-29 21:06:47,043 WARNING: Lỗi HTTP 429 - product id: 169117542, thử lại 1/3
2025-09-29 21:06:47,145 WARNING: Lỗi HTTP 429 - product id: 169119791, thử lại 1/3
2025-09-29 21:06:47,146 WARNING: Lỗi HTTP 429 - product id: 169127373, thử lại 1/3
2025-09-29 21:06:48,304 WARNING: Lỗi HTTP 429 - product id: 169372833, thử lại 1/3
2025-09-29 21:06:50,347 WARNING: Lỗi HTTP 429 - product id: 169116330, thử lại 1/3
2025-09-29 21:06:56,435 INFO: Đã commit batch 115 (1000 sản phẩm)
2025-09-29 21:06:56,459 INFO: Đã ghi 1000 sản phẩm vào file /home/quannh/projects_de/Lab_01/output/products_batch_115_1000_ids.csv
2025-09-29 21:06:56,495 INFO: Đã insert 1000 sản phẩm từ file /home/quannh/projects_de/Lab_01/output/products_batch_115_1000_ids.csv vào database PostgeSQL
2025-09-29 21:06:56,520 INFO: Đã update lại status của batch 116 về pending để tiến hành crawl lại batch
2025-09-29 21:06:56,530 INFO: Bắt đầu crawl batch 116 (1000 sản phẩm)
2025-09-29 21:07:02,344 WARNING: Lỗi HTTP 429 - product id: 170113607, thử lại 1/3
2025-09-29 21:07:04,841 WARNING: Lỗi HTTP 429 - product id: 169775741, thử lại 1/3
2025-09-29 21:07:04,995 WARNING: Lỗi HTTP 429 - product id: 169778632, thử lại 1/3
2025-09-29 21:07:05,082 WARNING: Lỗi HTTP 429 - product id: 169810931, thử lại 1/3
2025-09-29 21:07:05,144 WARNING: Lỗi HTTP 429 - product id: 169817629, thử lại 1/3
2025-09-29 21:07:05,147 WARNING: Lỗi HTTP 429 - product id: 169817671, thử lại 1/3
2025-09-29 21:07:07,991 WARNING: Lỗi HTTP 429 - product id: 169768388, thử lại 1/3
2025-09-29 21:07:08,097 WARNING: Lỗi HTTP 429 - product id: 169771664, thử lại 1/3
2025-09-29 21:07:08,139 WARNING: Lỗi HTTP 429 - product id: 169772324, thử lại 1/3
2025-09-29 21:07:08,142 WARNING: Lỗi HTTP 429 - product id: 169772197, thử lại 1/3
2025-09-29 21:07:08,344 WARNING: Lỗi HTTP 429 - product id: 169775615, thử lại 1/3
2025-09-29 21:07:08,386 WARNING: Lỗi HTTP 429 - product id: 169775721, thử lại 1/3
2025-09-29 21:07:08,936 WARNING: Lỗi HTTP 429 - product id: 170144200, thử lại 1/3
2025-09-29 21:07:09,184 WARNING: Lỗi HTTP 429 - product id: 170144985, thử lại 1/3
2025-09-29 21:07:09,339 WARNING: Lỗi HTTP 429 - product id: 170145899, thử lại 1/3
2025-09-29 21:07:09,343 WARNING: Lỗi HTTP 429 - product id: 170145874, thử lại 1/3
2025-09-29 21:07:09,390 WARNING: Lỗi HTTP 429 - product id: 170146019, thử lại 1/3
2025-09-29 21:07:10,690 WARNING: Lỗi HTTP 429 - product id: 170249123, thử lại 1/3
2025-09-29 21:07:10,753 WARNING: Lỗi HTTP 429 - product id: 170262623, thử lại 1/3
2025-09-29 21:07:10,831 WARNING: Lỗi HTTP 429 - product id: 170274877, thử lại 1/3
2025-09-29 21:07:10,934 WARNING: Lỗi HTTP 429 - product id: 170275980, thử lại 1/3
2025-09-29 21:07:10,936 WARNING: Lỗi HTTP 429 - product id: 170276047, thử lại 1/3
2025-09-29 21:07:11,038 WARNING: Lỗi HTTP 429 - product id: 170276718, thử lại 1/3
2025-09-29 21:07:11,136 WARNING: Lỗi HTTP 429 - product id: 170277181, thử lại 1/3
2025-09-29 21:07:11,188 WARNING: Lỗi HTTP 429 - product id: 170277456, thử lại 1/3
2025-09-29 21:07:11,237 WARNING: Lỗi HTTP 429 - product id: 170277530, thử lại 1/3
2025-09-29 21:07:11,292 WARNING: Lỗi HTTP 429 - product id: 169623095, thử lại 1/3
2025-09-29 21:07:11,334 WARNING: Lỗi HTTP 429 - product id: 169624114, thử lại 1/3
2025-09-29 21:07:11,347 WARNING: Lỗi HTTP 429 - product id: 169624231, thử lại 1/3
2025-09-29 21:07:11,487 WARNING: Lỗi HTTP 429 - product id: 169631968, thử lại 1/3
2025-09-29 21:07:11,585 WARNING: Lỗi HTTP 429 - product id: 169640945, thử lại 1/3
2025-09-29 21:07:14,681 INFO: Đã commit batch 116 (1000 sản phẩm)
2025-09-29 21:07:14,707 INFO: Đã ghi 1000 sản phẩm vào file /home/quannh/projects_de/Lab_01/output/products_batch_116_1000_ids.csv
2025-09-29 21:07:14,746 INFO: Đã insert 1000 sản phẩm từ file /home/quannh/projects_de/Lab_01/output/products_batch_116_1000_ids.csv vào database PostgeSQL
2025-09-29 21:07:14,772 INFO: Đã update lại status của batch 117 về pending để tiến hành crawl lại batch
2025-09-29 21:07:14,782 INFO: Bắt đầu crawl batch 117 (1000 sản phẩm)
2025-09-29 21:07:15,042 WARNING: Lỗi HTTP 429 - product id: 170609005, thử lại 1/3
2025-09-29 21:07:15,585 WARNING: Lỗi HTTP 429 - product id: 170651965, thử lại 1/3
2025-09-29 21:07:15,993 WARNING: Lỗi HTTP 429 - product id: 170713690, thử lại 1/3
2025-09-29 21:07:16,953 WARNING: Lỗi HTTP 429 - product id: 170762996, thử lại 1/3
2025-09-29 21:07:20,745 WARNING: Lỗi HTTP 429 - product id: 170860584, thử lại 1/3
2025-09-29 21:07:20,993 WARNING: Lỗi HTTP 429 - product id: 170880731, thử lại 1/3
2025-09-29 21:07:21,093 WARNING: Lỗi HTTP 429 - product id: 170915260, thử lại 1/3
2025-09-29 21:07:21,192 WARNING: Lỗi HTTP 429 - product id: 170917559, thử lại 1/3
2025-09-29 21:07:21,688 WARNING: Lỗi HTTP 429 - product id: 170994214, thử lại 1/3
2025-09-29 21:07:21,740 WARNING: Lỗi HTTP 429 - product id: 170995422, thử lại 1/3
2025-09-29 21:07:21,833 WARNING: Lỗi HTTP 429 - product id: 171001843, thử lại 1/3
2025-09-29 21:07:21,838 WARNING: Lỗi HTTP 429 - product id: 171001943, thử lại 1/3
2025-09-29 21:07:21,895 WARNING: Lỗi HTTP 429 - product id: 171020172, thử lại 1/3
2025-09-29 21:07:21,932 WARNING: Lỗi HTTP 429 - product id: 171021104, thử lại 1/3
2025-09-29 21:07:21,938 WARNING: Lỗi HTTP 429 - product id: 171021955, thử lại 1/3
2025-09-29 21:07:21,992 WARNING: Lỗi HTTP 429 - product id: 171038173, thử lại 1/3
2025-09-29 21:07:22,037 WARNING: Lỗi HTTP 429 - product id: 171052056, thử lại 1/3
2025-09-29 21:07:22,089 WARNING: Lỗi HTTP 429 - product id: 171089839, thử lại 1/3
2025-09-29 21:07:22,141 WARNING: Lỗi HTTP 429 - product id: 171095801, thử lại 1/3
2025-09-29 21:07:22,284 WARNING: Lỗi HTTP 429 - product id: 171097050, thử lại 1/3
2025-09-29 21:07:22,293 WARNING: Lỗi HTTP 429 - product id: 171097550, thử lại 1/3
2025-09-29 21:07:22,587 WARNING: Lỗi HTTP 429 - product id: 170318270, thử lại 1/3
2025-09-29 21:07:22,745 WARNING: Lỗi HTTP 429 - product id: 170330840, thử lại 1/3
2025-09-29 21:07:23,403 WARNING: Lỗi HTTP 404: Không tim thấy product id - product id: 171104261
2025-09-29 21:07:23,683 WARNING: Lỗi HTTP 429 - product id: 170391358, thử lại 1/3
2025-09-29 21:07:23,729 WARNING: Lỗi HTTP 429 - product id: 170397593, thử lại 1/3
2025-09-29 21:07:24,099 WARNING: Lỗi HTTP 429 - product id: 170405352, thử lại 1/3
2025-09-29 21:07:24,289 WARNING: Lỗi HTTP 429 - product id: 170433260, thử lại 1/3
2025-09-29 21:07:24,785 WARNING: Lỗi HTTP 429 - product id: 170465843, thử lại 1/3
2025-09-29 21:07:24,837 WARNING: Lỗi HTTP 429 - product id: 170478270, thử lại 1/3
2025-09-29 21:07:24,937 WARNING: Lỗi HTTP 429 - product id: 170482085, thử lại 1/3
2025-09-29 21:07:24,944 WARNING: Lỗi HTTP 429 - product id: 170482165, thử lại 1/3
2025-09-29 21:07:24,976 WARNING: Lỗi HTTP 429 - product id: 170487036, thử lại 1/3
2025-09-29 21:07:25,094 WARNING: Lỗi HTTP 429 - product id: 170491546, thử lại 1/3
2025-09-29 21:07:26,137 WARNING: Lỗi HTTP 429 - product id: 170858472, thử lại 1/3
2025-09-29 21:07:26,842 WARNING: Lỗi HTTP 429 - product id: 170927395, thử lại 1/3
2025-09-29 21:07:28,531 WARNING: Lỗi HTTP 429 - product id: 170581183, thử lại 1/3
2025-09-29 21:07:28,542 WARNING: Lỗi HTTP 429 - product id: 170581693, thử lại 1/3
2025-09-29 21:07:28,592 WARNING: Lỗi HTTP 429 - product id: 170605136, thử lại 1/3
2025-09-29 21:07:28,594 WARNING: Lỗi HTTP 429 - product id: 170605282, thử lại 1/3
2025-09-29 21:07:28,938 WARNING: Lỗi HTTP 429 - product id: 170613265, thử lại 1/3
2025-09-29 21:07:28,988 WARNING: Lỗi HTTP 429 - product id: 170621560, thử lại 1/3
2025-09-29 21:07:28,990 WARNING: Lỗi HTTP 429 - product id: 170628518, thử lại 1/3
2025-09-29 21:07:29,067 WARNING: Lỗi HTTP 429 - product id: 170639437, thử lại 1/3
2025-09-29 21:07:29,093 WARNING: Lỗi HTTP 429 - product id: 170639608, thử lại 1/3
2025-09-29 21:07:29,135 WARNING: Lỗi HTTP 429 - product id: 170648982, thử lại 1/3
2025-09-29 21:07:29,138 WARNING: Lỗi HTTP 429 - product id: 170649191, thử lại 1/3
2025-09-29 21:07:29,202 WARNING: Lỗi HTTP 429 - product id: 170649411, thử lại 1/3
2025-09-29 21:07:29,238 WARNING: Lỗi HTTP 429 - product id: 170649783, thử lại 1/3
2025-09-29 21:07:32,351 INFO: Đã commit batch 117 (1000 sản phẩm)
2025-09-29 21:07:32,378 INFO: Đã ghi 999 sản phẩm vào file /home/quannh/projects_de/Lab_01/output/products_batch_117_999_ids.csv
2025-09-29 21:07:32,422 INFO: Đã insert 999 sản phẩm từ file /home/quannh/projects_de/Lab_01/output/products_batch_117_999_ids.csv vào database PostgeSQL
2025-09-29 21:07:32,447 INFO: Đã update lại status của batch 118 về pending để tiến hành crawl lại batch
2025-09-29 21:07:32,457 INFO: Bắt đầu crawl batch 118 (1000 sản phẩm)
2025-09-29 21:07:33,295 WARNING: Lỗi HTTP 429 - product id: 171658612, thử lại 1/3
2025-09-29 21:07:33,304 WARNING: Lỗi HTTP 429 - product id: 171658642, thử lại 1/3
2025-09-29 21:07:35,592 WARNING: Lỗi HTTP 429 - product id: 171259218, thử lại 1/3
2025-09-29 21:07:35,647 WARNING: Lỗi HTTP 429 - product id: 171291878, thử lại 1/3
2025-09-29 21:07:35,753 WARNING: Lỗi HTTP 429 - product id: 171321245, thử lại 1/3
2025-09-29 21:07:35,989 WARNING: Lỗi HTTP 429 - product id: 171329091, thử lại 1/3
2025-09-29 21:07:36,344 WARNING: Lỗi HTTP 429 - product id: 171439560, thử lại 1/3
2025-09-29 21:07:36,352 WARNING: Lỗi HTTP 429 - product id: 171448495, thử lại 1/3
2025-09-29 21:07:36,749 WARNING: Lỗi HTTP 429 - product id: 171492607, thử lại 1/3
2025-09-29 21:07:36,797 WARNING: Lỗi HTTP 429 - product id: 171492999, thử lại 1/3
2025-09-29 21:07:36,948 WARNING: Lỗi HTTP 429 - product id: 171510934, thử lại 1/3
2025-09-29 21:07:37,102 WARNING: Lỗi HTTP 429 - product id: 171521595, thử lại 1/3
2025-09-29 21:07:37,200 WARNING: Lỗi HTTP 429 - product id: 171543698, thử lại 1/3
2025-09-29 21:07:37,698 WARNING: Lỗi HTTP 429 - product id: 171592719, thử lại 1/3
2025-09-29 21:07:40,499 WARNING: Lỗi HTTP 429 - product id: 171491436, thử lại 1/3
2025-09-29 21:07:40,599 WARNING: Lỗi HTTP 429 - product id: 171492408, thử lại 1/3
2025-09-29 21:07:40,601 WARNING: Lỗi HTTP 429 - product id: 171492589, thử lại 1/3
2025-09-29 21:07:40,848 WARNING: Lỗi HTTP 429 - product id: 171510923, thử lại 1/3
2025-09-29 21:07:42,093 WARNING: Lỗi HTTP 429 - product id: 171798819, thử lại 1/3
2025-09-29 21:07:44,901 WARNING: Lỗi HTTP 429 - product id: 171622224, thử lại 1/3
2025-09-29 21:07:44,994 WARNING: Lỗi HTTP 429 - product id: 171644906, thử lại 1/3
2025-09-29 21:07:45,042 WARNING: Lỗi HTTP 429 - product id: 171645200, thử lại 1/3
2025-09-29 21:07:45,095 WARNING: Lỗi HTTP 429 - product id: 171648746, thử lại 1/3
2025-09-29 21:07:45,143 WARNING: Lỗi HTTP 429 - product id: 171653122, thử lại 1/3
2025-09-29 21:07:45,147 WARNING: Lỗi HTTP 429 - product id: 171653642, thử lại 1/3
2025-09-29 21:07:46,597 WARNING: Lỗi HTTP 429 - product id: 171715436, thử lại 1/3
2025-09-29 21:07:46,694 WARNING: Lỗi HTTP 429 - product id: 171717064, thử lại 1/3
2025-09-29 21:07:46,701 WARNING: Lỗi HTTP 429 - product id: 171718775, thử lại 1/3
2025-09-29 21:07:46,746 WARNING: Lỗi HTTP 429 - product id: 171725397, thử lại 1/3
2025-09-29 21:07:46,845 WARNING: Lỗi HTTP 429 - product id: 171734038, thử lại 1/3
2025-09-29 21:07:46,953 WARNING: Lỗi HTTP 429 - product id: 171745596, thử lại 1/3
2025-09-29 21:07:50,072 INFO: Đã commit batch 118 (1000 sản phẩm)
2025-09-29 21:07:50,099 INFO: Đã ghi 1000 sản phẩm vào file /home/quannh/projects_de/Lab_01/output/products_batch_118_1000_ids.csv
2025-09-29 21:07:50,143 INFO: Đã insert 1000 sản phẩm từ file /home/quannh/projects_de/Lab_01/output/products_batch_118_1000_ids.csv vào database PostgeSQL
2025-09-29 21:07:50,168 INFO: Đã update lại status của batch 119 về pending để tiến hành crawl lại batch
2025-09-29 21:07:50,178 INFO: Bắt đầu crawl batch 119 (1000 sản phẩm)
2025-09-29 21:07:51,104 WARNING: Lỗi HTTP 404: Không tim thấy product id - product id: 172069313
2025-09-29 21:07:51,206 WARNING: Lỗi HTTP 404: Không tim thấy product id - product id: 172067531
2025-09-29 21:07:51,532 WARNING: Lỗi HTTP 429 - product id: 172175911, thử lại 1/3
2025-09-29 21:07:51,632 WARNING: Lỗi HTTP 429 - product id: 172191880, thử lại 1/3
2025-09-29 21:07:51,734 WARNING: Lỗi HTTP 429 - product id: 172192468, thử lại 1/3
2025-09-29 21:07:51,739 WARNING: Lỗi HTTP 429 - product id: 172192512, thử lại 1/3
2025-09-29 21:07:51,745 WARNING: Lỗi HTTP 429 - product id: 172192564, thử lại 1/3
2025-09-29 21:07:51,841 WARNING: Lỗi HTTP 429 - product id: 172204663, thử lại 1/3
2025-09-29 21:07:54,387 WARNING: Lỗi HTTP 429 - product id: 171954406, thử lại 1/3
2025-09-29 21:07:54,445 WARNING: Lỗi HTTP 429 - product id: 171954596, thử lại 1/3
2025-09-29 21:07:54,558 WARNING: Lỗi HTTP 429 - product id: 171955642, thử lại 1/3
2025-09-29 21:07:55,181 WARNING: Lỗi HTTP 429 - product id: 172317326, thử lại 1/3
2025-09-29 21:07:55,243 WARNING: Lỗi HTTP 429 - product id: 172317703, thử lại 1/3
2025-09-29 21:07:55,537 WARNING: Lỗi HTTP 429 - product id: 172336736, thử lại 1/3
2025-09-29 21:07:55,583 WARNING: Lỗi HTTP 429 - product id: 172337228, thử lại 1/3
2025-09-29 21:07:55,640 WARNING: Lỗi HTTP 429 - product id: 172337976, thử lại 1/3
2025-09-29 21:07:55,843 WARNING: Lỗi HTTP 429 - product id: 172362569, thử lại 1/3
2025-09-29 21:07:56,186 WARNING: Lỗi HTTP 429 - product id: 172385942, thử lại 1/3
2025-09-29 21:07:56,189 WARNING: Lỗi HTTP 429 - product id: 172385981, thử lại 1/3
2025-09-29 21:07:56,327 WARNING: Lỗi HTTP 429 - product id: 172406621, thử lại 1/3
2025-09-29 21:07:57,234 WARNING: Lỗi HTTP 429 - product id: 171891845, thử lại 1/3
2025-09-29 21:07:57,835 WARNING: Lỗi HTTP 429 - product id: 171937252, thử lại 1/3
2025-09-29 21:07:57,930 WARNING: Lỗi HTTP 429 - product id: 171938955, thử lại 1/3
2025-09-29 21:07:58,242 WARNING: Lỗi HTTP 429 - product id: 171954328, thử lại 1/3
2025-09-29 21:07:58,437 WARNING: Lỗi HTTP 429 - product id: 171956276, thử lại 1/3
2025-09-29 21:07:58,678 WARNING: Lỗi HTTP 429 - product id: 172248369, thử lại 1/3
2025-09-29 21:07:58,986 WARNING: Lỗi HTTP 429 - product id: 172283198, thử lại 1/3
2025-09-29 21:07:58,986 WARNING: Lỗi HTTP 429 - product id: 172362569, thử lại 2/3
2025-09-29 21:07:59,050 WARNING: Lỗi HTTP 429 - product id: 172288451, thử lại 1/3
2025-09-29 21:07:59,075 WARNING: Lỗi HTTP 429 - product id: 172292659, thử lại 1/3
2025-09-29 21:07:59,132 WARNING: Lỗi HTTP 429 - product id: 172313786, thử lại 1/3
2025-09-29 21:07:59,134 WARNING: Lỗi HTTP 429 - product id: 172314450, thử lại 1/3
2025-09-29 21:07:59,279 WARNING: Lỗi HTTP 429 - product id: 172385942, thử lại 2/3
2025-09-29 21:07:59,280 WARNING: Lỗi HTTP 429 - product id: 172385981, thử lại 2/3
2025-09-29 21:07:59,285 WARNING: Lỗi HTTP 429 - product id: 172316220, thử lại 1/3
2025-09-29 21:07:59,335 WARNING: Lỗi HTTP 429 - product id: 172316472, thử lại 1/3
2025-09-29 21:07:59,585 WARNING: Lỗi HTTP 429 - product id: 172327845, thử lại 1/3
2025-09-29 21:07:59,729 WARNING: Lỗi HTTP 429 - product id: 172335896, thử lại 1/3
2025-09-29 21:08:00,995 WARNING: Lỗi HTTP 429 - product id: 172456630, thử lại 1/3
2025-09-29 21:08:01,090 WARNING: Lỗi HTTP 429 - product id: 171956342, thử lại 1/3
2025-09-29 21:08:01,147 WARNING: Lỗi HTTP 429 - product id: 171957136, thử lại 1/3
2025-09-29 21:08:03,881 WARNING: Lỗi HTTP 429 - product id: 172495266, thử lại 1/3
2025-09-29 21:08:03,980 WARNING: Lỗi HTTP 429 - product id: 172497907, thử lại 1/3
2025-09-29 21:08:04,138 WARNING: Lỗi HTTP 429 - product id: 172532755, thử lại 1/3
2025-09-29 21:08:04,181 WARNING: Lỗi HTTP 429 - product id: 172456630, thử lại 2/3
2025-09-29 21:08:04,821 WARNING: Lỗi HTTP 429 - product id: 172659086, thử lại 1/3
2025-09-29 21:08:04,833 WARNING: Lỗi HTTP 429 - product id: 172662282, thử lại 1/3
2025-09-29 21:08:04,984 WARNING: Lỗi HTTP 429 - product id: 172674167, thử lại 1/3
2025-09-29 21:08:04,989 WARNING: Lỗi HTTP 429 - product id: 172676672, thử lại 1/3
2025-09-29 21:08:05,134 WARNING: Lỗi HTTP 429 - product id: 172693474, thử lại 1/3
2025-09-29 21:08:05,233 WARNING: Lỗi HTTP 429 - product id: 172705636, thử lại 1/3
2025-09-29 21:08:05,538 WARNING: Lỗi HTTP 429 - product id: 171911882, thử lại 1/3
2025-09-29 21:08:05,594 WARNING: Lỗi HTTP 429 - product id: 171912695, thử lại 1/3
2025-09-29 21:08:10,306 INFO: Đã commit batch 119 (1000 sản phẩm)
2025-09-29 21:08:10,332 INFO: Đã ghi 998 sản phẩm vào file /home/quannh/projects_de/Lab_01/output/products_batch_119_998_ids.csv
2025-09-29 21:08:10,373 INFO: Đã insert 998 sản phẩm từ file /home/quannh/projects_de/Lab_01/output/products_batch_119_998_ids.csv vào database PostgeSQL
2025-09-29 21:08:10,398 INFO: Đã update lại status của batch 120 về pending để tiến hành crawl lại batch
2025-09-29 21:08:10,408 INFO: Bắt đầu crawl batch 120 (1000 sản phẩm)
2025-09-29 21:08:11,990 WARNING: Lỗi HTTP 404: Không tim thấy product id - product id: 173276282
2025-09-29 21:08:12,524 WARNING: Lỗi HTTP 429 - product id: 173372321, thử lại 1/3
2025-09-29 21:08:12,558 WARNING: Lỗi HTTP 429 - product id: 173379473, thử lại 1/3
2025-09-29 21:08:12,621 WARNING: Lỗi HTTP 429 - product id: 173383324, thử lại 1/3
2025-09-29 21:08:12,625 WARNING: Lỗi HTTP 429 - product id: 173383437, thử lại 1/3
2025-09-29 21:08:12,662 WARNING: Lỗi HTTP 429 - product id: 173385832, thử lại 1/3
2025-09-29 21:08:12,725 WARNING: Lỗi HTTP 429 - product id: 173393024, thử lại 1/3
2025-09-29 21:08:12,766 WARNING: Lỗi HTTP 429 - product id: 173393462, thử lại 1/3
2025-09-29 21:08:12,873 WARNING: Lỗi HTTP 429 - product id: 173393954, thử lại 1/3
2025-09-29 21:08:12,921 WARNING: Lỗi HTTP 429 - product id: 173394021, thử lại 1/3
2025-09-29 21:08:13,369 WARNING: Lỗi HTTP 429 - product id: 173416532, thử lại 1/3
2025-09-29 21:08:15,733 WARNING: Lỗi HTTP 404: Không tim thấy product id - product id: 173237581
2025-09-29 21:08:15,795 WARNING: Lỗi HTTP 404: Không tim thấy product id - product id: 173238278
2025-09-29 21:08:16,234 WARNING: Lỗi HTTP 404: Không tim thấy product id - product id: 173281156
2025-09-29 21:08:17,785 WARNING: Lỗi HTTP 404: Không tim thấy product id - product id: 173380362
2025-09-29 21:08:20,658 WARNING: Lỗi HTTP 429 - product id: 173009898, thử lại 1/3
2025-09-29 21:08:20,659 WARNING: Lỗi HTTP 429 - product id: 173006914, thử lại 1/3
2025-09-29 21:08:20,771 WARNING: Lỗi HTTP 429 - product id: 173014221, thử lại 1/3
2025-09-29 21:08:20,863 WARNING: Lỗi HTTP 429 - product id: 173030567, thử lại 1/3
2025-09-29 21:08:20,927 WARNING: Lỗi HTTP 429 - product id: 173031394, thử lại 1/3
2025-09-29 21:08:20,969 WARNING: Lỗi HTTP 429 - product id: 173034838, thử lại 1/3
2025-09-29 21:08:21,120 WARNING: Lỗi HTTP 429 - product id: 173055817, thử lại 1/3
2025-09-29 21:08:22,015 WARNING: Lỗi HTTP 429 - product id: 172994349, thử lại 1/3
2025-09-29 21:08:22,968 WARNING: Lỗi HTTP 429 - product id: 173090215, thử lại 1/3
2025-09-29 21:08:23,172 WARNING: Lỗi HTTP 429 - product id: 173125528, thử lại 1/3
2025-09-29 21:08:23,617 WARNING: Lỗi HTTP 429 - product id: 173174848, thử lại 1/3
2025-09-29 21:08:23,715 WARNING: Lỗi HTTP 429 - product id: 173190313, thử lại 1/3
2025-09-29 21:08:24,568 WARNING: Lỗi HTTP 429 - product id: 173421735, thử lại 1/3
2025-09-29 21:08:24,615 WARNING: Lỗi HTTP 429 - product id: 173422183, thử lại 1/3
2025-09-29 21:08:26,372 WARNING: Lỗi HTTP 429 - product id: 172919005, thử lại 1/3
2025-09-29 21:08:29,501 INFO: Đã commit batch 120 (1000 sản phẩm)
2025-09-29 21:08:29,529 INFO: Đã ghi 995 sản phẩm vào file /home/quannh/projects_de/Lab_01/output/products_batch_120_995_ids.csv
2025-09-29 21:08:29,574 INFO: Đã insert 995 sản phẩm từ file /home/quannh/projects_de/Lab_01/output/products_batch_120_995_ids.csv vào database PostgeSQL
2025-09-29 21:08:29,600 INFO: Đã update lại status của batch 121 về pending để tiến hành crawl lại batch
2025-09-29 21:08:29,609 INFO: Bắt đầu crawl batch 121 (1000 sản phẩm)
2025-09-29 21:08:31,720 WARNING: Lỗi HTTP 429 - product id: 174036130, thử lại 1/3
2025-09-29 21:08:31,773 WARNING: Lỗi HTTP 429 - product id: 174036390, thử lại 1/3
2025-09-29 21:08:31,975 WARNING: Lỗi HTTP 429 - product id: 174057086, thử lại 1/3
2025-09-29 21:08:32,071 WARNING: Lỗi HTTP 429 - product id: 174067123, thử lại 1/3
2025-09-29 21:08:32,073 WARNING: Lỗi HTTP 429 - product id: 174067449, thử lại 1/3
2025-09-29 21:08:32,260 WARNING: Lỗi HTTP 429 - product id: 174069011, thử lại 1/3
2025-09-29 21:08:32,723 WARNING: Lỗi HTTP 429 - product id: 173629524, thử lại 1/3
2025-09-29 21:08:32,870 WARNING: Lỗi HTTP 429 - product id: 173636834, thử lại 1/3
2025-09-29 21:08:32,922 WARNING: Lỗi HTTP 429 - product id: 173636945, thử lại 1/3
2025-09-29 21:08:33,019 WARNING: Lỗi HTTP 429 - product id: 173642196, thử lại 1/3
2025-09-29 21:08:33,024 WARNING: Lỗi HTTP 429 - product id: 173645758, thử lại 1/3
2025-09-29 21:08:33,118 WARNING: Lỗi HTTP 429 - product id: 173654411, thử lại 1/3
2025-09-29 21:08:33,767 WARNING: Lỗi HTTP 429 - product id: 173729549, thử lại 1/3
2025-09-29 21:08:33,819 WARNING: Lỗi HTTP 429 - product id: 173737848, thử lại 1/3
2025-09-29 21:08:33,868 WARNING: Lỗi HTTP 429 - product id: 173738844, thử lại 1/3
2025-09-29 21:08:34,115 WARNING: Lỗi HTTP 429 - product id: 173889773, thử lại 1/3
2025-09-29 21:08:34,272 WARNING: Lỗi HTTP 429 - product id: 173889220, thử lại 1/3
2025-09-29 21:08:34,412 WARNING: Lỗi HTTP 429 - product id: 173955667, thử lại 1/3
2025-09-29 21:08:34,415 WARNING: Lỗi HTTP 429 - product id: 173967821, thử lại 1/3
2025-09-29 21:08:34,469 WARNING: Lỗi HTTP 429 - product id: 173969565, thử lại 1/3
2025-09-29 21:08:35,472 WARNING: Lỗi HTTP 429 - product id: 174012939, thử lại 1/3
2025-09-29 21:08:35,627 WARNING: Lỗi HTTP 429 - product id: 174023770, thử lại 1/3
2025-09-29 21:08:35,671 WARNING: Lỗi HTTP 429 - product id: 174028547, thử lại 1/3
2025-09-29 21:08:35,875 WARNING: Lỗi HTTP 429 - product id: 174038117, thử lại 1/3
2025-09-29 21:08:35,877 WARNING: Lỗi HTTP 429 - product id: 174039341, thử lại 1/3
2025-09-29 21:08:36,019 WARNING: Lỗi HTTP 429 - product id: 174053403, thử lại 1/3
2025-09-29 21:08:36,316 WARNING: Lỗi HTTP 429 - product id: 174068986, thử lại 1/3
2025-09-29 21:08:36,322 WARNING: Lỗi HTTP 429 - product id: 174069032, thử lại 1/3
2025-09-29 21:08:36,470 WARNING: Lỗi HTTP 429 - product id: 173489694, thử lại 1/3
2025-09-29 21:08:36,866 WARNING: Lỗi HTTP 429 - product id: 173515117, thử lại 1/3
2025-09-29 21:08:37,013 WARNING: Lỗi HTTP 429 - product id: 173521110, thử lại 1/3
2025-09-29 21:08:38,673 WARNING: Lỗi HTTP 429 - product id: 173582019, thử lại 1/3
2025-09-29 21:08:38,768 WARNING: Lỗi HTTP 429 - product id: 173583145, thử lại 1/3
2025-09-29 21:08:38,813 WARNING: Lỗi HTTP 429 - product id: 173585634, thử lại 1/3
2025-09-29 21:08:39,417 WARNING: Lỗi HTTP 429 - product id: 173636831, thử lại 1/3
2025-09-29 21:08:39,574 WARNING: Lỗi HTTP 429 - product id: 173645804, thử lại 1/3
2025-09-29 21:08:39,661 WARNING: Lỗi HTTP 429 - product id: 173650792, thử lại 1/3
2025-09-29 21:08:39,829 WARNING: Lỗi HTTP 429 - product id: 173665256, thử lại 1/3
2025-09-29 21:08:39,873 WARNING: Lỗi HTTP 429 - product id: 173669419, thử lại 1/3
2025-09-29 21:08:39,965 WARNING: Lỗi HTTP 429 - product id: 173683410, thử lại 1/3
2025-09-29 21:08:40,071 WARNING: Lỗi HTTP 429 - product id: 173846059, thử lại 1/3
2025-09-29 21:08:42,669 WARNING: Lỗi HTTP 429 - product id: 174025074, thử lại 1/3
2025-09-29 21:08:42,883 WARNING: Lỗi HTTP 429 - product id: 173743801, thử lại 1/3
2025-09-29 21:08:46,644 INFO: Đã commit batch 121 (1000 sản phẩm)
2025-09-29 21:08:46,674 INFO: Đã ghi 1000 sản phẩm vào file /home/quannh/projects_de/Lab_01/output/products_batch_121_1000_ids.csv
2025-09-29 21:08:46,722 INFO: Đã insert 1000 sản phẩm từ file /home/quannh/projects_de/Lab_01/output/products_batch_121_1000_ids.csv vào database PostgeSQL
2025-09-29 21:08:46,749 INFO: Đã update lại status của batch 122 về pending để tiến hành crawl lại batch
2025-09-29 21:08:46,759 INFO: Bắt đầu crawl batch 122 (1000 sản phẩm)
2025-09-29 21:08:50,020 WARNING: Lỗi HTTP 429 - product id: 174500404, thử lại 1/3
2025-09-29 21:08:54,022 WARNING: Lỗi HTTP 429 - product id: 174484162, thử lại 1/3
2025-09-29 21:08:54,419 WARNING: Lỗi HTTP 429 - product id: 174506188, thử lại 1/3
2025-09-29 21:08:54,465 WARNING: Lỗi HTTP 429 - product id: 174506741, thử lại 1/3
2025-09-29 21:08:54,575 WARNING: Lỗi HTTP 429 - product id: 174510394, thử lại 1/3
2025-09-29 21:08:55,076 WARNING: Lỗi HTTP 429 - product id: 174106005, thử lại 1/3
2025-09-29 21:08:55,121 WARNING: Lỗi HTTP 429 - product id: 174106220, thử lại 1/3
2025-09-29 21:08:55,267 WARNING: Lỗi HTTP 429 - product id: 174107011, thử lại 1/3
2025-09-29 21:08:55,268 WARNING: Lỗi HTTP 429 - product id: 174107115, thử lại 1/3
2025-09-29 21:08:55,474 WARNING: Lỗi HTTP 429 - product id: 174110015, thử lại 1/3
2025-09-29 21:08:55,563 WARNING: Lỗi HTTP 429 - product id: 174111797, thử lại 1/3
2025-09-29 21:08:55,666 WARNING: Lỗi HTTP 429 - product id: 174113053, thử lại 1/3
2025-09-29 21:08:55,775 WARNING: Lỗi HTTP 429 - product id: 174113583, thử lại 1/3
2025-09-29 21:08:55,863 WARNING: Lỗi HTTP 429 - product id: 174273037, thử lại 1/3
2025-09-29 21:08:55,870 WARNING: Lỗi HTTP 429 - product id: 174273120, thử lại 1/3
2025-09-29 21:08:55,895 WARNING: Lỗi HTTP 429 - product id: 174279271, thử lại 1/3
2025-09-29 21:08:59,234 WARNING: Lỗi HTTP 404: Không tim thấy product id - product id: 174113468
2025-09-29 21:09:03,613 INFO: Đã commit batch 122 (1000 sản phẩm)
2025-09-29 21:09:03,646 INFO: Đã ghi 999 sản phẩm vào file /home/quannh/projects_de/Lab_01/output/products_batch_122_999_ids.csv
2025-09-29 21:09:03,699 INFO: Đã insert 999 sản phẩm từ file /home/quannh/projects_de/Lab_01/output/products_batch_122_999_ids.csv vào database PostgeSQL
2025-09-29 21:09:03,729 INFO: Đã update lại status của batch 123 về pending để tiến hành crawl lại batch
2025-09-29 21:09:03,740 INFO: Bắt đầu crawl batch 123 (1000 sản phẩm)
2025-09-29 21:09:05,667 WARNING: Lỗi HTTP 404: Không tim thấy product id - product id: 174932071
2025-09-29 21:09:07,495 WARNING: Lỗi HTTP 429 - product id: 174612572, thử lại 1/3
2025-09-29 21:09:08,146 WARNING: Lỗi HTTP 429 - product id: 174649475, thử lại 1/3
2025-09-29 21:09:08,151 WARNING: Lỗi HTTP 429 - product id: 174649819, thử lại 1/3
2025-09-29 21:09:08,899 WARNING: Lỗi HTTP 429 - product id: 175164031, thử lại 1/3
2025-09-29 21:09:08,996 WARNING: Lỗi HTTP 429 - product id: 175168734, thử lại 1/3
2025-09-29 21:09:08,997 WARNING: Lỗi HTTP 429 - product id: 175166189, thử lại 1/3
2025-09-29 21:09:09,062 WARNING: Lỗi HTTP 429 - product id: 175173447, thử lại 1/3
2025-09-29 21:09:09,143 WARNING: Lỗi HTTP 429 - product id: 174537054, thử lại 1/3
2025-09-29 21:09:09,194 WARNING: Lỗi HTTP 429 - product id: 174540089, thử lại 1/3
2025-09-29 21:09:09,248 WARNING: Lỗi HTTP 429 - product id: 174551622, thử lại 1/3
2025-09-29 21:09:09,300 WARNING: Lỗi HTTP 429 - product id: 174557144, thử lại 1/3
2025-09-29 21:09:09,345 WARNING: Lỗi HTTP 429 - product id: 174557436, thử lại 1/3
2025-09-29 21:09:09,349 WARNING: Lỗi HTTP 429 - product id: 174566949, thử lại 1/3
2025-09-29 21:09:09,401 WARNING: Lỗi HTTP 429 - product id: 174578863, thử lại 1/3
2025-09-29 21:09:09,514 WARNING: Lỗi HTTP 404: Không tim thấy product id - product id: 175150254
2025-09-29 21:09:09,567 WARNING: Lỗi HTTP 404: Không tim thấy product id - product id: 175150267
2025-09-29 21:09:09,591 WARNING: Lỗi HTTP 429 - product id: 174603813, thử lại 1/3
2025-09-29 21:09:09,656 WARNING: Lỗi HTTP 429 - product id: 174603998, thử lại 1/3
2025-09-29 21:09:09,697 WARNING: Lỗi HTTP 429 - product id: 174608101, thử lại 1/3
2025-09-29 21:09:09,807 WARNING: Lỗi HTTP 429 - product id: 174618413, thử lại 1/3
2025-09-29 21:09:09,844 WARNING: Lỗi HTTP 429 - product id: 174621598, thử lại 1/3
2025-09-29 21:09:09,894 WARNING: Lỗi HTTP 429 - product id: 174621714, thử lại 1/3
2025-09-29 21:09:09,944 WARNING: Lỗi HTTP 429 - product id: 174622219, thử lại 1/3
2025-09-29 21:09:10,103 WARNING: Lỗi HTTP 429 - product id: 174625431, thử lại 1/3
2025-09-29 21:09:10,247 WARNING: Lỗi HTTP 429 - product id: 174630720, thử lại 1/3
2025-09-29 21:09:10,248 WARNING: Lỗi HTTP 429 - product id: 174631413, thử lại 1/3
2025-09-29 21:09:10,346 WARNING: Lỗi HTTP 429 - product id: 174631932, thử lại 1/3
2025-09-29 21:09:10,406 WARNING: Lỗi HTTP 429 - product id: 174636665, thử lại 1/3
2025-09-29 21:09:10,515 WARNING: Lỗi HTTP 429 - product id: 174637084, thử lại 1/3
2025-09-29 21:09:11,049 WARNING: Lỗi HTTP 429 - product id: 174661383, thử lại 1/3
2025-09-29 21:09:11,101 WARNING: Lỗi HTTP 429 - product id: 174661450, thử lại 1/3
2025-09-29 21:09:11,286 WARNING: Lỗi HTTP 429 - product id: 175148749, thử lại 1/3
2025-09-29 21:09:11,297 WARNING: Lỗi HTTP 429 - product id: 175148768, thử lại 1/3
2025-09-29 21:09:11,394 WARNING: Lỗi HTTP 429 - product id: 175153899, thử lại 1/3
2025-09-29 21:09:11,445 WARNING: Lỗi HTTP 429 - product id: 175157790, thử lại 1/3
2025-09-29 21:09:11,505 WARNING: Lỗi HTTP 429 - product id: 175164864, thử lại 1/3
2025-09-29 21:09:11,589 WARNING: Lỗi HTTP 429 - product id: 175166129, thử lại 1/3
2025-09-29 21:09:11,591 WARNING: Lỗi HTTP 429 - product id: 175166157, thử lại 1/3
2025-09-29 21:09:12,445 WARNING: Lỗi HTTP 429 - product id: 175437245, thử lại 1/3
2025-09-29 21:09:12,793 WARNING: Lỗi HTTP 429 - product id: 175535000, thử lại 1/3
2025-09-29 21:09:12,840 WARNING: Lỗi HTTP 429 - product id: 175541918, thử lại 1/3
2025-09-29 21:09:12,853 WARNING: Lỗi HTTP 429 - product id: 175541932, thử lại 1/3
2025-09-29 21:09:12,876 WARNING: Lỗi HTTP 429 - product id: 175542103, thử lại 1/3
2025-09-29 21:09:12,900 WARNING: Lỗi HTTP 429 - product id: 175549400, thử lại 1/3
2025-09-29 21:09:12,923 WARNING: Lỗi HTTP 429 - product id: 175549767, thử lại 1/3
2025-09-29 21:09:13,043 WARNING: Lỗi HTTP 429 - product id: 175552081, thử lại 1/3
2025-09-29 21:09:13,047 WARNING: Lỗi HTTP 429 - product id: 175552822, thử lại 1/3
2025-09-29 21:09:13,102 WARNING: Lỗi HTTP 429 - product id: 175574965, thử lại 1/3
2025-09-29 21:09:13,449 WARNING: Lỗi HTTP 429 - product id: 175656304, thử lại 1/3
2025-09-29 21:09:13,493 WARNING: Lỗi HTTP 429 - product id: 175662892, thử lại 1/3
2025-09-29 21:09:13,747 WARNING: Lỗi HTTP 429 - product id: 174651117, thử lại 1/3
2025-09-29 21:09:14,536 WARNING: Lỗi HTTP 429 - product id: 174824211, thử lại 1/3
2025-09-29 21:09:14,606 WARNING: Lỗi HTTP 429 - product id: 174829966, thử lại 1/3
2025-09-29 21:09:14,617 WARNING: Lỗi HTTP 429 - product id: 174833283, thử lại 1/3
2025-09-29 21:09:14,694 WARNING: Lỗi HTTP 429 - product id: 174835183, thử lại 1/3
2025-09-29 21:09:18,643 WARNING: Lỗi HTTP 429 - product id: 174514896, thử lại 1/3
2025-09-29 21:09:18,646 WARNING: Lỗi HTTP 429 - product id: 174515233, thử lại 1/3
2025-09-29 21:09:18,691 WARNING: Lỗi HTTP 429 - product id: 174515321, thử lại 1/3
2025-09-29 21:09:18,754 WARNING: Lỗi HTTP 429 - product id: 174517263, thử lại 1/3
2025-09-29 21:09:19,249 WARNING: Lỗi HTTP 429 - product id: 175683324, thử lại 1/3
2025-09-29 21:09:22,384 INFO: Đã commit batch 123 (1000 sản phẩm)
2025-09-29 21:09:22,411 INFO: Đã ghi 997 sản phẩm vào file /home/quannh/projects_de/Lab_01/output/products_batch_123_997_ids.csv
2025-09-29 21:09:22,452 INFO: Đã insert 997 sản phẩm từ file /home/quannh/projects_de/Lab_01/output/products_batch_123_997_ids.csv vào database PostgeSQL
2025-09-29 21:09:22,478 INFO: Đã update lại status của batch 124 về pending để tiến hành crawl lại batch
2025-09-29 21:09:22,487 INFO: Bắt đầu crawl batch 124 (1000 sản phẩm)
2025-09-29 21:09:26,301 WARNING: Lỗi HTTP 429 - product id: 176295733, thử lại 1/3
2025-09-29 21:09:27,249 WARNING: Lỗi HTTP 429 - product id: 176008870, thử lại 1/3
2025-09-29 21:09:27,447 WARNING: Lỗi HTTP 429 - product id: 176037849, thử lại 1/3
2025-09-29 21:09:27,546 WARNING: Lỗi HTTP 429 - product id: 176052777, thử lại 1/3
2025-09-29 21:09:31,248 WARNING: Lỗi HTTP 429 - product id: 175788386, thử lại 1/3
2025-09-29 21:09:31,399 WARNING: Lỗi HTTP 429 - product id: 175789437, thử lại 1/3
2025-09-29 21:09:31,540 WARNING: Lỗi HTTP 429 - product id: 175790985, thử lại 1/3
2025-09-29 21:09:31,745 WARNING: Lỗi HTTP 429 - product id: 175793629, thử lại 1/3
2025-09-29 21:09:32,448 WARNING: Lỗi HTTP 429 - product id: 176053712, thử lại 1/3
2025-09-29 21:09:32,682 WARNING: Lỗi HTTP 429 - product id: 176057104, thử lại 1/3
2025-09-29 21:09:32,798 WARNING: Lỗi HTTP 429 - product id: 176063743, thử lại 1/3
2025-09-29 21:09:33,144 WARNING: Lỗi HTTP 429 - product id: 176098225, thử lại 1/3
2025-09-29 21:09:35,445 WARNING: Lỗi HTTP 429 - product id: 175797860, thử lại 1/3
2025-09-29 21:09:35,494 WARNING: Lỗi HTTP 429 - product id: 175797981, thử lại 1/3
2025-09-29 21:09:35,539 WARNING: Lỗi HTTP 429 - product id: 175799042, thử lại 1/3
2025-09-29 21:09:35,543 WARNING: Lỗi HTTP 429 - product id: 175799173, thử lại 1/3
2025-09-29 21:09:35,748 WARNING: Lỗi HTTP 429 - product id: 175810444, thử lại 1/3
2025-09-29 21:09:35,749 WARNING: Lỗi HTTP 429 - product id: 175812463, thử lại 1/3
2025-09-29 21:09:35,840 WARNING: Lỗi HTTP 429 - product id: 175813180, thử lại 1/3
2025-09-29 21:09:36,146 WARNING: Lỗi HTTP 429 - product id: 175836199, thử lại 1/3
2025-09-29 21:09:36,197 WARNING: Lỗi HTTP 429 - product id: 175836295, thử lại 1/3
2025-09-29 21:09:36,239 WARNING: Lỗi HTTP 429 - product id: 175847247, thử lại 1/3
2025-09-29 21:09:36,404 WARNING: Lỗi HTTP 429 - product id: 175848696, thử lại 1/3
2025-09-29 21:09:38,516 WARNING: Lỗi HTTP 404: Không tim thấy product id - product id: 176150593
2025-09-29 21:09:39,507 INFO: Đã commit batch 124 (1000 sản phẩm)
2025-09-29 21:09:39,534 INFO: Đã ghi 999 sản phẩm vào file /home/quannh/projects_de/Lab_01/output/products_batch_124_999_ids.csv
2025-09-29 21:09:39,580 INFO: Đã insert 999 sản phẩm từ file /home/quannh/projects_de/Lab_01/output/products_batch_124_999_ids.csv vào database PostgeSQL
2025-09-29 21:09:39,606 INFO: Đã update lại status của batch 125 về pending để tiến hành crawl lại batch
2025-09-29 21:09:39,616 INFO: Bắt đầu crawl batch 125 (1000 sản phẩm)
2025-09-29 21:09:40,222 WARNING: Lỗi HTTP 429 - product id: 176536826, thử lại 1/3
2025-09-29 21:09:40,388 WARNING: Lỗi HTTP 404: Không tim thấy product id - product id: 176488082
2025-09-29 21:09:40,594 WARNING: Lỗi HTTP 404: Không tim thấy product id - product id: 176508941
2025-09-29 21:09:41,425 WARNING: Lỗi HTTP 429 - product id: 176635071, thử lại 1/3
2025-09-29 21:09:41,518 WARNING: Lỗi HTTP 429 - product id: 176645321, thử lại 1/3
2025-09-29 21:09:41,525 WARNING: Lỗi HTTP 429 - product id: 176645346, thử lại 1/3
2025-09-29 21:09:41,969 WARNING: Lỗi HTTP 429 - product id: 176936962, thử lại 1/3
2025-09-29 21:09:41,978 WARNING: Lỗi HTTP 429 - product id: 176937020, thử lại 1/3
2025-09-29 21:09:42,771 WARNING: Lỗi HTTP 429 - product id: 177129016, thử lại 1/3
2025-09-29 21:09:42,927 WARNING: Lỗi HTTP 429 - product id: 176400109, thử lại 1/3
2025-09-29 21:09:43,018 WARNING: Lỗi HTTP 429 - product id: 176402714, thử lại 1/3
2025-09-29 21:09:43,070 WARNING: Lỗi HTTP 429 - product id: 176402890, thử lại 1/3
2025-09-29 21:09:43,220 WARNING: Lỗi HTTP 429 - product id: 176405498, thử lại 1/3
2025-09-29 21:09:43,675 WARNING: Lỗi HTTP 429 - product id: 176417408, thử lại 1/3
2025-09-29 21:09:44,172 WARNING: Lỗi HTTP 429 - product id: 176612975, thử lại 1/3
2025-09-29 21:09:44,174 WARNING: Lỗi HTTP 429 - product id: 176613000, thử lại 1/3
2025-09-29 21:09:44,525 WARNING: Lỗi HTTP 429 - product id: 176661044, thử lại 1/3
2025-09-29 21:09:45,075 WARNING: Lỗi HTTP 429 - product id: 176695591, thử lại 1/3
2025-09-29 21:09:45,233 WARNING: Lỗi HTTP 429 - product id: 176704669, thử lại 1/3
2025-09-29 21:09:45,326 WARNING: Lỗi HTTP 429 - product id: 176708926, thử lại 1/3
2025-09-29 21:09:45,370 WARNING: Lỗi HTTP 429 - product id: 176711799, thử lại 1/3
2025-09-29 21:09:45,714 WARNING: Lỗi HTTP 429 - product id: 176747896, thử lại 1/3
2025-09-29 21:09:45,818 WARNING: Lỗi HTTP 429 - product id: 176759695, thử lại 1/3
2025-09-29 21:09:46,174 WARNING: Lỗi HTTP 429 - product id: 176402890, thử lại 2/3
2025-09-29 21:09:46,219 WARNING: Lỗi HTTP 429 - product id: 176800895, thử lại 1/3
2025-09-29 21:09:49,423 WARNING: Lỗi HTTP 429 - product id: 176698969, thử lại 1/3
2025-09-29 21:09:49,466 WARNING: Lỗi HTTP 429 - product id: 176700387, thử lại 1/3
2025-09-29 21:09:49,725 WARNING: Lỗi HTTP 429 - product id: 176723859, thử lại 1/3
2025-09-29 21:09:49,922 WARNING: Lỗi HTTP 429 - product id: 176731540, thử lại 1/3
2025-09-29 21:09:49,926 WARNING: Lỗi HTTP 429 - product id: 176732338, thử lại 1/3
2025-09-29 21:09:49,981 WARNING: Lỗi HTTP 429 - product id: 176747546, thử lại 1/3
2025-09-29 21:09:50,044 WARNING: Lỗi HTTP 429 - product id: 176752053, thử lại 1/3
2025-09-29 21:09:50,880 WARNING: Lỗi HTTP 429 - product id: 176851443, thử lại 1/3
2025-09-29 21:09:50,926 WARNING: Lỗi HTTP 429 - product id: 176888665, thử lại 1/3
2025-09-29 21:09:51,270 WARNING: Lỗi HTTP 429 - product id: 176907308, thử lại 1/3
2025-09-29 21:09:51,271 WARNING: Lỗi HTTP 429 - product id: 176907418, thử lại 1/3
2025-09-29 21:09:51,571 WARNING: Lỗi HTTP 429 - product id: 176456660, thử lại 1/3
2025-09-29 21:09:51,572 WARNING: Lỗi HTTP 429 - product id: 176456629, thử lại 1/3
2025-09-29 21:09:51,635 WARNING: Lỗi HTTP 429 - product id: 176456916, thử lại 1/3
2025-09-29 21:09:52,222 WARNING: Lỗi HTTP 429 - product id: 176474622, thử lại 1/3
2025-09-29 21:09:52,318 WARNING: Lỗi HTTP 429 - product id: 176474886, thử lại 1/3
2025-09-29 21:09:52,329 WARNING: Lỗi HTTP 429 - product id: 176476585, thử lại 1/3
2025-09-29 21:09:52,383 WARNING: Lỗi HTTP 429 - product id: 176476978, thử lại 1/3
2025-09-29 21:09:53,175 WARNING: Lỗi HTTP 429 - product id: 176535360, thử lại 1/3
2025-09-29 21:09:53,267 WARNING: Lỗi HTTP 429 - product id: 176545026, thử lại 1/3
2025-09-29 21:09:53,274 WARNING: Lỗi HTTP 429 - product id: 176549111, thử lại 1/3
2025-09-29 21:09:53,521 WARNING: Lỗi HTTP 429 - product id: 176553930, thử lại 1/3
2025-09-29 21:09:53,622 WARNING: Lỗi HTTP 429 - product id: 176573723, thử lại 1/3
2025-09-29 21:09:53,666 WARNING: Lỗi HTTP 429 - product id: 176573747, thử lại 1/3
2025-09-29 21:09:53,770 WARNING: Lỗi HTTP 429 - product id: 176582482, thử lại 1/3
2025-09-29 21:09:55,425 WARNING: Lỗi HTTP 429 - product id: 177077986, thử lại 1/3
2025-09-29 21:09:55,518 WARNING: Lỗi HTTP 429 - product id: 177085628, thử lại 1/3
2025-09-29 21:09:58,631 INFO: Đã commit batch 125 (1000 sản phẩm)
2025-09-29 21:09:58,659 INFO: Đã ghi 998 sản phẩm vào file /home/quannh/projects_de/Lab_01/output/products_batch_125_998_ids.csv
2025-09-29 21:09:58,703 INFO: Đã insert 998 sản phẩm từ file /home/quannh/projects_de/Lab_01/output/products_batch_125_998_ids.csv vào database PostgeSQL
2025-09-29 21:09:58,730 INFO: Đã update lại status của batch 126 về pending để tiến hành crawl lại batch
2025-09-29 21:09:58,740 INFO: Bắt đầu crawl batch 126 (1000 sản phẩm)
2025-09-29 21:09:59,703 WARNING: Lỗi HTTP 429 - product id: 177552389, thử lại 1/3
2025-09-29 21:09:59,796 WARNING: Lỗi HTTP 429 - product id: 177552879, thử lại 1/3
2025-09-29 21:09:59,998 WARNING: Lỗi HTTP 429 - product id: 177556290, thử lại 1/3
2025-09-29 21:10:00,045 WARNING: Lỗi HTTP 429 - product id: 177556611, thử lại 1/3
2025-09-29 21:10:00,097 WARNING: Lỗi HTTP 429 - product id: 177558484, thử lại 1/3
2025-09-29 21:10:00,152 WARNING: Lỗi HTTP 429 - product id: 177564215, thử lại 1/3
2025-09-29 21:10:01,501 WARNING: Lỗi HTTP 429 - product id: 177189876, thử lại 1/3
2025-09-29 21:10:01,502 WARNING: Lỗi HTTP 429 - product id: 177190013, thử lại 1/3
2025-09-29 21:10:01,603 WARNING: Lỗi HTTP 429 - product id: 177198299, thử lại 1/3
2025-09-29 21:10:02,003 WARNING: Lỗi HTTP 429 - product id: 177212624, thử lại 1/3
2025-09-29 21:10:03,848 WARNING: Lỗi HTTP 429 - product id: 177487282, thử lại 1/3
2025-09-29 21:10:03,900 WARNING: Lỗi HTTP 429 - product id: 177487556, thử lại 1/3
2025-09-29 21:10:04,224 WARNING: Lỗi HTTP 429 - product id: 177499922, thử lại 1/3
2025-09-29 21:10:04,453 WARNING: Lỗi HTTP 429 - product id: 177527048, thử lại 1/3
2025-09-29 21:10:04,453 WARNING: Lỗi HTTP 429 - product id: 177527083, thử lại 1/3
2025-09-29 21:10:04,549 WARNING: Lỗi HTTP 429 - product id: 177545647, thử lại 1/3
2025-09-29 21:10:04,553 WARNING: Lỗi HTTP 429 - product id: 177545673, thử lại 1/3
2025-09-29 21:10:04,742 WARNING: Lỗi HTTP 429 - product id: 177552911, thử lại 1/3
2025-09-29 21:10:04,896 WARNING: Lỗi HTTP 429 - product id: 177555851, thử lại 1/3
2025-09-29 21:10:05,215 WARNING: Lỗi HTTP 429 - product id: 177560948, thử lại 1/3
2025-09-29 21:10:05,248 WARNING: Lỗi HTTP 429 - product id: 177561158, thử lại 1/3
2025-09-29 21:10:05,249 WARNING: Lỗi HTTP 429 - product id: 177563088, thử lại 1/3
2025-09-29 21:10:05,250 WARNING: Lỗi HTTP 429 - product id: 177563769, thử lại 1/3
2025-09-29 21:10:05,287 WARNING: Lỗi HTTP 429 - product id: 177564183, thử lại 1/3
2025-09-29 21:10:05,297 WARNING: Lỗi HTTP 429 - product id: 177564239, thử lại 1/3
2025-09-29 21:10:05,299 WARNING: Lỗi HTTP 429 - product id: 177564211, thử lại 1/3
2025-09-29 21:10:06,398 WARNING: Lỗi HTTP 429 - product id: 177628070, thử lại 1/3
2025-09-29 21:10:06,416 WARNING: Lỗi HTTP 429 - product id: 177628094, thử lại 1/3
2025-09-29 21:10:08,597 WARNING: Lỗi HTTP 429 - product id: 177274417, thử lại 1/3
2025-09-29 21:10:08,750 WARNING: Lỗi HTTP 429 - product id: 177286853, thử lại 1/3
2025-09-29 21:10:08,792 WARNING: Lỗi HTTP 429 - product id: 177307937, thử lại 1/3
2025-09-29 21:10:08,849 WARNING: Lỗi HTTP 429 - product id: 177312768, thử lại 1/3
2025-09-29 21:10:08,850 WARNING: Lỗi HTTP 429 - product id: 177315159, thử lại 1/3
2025-09-29 21:10:09,096 WARNING: Lỗi HTTP 429 - product id: 177328353, thử lại 1/3
2025-09-29 21:10:10,861 WARNING: Lỗi HTTP 404: Không tim thấy product id - product id: 177703021
2025-09-29 21:10:10,917 WARNING: Lỗi HTTP 404: Không tim thấy product id - product id: 177703356
2025-09-29 21:10:11,162 WARNING: Lỗi HTTP 404: Không tim thấy product id - product id: 177703051
2025-09-29 21:10:11,213 WARNING: Lỗi HTTP 404: Không tim thấy product id - product id: 177703218
2025-09-29 21:10:11,278 WARNING: Lỗi HTTP 404: Không tim thấy product id - product id: 177703463
2025-09-29 21:10:11,484 WARNING: Lỗi HTTP 404: Không tim thấy product id - product id: 177703093
2025-09-29 21:10:13,667 WARNING: Lỗi HTTP 404: Không tim thấy product id - product id: 177703395
2025-09-29 21:10:13,918 WARNING: Lỗi HTTP 404: Không tim thấy product id - product id: 177703256
2025-09-29 21:10:13,964 WARNING: Lỗi HTTP 404: Không tim thấy product id - product id: 177703412
2025-09-29 21:10:15,704 INFO: Đã commit batch 126 (1000 sản phẩm)
2025-09-29 21:10:15,730 INFO: Đã ghi 991 sản phẩm vào file /home/quannh/projects_de/Lab_01/output/products_batch_126_991_ids.csv
2025-09-29 21:10:15,794 INFO: Đã insert 991 sản phẩm từ file /home/quannh/projects_de/Lab_01/output/products_batch_126_991_ids.csv vào database PostgeSQL
2025-09-29 21:10:15,819 INFO: Đã update lại status của batch 127 về pending để tiến hành crawl lại batch
2025-09-29 21:10:15,829 INFO: Bắt đầu crawl batch 127 (1000 sản phẩm)
2025-09-29 21:10:17,909 WARNING: Lỗi HTTP 404: Không tim thấy product id - product id: 178042430
2025-09-29 21:10:18,354 WARNING: Lỗi HTTP 404: Không tim thấy product id - product id: 178041627
2025-09-29 21:10:19,036 WARNING: Lỗi HTTP 429 - product id: 178465766, thử lại 1/3
2025-09-29 21:10:19,572 WARNING: Lỗi HTTP 429 - product id: 178507157, thử lại 1/3
2025-09-29 21:10:20,630 WARNING: Lỗi HTTP 429 - product id: 178086922, thử lại 1/3
2025-09-29 21:10:22,791 WARNING: Lỗi HTTP 429 - product id: 178314328, thử lại 1/3
2025-09-29 21:10:23,004 WARNING: Lỗi HTTP 404: Không tim thấy product id - product id: 178297848
2025-09-29 21:10:23,187 WARNING: Lỗi HTTP 429 - product id: 177780199, thử lại 1/3
2025-09-29 21:10:23,334 WARNING: Lỗi HTTP 429 - product id: 177794652, thử lại 1/3
2025-09-29 21:10:23,337 WARNING: Lỗi HTTP 429 - product id: 177809158, thử lại 1/3
2025-09-29 21:10:23,486 WARNING: Lỗi HTTP 429 - product id: 177777809, thử lại 1/3
2025-09-29 21:10:23,532 WARNING: Lỗi HTTP 429 - product id: 177777914, thử lại 1/3
2025-09-29 21:10:23,582 WARNING: Lỗi HTTP 429 - product id: 177780687, thử lại 1/3
2025-09-29 21:10:23,584 WARNING: Lỗi HTTP 429 - product id: 177781500, thử lại 1/3
2025-09-29 21:10:23,715 WARNING: Lỗi HTTP 404: Không tim thấy product id - product id: 177813776
2025-09-29 21:10:24,283 WARNING: Lỗi HTTP 429 - product id: 177908856, thử lại 1/3
2025-09-29 21:10:24,291 WARNING: Lỗi HTTP 429 - product id: 177908920, thử lại 1/3
2025-09-29 21:10:26,255 WARNING: Lỗi HTTP 404: Không tim thấy product id - product id: 178088896
2025-09-29 21:10:26,503 WARNING: Lỗi HTTP 404: Không tim thấy product id - product id: 178111489
2025-09-29 21:10:27,187 WARNING: Lỗi HTTP 429 - product id: 178262686, thử lại 1/3
2025-09-29 21:10:29,403 WARNING: Lỗi HTTP 404: Không tim thấy product id - product id: 178041921
2025-09-29 21:10:29,453 WARNING: Lỗi HTTP 404: Không tim thấy product id - product id: 178042439
2025-09-29 21:10:29,502 WARNING: Lỗi HTTP 404: Không tim thấy product id - product id: 178042482
2025-09-29 21:10:29,556 WARNING: Lỗi HTTP 404: Không tim thấy product id - product id: 178042489
2025-09-29 21:10:29,856 WARNING: Lỗi HTTP 404: Không tim thấy product id - product id: 178041869
2025-09-29 21:10:29,908 WARNING: Lỗi HTTP 404: Không tim thấy product id - product id: 178042194
2025-09-29 21:10:29,950 WARNING: Lỗi HTTP 404: Không tim thấy product id - product id: 178042421
2025-09-29 21:10:30,439 WARNING: Lỗi HTTP 429 - product id: 178457954, thử lại 1/3
2025-09-29 21:10:31,044 WARNING: Lỗi HTTP 429 - product id: 178511311, thử lại 1/3
2025-09-29 21:10:31,137 WARNING: Lỗi HTTP 429 - product id: 178511943, thử lại 1/3
2025-09-29 21:10:31,184 WARNING: Lỗi HTTP 429 - product id: 178512251, thử lại 1/3
2025-09-29 21:10:31,184 WARNING: Lỗi HTTP 429 - product id: 178512059, thử lại 1/3
2025-09-29 21:10:31,589 WARNING: Lỗi HTTP 429 - product id: 178559975, thử lại 1/3
2025-09-29 21:10:31,638 WARNING: Lỗi HTTP 429 - product id: 178561271, thử lại 1/3
2025-09-29 21:10:34,744 INFO: Đã commit batch 127 (1000 sản phẩm)
2025-09-29 21:10:34,769 INFO: Đã ghi 987 sản phẩm vào file /home/quannh/projects_de/Lab_01/output/products_batch_127_987_ids.csv
2025-09-29 21:10:34,805 INFO: Đã insert 987 sản phẩm từ file /home/quannh/projects_de/Lab_01/output/products_batch_127_987_ids.csv vào database PostgeSQL
2025-09-29 21:10:34,831 INFO: Đã update lại status của batch 128 về pending để tiến hành crawl lại batch
2025-09-29 21:10:34,841 INFO: Bắt đầu crawl batch 128 (1000 sản phẩm)
2025-09-29 21:10:36,216 WARNING: Lỗi HTTP 404: Không tim thấy product id - product id: 179142419
2025-09-29 21:10:38,766 WARNING: Lỗi HTTP 404: Không tim thấy product id - product id: 178745135
2025-09-29 21:10:42,549 WARNING: Lỗi HTTP 429 - product id: 178578162, thử lại 1/3
2025-09-29 21:10:42,598 WARNING: Lỗi HTTP 429 - product id: 178584511, thử lại 1/3
2025-09-29 21:10:42,598 WARNING: Lỗi HTTP 429 - product id: 178578208, thử lại 1/3
2025-09-29 21:10:42,703 WARNING: Lỗi HTTP 429 - product id: 178585032, thử lại 1/3
2025-09-29 21:10:43,150 WARNING: Lỗi HTTP 429 - product id: 178604854, thử lại 1/3
2025-09-29 21:10:43,240 WARNING: Lỗi HTTP 429 - product id: 178575820, thử lại 1/3
2025-09-29 21:10:43,452 WARNING: Lỗi HTTP 429 - product id: 178578026, thử lại 1/3
2025-09-29 21:10:43,593 WARNING: Lỗi HTTP 429 - product id: 178585356, thử lại 1/3
2025-09-29 21:10:43,806 WARNING: Lỗi HTTP 429 - product id: 178593193, thử lại 1/3
2025-09-29 21:10:44,153 WARNING: Lỗi HTTP 429 - product id: 178606776, thử lại 1/3
2025-09-29 21:10:44,246 WARNING: Lỗi HTTP 429 - product id: 178608432, thử lại 1/3
2025-09-29 21:10:44,307 WARNING: Lỗi HTTP 429 - product id: 178608483, thử lại 1/3
2025-09-29 21:10:44,404 WARNING: Lỗi HTTP 429 - product id: 178608864, thử lại 1/3
2025-09-29 21:10:44,452 WARNING: Lỗi HTTP 429 - product id: 178723956, thử lại 1/3
2025-09-29 21:10:44,552 WARNING: Lỗi HTTP 429 - product id: 178736229, thử lại 1/3
2025-09-29 21:10:44,710 WARNING: Lỗi HTTP 429 - product id: 178776328, thử lại 1/3
2025-09-29 21:10:45,004 WARNING: Lỗi HTTP 429 - product id: 178836658, thử lại 1/3
2025-09-29 21:10:45,845 WARNING: Lỗi HTTP 429 - product id: 179399474, thử lại 1/3
2025-09-29 21:10:46,146 WARNING: Lỗi HTTP 429 - product id: 179408359, thử lại 1/3
2025-09-29 21:10:46,151 WARNING: Lỗi HTTP 429 - product id: 179409086, thử lại 1/3
2025-09-29 21:10:46,201 WARNING: Lỗi HTTP 429 - product id: 179413903, thử lại 1/3
2025-09-29 21:10:46,216 WARNING: Lỗi HTTP 429 - product id: 178604854, thử lại 2/3
2025-09-29 21:10:46,351 WARNING: Lỗi HTTP 429 - product id: 179437802, thử lại 1/3
2025-09-29 21:10:46,548 WARNING: Lỗi HTTP 429 - product id: 179439189, thử lại 1/3
2025-09-29 21:10:47,405 WARNING: Lỗi HTTP 429 - product id: 178608483, thử lại 2/3
2025-09-29 21:10:47,608 WARNING: Lỗi HTTP 429 - product id: 178723956, thử lại 2/3
2025-09-29 21:10:47,611 WARNING: Lỗi HTTP 429 - product id: 179538750, thử lại 1/3
2025-09-29 21:10:47,662 WARNING: Lỗi HTTP 429 - product id: 179539033, thử lại 1/3
2025-09-29 21:10:47,682 WARNING: Lỗi HTTP 429 - product id: 178736229, thử lại 2/3
2025-09-29 21:10:47,701 WARNING: Lỗi HTTP 429 - product id: 179539335, thử lại 1/3
2025-09-29 21:10:47,880 WARNING: Lỗi HTTP 404: Không tim thấy product id - product id: 178606776
2025-09-29 21:10:48,112 WARNING: Lỗi HTTP 429 - product id: 179142407, thử lại 1/3
2025-09-29 21:10:48,271 WARNING: Lỗi HTTP 429 - product id: 179142437, thử lại 1/3
2025-09-29 21:10:48,497 WARNING: Lỗi HTTP 429 - product id: 179151032, thử lại 1/3
2025-09-29 21:10:48,498 WARNING: Lỗi HTTP 429 - product id: 179150654, thử lại 1/3
2025-09-29 21:10:48,585 WARNING: Lỗi HTTP 404: Không tim thấy product id - product id: 179142316
2025-09-29 21:10:50,446 WARNING: Lỗi HTTP 429 - product id: 179406901, thử lại 1/3
2025-09-29 21:10:50,507 WARNING: Lỗi HTTP 429 - product id: 179411890, thử lại 1/3
2025-09-29 21:10:53,789 INFO: Đã commit batch 128 (1000 sản phẩm)
2025-09-29 21:10:53,815 INFO: Đã ghi 996 sản phẩm vào file /home/quannh/projects_de/Lab_01/output/products_batch_128_996_ids.csv
2025-09-29 21:10:53,853 INFO: Đã insert 996 sản phẩm từ file /home/quannh/projects_de/Lab_01/output/products_batch_128_996_ids.csv vào database PostgeSQL
2025-09-29 21:10:53,879 INFO: Đã update lại status của batch 129 về pending để tiến hành crawl lại batch
2025-09-29 21:10:53,889 INFO: Bắt đầu crawl batch 129 (1000 sản phẩm)
2025-09-29 21:10:59,198 WARNING: Lỗi HTTP 429 - product id: 180238461, thử lại 1/3
2025-09-29 21:11:00,790 WARNING: Lỗi HTTP 429 - product id: 180390399, thử lại 1/3
2025-09-29 21:11:00,792 WARNING: Lỗi HTTP 429 - product id: 180390405, thử lại 1/3
2025-09-29 21:11:00,854 WARNING: Lỗi HTTP 429 - product id: 180390501, thử lại 1/3
2025-09-29 21:11:02,998 WARNING: Lỗi HTTP 429 - product id: 180236557, thử lại 1/3
2025-09-29 21:11:03,297 WARNING: Lỗi HTTP 429 - product id: 180305984, thử lại 1/3
2025-09-29 21:11:03,346 WARNING: Lỗi HTTP 429 - product id: 180308402, thử lại 1/3
2025-09-29 21:11:04,251 WARNING: Lỗi HTTP 429 - product id: 180388579, thử lại 1/3
2025-09-29 21:11:04,850 WARNING: Lỗi HTTP 429 - product id: 179788990, thử lại 1/3
2025-09-29 21:11:05,148 WARNING: Lỗi HTTP 429 - product id: 179797233, thử lại 1/3
2025-09-29 21:11:05,246 WARNING: Lỗi HTTP 429 - product id: 179805786, thử lại 1/3
2025-09-29 21:11:05,290 WARNING: Lỗi HTTP 429 - product id: 179805999, thử lại 1/3
2025-09-29 21:11:05,605 WARNING: Lỗi HTTP 429 - product id: 179880459, thử lại 1/3
2025-09-29 21:11:06,746 WARNING: Lỗi HTTP 429 - product id: 179969626, thử lại 1/3
2025-09-29 21:11:07,362 WARNING: Lỗi HTTP 429 - product id: 180397094, thử lại 1/3
2025-09-29 21:11:07,490 WARNING: Lỗi HTTP 429 - product id: 180397955, thử lại 1/3
2025-09-29 21:11:07,542 WARNING: Lỗi HTTP 429 - product id: 180398306, thử lại 1/3
2025-09-29 21:11:07,696 WARNING: Lỗi HTTP 429 - product id: 180402680, thử lại 1/3
2025-09-29 21:11:09,148 WARNING: Lỗi HTTP 429 - product id: 179715884, thử lại 1/3
2025-09-29 21:11:12,280 INFO: Đã commit batch 129 (1000 sản phẩm)
2025-09-29 21:11:12,303 INFO: Đã ghi 1000 sản phẩm vào file /home/quannh/projects_de/Lab_01/output/products_batch_129_1000_ids.csv
2025-09-29 21:11:12,339 INFO: Đã insert 1000 sản phẩm từ file /home/quannh/projects_de/Lab_01/output/products_batch_129_1000_ids.csv vào database PostgeSQL
2025-09-29 21:11:12,365 INFO: Đã update lại status của batch 130 về pending để tiến hành crawl lại batch
2025-09-29 21:11:12,376 INFO: Bắt đầu crawl batch 130 (1000 sản phẩm)
2025-09-29 21:11:14,785 WARNING: Lỗi HTTP 429 - product id: 180944691, thử lại 1/3
2025-09-29 21:11:15,314 WARNING: Lỗi HTTP 404: Không tim thấy product id - product id: 180576324
2025-09-29 21:11:15,359 WARNING: Lỗi HTTP 404: Không tim thấy product id - product id: 180585865
2025-09-29 21:11:15,653 WARNING: Lỗi HTTP 404: Không tim thấy product id - product id: 180592620
2025-09-29 21:11:16,241 WARNING: Lỗi HTTP 429 - product id: 180854558, thử lại 1/3
2025-09-29 21:11:16,289 WARNING: Lỗi HTTP 429 - product id: 180855287, thử lại 1/3
2025-09-29 21:11:16,334 WARNING: Lỗi HTTP 429 - product id: 180864565, thử lại 1/3
2025-09-29 21:11:16,341 WARNING: Lỗi HTTP 429 - product id: 180865650, thử lại 1/3
2025-09-29 21:11:16,943 WARNING: Lỗi HTTP 429 - product id: 180915461, thử lại 1/3
2025-09-29 21:11:17,982 WARNING: Lỗi HTTP 429 - product id: 180918516, thử lại 1/3
2025-09-29 21:11:18,784 WARNING: Lỗi HTTP 429 - product id: 180920685, thử lại 1/3
2025-09-29 21:11:18,882 WARNING: Lỗi HTTP 429 - product id: 180921009, thử lại 1/3
2025-09-29 21:11:18,886 WARNING: Lỗi HTTP 429 - product id: 180921086, thử lại 1/3
2025-09-29 21:11:18,887 WARNING: Lỗi HTTP 429 - product id: 180920896, thử lại 1/3
2025-09-29 21:11:19,537 WARNING: Lỗi HTTP 429 - product id: 180864565, thử lại 2/3
2025-09-29 21:11:19,632 WARNING: Lỗi HTTP 429 - product id: 180568036, thử lại 1/3
2025-09-29 21:11:20,598 WARNING: Lỗi HTTP 404: Không tim thấy product id - product id: 180585063
2025-09-29 21:11:23,746 WARNING: Lỗi HTTP 429 - product id: 180934353, thử lại 1/3
2025-09-29 21:11:23,933 WARNING: Lỗi HTTP 429 - product id: 180937092, thử lại 1/3
2025-09-29 21:11:23,983 WARNING: Lỗi HTTP 429 - product id: 180938395, thử lại 1/3
2025-09-29 21:11:24,008 WARNING: Lỗi HTTP 429 - product id: 180938501, thử lại 1/3
2025-09-29 21:11:24,034 WARNING: Lỗi HTTP 429 - product id: 180938743, thử lại 1/3
2025-09-29 21:11:24,042 WARNING: Lỗi HTTP 429 - product id: 180938861, thử lại 1/3
2025-09-29 21:11:24,132 WARNING: Lỗi HTTP 429 - product id: 180906945, thử lại 1/3
2025-09-29 21:11:24,142 WARNING: Lỗi HTTP 429 - product id: 180906981, thử lại 1/3
2025-09-29 21:11:24,217 WARNING: Lỗi HTTP 429 - product id: 180907128, thử lại 1/3
2025-09-29 21:11:24,231 WARNING: Lỗi HTTP 429 - product id: 180907735, thử lại 1/3
2025-09-29 21:11:24,242 WARNING: Lỗi HTTP 429 - product id: 180907742, thử lại 1/3
2025-09-29 21:11:24,281 WARNING: Lỗi HTTP 429 - product id: 180907868, thử lại 1/3
2025-09-29 21:11:24,534 WARNING: Lỗi HTTP 429 - product id: 180908549, thử lại 1/3
2025-09-29 21:11:24,584 WARNING: Lỗi HTTP 429 - product id: 180908762, thử lại 1/3
2025-09-29 21:11:25,634 WARNING: Lỗi HTTP 429 - product id: 180912579, thử lại 1/3
2025-09-29 21:11:25,786 WARNING: Lỗi HTTP 429 - product id: 180913227, thử lại 1/3
2025-09-29 21:11:25,886 WARNING: Lỗi HTTP 429 - product id: 180913738, thử lại 1/3
2025-09-29 21:11:25,959 WARNING: Lỗi HTTP 429 - product id: 180913838, thử lại 1/3
2025-09-29 21:11:25,982 WARNING: Lỗi HTTP 429 - product id: 180913910, thử lại 1/3
2025-09-29 21:11:26,040 WARNING: Lỗi HTTP 429 - product id: 180914009, thử lại 1/3
2025-09-29 21:11:29,235 INFO: Đã commit batch 130 (1000 sản phẩm)
2025-09-29 21:11:29,254 INFO: Đã ghi 996 sản phẩm vào file /home/quannh/projects_de/Lab_01/output/products_batch_130_996_ids.csv
2025-09-29 21:11:29,278 INFO: Đã insert 996 sản phẩm từ file /home/quannh/projects_de/Lab_01/output/products_batch_130_996_ids.csv vào database PostgeSQL
2025-09-29 21:11:29,304 INFO: Đã update lại status của batch 131 về pending để tiến hành crawl lại batch
2025-09-29 21:11:29,313 INFO: Bắt đầu crawl batch 131 (1000 sản phẩm)
2025-09-29 21:11:29,665 WARNING: Lỗi HTTP 429 - product id: 181218664, thử lại 1/3
2025-09-29 21:11:29,674 WARNING: Lỗi HTTP 429 - product id: 181218970, thử lại 1/3
2025-09-29 21:11:29,733 WARNING: Lỗi HTTP 429 - product id: 181219289, thử lại 1/3
2025-09-29 21:11:29,771 WARNING: Lỗi HTTP 429 - product id: 181220073, thử lại 1/3
2025-09-29 21:11:29,774 WARNING: Lỗi HTTP 429 - product id: 181220103, thử lại 1/3
2025-09-29 21:11:29,800 WARNING: Lỗi HTTP 429 - product id: 181222940, thử lại 1/3
2025-09-29 21:11:29,814 WARNING: Lỗi HTTP 429 - product id: 181223372, thử lại 1/3
2025-09-29 21:11:29,868 WARNING: Lỗi HTTP 429 - product id: 181247581, thử lại 1/3
2025-09-29 21:11:29,868 WARNING: Lỗi HTTP 429 - product id: 181252855, thử lại 1/3
2025-09-29 21:11:29,872 WARNING: Lỗi HTTP 429 - product id: 181252994, thử lại 1/3
2025-09-29 21:11:29,967 WARNING: Lỗi HTTP 429 - product id: 181270492, thử lại 1/3
2025-09-29 21:11:30,022 WARNING: Lỗi HTTP 429 - product id: 181358464, thử lại 1/3
2025-09-29 21:11:30,036 WARNING: Lỗi HTTP 429 - product id: 181361148, thử lại 1/3
2025-09-29 21:11:30,036 WARNING: Lỗi HTTP 429 - product id: 181362445, thử lại 1/3
2025-09-29 21:11:30,564 WARNING: Lỗi HTTP 429 - product id: 181423285, thử lại 1/3
2025-09-29 21:11:30,568 WARNING: Lỗi HTTP 429 - product id: 181423289, thử lại 1/3
2025-09-29 21:11:31,428 WARNING: Lỗi HTTP 429 - product id: 181562427, thử lại 1/3
2025-09-29 21:11:31,473 WARNING: Lỗi HTTP 429 - product id: 181566777, thử lại 1/3
2025-09-29 21:11:31,523 WARNING: Lỗi HTTP 429 - product id: 181655636, thử lại 1/3
2025-09-29 21:11:31,576 WARNING: Lỗi HTTP 429 - product id: 181656016, thử lại 1/3
2025-09-29 21:11:31,767 WARNING: Lỗi HTTP 429 - product id: 180954551, thử lại 1/3
2025-09-29 21:11:32,329 WARNING: Lỗi HTTP 429 - product id: 180992859, thử lại 1/3
2025-09-29 21:11:32,577 WARNING: Lỗi HTTP 429 - product id: 181110878, thử lại 1/3
2025-09-29 21:11:32,775 WARNING: Lỗi HTTP 429 - product id: 181112324, thử lại 1/3
2025-09-29 21:11:32,826 WARNING: Lỗi HTTP 429 - product id: 181112478, thử lại 1/3
2025-09-29 21:11:32,835 WARNING: Lỗi HTTP 429 - product id: 181112445, thử lại 1/3
2025-09-29 21:11:32,863 WARNING: Lỗi HTTP 429 - product id: 181222940, thử lại 2/3
2025-09-29 21:11:32,972 WARNING: Lỗi HTTP 429 - product id: 181114859, thử lại 1/3
2025-09-29 21:11:33,227 WARNING: Lỗi HTTP 429 - product id: 181133523, thử lại 1/3
2025-09-29 21:11:33,321 WARNING: Lỗi HTTP 429 - product id: 181153509, thử lại 1/3
2025-09-29 21:11:33,480 WARNING: Lỗi HTTP 429 - product id: 181184963, thử lại 1/3
2025-09-29 21:11:33,560 WARNING: Lỗi HTTP 429 - product id: 181191145, thử lại 1/3
2025-09-29 21:11:33,627 WARNING: Lỗi HTTP 429 - product id: 181423285, thử lại 2/3
2025-09-29 21:11:33,668 WARNING: Lỗi HTTP 429 - product id: 181217202, thử lại 1/3
2025-09-29 21:11:34,121 WARNING: Lỗi HTTP 429 - product id: 181223592, thử lại 1/3
2025-09-29 21:11:36,513 WARNING: Lỗi HTTP 429 - product id: 180948287, thử lại 1/3
2025-09-29 21:11:36,572 WARNING: Lỗi HTTP 429 - product id: 180948413, thử lại 1/3
2025-09-29 21:11:36,575 WARNING: Lỗi HTTP 429 - product id: 180948444, thử lại 1/3
2025-09-29 21:11:36,671 WARNING: Lỗi HTTP 429 - product id: 181184963, thử lại 2/3
2025-09-29 21:11:36,671 WARNING: Lỗi HTTP 429 - product id: 180946142, thử lại 1/3
2025-09-29 21:11:36,674 WARNING: Lỗi HTTP 429 - product id: 180946360, thử lại 1/3
2025-09-29 21:11:38,780 WARNING: Lỗi HTTP 429 - product id: 181112425, thử lại 1/3
2025-09-29 21:11:39,023 WARNING: Lỗi HTTP 429 - product id: 181114906, thử lại 1/3
2025-09-29 21:11:39,024 WARNING: Lỗi HTTP 429 - product id: 181114830, thử lại 1/3
2025-09-29 21:11:39,224 WARNING: Lỗi HTTP 429 - product id: 181133251, thử lại 1/3
2025-09-29 21:11:39,316 WARNING: Lỗi HTTP 429 - product id: 181147309, thử lại 1/3
2025-09-29 21:11:43,772 WARNING: Lỗi HTTP 429 - product id: 181463070, thử lại 1/3
2025-09-29 21:11:46,881 INFO: Đã commit batch 131 (1000 sản phẩm)
2025-09-29 21:11:46,909 INFO: Đã ghi 1000 sản phẩm vào file /home/quannh/projects_de/Lab_01/output/products_batch_131_1000_ids.csv
2025-09-29 21:11:46,947 INFO: Đã insert 1000 sản phẩm từ file /home/quannh/projects_de/Lab_01/output/products_batch_131_1000_ids.csv vào database PostgeSQL
2025-09-29 21:11:46,972 INFO: Đã update lại status của batch 132 về pending để tiến hành crawl lại batch
2025-09-29 21:11:46,982 INFO: Bắt đầu crawl batch 132 (1000 sản phẩm)
2025-09-29 21:11:48,491 WARNING: Lỗi HTTP 429 - product id: 182559096, thử lại 1/3
2025-09-29 21:11:48,631 WARNING: Lỗi HTTP 429 - product id: 182587813, thử lại 1/3
2025-09-29 21:11:51,786 WARNING: Lỗi HTTP 429 - product id: 182559096, thử lại 2/3
2025-09-29 21:11:51,788 WARNING: Lỗi HTTP 429 - product id: 182739338, thử lại 1/3
2025-09-29 21:11:51,832 WARNING: Lỗi HTTP 429 - product id: 182739383, thử lại 1/3
2025-09-29 21:11:51,838 WARNING: Lỗi HTTP 429 - product id: 182739391, thử lại 1/3
2025-09-29 21:11:51,892 WARNING: Lỗi HTTP 429 - product id: 182587813, thử lại 2/3
2025-09-29 21:11:51,937 WARNING: Lỗi HTTP 429 - product id: 182743179, thử lại 1/3
2025-09-29 21:11:52,285 WARNING: Lỗi HTTP 429 - product id: 182782795, thử lại 1/3
2025-09-29 21:11:52,537 WARNING: Lỗi HTTP 429 - product id: 182808001, thử lại 1/3
2025-09-29 21:11:55,230 WARNING: Lỗi HTTP 404: Không tim thấy product id - product id: 181940296
2025-09-29 21:11:56,237 WARNING: Lỗi HTTP 429 - product id: 181997467, thử lại 1/3
2025-09-29 21:11:56,241 WARNING: Lỗi HTTP 429 - product id: 182084276, thử lại 1/3
2025-09-29 21:11:56,242 WARNING: Lỗi HTTP 429 - product id: 182086165, thử lại 1/3
2025-09-29 21:11:56,242 WARNING: Lỗi HTTP 429 - product id: 182095243, thử lại 1/3
2025-09-29 21:11:56,332 WARNING: Lỗi HTTP 429 - product id: 182123244, thử lại 1/3
2025-09-29 21:11:56,488 WARNING: Lỗi HTTP 429 - product id: 182133721, thử lại 1/3
2025-09-29 21:11:56,490 WARNING: Lỗi HTTP 429 - product id: 182135952, thử lại 1/3
2025-09-29 21:11:59,186 WARNING: Lỗi HTTP 429 - product id: 183035587, thử lại 1/3
2025-09-29 21:11:59,190 WARNING: Lỗi HTTP 429 - product id: 183035595, thử lại 1/3
2025-09-29 21:12:00,064 WARNING: Lỗi HTTP 404: Không tim thấy product id - product id: 183034117
2025-09-29 21:12:04,043 INFO: Đã commit batch 132 (1000 sản phẩm)
2025-09-29 21:12:04,068 INFO: Đã ghi 998 sản phẩm vào file /home/quannh/projects_de/Lab_01/output/products_batch_132_998_ids.csv
2025-09-29 21:12:04,104 INFO: Đã insert 998 sản phẩm từ file /home/quannh/projects_de/Lab_01/output/products_batch_132_998_ids.csv vào database PostgeSQL
2025-09-29 21:12:04,129 INFO: Đã update lại status của batch 133 về pending để tiến hành crawl lại batch
2025-09-29 21:12:04,139 INFO: Bắt đầu crawl batch 133 (1000 sản phẩm)
2025-09-29 21:12:04,321 WARNING: Lỗi HTTP 404: Không tim thấy product id - product id: 183491790
2025-09-29 21:12:08,140 WARNING: Lỗi HTTP 429 - product id: 183375839, thử lại 1/3
2025-09-29 21:12:09,699 WARNING: Lỗi HTTP 429 - product id: 183916472, thử lại 1/3
2025-09-29 21:12:09,891 WARNING: Lỗi HTTP 429 - product id: 183920311, thử lại 1/3
2025-09-29 21:12:09,946 WARNING: Lỗi HTTP 429 - product id: 183920436, thử lại 1/3
2025-09-29 21:12:10,195 WARNING: Lỗi HTTP 429 - product id: 184056001, thử lại 1/3
2025-09-29 21:12:10,211 WARNING: Lỗi HTTP 429 - product id: 184056231, thử lại 1/3
2025-09-29 21:12:10,340 WARNING: Lỗi HTTP 429 - product id: 184063642, thử lại 1/3
2025-09-29 21:12:10,404 WARNING: Lỗi HTTP 429 - product id: 184068728, thử lại 1/3
2025-09-29 21:12:11,157 WARNING: Lỗi HTTP 429 - product id: 184114510, thử lại 1/3
2025-09-29 21:12:11,297 WARNING: Lỗi HTTP 429 - product id: 183375839, thử lại 2/3
2025-09-29 21:12:11,443 WARNING: Lỗi HTTP 429 - product id: 183078959, thử lại 1/3
2025-09-29 21:12:18,696 WARNING: Lỗi HTTP 429 - product id: 183562895, thử lại 1/3
2025-09-29 21:12:18,747 WARNING: Lỗi HTTP 429 - product id: 183567234, thử lại 1/3
2025-09-29 21:12:20,099 WARNING: Lỗi HTTP 429 - product id: 184116576, thử lại 1/3
2025-09-29 21:12:23,216 INFO: Đã commit batch 133 (1000 sản phẩm)
2025-09-29 21:12:23,243 INFO: Đã ghi 999 sản phẩm vào file /home/quannh/projects_de/Lab_01/output/products_batch_133_999_ids.csv
2025-09-29 21:12:23,283 INFO: Đã insert 999 sản phẩm từ file /home/quannh/projects_de/Lab_01/output/products_batch_133_999_ids.csv vào database PostgeSQL
2025-09-29 21:12:23,309 INFO: Đã update lại status của batch 134 về pending để tiến hành crawl lại batch
2025-09-29 21:12:23,319 INFO: Bắt đầu crawl batch 134 (1000 sản phẩm)
2025-09-29 21:12:28,374 WARNING: Lỗi HTTP 429 - product id: 184760438, thử lại 1/3
2025-09-29 21:12:28,419 WARNING: Lỗi HTTP 429 - product id: 184760546, thử lại 1/3
2025-09-29 21:12:28,425 WARNING: Lỗi HTTP 429 - product id: 184760682, thử lại 1/3
2025-09-29 21:12:28,426 WARNING: Lỗi HTTP 429 - product id: 184760662, thử lại 1/3
2025-09-29 21:12:28,436 WARNING: Lỗi HTTP 429 - product id: 184760751, thử lại 1/3
2025-09-29 21:12:28,801 WARNING: Lỗi HTTP 404: Không tim thấy product id - product id: 184698105
2025-09-29 21:12:29,236 WARNING: Lỗi HTTP 429 - product id: 184777615, thử lại 1/3
2025-09-29 21:12:29,429 WARNING: Lỗi HTTP 429 - product id: 184814909, thử lại 1/3
2025-09-29 21:12:30,076 WARNING: Lỗi HTTP 429 - product id: 184886533, thử lại 1/3
2025-09-29 21:12:30,383 WARNING: Lỗi HTTP 429 - product id: 184907922, thử lại 1/3
2025-09-29 21:12:30,476 WARNING: Lỗi HTTP 429 - product id: 184133766, thử lại 1/3
2025-09-29 21:12:30,574 WARNING: Lỗi HTTP 429 - product id: 184134319, thử lại 1/3
2025-09-29 21:12:30,632 WARNING: Lỗi HTTP 429 - product id: 184134368, thử lại 1/3
2025-09-29 21:12:30,646 WARNING: Lỗi HTTP 429 - product id: 184218739, thử lại 1/3
2025-09-29 21:12:30,769 WARNING: Lỗi HTTP 429 - product id: 184236532, thử lại 1/3
2025-09-29 21:12:30,770 WARNING: Lỗi HTTP 429 - product id: 184236491, thử lại 1/3
2025-09-29 21:12:30,775 WARNING: Lỗi HTTP 429 - product id: 184237323, thử lại 1/3
2025-09-29 21:12:31,575 WARNING: Lỗi HTTP 429 - product id: 184760751, thử lại 2/3
2025-09-29 21:12:31,778 WARNING: Lỗi HTTP 429 - product id: 184126321, thử lại 1/3
2025-09-29 21:12:32,118 WARNING: Lỗi HTTP 429 - product id: 184237322, thử lại 1/3
2025-09-29 21:12:32,125 WARNING: Lỗi HTTP 429 - product id: 184240031, thử lại 1/3
2025-09-29 21:12:32,272 WARNING: Lỗi HTTP 429 - product id: 184301191, thử lại 1/3
2025-09-29 21:12:32,983 WARNING: Lỗi HTTP 429 - product id: 184761656, thử lại 1/3
2025-09-29 21:12:34,032 WARNING: Lỗi HTTP 429 - product id: 184790696, thử lại 1/3
2025-09-29 21:12:34,279 WARNING: Lỗi HTTP 429 - product id: 184815412, thử lại 1/3
2025-09-29 21:12:34,530 WARNING: Lỗi HTTP 429 - product id: 184825366, thử lại 1/3
2025-09-29 21:12:34,982 WARNING: Lỗi HTTP 429 - product id: 184880584, thử lại 1/3
2025-09-29 21:12:35,074 WARNING: Lỗi HTTP 429 - product id: 184897506, thử lại 1/3
2025-09-29 21:12:35,685 WARNING: Lỗi HTTP 429 - product id: 184449540, thử lại 1/3
2025-09-29 21:12:35,786 WARNING: Lỗi HTTP 429 - product id: 184449774, thử lại 1/3
2025-09-29 21:12:35,833 WARNING: Lỗi HTTP 429 - product id: 184465112, thử lại 1/3
2025-09-29 21:12:35,876 WARNING: Lỗi HTTP 429 - product id: 184468322, thử lại 1/3
2025-09-29 21:12:36,084 WARNING: Lỗi HTTP 429 - product id: 184486826, thử lại 1/3
2025-09-29 21:12:36,148 WARNING: Lỗi HTTP 429 - product id: 184488120, thử lại 1/3
2025-09-29 21:12:36,432 WARNING: Lỗi HTTP 429 - product id: 184513155, thử lại 1/3
2025-09-29 21:12:36,518 WARNING: Lỗi HTTP 429 - product id: 184518370, thử lại 1/3
2025-09-29 21:12:36,529 WARNING: Lỗi HTTP 429 - product id: 184518372, thử lại 1/3
2025-09-29 21:12:36,673 WARNING: Lỗi HTTP 429 - product id: 184520937, thử lại 1/3
2025-09-29 21:12:36,679 WARNING: Lỗi HTTP 429 - product id: 184521768, thử lại 1/3
2025-09-29 21:12:38,100 WARNING: Lỗi HTTP 429 - product id: 184880584, thử lại 2/3
2025-09-29 21:12:38,382 WARNING: Lỗi HTTP 429 - product id: 185023881, thử lại 1/3
2025-09-29 21:12:38,477 WARNING: Lỗi HTTP 429 - product id: 185035595, thử lại 1/3
2025-09-29 21:12:44,218 INFO: Đã commit batch 134 (1000 sản phẩm)
2025-09-29 21:12:44,245 INFO: Đã ghi 999 sản phẩm vào file /home/quannh/projects_de/Lab_01/output/products_batch_134_999_ids.csv
2025-09-29 21:12:44,286 INFO: Đã insert 999 sản phẩm từ file /home/quannh/projects_de/Lab_01/output/products_batch_134_999_ids.csv vào database PostgeSQL
2025-09-29 21:12:44,311 INFO: Đã update lại status của batch 135 về pending để tiến hành crawl lại batch
2025-09-29 21:12:44,321 INFO: Bắt đầu crawl batch 135 (1000 sản phẩm)
2025-09-29 21:12:45,882 WARNING: Lỗi HTTP 429 - product id: 185857991, thử lại 1/3
2025-09-29 21:12:46,224 WARNING: Lỗi HTTP 429 - product id: 185869986, thử lại 1/3
2025-09-29 21:12:46,798 WARNING: Lỗi HTTP 404: Không tim thấy product id - product id: 185851073
2025-09-29 21:12:47,153 WARNING: Lỗi HTTP 404: Không tim thấy product id - product id: 185235526
2025-09-29 21:12:48,437 WARNING: Lỗi HTTP 429 - product id: 185465772, thử lại 1/3
2025-09-29 21:12:48,487 WARNING: Lỗi HTTP 429 - product id: 185466103, thử lại 1/3
2025-09-29 21:12:48,534 WARNING: Lỗi HTTP 429 - product id: 185466207, thử lại 1/3
2025-09-29 21:12:49,033 WARNING: Lỗi HTTP 429 - product id: 185871753, thử lại 1/3
2025-09-29 21:12:49,381 WARNING: Lỗi HTTP 429 - product id: 185882189, thử lại 1/3
2025-09-29 21:12:49,386 WARNING: Lỗi HTTP 429 - product id: 185882217, thử lại 1/3
2025-09-29 21:12:49,435 WARNING: Lỗi HTTP 429 - product id: 185882466, thử lại 1/3
2025-09-29 21:12:49,487 WARNING: Lỗi HTTP 429 - product id: 185888547, thử lại 1/3
2025-09-29 21:12:49,529 WARNING: Lỗi HTTP 429 - product id: 185889283, thử lại 1/3
2025-09-29 21:12:49,728 WARNING: Lỗi HTTP 429 - product id: 185900069, thử lại 1/3
2025-09-29 21:12:49,728 WARNING: Lỗi HTTP 429 - product id: 185902274, thử lại 1/3
2025-09-29 21:12:49,734 WARNING: Lỗi HTTP 429 - product id: 185902442, thử lại 1/3
2025-09-29 21:12:49,834 WARNING: Lỗi HTTP 429 - product id: 185902689, thử lại 1/3
2025-09-29 21:12:49,836 WARNING: Lỗi HTTP 429 - product id: 185902620, thử lại 1/3
2025-09-29 21:12:49,869 WARNING: Lỗi HTTP 429 - product id: 185902839, thử lại 1/3
2025-09-29 21:12:49,958 WARNING: Lỗi HTTP 429 - product id: 185910258, thử lại 1/3
2025-09-29 21:12:49,990 WARNING: Lỗi HTTP 429 - product id: 185917394, thử lại 1/3
2025-09-29 21:12:50,028 WARNING: Lỗi HTTP 429 - product id: 185921273, thử lại 1/3
2025-09-29 21:12:52,183 WARNING: Lỗi HTTP 429 - product id: 185440542, thử lại 1/3
2025-09-29 21:12:52,235 WARNING: Lỗi HTTP 429 - product id: 185440953, thử lại 1/3
2025-09-29 21:12:52,328 WARNING: Lỗi HTTP 429 - product id: 185411279, thử lại 1/3
2025-09-29 21:12:52,329 WARNING: Lỗi HTTP 429 - product id: 185448300, thử lại 1/3
2025-09-29 21:12:52,452 WARNING: Lỗi HTTP 429 - product id: 185882217, thử lại 2/3
2025-09-29 21:12:52,627 WARNING: Lỗi HTTP 429 - product id: 185466996, thử lại 1/3
2025-09-29 21:12:53,144 WARNING: Lỗi HTTP 429 - product id: 185543459, thử lại 1/3
2025-09-29 21:12:53,288 WARNING: Lỗi HTTP 429 - product id: 185561141, thử lại 1/3
2025-09-29 21:12:53,384 WARNING: Lỗi HTTP 429 - product id: 185870986, thử lại 1/3
2025-09-29 21:12:53,434 WARNING: Lỗi HTTP 429 - product id: 185871253, thử lại 1/3
2025-09-29 21:12:53,436 WARNING: Lỗi HTTP 429 - product id: 185871241, thử lại 1/3
2025-09-29 21:12:53,485 WARNING: Lỗi HTTP 429 - product id: 185871377, thử lại 1/3
2025-09-29 21:12:53,524 WARNING: Lỗi HTTP 429 - product id: 185871560, thử lại 1/3
2025-09-29 21:12:53,588 WARNING: Lỗi HTTP 429 - product id: 185872089, thử lại 1/3
2025-09-29 21:12:53,880 WARNING: Lỗi HTTP 429 - product id: 185884763, thử lại 1/3
2025-09-29 21:12:53,884 WARNING: Lỗi HTTP 429 - product id: 185889279, thử lại 1/3
2025-09-29 21:12:53,923 WARNING: Lỗi HTTP 429 - product id: 185889322, thử lại 1/3
2025-09-29 21:12:53,930 WARNING: Lỗi HTTP 429 - product id: 185889341, thử lại 1/3
2025-09-29 21:12:54,825 WARNING: Lỗi HTTP 429 - product id: 185949539, thử lại 1/3
2025-09-29 21:12:54,926 WARNING: Lỗi HTTP 429 - product id: 185965881, thử lại 1/3
2025-09-29 21:12:55,479 WARNING: Lỗi HTTP 429 - product id: 186061667, thử lại 1/3
2025-09-29 21:12:55,777 WARNING: Lỗi HTTP 429 - product id: 186070710, thử lại 1/3
2025-09-29 21:12:55,778 WARNING: Lỗi HTTP 429 - product id: 186069947, thử lại 1/3
2025-09-29 21:12:55,836 WARNING: Lỗi HTTP 429 - product id: 186078810, thử lại 1/3
2025-09-29 21:12:56,365 WARNING: Lỗi HTTP 429 - product id: 185655473, thử lại 1/3
2025-09-29 21:12:56,381 WARNING: Lỗi HTTP 429 - product id: 185656276, thử lại 1/3
2025-09-29 21:12:56,889 WARNING: Lỗi HTTP 429 - product id: 185713094, thử lại 1/3
2025-09-29 21:12:56,929 WARNING: Lỗi HTTP 429 - product id: 185717461, thử lại 1/3
2025-09-29 21:12:57,332 WARNING: Lỗi HTTP 429 - product id: 185759572, thử lại 1/3
2025-09-29 21:12:58,222 WARNING: Lỗi HTTP 429 - product id: 185857725, thử lại 1/3
2025-09-29 21:12:58,270 WARNING: Lỗi HTTP 429 - product id: 185862763, thử lại 1/3
2025-09-29 21:12:58,761 WARNING: Lỗi HTTP 429 - product id: 186071576, thử lại 1/3
2025-09-29 21:12:58,786 WARNING: Lỗi HTTP 429 - product id: 186072104, thử lại 1/3
2025-09-29 21:12:58,832 WARNING: Lỗi HTTP 429 - product id: 186078459, thử lại 1/3
2025-09-29 21:12:58,873 WARNING: Lỗi HTTP 429 - product id: 186080329, thử lại 1/3
2025-09-29 21:12:58,882 WARNING: Lỗi HTTP 429 - product id: 186080721, thử lại 1/3
2025-09-29 21:12:58,985 WARNING: Lỗi HTTP 429 - product id: 186084877, thử lại 1/3
2025-09-29 21:12:59,027 WARNING: Lỗi HTTP 429 - product id: 186087312, thử lại 1/3
2025-09-29 21:12:59,029 WARNING: Lỗi HTTP 429 - product id: 186085754, thử lại 1/3
2025-09-29 21:12:59,733 WARNING: Lỗi HTTP 429 - product id: 185248880, thử lại 1/3
2025-09-29 21:13:00,234 WARNING: Lỗi HTTP 429 - product id: 185173977, thử lại 1/3
2025-09-29 21:13:03,364 INFO: Đã commit batch 135 (1000 sản phẩm)
2025-09-29 21:13:03,390 INFO: Đã ghi 998 sản phẩm vào file /home/quannh/projects_de/Lab_01/output/products_batch_135_998_ids.csv
2025-09-29 21:13:03,431 INFO: Đã insert 998 sản phẩm từ file /home/quannh/projects_de/Lab_01/output/products_batch_135_998_ids.csv vào database PostgeSQL
2025-09-29 21:13:03,456 INFO: Đã update lại status của batch 136 về pending để tiến hành crawl lại batch
2025-09-29 21:13:03,466 INFO: Bắt đầu crawl batch 136 (1000 sản phẩm)
2025-09-29 21:13:05,944 WARNING: Lỗi HTTP 404: Không tim thấy product id - product id: 186552167
2025-09-29 21:13:08,770 WARNING: Lỗi HTTP 429 - product id: 186638660, thử lại 1/3
2025-09-29 21:13:08,830 WARNING: Lỗi HTTP 429 - product id: 186640756, thử lại 1/3
2025-09-29 21:13:09,336 WARNING: Lỗi HTTP 429 - product id: 186689756, thử lại 1/3
2025-09-29 21:13:09,545 WARNING: Lỗi HTTP 404: Không tim thấy product id - product id: 186676376
2025-09-29 21:13:10,878 WARNING: Lỗi HTTP 429 - product id: 186193317, thử lại 1/3
2025-09-29 21:13:10,929 WARNING: Lỗi HTTP 429 - product id: 186193997, thử lại 1/3
2025-09-29 21:13:10,979 WARNING: Lỗi HTTP 429 - product id: 186088862, thử lại 1/3
2025-09-29 21:13:11,022 WARNING: Lỗi HTTP 429 - product id: 186090700, thử lại 1/3
2025-09-29 21:13:11,026 WARNING: Lỗi HTTP 429 - product id: 186090783, thử lại 1/3
2025-09-29 21:13:11,078 WARNING: Lỗi HTTP 429 - product id: 186094432, thử lại 1/3
2025-09-29 21:13:11,083 WARNING: Lỗi HTTP 429 - product id: 186094817, thử lại 1/3
2025-09-29 21:13:12,869 WARNING: Lỗi HTTP 429 - product id: 186229908, thử lại 1/3
2025-09-29 21:13:12,875 WARNING: Lỗi HTTP 429 - product id: 186229950, thử lại 1/3
2025-09-29 21:13:13,775 WARNING: Lỗi HTTP 429 - product id: 186271254, thử lại 1/3
2025-09-29 21:13:15,077 WARNING: Lỗi HTTP 429 - product id: 186627826, thử lại 1/3
2025-09-29 21:13:15,185 WARNING: Lỗi HTTP 429 - product id: 186630378, thử lại 1/3
2025-09-29 21:13:15,229 WARNING: Lỗi HTTP 429 - product id: 186630554, thử lại 1/3
2025-09-29 21:13:16,078 WARNING: Lỗi HTTP 429 - product id: 186229950, thử lại 2/3
2025-09-29 21:13:16,276 WARNING: Lỗi HTTP 429 - product id: 186738895, thử lại 1/3
2025-09-29 21:13:16,329 WARNING: Lỗi HTTP 429 - product id: 186740942, thử lại 1/3
2025-09-29 21:13:16,376 WARNING: Lỗi HTTP 429 - product id: 186751398, thử lại 1/3
2025-09-29 21:13:16,473 WARNING: Lỗi HTTP 429 - product id: 186756487, thử lại 1/3
2025-09-29 21:13:16,475 WARNING: Lỗi HTTP 429 - product id: 186757473, thử lại 1/3
2025-09-29 21:13:16,549 WARNING: Lỗi HTTP 429 - product id: 186801771, thử lại 1/3
2025-09-29 21:13:16,726 WARNING: Lỗi HTTP 429 - product id: 186318538, thử lại 1/3
2025-09-29 21:13:16,834 WARNING: Lỗi HTTP 429 - product id: 186348127, thử lại 1/3
2025-09-29 21:13:17,020 WARNING: Lỗi HTTP 429 - product id: 186348969, thử lại 1/3
2025-09-29 21:13:17,023 WARNING: Lỗi HTTP 429 - product id: 186348961, thử lại 1/3
2025-09-29 21:13:17,180 WARNING: Lỗi HTTP 429 - product id: 186350121, thử lại 1/3
2025-09-29 21:13:17,244 WARNING: Lỗi HTTP 429 - product id: 186352463, thử lại 1/3
2025-09-29 21:13:17,327 WARNING: Lỗi HTTP 429 - product id: 186359140, thử lại 1/3
2025-09-29 21:13:17,374 WARNING: Lỗi HTTP 429 - product id: 186370106, thử lại 1/3
2025-09-29 21:13:19,235 WARNING: Lỗi HTTP 429 - product id: 186616089, thử lại 1/3
2025-09-29 21:13:22,379 INFO: Đã commit batch 136 (1000 sản phẩm)
2025-09-29 21:13:22,407 INFO: Đã ghi 998 sản phẩm vào file /home/quannh/projects_de/Lab_01/output/products_batch_136_998_ids.csv
2025-09-29 21:13:22,452 INFO: Đã insert 998 sản phẩm từ file /home/quannh/projects_de/Lab_01/output/products_batch_136_998_ids.csv vào database PostgeSQL
2025-09-29 21:13:22,477 INFO: Đã update lại status của batch 137 về pending để tiến hành crawl lại batch
2025-09-29 21:13:22,487 INFO: Bắt đầu crawl batch 137 (1000 sản phẩm)
2025-09-29 21:13:27,645 WARNING: Lỗi HTTP 404: Không tim thấy product id - product id: 187598558
2025-09-29 21:13:28,112 WARNING: Lỗi HTTP 429 - product id: 187777994, thử lại 1/3
2025-09-29 21:13:28,797 WARNING: Lỗi HTTP 429 - product id: 187838541, thử lại 1/3
2025-09-29 21:13:28,822 WARNING: Lỗi HTTP 429 - product id: 187843405, thử lại 1/3
2025-09-29 21:13:29,359 WARNING: Lỗi HTTP 429 - product id: 186908794, thử lại 1/3
2025-09-29 21:13:29,626 WARNING: Lỗi HTTP 429 - product id: 186909064, thử lại 1/3
2025-09-29 21:13:29,830 WARNING: Lỗi HTTP 429 - product id: 186908147, thử lại 1/3
2025-09-29 21:13:29,998 WARNING: Lỗi HTTP 429 - product id: 187185921, thử lại 1/3
2025-09-29 21:13:30,282 WARNING: Lỗi HTTP 429 - product id: 187285961, thử lại 1/3
2025-09-29 21:13:30,283 WARNING: Lỗi HTTP 429 - product id: 187190947, thử lại 1/3
2025-09-29 21:13:30,782 WARNING: Lỗi HTTP 429 - product id: 187364876, thử lại 1/3
2025-09-29 21:13:30,829 WARNING: Lỗi HTTP 429 - product id: 187366540, thử lại 1/3
2025-09-29 21:13:31,060 WARNING: Lỗi HTTP 429 - product id: 187382849, thử lại 1/3
2025-09-29 21:13:31,150 WARNING: Lỗi HTTP 429 - product id: 187387596, thử lại 1/3
2025-09-29 21:13:31,491 WARNING: Lỗi HTTP 429 - product id: 187482144, thử lại 1/3
2025-09-29 21:13:31,577 WARNING: Lỗi HTTP 429 - product id: 187511419, thử lại 1/3
2025-09-29 21:13:33,545 WARNING: Lỗi HTTP 429 - product id: 187012707, thử lại 1/3
2025-09-29 21:13:33,605 WARNING: Lỗi HTTP 429 - product id: 187013116, thử lại 1/3
2025-09-29 21:13:33,614 WARNING: Lỗi HTTP 429 - product id: 187013146, thử lại 1/3
2025-09-29 21:13:33,620 WARNING: Lỗi HTTP 404: Không tim thấy product id - product id: 186909064
2025-09-29 21:13:35,156 WARNING: Lỗi HTTP 429 - product id: 187306033, thử lại 1/3
2025-09-29 21:13:35,179 WARNING: Lỗi HTTP 429 - product id: 187310470, thử lại 1/3
2025-09-29 21:13:36,309 WARNING: Lỗi HTTP 429 - product id: 187861576, thử lại 1/3
2025-09-29 21:13:37,493 WARNING: Lỗi HTTP 429 - product id: 187864769, thử lại 1/3
2025-09-29 21:13:37,890 WARNING: Lỗi HTTP 429 - product id: 186862478, thử lại 1/3
2025-09-29 21:13:38,584 WARNING: Lỗi HTTP 429 - product id: 186876749, thử lại 1/3
2025-09-29 21:13:41,722 INFO: Đã commit batch 137 (1000 sản phẩm)
2025-09-29 21:13:41,747 INFO: Đã ghi 998 sản phẩm vào file /home/quannh/projects_de/Lab_01/output/products_batch_137_998_ids.csv
2025-09-29 21:13:41,784 INFO: Đã insert 998 sản phẩm từ file /home/quannh/projects_de/Lab_01/output/products_batch_137_998_ids.csv vào database PostgeSQL
2025-09-29 21:13:41,808 INFO: Đã update lại status của batch 138 về pending để tiến hành crawl lại batch
2025-09-29 21:13:41,818 INFO: Bắt đầu crawl batch 138 (1000 sản phẩm)
2025-09-29 21:13:42,350 WARNING: Lỗi HTTP 429 - product id: 188407879, thử lại 1/3
2025-09-29 21:13:44,623 WARNING: Lỗi HTTP 429 - product id: 188050462, thử lại 1/3
2025-09-29 21:13:44,638 WARNING: Lỗi HTTP 429 - product id: 188056091, thử lại 1/3
2025-09-29 21:13:45,135 WARNING: Lỗi HTTP 429 - product id: 188147197, thử lại 1/3
2025-09-29 21:13:45,890 WARNING: Lỗi HTTP 429 - product id: 188279482, thử lại 1/3
2025-09-29 21:13:45,891 WARNING: Lỗi HTTP 429 - product id: 188298706, thử lại 1/3
2025-09-29 21:13:45,982 WARNING: Lỗi HTTP 429 - product id: 188318435, thử lại 1/3
2025-09-29 21:13:46,081 WARNING: Lỗi HTTP 429 - product id: 188695919, thử lại 1/3
2025-09-29 21:13:46,125 WARNING: Lỗi HTTP 429 - product id: 188707973, thử lại 1/3
2025-09-29 21:13:46,126 WARNING: Lỗi HTTP 429 - product id: 188701167, thử lại 1/3
2025-09-29 21:13:46,206 WARNING: Lỗi HTTP 429 - product id: 188712543, thử lại 1/3
2025-09-29 21:13:46,224 WARNING: Lỗi HTTP 429 - product id: 188713936, thử lại 1/3
2025-09-29 21:13:46,235 WARNING: Lỗi HTTP 429 - product id: 188713135, thử lại 1/3
2025-09-29 21:13:46,326 WARNING: Lỗi HTTP 429 - product id: 188695329, thử lại 1/3
2025-09-29 21:13:46,598 WARNING: Lỗi HTTP 429 - product id: 188833658, thử lại 1/3
2025-09-29 21:13:49,188 WARNING: Lỗi HTTP 429 - product id: 188030994, thử lại 1/3
2025-09-29 21:13:49,264 WARNING: Lỗi HTTP 429 - product id: 188031902, thử lại 1/3
2025-09-29 21:13:49,285 WARNING: Lỗi HTTP 429 - product id: 188031907, thử lại 1/3
2025-09-29 21:13:49,373 WARNING: Lỗi HTTP 429 - product id: 188043659, thử lại 1/3
2025-09-29 21:13:49,570 WARNING: Lỗi HTTP 404: Không tim thấy product id - product id: 187946670
2025-09-29 21:13:49,583 WARNING: Lỗi HTTP 429 - product id: 187996612, thử lại 1/3
2025-09-29 21:13:49,646 WARNING: Lỗi HTTP 429 - product id: 188022648, thử lại 1/3
2025-09-29 21:13:49,797 WARNING: Lỗi HTTP 429 - product id: 188043748, thử lại 1/3
2025-09-29 21:13:49,927 WARNING: Lỗi HTTP 429 - product id: 188057504, thử lại 1/3
2025-09-29 21:13:49,977 WARNING: Lỗi HTTP 429 - product id: 188091307, thử lại 1/3
2025-09-29 21:13:50,102 WARNING: Lỗi HTTP 429 - product id: 188112917, thử lại 1/3
2025-09-29 21:13:50,148 WARNING: Lỗi HTTP 429 - product id: 188119415, thử lại 1/3
2025-09-29 21:13:50,231 WARNING: Lỗi HTTP 429 - product id: 188130667, thử lại 1/3
2025-09-29 21:13:51,748 WARNING: Lỗi HTTP 429 - product id: 188715975, thử lại 1/3
2025-09-29 21:13:52,787 WARNING: Lỗi HTTP 429 - product id: 187996612, thử lại 2/3
2025-09-29 21:13:52,955 WARNING: Lỗi HTTP 429 - product id: 188907195, thử lại 1/3
2025-09-29 21:13:53,022 WARNING: Lỗi HTTP 429 - product id: 188918527, thử lại 1/3
2025-09-29 21:13:53,044 WARNING: Lỗi HTTP 429 - product id: 188919325, thử lại 1/3
2025-09-29 21:13:55,033 WARNING: Lỗi HTTP 429 - product id: 188447585, thử lại 1/3
2025-09-29 21:13:55,187 WARNING: Lỗi HTTP 429 - product id: 188471628, thử lại 1/3
2025-09-29 21:13:55,242 WARNING: Lỗi HTTP 429 - product id: 188481146, thử lại 1/3
2025-09-29 21:13:55,274 WARNING: Lỗi HTTP 429 - product id: 188485275, thử lại 1/3
2025-09-29 21:13:55,436 WARNING: Lỗi HTTP 429 - product id: 188492878, thử lại 1/3
2025-09-29 21:13:55,525 WARNING: Lỗi HTTP 429 - product id: 188509316, thử lại 1/3
2025-09-29 21:13:55,981 WARNING: Lỗi HTTP 429 - product id: 188560209, thử lại 1/3
2025-09-29 21:13:59,181 INFO: Đã commit batch 138 (1000 sản phẩm)
2025-09-29 21:13:59,207 INFO: Đã ghi 999 sản phẩm vào file /home/quannh/projects_de/Lab_01/output/products_batch_138_999_ids.csv
2025-09-29 21:13:59,246 INFO: Đã insert 999 sản phẩm từ file /home/quannh/projects_de/Lab_01/output/products_batch_138_999_ids.csv vào database PostgeSQL
2025-09-29 21:13:59,271 INFO: Đã update lại status của batch 139 về pending để tiến hành crawl lại batch
2025-09-29 21:13:59,280 INFO: Bắt đầu crawl batch 139 (1000 sản phẩm)
2025-09-29 21:14:00,887 WARNING: Lỗi HTTP 429 - product id: 189943530, thử lại 1/3
2025-09-29 21:14:00,905 WARNING: Lỗi HTTP 429 - product id: 189943675, thử lại 1/3
2025-09-29 21:14:00,997 WARNING: Lỗi HTTP 429 - product id: 189944065, thử lại 1/3
2025-09-29 21:14:01,111 WARNING: Lỗi HTTP 429 - product id: 189944468, thử lại 1/3
2025-09-29 21:14:01,391 WARNING: Lỗi HTTP 429 - product id: 189972464, thử lại 1/3
2025-09-29 21:14:01,646 WARNING: Lỗi HTTP 429 - product id: 190092825, thử lại 1/3
2025-09-29 21:14:01,800 WARNING: Lỗi HTTP 429 - product id: 190112546, thử lại 1/3
2025-09-29 21:14:02,540 WARNING: Lỗi HTTP 429 - product id: 189366017, thử lại 1/3
2025-09-29 21:14:02,650 WARNING: Lỗi HTTP 429 - product id: 189370267, thử lại 1/3
2025-09-29 21:14:02,838 WARNING: Lỗi HTTP 429 - product id: 189436594, thử lại 1/3
2025-09-29 21:14:02,850 WARNING: Lỗi HTTP 429 - product id: 189462638, thử lại 1/3
2025-09-29 21:14:02,946 WARNING: Lỗi HTTP 429 - product id: 189466182, thử lại 1/3
2025-09-29 21:14:03,104 WARNING: Lỗi HTTP 429 - product id: 189491250, thử lại 1/3
2025-09-29 21:14:04,252 WARNING: Lỗi HTTP 404: Không tim thấy product id - product id: 189420388
2025-09-29 21:14:08,234 WARNING: Lỗi HTTP 404: Không tim thấy product id - product id: 189235633
2025-09-29 21:14:08,326 WARNING: Lỗi HTTP 429 - product id: 189557641, thử lại 1/3
2025-09-29 21:14:08,335 WARNING: Lỗi HTTP 404: Không tim thấy product id - product id: 190367084
2025-09-29 21:14:08,345 WARNING: Lỗi HTTP 429 - product id: 189557741, thử lại 1/3
2025-09-29 21:14:08,434 WARNING: Lỗi HTTP 429 - product id: 189574196, thử lại 1/3
2025-09-29 21:14:08,699 WARNING: Lỗi HTTP 429 - product id: 189574258, thử lại 1/3
2025-09-29 21:14:09,703 WARNING: Lỗi HTTP 429 - product id: 190172472, thử lại 1/3
2025-09-29 21:14:09,740 WARNING: Lỗi HTTP 429 - product id: 190188796, thử lại 1/3
2025-09-29 21:14:10,584 WARNING: Lỗi HTTP 429 - product id: 190316341, thử lại 1/3
2025-09-29 21:14:10,596 WARNING: Lỗi HTTP 429 - product id: 190318797, thử lại 1/3
2025-09-29 21:14:10,677 WARNING: Lỗi HTTP 429 - product id: 190320923, thử lại 1/3
2025-09-29 21:14:10,863 WARNING: Lỗi HTTP 429 - product id: 190337601, thử lại 1/3
2025-09-29 21:14:10,954 WARNING: Lỗi HTTP 429 - product id: 190359669, thử lại 1/3
2025-09-29 21:14:10,955 WARNING: Lỗi HTTP 429 - product id: 190359213, thử lại 1/3
2025-09-29 21:14:10,963 WARNING: Lỗi HTTP 429 - product id: 190364379, thử lại 1/3
2025-09-29 21:14:12,545 WARNING: Lỗi HTTP 429 - product id: 189676820, thử lại 1/3
2025-09-29 21:14:12,636 WARNING: Lỗi HTTP 429 - product id: 189681798, thử lại 1/3
2025-09-29 21:14:12,646 WARNING: Lỗi HTTP 429 - product id: 189684517, thử lại 1/3
2025-09-29 21:14:13,152 WARNING: Lỗi HTTP 429 - product id: 189867623, thử lại 1/3
2025-09-29 21:14:13,197 WARNING: Lỗi HTTP 429 - product id: 189896701, thử lại 1/3
2025-09-29 21:14:13,256 WARNING: Lỗi HTTP 429 - product id: 189896837, thử lại 1/3
2025-09-29 21:14:13,403 WARNING: Lỗi HTTP 429 - product id: 189936448, thử lại 1/3
2025-09-29 21:14:13,556 WARNING: Lỗi HTTP 429 - product id: 189941343, thử lại 1/3
2025-09-29 21:14:13,647 WARNING: Lỗi HTTP 429 - product id: 189942516, thử lại 1/3
2025-09-29 21:14:13,656 WARNING: Lỗi HTTP 429 - product id: 189942730, thử lại 1/3
2025-09-29 21:14:14,018 WARNING: Lỗi HTTP 429 - product id: 189943784, thử lại 1/3
2025-09-29 21:14:14,052 WARNING: Lỗi HTTP 429 - product id: 189943956, thử lại 1/3
2025-09-29 21:14:14,104 WARNING: Lỗi HTTP 429 - product id: 190359213, thử lại 2/3
2025-09-29 21:14:14,114 WARNING: Lỗi HTTP 429 - product id: 190364379, thử lại 2/3
2025-09-29 21:14:14,115 WARNING: Lỗi HTTP 429 - product id: 189943991, thử lại 1/3
2025-09-29 21:14:14,156 WARNING: Lỗi HTTP 429 - product id: 189944126, thử lại 1/3
2025-09-29 21:14:14,195 WARNING: Lỗi HTTP 429 - product id: 189944377, thử lại 1/3
2025-09-29 21:14:14,237 WARNING: Lỗi HTTP 429 - product id: 189944496, thử lại 1/3
2025-09-29 21:14:14,432 WARNING: Lỗi HTTP 429 - product id: 189944175, thử lại 1/3
2025-09-29 21:14:20,325 INFO: Đã commit batch 139 (1000 sản phẩm)
2025-09-29 21:14:20,352 INFO: Đã ghi 997 sản phẩm vào file /home/quannh/projects_de/Lab_01/output/products_batch_139_997_ids.csv
2025-09-29 21:14:20,393 INFO: Đã insert 997 sản phẩm từ file /home/quannh/projects_de/Lab_01/output/products_batch_139_997_ids.csv vào database PostgeSQL
2025-09-29 21:14:20,417 INFO: Đã update lại status của batch 140 về pending để tiến hành crawl lại batch
2025-09-29 21:14:20,426 INFO: Bắt đầu crawl batch 140 (1000 sản phẩm)
2025-09-29 21:14:20,930 WARNING: Lỗi HTTP 404: Không tim thấy product id - product id: 190695872
2025-09-29 21:14:21,282 WARNING: Lỗi HTTP 404: Không tim thấy product id - product id: 190702979
2025-09-29 21:14:22,325 WARNING: Lỗi HTTP 404: Không tim thấy product id - product id: 190824033
2025-09-29 21:14:22,382 WARNING: Lỗi HTTP 404: Không tim thấy product id - product id: 190826135
2025-09-29 21:14:24,058 WARNING: Lỗi HTTP 429 - product id: 191438397, thử lại 1/3
2025-09-29 21:14:30,553 WARNING: Lỗi HTTP 429 - product id: 191017415, thử lại 1/3
2025-09-29 21:14:30,590 WARNING: Lỗi HTTP 429 - product id: 191041207, thử lại 1/3
2025-09-29 21:14:30,635 WARNING: Lỗi HTTP 429 - product id: 191053089, thử lại 1/3
2025-09-29 21:14:30,638 WARNING: Lỗi HTTP 429 - product id: 191053075, thử lại 1/3
2025-09-29 21:14:30,728 WARNING: Lỗi HTTP 429 - product id: 191057171, thử lại 1/3
2025-09-29 21:14:30,899 WARNING: Lỗi HTTP 429 - product id: 191124115, thử lại 1/3
2025-09-29 21:14:30,997 WARNING: Lỗi HTTP 429 - product id: 191124746, thử lại 1/3
2025-09-29 21:14:31,270 WARNING: Lỗi HTTP 429 - product id: 191140843, thử lại 1/3
2025-09-29 21:14:31,435 WARNING: Lỗi HTTP 429 - product id: 191143587, thử lại 1/3
2025-09-29 21:14:31,440 WARNING: Lỗi HTTP 429 - product id: 191143591, thử lại 1/3
2025-09-29 21:14:31,512 WARNING: Lỗi HTTP 429 - product id: 191148168, thử lại 1/3
2025-09-29 21:14:31,778 WARNING: Lỗi HTTP 404: Không tim thấy product id - product id: 191123281
2025-09-29 21:14:31,928 WARNING: Lỗi HTTP 429 - product id: 191258897, thử lại 1/3
2025-09-29 21:14:32,209 WARNING: Lỗi HTTP 429 - product id: 191283153, thử lại 1/3
2025-09-29 21:14:32,311 WARNING: Lỗi HTTP 429 - product id: 191296953, thử lại 1/3
2025-09-29 21:14:32,395 WARNING: Lỗi HTTP 429 - product id: 191298277, thử lại 1/3
2025-09-29 21:14:33,482 WARNING: Lỗi HTTP 404: Không tim thấy product id - product id: 190702768
2025-09-29 21:14:33,523 WARNING: Lỗi HTTP 404: Không tim thấy product id - product id: 190703156
2025-09-29 21:14:34,080 WARNING: Lỗi HTTP 404: Không tim thấy product id - product id: 190703501
2025-09-29 21:14:37,530 INFO: Đã commit batch 140 (1000 sản phẩm)
2025-09-29 21:14:37,559 INFO: Đã ghi 992 sản phẩm vào file /home/quannh/projects_de/Lab_01/output/products_batch_140_992_ids.csv
2025-09-29 21:14:37,606 INFO: Đã insert 992 sản phẩm từ file /home/quannh/projects_de/Lab_01/output/products_batch_140_992_ids.csv vào database PostgeSQL
2025-09-29 21:14:37,630 INFO: Đã update lại status của batch 141 về pending để tiến hành crawl lại batch
2025-09-29 21:14:37,640 INFO: Bắt đầu crawl batch 141 (1000 sản phẩm)
2025-09-29 21:14:44,496 WARNING: Lỗi HTTP 429 - product id: 191474484, thử lại 1/3
2025-09-29 21:14:52,551 WARNING: Lỗi HTTP 429 - product id: 191665233, thử lại 1/3
2025-09-29 21:14:52,747 WARNING: Lỗi HTTP 429 - product id: 191666384, thử lại 1/3
2025-09-29 21:14:52,846 WARNING: Lỗi HTTP 429 - product id: 191666747, thử lại 1/3
2025-09-29 21:14:55,955 INFO: Đã commit batch 141 (1000 sản phẩm)
2025-09-29 21:14:55,974 INFO: Đã ghi 1000 sản phẩm vào file /home/quannh/projects_de/Lab_01/output/products_batch_141_1000_ids.csv
2025-09-29 21:14:56,002 INFO: Đã insert 1000 sản phẩm từ file /home/quannh/projects_de/Lab_01/output/products_batch_141_1000_ids.csv vào database PostgeSQL
2025-09-29 21:14:56,026 INFO: Đã update lại status của batch 142 về pending để tiến hành crawl lại batch
2025-09-29 21:14:56,036 INFO: Bắt đầu crawl batch 142 (1000 sản phẩm)
2025-09-29 21:14:59,703 WARNING: Lỗi HTTP 429 - product id: 192298204, thử lại 1/3
2025-09-29 21:14:59,795 WARNING: Lỗi HTTP 429 - product id: 192323991, thử lại 1/3
2025-09-29 21:14:59,886 WARNING: Lỗi HTTP 429 - product id: 192327587, thử lại 1/3
2025-09-29 21:14:59,905 WARNING: Lỗi HTTP 429 - product id: 192327664, thử lại 1/3
2025-09-29 21:15:00,286 WARNING: Lỗi HTTP 429 - product id: 192014036, thử lại 1/3
2025-09-29 21:15:00,294 WARNING: Lỗi HTTP 429 - product id: 192014098, thử lại 1/3
2025-09-29 21:15:00,403 WARNING: Lỗi HTTP 429 - product id: 192015610, thử lại 1/3
2025-09-29 21:15:05,949 WARNING: Lỗi HTTP 429 - product id: 191928561, thử lại 1/3
2025-09-29 21:15:07,293 WARNING: Lỗi HTTP 429 - product id: 192070134, thử lại 1/3
2025-09-29 21:15:07,639 WARNING: Lỗi HTTP 429 - product id: 192121223, thử lại 1/3
2025-09-29 21:15:07,702 WARNING: Lỗi HTTP 429 - product id: 192123093, thử lại 1/3
2025-09-29 21:15:07,741 WARNING: Lỗi HTTP 429 - product id: 192123304, thử lại 1/3
2025-09-29 21:15:07,771 WARNING: Lỗi HTTP 429 - product id: 192128403, thử lại 1/3
2025-09-29 21:15:07,801 WARNING: Lỗi HTTP 429 - product id: 192132952, thử lại 1/3
2025-09-29 21:15:07,840 WARNING: Lỗi HTTP 429 - product id: 192135025, thử lại 1/3
2025-09-29 21:15:07,892 WARNING: Lỗi HTTP 429 - product id: 192139082, thử lại 1/3
2025-09-29 21:15:07,897 WARNING: Lỗi HTTP 429 - product id: 192140099, thử lại 1/3
2025-09-29 21:15:08,018 WARNING: Lỗi HTTP 429 - product id: 192156664, thử lại 1/3
2025-09-29 21:15:08,090 WARNING: Lỗi HTTP 429 - product id: 192172393, thử lại 1/3
2025-09-29 21:15:08,194 WARNING: Lỗi HTTP 429 - product id: 192178861, thử lại 1/3
2025-09-29 21:15:08,265 WARNING: Lỗi HTTP 429 - product id: 192188854, thử lại 1/3
2025-09-29 21:15:08,266 WARNING: Lỗi HTTP 429 - product id: 192191659, thử lại 1/3
2025-09-29 21:15:08,331 WARNING: Lỗi HTTP 429 - product id: 191758912, thử lại 1/3
2025-09-29 21:15:08,340 WARNING: Lỗi HTTP 429 - product id: 191767782, thử lại 1/3
2025-09-29 21:15:08,492 WARNING: Lỗi HTTP 429 - product id: 191778232, thử lại 1/3
2025-09-29 21:15:09,016 WARNING: Lỗi HTTP 429 - product id: 191818866, thử lại 1/3
2025-09-29 21:15:09,039 WARNING: Lỗi HTTP 429 - product id: 191819083, thử lại 1/3
2025-09-29 21:15:12,412 WARNING: Lỗi HTTP 404: Không tim thấy product id - product id: 192259825
2025-09-29 21:15:13,065 INFO: Đã commit batch 142 (1000 sản phẩm)
2025-09-29 21:15:13,093 INFO: Đã ghi 999 sản phẩm vào file /home/quannh/projects_de/Lab_01/output/products_batch_142_999_ids.csv
2025-09-29 21:15:13,135 INFO: Đã insert 999 sản phẩm từ file /home/quannh/projects_de/Lab_01/output/products_batch_142_999_ids.csv vào database PostgeSQL
2025-09-29 21:15:13,160 INFO: Đã update lại status của batch 143 về pending để tiến hành crawl lại batch
2025-09-29 21:15:13,170 INFO: Bắt đầu crawl batch 143 (1000 sản phẩm)
2025-09-29 21:15:13,676 WARNING: Lỗi HTTP 429 - product id: 192395774, thử lại 1/3
2025-09-29 21:15:13,726 WARNING: Lỗi HTTP 429 - product id: 192395893, thử lại 1/3
2025-09-29 21:15:13,881 WARNING: Lỗi HTTP 429 - product id: 192419614, thử lại 1/3
2025-09-29 21:15:15,234 WARNING: Lỗi HTTP 429 - product id: 192537593, thử lại 1/3
2025-09-29 21:15:16,782 WARNING: Lỗi HTTP 429 - product id: 192357710, thử lại 1/3
2025-09-29 21:15:17,123 WARNING: Lỗi HTTP 429 - product id: 192364708, thử lại 1/3
2025-09-29 21:15:17,137 WARNING: Lỗi HTTP 429 - product id: 192365064, thử lại 1/3
2025-09-29 21:15:17,183 WARNING: Lỗi HTTP 429 - product id: 192367917, thử lại 1/3
2025-09-29 21:15:17,245 WARNING: Lỗi HTTP 429 - product id: 192374678, thử lại 1/3
2025-09-29 21:15:17,324 WARNING: Lỗi HTTP 429 - product id: 192376025, thử lại 1/3
2025-09-29 21:15:17,534 WARNING: Lỗi HTTP 429 - product id: 192379816, thử lại 1/3
2025-09-29 21:15:17,579 WARNING: Lỗi HTTP 429 - product id: 192380045, thử lại 1/3
2025-09-29 21:15:17,986 WARNING: Lỗi HTTP 429 - product id: 192384066, thử lại 1/3
2025-09-29 21:15:18,100 WARNING: Lỗi HTTP 429 - product id: 192384581, thử lại 1/3
2025-09-29 21:15:18,127 WARNING: Lỗi HTTP 429 - product id: 192384862, thử lại 1/3
2025-09-29 21:15:18,182 WARNING: Lỗi HTTP 429 - product id: 192385378, thử lại 1/3
2025-09-29 21:15:18,185 WARNING: Lỗi HTTP 429 - product id: 192385624, thử lại 1/3
2025-09-29 21:15:19,329 WARNING: Lỗi HTTP 429 - product id: 192693119, thử lại 1/3
2025-09-29 21:15:19,338 WARNING: Lỗi HTTP 429 - product id: 192692807, thử lại 1/3
2025-09-29 21:15:21,447 WARNING: Lỗi HTTP 404: Không tim thấy product id - product id: 192784272
2025-09-29 21:15:23,079 WARNING: Lỗi HTTP 429 - product id: 192423164, thử lại 1/3
2025-09-29 21:15:23,124 WARNING: Lỗi HTTP 429 - product id: 192423284, thử lại 1/3
2025-09-29 21:15:23,139 WARNING: Lỗi HTTP 429 - product id: 192423562, thử lại 1/3
2025-09-29 21:15:23,198 WARNING: Lỗi HTTP 429 - product id: 192424018, thử lại 1/3
2025-09-29 21:15:23,266 WARNING: Lỗi HTTP 429 - product id: 192424563, thử lại 1/3
2025-09-29 21:15:23,276 WARNING: Lỗi HTTP 429 - product id: 192424689, thử lại 1/3
2025-09-29 21:15:23,582 WARNING: Lỗi HTTP 429 - product id: 192668357, thử lại 1/3
2025-09-29 21:15:23,591 WARNING: Lỗi HTTP 429 - product id: 192669699, thử lại 1/3
2025-09-29 21:15:23,684 WARNING: Lỗi HTTP 429 - product id: 192678407, thử lại 1/3
2025-09-29 21:15:25,156 WARNING: Lỗi HTTP 404: Không tim thấy product id - product id: 192754653
2025-09-29 21:15:25,258 WARNING: Lỗi HTTP 404: Không tim thấy product id - product id: 192761524
2025-09-29 21:15:25,650 WARNING: Lỗi HTTP 404: Không tim thấy product id - product id: 192757872
2025-09-29 21:15:25,748 WARNING: Lỗi HTTP 404: Không tim thấy product id - product id: 192786153
2025-09-29 21:15:25,772 WARNING: Lỗi HTTP 429 - product id: 192851308, thử lại 1/3
2025-09-29 21:15:26,836 WARNING: Lỗi HTTP 429 - product id: 192668357, thử lại 2/3
2025-09-29 21:15:27,186 WARNING: Lỗi HTTP 429 - product id: 192474328, thử lại 1/3
2025-09-29 21:15:27,235 WARNING: Lỗi HTTP 429 - product id: 192515167, thử lại 1/3
2025-09-29 21:15:27,777 WARNING: Lỗi HTTP 429 - product id: 192567628, thử lại 1/3
2025-09-29 21:15:32,973 INFO: Đã commit batch 143 (1000 sản phẩm)
2025-09-29 21:15:32,999 INFO: Đã ghi 995 sản phẩm vào file /home/quannh/projects_de/Lab_01/output/products_batch_143_995_ids.csv
2025-09-29 21:15:33,041 INFO: Đã insert 995 sản phẩm từ file /home/quannh/projects_de/Lab_01/output/products_batch_143_995_ids.csv vào database PostgeSQL
2025-09-29 21:15:33,065 INFO: Đã update lại status của batch 144 về pending để tiến hành crawl lại batch
2025-09-29 21:15:33,075 INFO: Bắt đầu crawl batch 144 (1000 sản phẩm)
2025-09-29 21:15:34,451 WARNING: Lỗi HTTP 404: Không tim thấy product id - product id: 192970180
2025-09-29 21:15:35,639 WARNING: Lỗi HTTP 429 - product id: 193085313, thử lại 1/3
2025-09-29 21:15:36,032 WARNING: Lỗi HTTP 429 - product id: 193086009, thử lại 1/3
2025-09-29 21:15:36,189 WARNING: Lỗi HTTP 429 - product id: 193086465, thử lại 1/3
2025-09-29 21:15:36,278 WARNING: Lỗi HTTP 429 - product id: 193091849, thử lại 1/3
2025-09-29 21:15:36,280 WARNING: Lỗi HTTP 429 - product id: 193091859, thử lại 1/3
2025-09-29 21:15:36,740 WARNING: Lỗi HTTP 429 - product id: 193244665, thử lại 1/3
2025-09-29 21:15:36,787 WARNING: Lỗi HTTP 429 - product id: 193244884, thử lại 1/3
2025-09-29 21:15:36,874 WARNING: Lỗi HTTP 429 - product id: 192886520, thử lại 1/3
2025-09-29 21:15:36,879 WARNING: Lỗi HTTP 429 - product id: 192886953, thử lại 1/3
2025-09-29 21:15:36,936 WARNING: Lỗi HTTP 429 - product id: 192896478, thử lại 1/3
2025-09-29 21:15:36,989 WARNING: Lỗi HTTP 429 - product id: 192899581, thử lại 1/3
2025-09-29 21:15:37,034 WARNING: Lỗi HTTP 429 - product id: 192906275, thử lại 1/3
2025-09-29 21:15:37,041 WARNING: Lỗi HTTP 429 - product id: 192907499, thử lại 1/3
2025-09-29 21:15:37,088 WARNING: Lỗi HTTP 429 - product id: 192909435, thử lại 1/3
2025-09-29 21:15:38,386 WARNING: Lỗi HTTP 429 - product id: 192988418, thử lại 1/3
2025-09-29 21:15:40,486 WARNING: Lỗi HTTP 429 - product id: 193118700, thử lại 1/3
2025-09-29 21:15:40,629 WARNING: Lỗi HTTP 429 - product id: 193121625, thử lại 1/3
2025-09-29 21:15:42,028 WARNING: Lỗi HTTP 429 - product id: 192989374, thử lại 1/3
2025-09-29 21:15:42,090 WARNING: Lỗi HTTP 429 - product id: 193000482, thử lại 1/3
2025-09-29 21:15:43,335 WARNING: Lỗi HTTP 429 - product id: 193093036, thử lại 1/3
2025-09-29 21:15:43,436 WARNING: Lỗi HTTP 429 - product id: 193093441, thử lại 1/3
2025-09-29 21:15:43,487 WARNING: Lỗi HTTP 429 - product id: 193099397, thử lại 1/3
2025-09-29 21:15:43,538 WARNING: Lỗi HTTP 429 - product id: 193106691, thử lại 1/3
2025-09-29 21:15:44,134 WARNING: Lỗi HTTP 429 - product id: 193128534, thử lại 1/3
2025-09-29 21:15:44,135 WARNING: Lỗi HTTP 429 - product id: 193128539, thử lại 1/3
2025-09-29 21:15:44,234 WARNING: Lỗi HTTP 429 - product id: 193132130, thử lại 1/3
2025-09-29 21:15:44,385 WARNING: Lỗi HTTP 429 - product id: 193146069, thử lại 1/3
2025-09-29 21:15:44,436 WARNING: Lỗi HTTP 429 - product id: 193147162, thử lại 1/3
2025-09-29 21:15:45,106 WARNING: Lỗi HTTP 404: Không tim thấy product id - product id: 193155919
2025-09-29 21:15:45,175 WARNING: Lỗi HTTP 429 - product id: 192989374, thử lại 2/3
2025-09-29 21:15:45,232 WARNING: Lỗi HTTP 429 - product id: 193000482, thử lại 2/3
2025-09-29 21:15:45,387 WARNING: Lỗi HTTP 429 - product id: 193217406, thử lại 1/3
2025-09-29 21:15:45,730 WARNING: Lỗi HTTP 429 - product id: 193002495, thử lại 1/3
2025-09-29 21:15:45,792 WARNING: Lỗi HTTP 429 - product id: 193004594, thử lại 1/3
2025-09-29 21:15:45,881 WARNING: Lỗi HTTP 429 - product id: 193007082, thử lại 1/3
2025-09-29 21:15:46,635 WARNING: Lỗi HTTP 429 - product id: 193053349, thử lại 1/3
2025-09-29 21:15:46,635 WARNING: Lỗi HTTP 429 - product id: 193053303, thử lại 1/3
2025-09-29 21:15:46,726 WARNING: Lỗi HTTP 429 - product id: 193055683, thử lại 1/3
2025-09-29 21:15:46,836 WARNING: Lỗi HTTP 429 - product id: 193056397, thử lại 1/3
2025-09-29 21:15:46,888 WARNING: Lỗi HTTP 429 - product id: 193056474, thử lại 1/3
2025-09-29 21:15:46,888 WARNING: Lỗi HTTP 429 - product id: 193056520, thử lại 1/3
2025-09-29 21:15:47,082 WARNING: Lỗi HTTP 429 - product id: 193061904, thử lại 1/3
2025-09-29 21:15:47,090 WARNING: Lỗi HTTP 429 - product id: 193061986, thử lại 1/3
2025-09-29 21:15:47,236 WARNING: Lỗi HTTP 429 - product id: 193081001, thử lại 1/3
2025-09-29 21:15:47,534 WARNING: Lỗi HTTP 429 - product id: 193085493, thử lại 1/3
2025-09-29 21:15:47,888 WARNING: Lỗi HTTP 429 - product id: 193086072, thử lại 1/3
2025-09-29 21:15:48,288 WARNING: Lỗi HTTP 429 - product id: 193216126, thử lại 1/3
2025-09-29 21:15:48,783 WARNING: Lỗi HTTP 429 - product id: 193245033, thử lại 1/3
2025-09-29 21:15:48,784 WARNING: Lỗi HTTP 429 - product id: 193245130, thử lại 1/3
2025-09-29 21:15:48,841 WARNING: Lỗi HTTP 429 - product id: 193245893, thử lại 1/3
2025-09-29 21:15:52,012 INFO: Đã commit batch 144 (1000 sản phẩm)
2025-09-29 21:15:52,038 INFO: Đã ghi 998 sản phẩm vào file /home/quannh/projects_de/Lab_01/output/products_batch_144_998_ids.csv
2025-09-29 21:15:52,073 INFO: Đã insert 998 sản phẩm từ file /home/quannh/projects_de/Lab_01/output/products_batch_144_998_ids.csv vào database PostgeSQL
2025-09-29 21:15:52,097 INFO: Đã update lại status của batch 145 về pending để tiến hành crawl lại batch
2025-09-29 21:15:52,107 INFO: Bắt đầu crawl batch 145 (1000 sản phẩm)
2025-09-29 21:15:55,320 WARNING: Lỗi HTTP 429 - product id: 193684036, thử lại 1/3
2025-09-29 21:16:00,220 WARNING: Lỗi HTTP 429 - product id: 193263941, thử lại 1/3
2025-09-29 21:16:00,885 WARNING: Lỗi HTTP 404: Không tim thấy product id - product id: 193767656
2025-09-29 21:16:04,814 WARNING: Lỗi HTTP 429 - product id: 193425466, thử lại 1/3
2025-09-29 21:16:04,878 WARNING: Lỗi HTTP 429 - product id: 193425648, thử lại 1/3
2025-09-29 21:16:06,921 WARNING: Lỗi HTTP 429 - product id: 193699977, thử lại 1/3
2025-09-29 21:16:07,016 WARNING: Lỗi HTTP 429 - product id: 193702485, thử lại 1/3
2025-09-29 21:16:07,018 WARNING: Lỗi HTTP 429 - product id: 193702559, thử lại 1/3
2025-09-29 21:16:07,085 WARNING: Lỗi HTTP 404: Không tim thấy product id - product id: 193647601
2025-09-29 21:16:07,168 WARNING: Lỗi HTTP 429 - product id: 193709885, thử lại 1/3
2025-09-29 21:16:07,516 WARNING: Lỗi HTTP 429 - product id: 193720594, thử lại 1/3
2025-09-29 21:16:07,977 WARNING: Lỗi HTTP 429 - product id: 193283055, thử lại 1/3
2025-09-29 21:16:11,102 INFO: Đã commit batch 145 (1000 sản phẩm)
2025-09-29 21:16:11,127 INFO: Đã ghi 998 sản phẩm vào file /home/quannh/projects_de/Lab_01/output/products_batch_145_998_ids.csv
2025-09-29 21:16:11,165 INFO: Đã insert 998 sản phẩm từ file /home/quannh/projects_de/Lab_01/output/products_batch_145_998_ids.csv vào database PostgeSQL
2025-09-29 21:16:11,190 INFO: Đã update lại status của batch 146 về pending để tiến hành crawl lại batch
2025-09-29 21:16:11,200 INFO: Bắt đầu crawl batch 146 (1000 sản phẩm)
2025-09-29 21:16:12,111 WARNING: Lỗi HTTP 429 - product id: 194129533, thử lại 1/3
2025-09-29 21:16:12,161 WARNING: Lỗi HTTP 429 - product id: 194130253, thử lại 1/3
2025-09-29 21:16:12,517 WARNING: Lỗi HTTP 429 - product id: 194155760, thử lại 1/3
2025-09-29 21:16:12,756 WARNING: Lỗi HTTP 429 - product id: 194179682, thử lại 1/3
2025-09-29 21:16:12,812 WARNING: Lỗi HTTP 429 - product id: 194181888, thử lại 1/3
2025-09-29 21:16:12,854 WARNING: Lỗi HTTP 429 - product id: 194187114, thử lại 1/3
2025-09-29 21:16:14,456 WARNING: Lỗi HTTP 429 - product id: 193979251, thử lại 1/3
2025-09-29 21:16:15,963 WARNING: Lỗi HTTP 429 - product id: 194328345, thử lại 1/3
2025-09-29 21:16:16,055 WARNING: Lỗi HTTP 429 - product id: 194181888, thử lại 2/3
2025-09-29 21:16:16,202 WARNING: Lỗi HTTP 429 - product id: 194372843, thử lại 1/3
2025-09-29 21:16:17,710 WARNING: Lỗi HTTP 429 - product id: 193971001, thử lại 1/3
2025-09-29 21:16:17,814 WARNING: Lỗi HTTP 429 - product id: 193977406, thử lại 1/3
2025-09-29 21:16:18,114 WARNING: Lỗi HTTP 429 - product id: 194021946, thử lại 1/3
2025-09-29 21:16:18,258 WARNING: Lỗi HTTP 429 - product id: 194025335, thử lại 1/3
2025-09-29 21:16:18,960 WARNING: Lỗi HTTP 429 - product id: 194326550, thử lại 1/3
2025-09-29 21:16:19,011 WARNING: Lỗi HTTP 429 - product id: 194326897, thử lại 1/3
2025-09-29 21:16:19,020 WARNING: Lỗi HTTP 429 - product id: 194327383, thử lại 1/3
2025-09-29 21:16:19,113 WARNING: Lỗi HTTP 429 - product id: 194328345, thử lại 2/3
2025-09-29 21:16:19,208 WARNING: Lỗi HTTP 429 - product id: 194368556, thử lại 1/3
2025-09-29 21:16:19,210 WARNING: Lỗi HTTP 429 - product id: 194371371, thử lại 1/3
2025-09-29 21:16:19,259 WARNING: Lỗi HTTP 429 - product id: 194372823, thử lại 1/3
2025-09-29 21:16:19,308 WARNING: Lỗi HTTP 429 - product id: 194394276, thử lại 1/3
2025-09-29 21:16:19,356 WARNING: Lỗi HTTP 429 - product id: 194394629, thử lại 1/3
2025-09-29 21:16:20,063 WARNING: Lỗi HTTP 429 - product id: 194412722, thử lại 1/3
2025-09-29 21:16:22,759 WARNING: Lỗi HTTP 429 - product id: 194133015, thử lại 1/3
2025-09-29 21:16:22,909 WARNING: Lỗi HTTP 429 - product id: 194146920, thử lại 1/3
2025-09-29 21:16:22,972 WARNING: Lỗi HTTP 429 - product id: 194161355, thử lại 1/3
2025-09-29 21:16:23,002 WARNING: Lỗi HTTP 429 - product id: 194176898, thử lại 1/3
2025-09-29 21:16:23,017 WARNING: Lỗi HTTP 429 - product id: 194177155, thử lại 1/3
2025-09-29 21:16:23,616 WARNING: Lỗi HTTP 429 - product id: 194198716, thử lại 1/3
2025-09-29 21:16:23,965 WARNING: Lỗi HTTP 429 - product id: 194326206, thử lại 1/3
2025-09-29 21:16:24,019 WARNING: Lỗi HTTP 429 - product id: 194410458, thử lại 1/3
2025-09-29 21:16:24,053 WARNING: Lỗi HTTP 429 - product id: 194410837, thử lại 1/3
2025-09-29 21:16:24,108 WARNING: Lỗi HTTP 429 - product id: 194411922, thử lại 1/3
2025-09-29 21:16:24,220 WARNING: Lỗi HTTP 429 - product id: 194412774, thử lại 1/3
2025-09-29 21:16:24,273 WARNING: Lỗi HTTP 429 - product id: 194412882, thử lại 1/3
2025-09-29 21:16:24,393 WARNING: Lỗi HTTP 429 - product id: 194413748, thử lại 1/3
2025-09-29 21:16:24,415 WARNING: Lỗi HTTP 429 - product id: 194413988, thử lại 1/3
2025-09-29 21:16:24,701 WARNING: Lỗi HTTP 429 - product id: 194444145, thử lại 1/3
2025-09-29 21:16:24,716 WARNING: Lỗi HTTP 429 - product id: 194444436, thử lại 1/3
2025-09-29 21:16:24,868 WARNING: Lỗi HTTP 429 - product id: 194446428, thử lại 1/3
2025-09-29 21:16:25,162 WARNING: Lỗi HTTP 429 - product id: 194455149, thử lại 1/3
2025-09-29 21:16:25,371 WARNING: Lỗi HTTP 429 - product id: 193778028, thử lại 1/3
2025-09-29 21:16:28,479 INFO: Đã commit batch 146 (1000 sản phẩm)
2025-09-29 21:16:28,505 INFO: Đã ghi 1000 sản phẩm vào file /home/quannh/projects_de/Lab_01/output/products_batch_146_1000_ids.csv
2025-09-29 21:16:28,544 INFO: Đã insert 1000 sản phẩm từ file /home/quannh/projects_de/Lab_01/output/products_batch_146_1000_ids.csv vào database PostgeSQL
2025-09-29 21:16:28,568 INFO: Đã update lại status của batch 147 về pending để tiến hành crawl lại batch
2025-09-29 21:16:28,578 INFO: Bắt đầu crawl batch 147 (1000 sản phẩm)
2025-09-29 21:16:31,090 WARNING: Lỗi HTTP 429 - product id: 194788349, thử lại 1/3
2025-09-29 21:16:32,450 WARNING: Lỗi HTTP 429 - product id: 194858537, thử lại 1/3
2025-09-29 21:16:32,832 WARNING: Lỗi HTTP 429 - product id: 194951932, thử lại 1/3
2025-09-29 21:16:32,886 WARNING: Lỗi HTTP 429 - product id: 194957626, thử lại 1/3
2025-09-29 21:16:35,902 WARNING: Lỗi HTTP 429 - product id: 194489447, thử lại 1/3
2025-09-29 21:16:35,982 WARNING: Lỗi HTTP 429 - product id: 194490510, thử lại 1/3
2025-09-29 21:16:36,044 WARNING: Lỗi HTTP 429 - product id: 194497543, thử lại 1/3
2025-09-29 21:16:36,129 WARNING: Lỗi HTTP 429 - product id: 194501038, thử lại 1/3
2025-09-29 21:16:39,134 WARNING: Lỗi HTTP 429 - product id: 194858626, thử lại 1/3
2025-09-29 21:16:39,680 WARNING: Lỗi HTTP 429 - product id: 195255177, thử lại 1/3
2025-09-29 21:16:39,681 WARNING: Lỗi HTTP 429 - product id: 195255043, thử lại 1/3
2025-09-29 21:16:39,892 WARNING: Lỗi HTTP 429 - product id: 195283454, thử lại 1/3
2025-09-29 21:16:40,140 WARNING: Lỗi HTTP 429 - product id: 195302118, thử lại 1/3
2025-09-29 21:16:40,231 WARNING: Lỗi HTTP 429 - product id: 195304668, thử lại 1/3
2025-09-29 21:16:40,339 WARNING: Lỗi HTTP 429 - product id: 195323935, thử lại 1/3
2025-09-29 21:16:40,633 WARNING: Lỗi HTTP 429 - product id: 195324355, thử lại 1/3
2025-09-29 21:16:40,787 WARNING: Lỗi HTTP 429 - product id: 195326137, thử lại 1/3
2025-09-29 21:16:41,683 WARNING: Lỗi HTTP 429 - product id: 195341558, thử lại 1/3
2025-09-29 21:16:44,954 WARNING: Lỗi HTTP 404: Không tim thấy product id - product id: 195238171
2025-09-29 21:16:45,537 INFO: Đã commit batch 147 (1000 sản phẩm)
2025-09-29 21:16:45,566 INFO: Đã ghi 999 sản phẩm vào file /home/quannh/projects_de/Lab_01/output/products_batch_147_999_ids.csv
2025-09-29 21:16:45,610 INFO: Đã insert 999 sản phẩm từ file /home/quannh/projects_de/Lab_01/output/products_batch_147_999_ids.csv vào database PostgeSQL
2025-09-29 21:16:45,634 INFO: Đã update lại status của batch 148 về pending để tiến hành crawl lại batch
2025-09-29 21:16:45,643 INFO: Bắt đầu crawl batch 148 (1000 sản phẩm)
2025-09-29 21:16:46,111 WARNING: Lỗi HTTP 429 - product id: 195480529, thử lại 1/3
2025-09-29 21:16:46,151 WARNING: Lỗi HTTP 429 - product id: 195481531, thử lại 1/3
2025-09-29 21:16:46,256 WARNING: Lỗi HTTP 429 - product id: 195505306, thử lại 1/3
2025-09-29 21:16:46,755 WARNING: Lỗi HTTP 429 - product id: 195798335, thử lại 1/3
2025-09-29 21:16:46,958 WARNING: Lỗi HTTP 429 - product id: 195814843, thử lại 1/3
2025-09-29 21:16:47,314 WARNING: Lỗi HTTP 429 - product id: 195854423, thử lại 1/3
2025-09-29 21:16:47,355 WARNING: Lỗi HTTP 429 - product id: 195861445, thử lại 1/3
2025-09-29 21:16:47,402 WARNING: Lỗi HTTP 429 - product id: 195864697, thử lại 1/3
2025-09-29 21:16:49,302 WARNING: Lỗi HTTP 429 - product id: 195623979, thử lại 1/3
2025-09-29 21:16:49,499 WARNING: Lỗi HTTP 429 - product id: 195649322, thử lại 1/3
2025-09-29 21:16:49,508 WARNING: Lỗi HTTP 429 - product id: 195649449, thử lại 1/3
2025-09-29 21:16:49,510 WARNING: Lỗi HTTP 429 - product id: 195649457, thử lại 1/3
2025-09-29 21:16:49,555 WARNING: Lỗi HTTP 429 - product id: 195651029, thử lại 1/3
2025-09-29 21:16:49,556 WARNING: Lỗi HTTP 429 - product id: 195651473, thử lại 1/3
2025-09-29 21:16:49,565 WARNING: Lỗi HTTP 429 - product id: 195653578, thử lại 1/3
2025-09-29 21:16:49,659 WARNING: Lỗi HTTP 429 - product id: 195661668, thử lại 1/3
2025-09-29 21:16:49,750 WARNING: Lỗi HTTP 429 - product id: 195665839, thử lại 1/3
2025-09-29 21:16:49,964 WARNING: Lỗi HTTP 429 - product id: 195686754, thử lại 1/3
2025-09-29 21:16:50,055 WARNING: Lỗi HTTP 429 - product id: 195691266, thử lại 1/3
2025-09-29 21:16:50,115 WARNING: Lỗi HTTP 429 - product id: 195694168, thử lại 1/3
2025-09-29 21:16:50,204 WARNING: Lỗi HTTP 429 - product id: 195702635, thử lại 1/3
2025-09-29 21:16:50,205 WARNING: Lỗi HTTP 429 - product id: 195703002, thử lại 1/3
2025-09-29 21:16:50,802 WARNING: Lỗi HTTP 429 - product id: 195759915, thử lại 1/3
2025-09-29 21:16:50,896 WARNING: Lỗi HTTP 429 - product id: 195769421, thử lại 1/3
2025-09-29 21:16:50,904 WARNING: Lỗi HTTP 429 - product id: 195769427, thử lại 1/3
2025-09-29 21:16:50,905 WARNING: Lỗi HTTP 429 - product id: 195770264, thử lại 1/3
2025-09-29 21:16:51,055 WARNING: Lỗi HTTP 429 - product id: 195773206, thử lại 1/3
2025-09-29 21:16:52,461 WARNING: Lỗi HTTP 429 - product id: 195435393, thử lại 1/3
2025-09-29 21:16:52,902 WARNING: Lỗi HTTP 429 - product id: 195665839, thử lại 2/3
2025-09-29 21:16:52,904 WARNING: Lỗi HTTP 429 - product id: 195444318, thử lại 1/3
2025-09-29 21:16:53,103 WARNING: Lỗi HTTP 429 - product id: 195526470, thử lại 1/3
2025-09-29 21:16:53,151 WARNING: Lỗi HTTP 429 - product id: 195528621, thử lại 1/3
2025-09-29 21:16:53,154 WARNING: Lỗi HTTP 429 - product id: 195528750, thử lại 1/3
2025-09-29 21:16:53,358 WARNING: Lỗi HTTP 429 - product id: 195536775, thử lại 1/3
2025-09-29 21:16:53,511 WARNING: Lỗi HTTP 429 - product id: 195544950, thử lại 1/3
2025-09-29 21:16:53,761 WARNING: Lỗi HTTP 429 - product id: 195619968, thử lại 1/3
2025-09-29 21:16:54,072 WARNING: Lỗi HTTP 429 - product id: 195656533, thử lại 1/3
2025-09-29 21:16:54,097 WARNING: Lỗi HTTP 429 - product id: 195656716, thử lại 1/3
2025-09-29 21:16:54,151 WARNING: Lỗi HTTP 429 - product id: 195664077, thử lại 1/3
2025-09-29 21:16:54,156 WARNING: Lỗi HTTP 429 - product id: 195664729, thử lại 1/3
2025-09-29 21:16:54,328 WARNING: Lỗi HTTP 404: Không tim thấy product id - product id: 195548070
2025-09-29 21:16:54,394 WARNING: Lỗi HTTP 429 - product id: 195694226, thử lại 1/3
2025-09-29 21:16:54,456 WARNING: Lỗi HTTP 429 - product id: 195698659, thử lại 1/3
2025-09-29 21:16:55,305 WARNING: Lỗi HTTP 429 - product id: 195771611, thử lại 1/3
2025-09-29 21:16:55,317 WARNING: Lỗi HTTP 404: Không tim thấy product id - product id: 195745514
2025-09-29 21:16:55,556 WARNING: Lỗi HTTP 429 - product id: 195791131, thử lại 1/3
2025-09-29 21:16:55,608 WARNING: Lỗi HTTP 429 - product id: 195797817, thử lại 1/3
2025-09-29 21:16:55,610 WARNING: Lỗi HTTP 429 - product id: 195797830, thử lại 1/3
2025-09-29 21:16:56,007 WARNING: Lỗi HTTP 429 - product id: 195968626, thử lại 1/3
2025-09-29 21:16:56,610 WARNING: Lỗi HTTP 429 - product id: 195455124, thử lại 1/3
2025-09-29 21:16:56,759 WARNING: Lỗi HTTP 429 - product id: 195455758, thử lại 1/3
2025-09-29 21:17:01,722 WARNING: Lỗi HTTP 404: Không tim thấy product id - product id: 195940874
2025-09-29 21:17:02,139 WARNING: Lỗi HTTP 429 - product id: 195444234, thử lại 1/3
2025-09-29 21:17:05,299 INFO: Đã commit batch 148 (1000 sản phẩm)
2025-09-29 21:17:05,327 INFO: Đã ghi 997 sản phẩm vào file /home/quannh/projects_de/Lab_01/output/products_batch_148_997_ids.csv
2025-09-29 21:17:05,373 INFO: Đã insert 997 sản phẩm từ file /home/quannh/projects_de/Lab_01/output/products_batch_148_997_ids.csv vào database PostgeSQL
2025-09-29 21:17:05,398 INFO: Đã update lại status của batch 149 về pending để tiến hành crawl lại batch
2025-09-29 21:17:05,408 INFO: Bắt đầu crawl batch 149 (1000 sản phẩm)
2025-09-29 21:17:05,677 WARNING: Lỗi HTTP 429 - product id: 196029469, thử lại 1/3
2025-09-29 21:17:07,724 WARNING: Lỗi HTTP 429 - product id: 196325218, thử lại 1/3
2025-09-29 21:17:07,820 WARNING: Lỗi HTTP 429 - product id: 196326452, thử lại 1/3
2025-09-29 21:17:07,966 WARNING: Lỗi HTTP 429 - product id: 196327873, thử lại 1/3
2025-09-29 21:17:07,975 WARNING: Lỗi HTTP 429 - product id: 196328137, thử lại 1/3
2025-09-29 21:17:08,072 WARNING: Lỗi HTTP 429 - product id: 196331208, thử lại 1/3
2025-09-29 21:17:08,120 WARNING: Lỗi HTTP 429 - product id: 196331471, thử lại 1/3
2025-09-29 21:17:08,223 WARNING: Lỗi HTTP 429 - product id: 196332613, thử lại 1/3
2025-09-29 21:17:08,470 WARNING: Lỗi HTTP 429 - product id: 196338701, thử lại 1/3
2025-09-29 21:17:08,566 WARNING: Lỗi HTTP 429 - product id: 196344528, thử lại 1/3
2025-09-29 21:17:08,725 WARNING: Lỗi HTTP 429 - product id: 196350024, thử lại 1/3
2025-09-29 21:17:08,918 WARNING: Lỗi HTTP 429 - product id: 196350208, thử lại 1/3
2025-09-29 21:17:09,324 WARNING: Lỗi HTTP 429 - product id: 196375029, thử lại 1/3
2025-09-29 21:17:09,470 WARNING: Lỗi HTTP 429 - product id: 196382646, thử lại 1/3
2025-09-29 21:17:09,520 WARNING: Lỗi HTTP 429 - product id: 196395002, thử lại 1/3
2025-09-29 21:17:09,818 WARNING: Lỗi HTTP 429 - product id: 196154135, thử lại 1/3
2025-09-29 21:17:09,869 WARNING: Lỗi HTTP 429 - product id: 196156186, thử lại 1/3
2025-09-29 21:17:09,970 WARNING: Lỗi HTTP 429 - product id: 196159469, thử lại 1/3
2025-09-29 21:17:10,265 WARNING: Lỗi HTTP 429 - product id: 196186872, thử lại 1/3
2025-09-29 21:17:10,366 WARNING: Lỗi HTTP 429 - product id: 196189505, thử lại 1/3
2025-09-29 21:17:10,368 WARNING: Lỗi HTTP 429 - product id: 196190675, thử lại 1/3
2025-09-29 21:17:10,911 WARNING: Lỗi HTTP 429 - product id: 196223732, thử lại 1/3
2025-09-29 21:17:10,969 WARNING: Lỗi HTTP 429 - product id: 196225352, thử lại 1/3
2025-09-29 21:17:11,068 WARNING: Lỗi HTTP 429 - product id: 196233545, thử lại 1/3
2025-09-29 21:17:11,557 WARNING: Lỗi HTTP 429 - product id: 196286300, thử lại 1/3
2025-09-29 21:17:11,560 WARNING: Lỗi HTTP 429 - product id: 196286340, thử lại 1/3
2025-09-29 21:17:12,409 WARNING: Lỗi HTTP 429 - product id: 196375029, thử lại 2/3
2025-09-29 21:17:12,672 WARNING: Lỗi HTTP 404: Không tim thấy product id - product id: 196469884
2025-09-29 21:17:13,463 WARNING: Lỗi HTTP 429 - product id: 195991996, thử lại 1/3
2025-09-29 21:17:13,464 WARNING: Lỗi HTTP 429 - product id: 195992039, thử lại 1/3
2025-09-29 21:17:13,515 WARNING: Lỗi HTTP 429 - product id: 196161685, thử lại 1/3
2025-09-29 21:17:13,716 WARNING: Lỗi HTTP 429 - product id: 196180345, thử lại 1/3
2025-09-29 21:17:13,876 WARNING: Lỗi HTTP 429 - product id: 196184725, thử lại 1/3
2025-09-29 21:17:13,972 WARNING: Lỗi HTTP 404: Không tim thấy product id - product id: 196175015
2025-09-29 21:17:14,220 WARNING: Lỗi HTTP 429 - product id: 196200603, thử lại 1/3
2025-09-29 21:17:14,568 WARNING: Lỗi HTTP 429 - product id: 196223070, thử lại 1/3
2025-09-29 21:17:14,572 WARNING: Lỗi HTTP 429 - product id: 196223071, thử lại 1/3
2025-09-29 21:17:14,720 WARNING: Lỗi HTTP 429 - product id: 196286340, thử lại 2/3
2025-09-29 21:17:14,814 WARNING: Lỗi HTTP 429 - product id: 196225937, thử lại 1/3
2025-09-29 21:17:14,877 WARNING: Lỗi HTTP 429 - product id: 196232447, thử lại 1/3
2025-09-29 21:17:14,913 WARNING: Lỗi HTTP 429 - product id: 196233920, thử lại 1/3
2025-09-29 21:17:14,924 WARNING: Lỗi HTTP 429 - product id: 196234379, thử lại 1/3
2025-09-29 21:17:15,026 WARNING: Lỗi HTTP 429 - product id: 196264976, thử lại 1/3
2025-09-29 21:17:15,115 WARNING: Lỗi HTTP 429 - product id: 196280145, thử lại 1/3
2025-09-29 21:17:15,155 WARNING: Lỗi HTTP 429 - product id: 196283423, thử lại 1/3
2025-09-29 21:17:15,221 WARNING: Lỗi HTTP 429 - product id: 196286444, thử lại 1/3
2025-09-29 21:17:18,120 WARNING: Lỗi HTTP 429 - product id: 196233920, thử lại 2/3
2025-09-29 21:17:24,252 INFO: Đã commit batch 149 (1000 sản phẩm)
2025-09-29 21:17:24,282 INFO: Đã ghi 998 sản phẩm vào file /home/quannh/projects_de/Lab_01/output/products_batch_149_998_ids.csv
2025-09-29 21:17:24,332 INFO: Đã insert 998 sản phẩm từ file /home/quannh/projects_de/Lab_01/output/products_batch_149_998_ids.csv vào database PostgeSQL
2025-09-29 21:17:24,356 INFO: Đã update lại status của batch 150 về pending để tiến hành crawl lại batch
2025-09-29 21:17:24,365 INFO: Bắt đầu crawl batch 150 (1000 sản phẩm)
2025-09-29 21:17:25,424 WARNING: Lỗi HTTP 429 - product id: 196762621, thử lại 1/3
2025-09-29 21:17:25,528 WARNING: Lỗi HTTP 429 - product id: 196895173, thử lại 1/3
2025-09-29 21:17:25,678 WARNING: Lỗi HTTP 429 - product id: 196897893, thử lại 1/3
2025-09-29 21:17:25,722 WARNING: Lỗi HTTP 429 - product id: 196898176, thử lại 1/3
2025-09-29 21:17:25,722 WARNING: Lỗi HTTP 429 - product id: 196898438, thử lại 1/3
2025-09-29 21:17:25,786 WARNING: Lỗi HTTP 429 - product id: 196899309, thử lại 1/3
2025-09-29 21:17:25,877 WARNING: Lỗi HTTP 429 - product id: 196904932, thử lại 1/3
2025-09-29 21:17:26,021 WARNING: Lỗi HTTP 429 - product id: 196905874, thử lại 1/3
2025-09-29 21:17:26,024 WARNING: Lỗi HTTP 429 - product id: 196906576, thử lại 1/3
2025-09-29 21:17:26,122 WARNING: Lỗi HTTP 429 - product id: 196912506, thử lại 1/3
2025-09-29 21:17:26,372 WARNING: Lỗi HTTP 429 - product id: 196952054, thử lại 1/3
2025-09-29 21:17:28,124 WARNING: Lỗi HTTP 429 - product id: 196771417, thử lại 1/3
2025-09-29 21:17:28,264 WARNING: Lỗi HTTP 429 - product id: 196783280, thử lại 1/3
2025-09-29 21:17:28,326 WARNING: Lỗi HTTP 429 - product id: 196790065, thử lại 1/3
2025-09-29 21:17:28,417 WARNING: Lỗi HTTP 429 - product id: 196790985, thử lại 1/3
2025-09-29 21:17:28,524 WARNING: Lỗi HTTP 429 - product id: 196794082, thử lại 1/3
2025-09-29 21:17:29,793 WARNING: Lỗi HTTP 404: Không tim thấy product id - product id: 196800922
2025-09-29 21:17:30,878 WARNING: Lỗi HTTP 429 - product id: 197118044, thử lại 1/3
2025-09-29 21:17:30,921 WARNING: Lỗi HTTP 429 - product id: 197138992, thử lại 1/3
2025-09-29 21:17:31,428 WARNING: Lỗi HTTP 429 - product id: 197170474, thử lại 1/3
2025-09-29 21:17:31,815 WARNING: Lỗi HTTP 429 - product id: 197173687, thử lại 1/3
2025-09-29 21:17:31,976 WARNING: Lỗi HTTP 429 - product id: 197186679, thử lại 1/3
2025-09-29 21:17:32,079 WARNING: Lỗi HTTP 429 - product id: 196489886, thử lại 1/3
2025-09-29 21:17:32,121 WARNING: Lỗi HTTP 429 - product id: 196515694, thử lại 1/3
2025-09-29 21:17:32,175 WARNING: Lỗi HTTP 429 - product id: 196518872, thử lại 1/3
2025-09-29 21:17:32,221 WARNING: Lỗi HTTP 429 - product id: 196522158, thử lại 1/3
2025-09-29 21:17:32,224 WARNING: Lỗi HTTP 429 - product id: 196522736, thử lại 1/3
2025-09-29 21:17:32,323 WARNING: Lỗi HTTP 429 - product id: 196515925, thử lại 1/3
2025-09-29 21:17:32,325 WARNING: Lỗi HTTP 429 - product id: 196515944, thử lại 1/3
2025-09-29 21:17:32,375 WARNING: Lỗi HTTP 429 - product id: 196521673, thử lại 1/3
2025-09-29 21:17:32,471 WARNING: Lỗi HTTP 429 - product id: 196768904, thử lại 1/3
2025-09-29 21:17:32,471 WARNING: Lỗi HTTP 429 - product id: 196770787, thử lại 1/3
2025-09-29 21:17:32,772 WARNING: Lỗi HTTP 429 - product id: 196793900, thử lại 1/3
2025-09-29 21:17:36,670 WARNING: Lỗi HTTP 429 - product id: 196537058, thử lại 1/3
2025-09-29 21:17:36,679 WARNING: Lỗi HTTP 429 - product id: 196537844, thử lại 1/3
2025-09-29 21:17:37,078 WARNING: Lỗi HTTP 429 - product id: 196570961, thử lại 1/3
2025-09-29 21:17:37,122 WARNING: Lỗi HTTP 429 - product id: 196573525, thử lại 1/3
2025-09-29 21:17:37,124 WARNING: Lỗi HTTP 429 - product id: 196575100, thử lại 1/3
2025-09-29 21:17:37,167 WARNING: Lỗi HTTP 429 - product id: 196582556, thử lại 1/3
2025-09-29 21:17:37,172 WARNING: Lỗi HTTP 429 - product id: 196595752, thử lại 1/3
2025-09-29 21:17:37,279 WARNING: Lỗi HTTP 429 - product id: 196672662, thử lại 1/3
2025-09-29 21:17:37,369 WARNING: Lỗi HTTP 429 - product id: 196676266, thử lại 1/3
2025-09-29 21:17:39,481 WARNING: Lỗi HTTP 429 - product id: 196990766, thử lại 1/3
2025-09-29 21:17:39,524 WARNING: Lỗi HTTP 429 - product id: 196993356, thử lại 1/3
2025-09-29 21:17:39,768 WARNING: Lỗi HTTP 429 - product id: 197041489, thử lại 1/3
2025-09-29 21:17:39,772 WARNING: Lỗi HTTP 429 - product id: 197047533, thử lại 1/3
2025-09-29 21:17:39,825 WARNING: Lỗi HTTP 429 - product id: 197048049, thử lại 1/3
2025-09-29 21:17:39,880 WARNING: Lỗi HTTP 429 - product id: 197070951, thử lại 1/3
2025-09-29 21:17:39,880 WARNING: Lỗi HTTP 429 - product id: 197072592, thử lại 1/3
2025-09-29 21:17:39,922 WARNING: Lỗi HTTP 429 - product id: 197084404, thử lại 1/3
2025-09-29 21:17:40,017 WARNING: Lỗi HTTP 429 - product id: 197105009, thử lại 1/3
2025-09-29 21:17:40,024 WARNING: Lỗi HTTP 429 - product id: 197105231, thử lại 1/3
2025-09-29 21:17:40,230 WARNING: Lỗi HTTP 429 - product id: 196582556, thử lại 2/3
2025-09-29 21:17:46,361 INFO: Đã commit batch 150 (1000 sản phẩm)
2025-09-29 21:17:46,388 INFO: Đã ghi 999 sản phẩm vào file /home/quannh/projects_de/Lab_01/output/products_batch_150_999_ids.csv
2025-09-29 21:17:46,431 INFO: Đã insert 999 sản phẩm từ file /home/quannh/projects_de/Lab_01/output/products_batch_150_999_ids.csv vào database PostgeSQL
2025-09-29 21:17:46,454 INFO: Đã update lại status của batch 151 về pending để tiến hành crawl lại batch
2025-09-29 21:17:46,464 INFO: Bắt đầu crawl batch 151 (1000 sản phẩm)
2025-09-29 21:17:47,176 WARNING: Lỗi HTTP 429 - product id: 197607334, thử lại 1/3
2025-09-29 21:17:47,771 WARNING: Lỗi HTTP 429 - product id: 197639244, thử lại 1/3
2025-09-29 21:17:49,172 WARNING: Lỗi HTTP 429 - product id: 197387179, thử lại 1/3
2025-09-29 21:17:49,662 WARNING: Lỗi HTTP 429 - product id: 197410877, thử lại 1/3
2025-09-29 21:17:49,827 WARNING: Lỗi HTTP 429 - product id: 197422208, thử lại 1/3
2025-09-29 21:17:49,928 WARNING: Lỗi HTTP 429 - product id: 197497568, thử lại 1/3
2025-09-29 21:17:50,421 WARNING: Lỗi HTTP 429 - product id: 197535329, thử lại 1/3
2025-09-29 21:17:50,422 WARNING: Lỗi HTTP 429 - product id: 197535228, thử lại 1/3
2025-09-29 21:17:50,579 WARNING: Lỗi HTTP 429 - product id: 197539063, thử lại 1/3
2025-09-29 21:17:51,620 WARNING: Lỗi HTTP 429 - product id: 197688874, thử lại 1/3
2025-09-29 21:17:52,476 WARNING: Lỗi HTTP 429 - product id: 197746166, thử lại 1/3
2025-09-29 21:17:52,577 WARNING: Lỗi HTTP 429 - product id: 197747353, thử lại 1/3
2025-09-29 21:17:52,721 WARNING: Lỗi HTTP 429 - product id: 197751591, thử lại 1/3
2025-09-29 21:17:52,873 WARNING: Lỗi HTTP 429 - product id: 197778010, thử lại 1/3
2025-09-29 21:17:52,874 WARNING: Lỗi HTTP 429 - product id: 197777872, thử lại 1/3
2025-09-29 21:17:52,940 WARNING: Lỗi HTTP 404: Không tim thấy product id - product id: 197729017
2025-09-29 21:17:53,022 WARNING: Lỗi HTTP 429 - product id: 197788491, thử lại 1/3
2025-09-29 21:17:53,121 WARNING: Lỗi HTTP 429 - product id: 197805322, thử lại 1/3
2025-09-29 21:17:53,124 WARNING: Lỗi HTTP 429 - product id: 197809292, thử lại 1/3
2025-09-29 21:17:53,178 WARNING: Lỗi HTTP 429 - product id: 197811982, thử lại 1/3
2025-09-29 21:17:53,225 WARNING: Lỗi HTTP 429 - product id: 197210669, thử lại 1/3
2025-09-29 21:17:53,271 WARNING: Lỗi HTTP 429 - product id: 197212837, thử lại 1/3
2025-09-29 21:17:53,320 WARNING: Lỗi HTTP 429 - product id: 197215171, thử lại 1/3
2025-09-29 21:17:53,478 WARNING: Lỗi HTTP 429 - product id: 197222752, thử lại 1/3
2025-09-29 21:17:53,572 WARNING: Lỗi HTTP 429 - product id: 197223777, thử lại 1/3
2025-09-29 21:17:53,580 WARNING: Lỗi HTTP 429 - product id: 197223812, thử lại 1/3
2025-09-29 21:17:53,819 WARNING: Lỗi HTTP 429 - product id: 197234276, thử lại 1/3
2025-09-29 21:17:53,977 WARNING: Lỗi HTTP 429 - product id: 197193529, thử lại 1/3
2025-09-29 21:17:54,017 WARNING: Lỗi HTTP 429 - product id: 197210067, thử lại 1/3
2025-09-29 21:17:54,023 WARNING: Lỗi HTTP 429 - product id: 197210211, thử lại 1/3
2025-09-29 21:17:55,227 WARNING: Lỗi HTTP 429 - product id: 197400811, thử lại 1/3
2025-09-29 21:17:58,366 WARNING: Lỗi HTTP 429 - product id: 197777635, thử lại 1/3
2025-09-29 21:17:58,422 WARNING: Lỗi HTTP 429 - product id: 197777889, thử lại 1/3
2025-09-29 21:17:58,428 WARNING: Lỗi HTTP 404: Không tim thấy product id - product id: 197730935
2025-09-29 21:17:58,569 WARNING: Lỗi HTTP 429 - product id: 197779303, thử lại 1/3
2025-09-29 21:17:59,677 WARNING: Lỗi HTTP 429 - product id: 197365644, thử lại 1/3
2025-09-29 21:17:59,719 WARNING: Lỗi HTTP 429 - product id: 197365741, thử lại 1/3
2025-09-29 21:17:59,725 WARNING: Lỗi HTTP 429 - product id: 197365875, thử lại 1/3
2025-09-29 21:17:59,819 WARNING: Lỗi HTTP 429 - product id: 197377025, thử lại 1/3
2025-09-29 21:17:59,891 WARNING: Lỗi HTTP 404: Không tim thấy product id - product id: 197329296
2025-09-29 21:18:00,189 WARNING: Lỗi HTTP 404: Không tim thấy product id - product id: 197366896
2025-09-29 21:18:00,373 WARNING: Lỗi HTTP 404: Không tim thấy product id - product id: 197379419
2025-09-29 21:18:00,514 WARNING: Lỗi HTTP 429 - product id: 197618837, thử lại 1/3
2025-09-29 21:18:00,872 WARNING: Lỗi HTTP 429 - product id: 197632125, thử lại 1/3
2025-09-29 21:18:01,311 WARNING: Lỗi HTTP 429 - product id: 197646282, thử lại 1/3
2025-09-29 21:18:01,373 WARNING: Lỗi HTTP 429 - product id: 197647087, thử lại 1/3
2025-09-29 21:18:01,467 WARNING: Lỗi HTTP 429 - product id: 197650194, thử lại 1/3
2025-09-29 21:18:01,526 WARNING: Lỗi HTTP 429 - product id: 197651565, thử lại 1/3
2025-09-29 21:18:01,823 WARNING: Lỗi HTTP 429 - product id: 197663286, thử lại 1/3
2025-09-29 21:18:01,824 WARNING: Lỗi HTTP 429 - product id: 197663148, thử lại 1/3
2025-09-29 21:18:02,117 WARNING: Lỗi HTTP 429 - product id: 197672958, thử lại 1/3
2025-09-29 21:18:02,322 WARNING: Lỗi HTTP 429 - product id: 197677953, thử lại 1/3
2025-09-29 21:18:02,326 WARNING: Lỗi HTTP 429 - product id: 197679135, thử lại 1/3
2025-09-29 21:18:02,385 WARNING: Lỗi HTTP 429 - product id: 197685307, thử lại 1/3
2025-09-29 21:18:05,492 INFO: Đã commit batch 151 (1000 sản phẩm)
2025-09-29 21:18:05,521 INFO: Đã ghi 995 sản phẩm vào file /home/quannh/projects_de/Lab_01/output/products_batch_151_995_ids.csv
2025-09-29 21:18:05,568 INFO: Đã insert 995 sản phẩm từ file /home/quannh/projects_de/Lab_01/output/products_batch_151_995_ids.csv vào database PostgeSQL
2025-09-29 21:18:05,591 INFO: Đã update lại status của batch 152 về pending để tiến hành crawl lại batch
2025-09-29 21:18:05,601 INFO: Bắt đầu crawl batch 152 (1000 sản phẩm)
2025-09-29 21:18:06,310 WARNING: Lỗi HTTP 429 - product id: 198076562, thử lại 1/3
2025-09-29 21:18:06,413 WARNING: Lỗi HTTP 429 - product id: 198081846, thử lại 1/3
2025-09-29 21:18:06,731 WARNING: Lỗi HTTP 404: Không tim thấy product id - product id: 198074821
2025-09-29 21:18:06,865 WARNING: Lỗi HTTP 429 - product id: 198102813, thử lại 1/3
2025-09-29 21:18:06,951 WARNING: Lỗi HTTP 429 - product id: 198111583, thử lại 1/3
2025-09-29 21:18:06,956 WARNING: Lỗi HTTP 429 - product id: 198111706, thử lại 1/3
2025-09-29 21:18:06,960 WARNING: Lỗi HTTP 429 - product id: 198118646, thử lại 1/3
2025-09-29 21:18:07,063 WARNING: Lỗi HTTP 429 - product id: 198122547, thử lại 1/3
2025-09-29 21:18:07,359 WARNING: Lỗi HTTP 429 - product id: 198197253, thử lại 1/3
2025-09-29 21:18:07,610 WARNING: Lỗi HTTP 429 - product id: 198342389, thử lại 1/3
2025-09-29 21:18:07,620 WARNING: Lỗi HTTP 429 - product id: 198349376, thử lại 1/3
2025-09-29 21:18:07,717 WARNING: Lỗi HTTP 429 - product id: 198351833, thử lại 1/3
2025-09-29 21:18:08,579 WARNING: Lỗi HTTP 404: Không tim thấy product id - product id: 198364422
2025-09-29 21:18:10,909 WARNING: Lỗi HTTP 429 - product id: 198035065, thử lại 1/3
2025-09-29 21:18:11,013 WARNING: Lỗi HTTP 429 - product id: 198351833, thử lại 2/3
2025-09-29 21:18:11,013 WARNING: Lỗi HTTP 429 - product id: 198056023, thử lại 1/3
2025-09-29 21:18:11,110 WARNING: Lỗi HTTP 429 - product id: 198075533, thử lại 1/3
2025-09-29 21:18:11,205 WARNING: Lỗi HTTP 429 - product id: 198077220, thử lại 1/3
2025-09-29 21:18:11,212 WARNING: Lỗi HTTP 429 - product id: 198077499, thử lại 1/3
2025-09-29 21:18:11,262 WARNING: Lỗi HTTP 429 - product id: 198078842, thử lại 1/3
2025-09-29 21:18:11,932 WARNING: Lỗi HTTP 404: Không tim thấy product id - product id: 198079078
2025-09-29 21:18:11,997 WARNING: Lỗi HTTP 429 - product id: 198184184, thử lại 1/3
2025-09-29 21:18:12,004 WARNING: Lỗi HTTP 429 - product id: 198186699, thử lại 1/3
2025-09-29 21:18:12,063 WARNING: Lỗi HTTP 429 - product id: 198193492, thử lại 1/3
2025-09-29 21:18:12,207 WARNING: Lỗi HTTP 429 - product id: 198202512, thử lại 1/3
2025-09-29 21:18:12,517 WARNING: Lỗi HTTP 429 - product id: 198222034, thử lại 1/3
2025-09-29 21:18:12,566 WARNING: Lỗi HTTP 429 - product id: 198222063, thử lại 1/3
2025-09-29 21:18:12,612 WARNING: Lỗi HTTP 429 - product id: 198230170, thử lại 1/3
2025-09-29 21:18:12,662 WARNING: Lỗi HTTP 429 - product id: 198382008, thử lại 1/3
2025-09-29 21:18:12,755 WARNING: Lỗi HTTP 429 - product id: 198384809, thử lại 1/3
2025-09-29 21:18:12,862 WARNING: Lỗi HTTP 429 - product id: 197825382, thử lại 1/3
2025-09-29 21:18:13,750 WARNING: Lỗi HTTP 429 - product id: 197866986, thử lại 1/3
2025-09-29 21:18:13,859 WARNING: Lỗi HTTP 429 - product id: 197880103, thử lại 1/3
2025-09-29 21:18:13,967 WARNING: Lỗi HTTP 429 - product id: 197891914, thử lại 1/3
2025-09-29 21:18:14,010 WARNING: Lỗi HTTP 429 - product id: 197812321, thử lại 1/3
2025-09-29 21:18:14,096 WARNING: Lỗi HTTP 429 - product id: 197812618, thử lại 1/3
2025-09-29 21:18:14,112 WARNING: Lỗi HTTP 429 - product id: 197812885, thử lại 1/3
2025-09-29 21:18:14,169 WARNING: Lỗi HTTP 429 - product id: 197822397, thử lại 1/3
2025-09-29 21:18:14,201 WARNING: Lỗi HTTP 429 - product id: 197824722, thử lại 1/3
2025-09-29 21:18:14,208 WARNING: Lỗi HTTP 429 - product id: 197827408, thử lại 1/3
2025-09-29 21:18:15,419 WARNING: Lỗi HTTP 429 - product id: 197923229, thử lại 1/3
2025-09-29 21:18:15,531 WARNING: Lỗi HTTP 404: Không tim thấy product id - product id: 197856197
2025-09-29 21:18:15,678 WARNING: Lỗi HTTP 404: Không tim thấy product id - product id: 197856522
2025-09-29 21:18:16,012 WARNING: Lỗi HTTP 429 - product id: 197974693, thử lại 1/3
2025-09-29 21:18:16,013 WARNING: Lỗi HTTP 429 - product id: 197974570, thử lại 1/3
2025-09-29 21:18:16,161 WARNING: Lỗi HTTP 429 - product id: 197976139, thử lại 1/3
2025-09-29 21:18:20,828 WARNING: Lỗi HTTP 404: Không tim thấy product id - product id: 198289547
2025-09-29 21:18:22,560 INFO: Đã commit batch 152 (1000 sản phẩm)
2025-09-29 21:18:22,589 INFO: Đã ghi 994 sản phẩm vào file /home/quannh/projects_de/Lab_01/output/products_batch_152_994_ids.csv
2025-09-29 21:18:22,636 INFO: Đã insert 994 sản phẩm từ file /home/quannh/projects_de/Lab_01/output/products_batch_152_994_ids.csv vào database PostgeSQL
2025-09-29 21:18:22,660 INFO: Đã update lại status của batch 153 về pending để tiến hành crawl lại batch
2025-09-29 21:18:22,669 INFO: Bắt đầu crawl batch 153 (1000 sản phẩm)
2025-09-29 21:18:25,031 WARNING: Lỗi HTTP 429 - product id: 198914882, thử lại 1/3
2025-09-29 21:18:27,231 WARNING: Lỗi HTTP 429 - product id: 198511640, thử lại 1/3
2025-09-29 21:18:27,333 WARNING: Lỗi HTTP 429 - product id: 198698840, thử lại 1/3
2025-09-29 21:18:27,382 WARNING: Lỗi HTTP 429 - product id: 198701638, thử lại 1/3
2025-09-29 21:18:27,474 WARNING: Lỗi HTTP 429 - product id: 198725085, thử lại 1/3
2025-09-29 21:18:27,475 WARNING: Lỗi HTTP 429 - product id: 198721904, thử lại 1/3
2025-09-29 21:18:27,600 WARNING: Lỗi HTTP 404: Không tim thấy product id - product id: 198465853
2025-09-29 21:18:27,727 WARNING: Lỗi HTTP 429 - product id: 198741215, thử lại 1/3
2025-09-29 21:18:27,829 WARNING: Lỗi HTTP 429 - product id: 198769926, thử lại 1/3
2025-09-29 21:18:27,832 WARNING: Lỗi HTTP 429 - product id: 198770005, thử lại 1/3
2025-09-29 21:18:29,228 WARNING: Lỗi HTTP 429 - product id: 198917011, thử lại 1/3
2025-09-29 21:18:29,628 WARNING: Lỗi HTTP 429 - product id: 198933169, thử lại 1/3
2025-09-29 21:18:29,683 WARNING: Lỗi HTTP 429 - product id: 198934548, thử lại 1/3
2025-09-29 21:18:30,230 WARNING: Lỗi HTTP 429 - product id: 198475011, thử lại 1/3
2025-09-29 21:18:30,834 WARNING: Lỗi HTTP 429 - product id: 198644440, thử lại 1/3
2025-09-29 21:18:30,885 WARNING: Lỗi HTTP 429 - product id: 198648756, thử lại 1/3
2025-09-29 21:18:31,581 WARNING: Lỗi HTTP 429 - product id: 198733333, thử lại 1/3
2025-09-29 21:18:32,682 WARNING: Lỗi HTTP 429 - product id: 198823561, thử lại 1/3
2025-09-29 21:18:33,078 WARNING: Lỗi HTTP 429 - product id: 198883582, thử lại 1/3
2025-09-29 21:18:33,178 WARNING: Lỗi HTTP 429 - product id: 198886212, thử lại 1/3
2025-09-29 21:18:33,181 WARNING: Lỗi HTTP 429 - product id: 198886236, thử lại 1/3
2025-09-29 21:18:33,182 WARNING: Lỗi HTTP 429 - product id: 198886253, thử lại 1/3
2025-09-29 21:18:33,500 WARNING: Lỗi HTTP 404: Không tim thấy product id - product id: 198817566
2025-09-29 21:18:34,035 WARNING: Lỗi HTTP 429 - product id: 198644440, thử lại 2/3
2025-09-29 21:18:34,084 WARNING: Lỗi HTTP 429 - product id: 198543757, thử lại 1/3
2025-09-29 21:18:34,085 WARNING: Lỗi HTTP 429 - product id: 198648756, thử lại 2/3
2025-09-29 21:18:34,088 WARNING: Lỗi HTTP 429 - product id: 198543813, thử lại 1/3
2025-09-29 21:18:39,197 WARNING: Lỗi HTTP 404: Không tim thấy product id - product id: 198414835
2025-09-29 21:18:40,199 INFO: Đã commit batch 153 (1000 sản phẩm)
2025-09-29 21:18:40,227 INFO: Đã ghi 997 sản phẩm vào file /home/quannh/projects_de/Lab_01/output/products_batch_153_997_ids.csv
2025-09-29 21:18:40,273 INFO: Đã insert 997 sản phẩm từ file /home/quannh/projects_de/Lab_01/output/products_batch_153_997_ids.csv vào database PostgeSQL
2025-09-29 21:18:40,297 INFO: Đã update lại status của batch 154 về pending để tiến hành crawl lại batch
2025-09-29 21:18:40,307 INFO: Bắt đầu crawl batch 154 (1000 sản phẩm)
2025-09-29 21:18:42,436 WARNING: Lỗi HTTP 404: Không tim thấy product id - product id: 199108529
2025-09-29 21:18:43,012 WARNING: Lỗi HTTP 429 - product id: 199619358, thử lại 1/3
2025-09-29 21:18:43,073 WARNING: Lỗi HTTP 429 - product id: 199621918, thử lại 1/3
2025-09-29 21:18:43,220 WARNING: Lỗi HTTP 429 - product id: 199629002, thử lại 1/3
2025-09-29 21:18:43,873 WARNING: Lỗi HTTP 429 - product id: 199631717, thử lại 1/3
2025-09-29 21:18:43,960 WARNING: Lỗi HTTP 429 - product id: 199633323, thử lại 1/3
2025-09-29 21:18:43,961 WARNING: Lỗi HTTP 429 - product id: 199632946, thử lại 1/3
2025-09-29 21:18:43,966 WARNING: Lỗi HTTP 429 - product id: 199633513, thử lại 1/3
2025-09-29 21:18:44,059 WARNING: Lỗi HTTP 429 - product id: 199639204, thử lại 1/3
2025-09-29 21:18:44,758 WARNING: Lỗi HTTP 429 - product id: 199671250, thử lại 1/3
2025-09-29 21:18:44,761 WARNING: Lỗi HTTP 429 - product id: 199198573, thử lại 1/3
2025-09-29 21:18:44,984 WARNING: Lỗi HTTP 404: Không tim thấy product id - product id: 199638230
2025-09-29 21:18:45,969 WARNING: Lỗi HTTP 429 - product id: 199269774, thử lại 1/3
2025-09-29 21:18:46,015 WARNING: Lỗi HTTP 429 - product id: 199515090, thử lại 1/3
2025-09-29 21:18:46,122 WARNING: Lỗi HTTP 429 - product id: 199521245, thử lại 1/3
2025-09-29 21:18:46,163 WARNING: Lỗi HTTP 429 - product id: 199530642, thử lại 1/3
2025-09-29 21:18:46,423 WARNING: Lỗi HTTP 429 - product id: 199543059, thử lại 1/3
2025-09-29 21:18:46,720 WARNING: Lỗi HTTP 429 - product id: 199554298, thử lại 1/3
2025-09-29 21:18:46,721 WARNING: Lỗi HTTP 429 - product id: 199554719, thử lại 1/3
2025-09-29 21:18:46,868 WARNING: Lỗi HTTP 429 - product id: 199570417, thử lại 1/3
2025-09-29 21:18:47,023 WARNING: Lỗi HTTP 429 - product id: 199579487, thử lại 1/3
2025-09-29 21:18:47,113 WARNING: Lỗi HTTP 429 - product id: 199591566, thử lại 1/3
2025-09-29 21:18:47,175 WARNING: Lỗi HTTP 429 - product id: 199592773, thử lại 1/3
2025-09-29 21:18:47,216 WARNING: Lỗi HTTP 429 - product id: 199592845, thử lại 1/3
2025-09-29 21:18:47,610 WARNING: Lỗi HTTP 429 - product id: 199020242, thử lại 1/3
2025-09-29 21:18:47,663 WARNING: Lỗi HTTP 429 - product id: 199021155, thử lại 1/3
2025-09-29 21:18:47,666 WARNING: Lỗi HTTP 429 - product id: 199021477, thử lại 1/3
2025-09-29 21:18:47,673 WARNING: Lỗi HTTP 429 - product id: 199021499, thử lại 1/3
2025-09-29 21:18:48,002 WARNING: Lỗi HTTP 429 - product id: 199036749, thử lại 1/3
2025-09-29 21:18:48,074 WARNING: Lỗi HTTP 429 - product id: 199044729, thử lại 1/3
2025-09-29 21:18:48,119 WARNING: Lỗi HTTP 429 - product id: 199045122, thử lại 1/3
2025-09-29 21:18:48,222 WARNING: Lỗi HTTP 429 - product id: 199052439, thử lại 1/3
2025-09-29 21:18:48,914 WARNING: Lỗi HTTP 429 - product id: 199176327, thử lại 1/3
2025-09-29 21:18:49,212 WARNING: Lỗi HTTP 429 - product id: 199198384, thử lại 1/3
2025-09-29 21:18:49,218 WARNING: Lỗi HTTP 429 - product id: 199198444, thử lại 1/3
2025-09-29 21:18:49,264 WARNING: Lỗi HTTP 429 - product id: 199200585, thử lại 1/3
2025-09-29 21:18:49,269 WARNING: Lỗi HTTP 429 - product id: 199215698, thử lại 1/3
2025-09-29 21:18:49,463 WARNING: Lỗi HTTP 429 - product id: 199236047, thử lại 1/3
2025-09-29 21:18:49,483 WARNING: Lỗi HTTP 404: Không tim thấy product id - product id: 199144320
2025-09-29 21:18:53,616 WARNING: Lỗi HTTP 429 - product id: 199166194, thử lại 1/3
2025-09-29 21:18:53,734 WARNING: Lỗi HTTP 404: Không tim thấy product id - product id: 199144679
2025-09-29 21:18:54,636 WARNING: Lỗi HTTP 404: Không tim thấy product id - product id: 199607003
2025-09-29 21:18:55,761 WARNING: Lỗi HTTP 429 - product id: 199668778, thử lại 1/3
2025-09-29 21:18:55,812 WARNING: Lỗi HTTP 429 - product id: 199669052, thử lại 1/3
2025-09-29 21:18:56,973 WARNING: Lỗi HTTP 404: Không tim thấy product id - product id: 199684319
2025-09-29 21:18:57,283 WARNING: Lỗi HTTP 404: Không tim thấy product id - product id: 199684298
2025-09-29 21:18:58,916 INFO: Đã commit batch 154 (1000 sản phẩm)
2025-09-29 21:18:58,943 INFO: Đã ghi 993 sản phẩm vào file /home/quannh/projects_de/Lab_01/output/products_batch_154_993_ids.csv
2025-09-29 21:18:58,988 INFO: Đã insert 993 sản phẩm từ file /home/quannh/projects_de/Lab_01/output/products_batch_154_993_ids.csv vào database PostgeSQL
2025-09-29 21:18:59,011 INFO: Đã update lại status của batch 155 về pending để tiến hành crawl lại batch
2025-09-29 21:18:59,021 INFO: Bắt đầu crawl batch 155 (1000 sản phẩm)
2025-09-29 21:19:00,179 WARNING: Lỗi HTTP 429 - product id: 199972276, thử lại 1/3
2025-09-29 21:19:00,228 WARNING: Lỗi HTTP 429 - product id: 199974190, thử lại 1/3
2025-09-29 21:19:00,230 WARNING: Lỗi HTTP 429 - product id: 199974102, thử lại 1/3
2025-09-29 21:19:00,283 WARNING: Lỗi HTTP 429 - product id: 199977178, thử lại 1/3
2025-09-29 21:19:00,372 WARNING: Lỗi HTTP 429 - product id: 199993087, thử lại 1/3
2025-09-29 21:19:00,430 WARNING: Lỗi HTTP 429 - product id: 199997000, thử lại 1/3
2025-09-29 21:19:00,440 WARNING: Lỗi HTTP 429 - product id: 199999296, thử lại 1/3
2025-09-29 21:19:00,531 WARNING: Lỗi HTTP 429 - product id: 200001492, thử lại 1/3
2025-09-29 21:19:00,589 WARNING: Lỗi HTTP 429 - product id: 200001925, thử lại 1/3
2025-09-29 21:19:00,737 WARNING: Lỗi HTTP 429 - product id: 200728542, thử lại 1/3
2025-09-29 21:19:01,481 WARNING: Lỗi HTTP 429 - product id: 200774636, thử lại 1/3
2025-09-29 21:19:01,677 WARNING: Lỗi HTTP 429 - product id: 200787135, thử lại 1/3
2025-09-29 21:19:01,679 WARNING: Lỗi HTTP 429 - product id: 200787156, thử lại 1/3
2025-09-29 21:19:01,744 WARNING: Lỗi HTTP 429 - product id: 200788065, thử lại 1/3
2025-09-29 21:19:02,133 WARNING: Lỗi HTTP 429 - product id: 200800397, thử lại 1/3
2025-09-29 21:19:02,183 WARNING: Lỗi HTTP 429 - product id: 200803722, thử lại 1/3
2025-09-29 21:19:02,365 WARNING: Lỗi HTTP 404: Không tim thấy product id - product id: 200795801
2025-09-29 21:19:02,403 WARNING: Lỗi HTTP 404: Không tim thấy product id - product id: 200797942
2025-09-29 21:19:02,452 WARNING: Lỗi HTTP 404: Không tim thấy product id - product id: 200799409
2025-09-29 21:19:02,504 WARNING: Lỗi HTTP 404: Không tim thấy product id - product id: 200800067
2025-09-29 21:19:02,631 WARNING: Lỗi HTTP 429 - product id: 200842822, thử lại 1/3
2025-09-29 21:19:02,708 WARNING: Lỗi HTTP 404: Không tim thấy product id - product id: 200798555
2025-09-29 21:19:02,747 WARNING: Lỗi HTTP 404: Không tim thấy product id - product id: 200798631
2025-09-29 21:19:03,050 WARNING: Lỗi HTTP 404: Không tim thấy product id - product id: 200799123
2025-09-29 21:19:03,097 WARNING: Lỗi HTTP 404: Không tim thấy product id - product id: 200800257
2025-09-29 21:19:04,027 WARNING: Lỗi HTTP 429 - product id: 200017468, thử lại 1/3
2025-09-29 21:19:04,083 WARNING: Lỗi HTTP 429 - product id: 200023622, thử lại 1/3
2025-09-29 21:19:04,085 WARNING: Lỗi HTTP 429 - product id: 200032426, thử lại 1/3
2025-09-29 21:19:04,851 WARNING: Lỗi HTTP 404: Không tim thấy product id - product id: 200551129
2025-09-29 21:19:05,251 WARNING: Lỗi HTTP 404: Không tim thấy product id - product id: 200539150
2025-09-29 21:19:05,798 WARNING: Lỗi HTTP 404: Không tim thấy product id - product id: 200800397
2025-09-29 21:19:07,082 WARNING: Lỗi HTTP 429 - product id: 199731740, thử lại 1/3
2025-09-29 21:19:07,180 WARNING: Lỗi HTTP 429 - product id: 200004843, thử lại 1/3
2025-09-29 21:19:07,386 WARNING: Lỗi HTTP 429 - product id: 200016870, thử lại 1/3
2025-09-29 21:19:07,480 WARNING: Lỗi HTTP 429 - product id: 200032490, thử lại 1/3
2025-09-29 21:19:07,581 WARNING: Lỗi HTTP 429 - product id: 200253671, thử lại 1/3
2025-09-29 21:19:07,638 WARNING: Lỗi HTTP 429 - product id: 200520674, thử lại 1/3
2025-09-29 21:19:07,731 WARNING: Lỗi HTTP 429 - product id: 200548604, thử lại 1/3
2025-09-29 21:19:07,779 WARNING: Lỗi HTTP 429 - product id: 200554889, thử lại 1/3
2025-09-29 21:19:07,827 WARNING: Lỗi HTTP 429 - product id: 200559638, thử lại 1/3
2025-09-29 21:19:07,901 WARNING: Lỗi HTTP 429 - product id: 200561246, thử lại 1/3
2025-09-29 21:19:07,940 WARNING: Lỗi HTTP 429 - product id: 200616721, thử lại 1/3
2025-09-29 21:19:07,980 WARNING: Lỗi HTTP 429 - product id: 200617758, thử lại 1/3
2025-09-29 21:19:08,033 WARNING: Lỗi HTTP 429 - product id: 200619530, thử lại 1/3
2025-09-29 21:19:08,106 WARNING: Lỗi HTTP 429 - product id: 200624211, thử lại 1/3
2025-09-29 21:19:08,181 WARNING: Lỗi HTTP 429 - product id: 200628698, thử lại 1/3
2025-09-29 21:19:08,278 WARNING: Lỗi HTTP 429 - product id: 200634120, thử lại 1/3
2025-09-29 21:19:08,280 WARNING: Lỗi HTTP 429 - product id: 200646551, thử lại 1/3
2025-09-29 21:19:08,331 WARNING: Lỗi HTTP 429 - product id: 200647389, thử lại 1/3
2025-09-29 21:19:08,649 WARNING: Lỗi HTTP 404: Không tim thấy product id - product id: 200528988
2025-09-29 21:19:08,701 WARNING: Lỗi HTTP 404: Không tim thấy product id - product id: 200546939
2025-09-29 21:19:08,750 WARNING: Lỗi HTTP 404: Không tim thấy product id - product id: 200550020
2025-09-29 21:19:10,083 WARNING: Lỗi HTTP 429 - product id: 200933549, thử lại 1/3
2025-09-29 21:19:10,084 WARNING: Lỗi HTTP 429 - product id: 200933424, thử lại 1/3
2025-09-29 21:19:10,281 WARNING: Lỗi HTTP 429 - product id: 199734241, thử lại 1/3
2025-09-29 21:19:10,330 WARNING: Lỗi HTTP 429 - product id: 199737968, thử lại 1/3
2025-09-29 21:19:11,148 WARNING: Lỗi HTTP 404: Không tim thấy product id - product id: 200935495
2025-09-29 21:19:11,548 WARNING: Lỗi HTTP 404: Không tim thấy product id - product id: 200548604
2025-09-29 21:19:11,787 WARNING: Lỗi HTTP 429 - product id: 199936295, thử lại 1/3
2025-09-29 21:19:12,023 WARNING: Lỗi HTTP 429 - product id: 199952741, thử lại 1/3
2025-09-29 21:19:12,086 WARNING: Lỗi HTTP 429 - product id: 199956166, thử lại 1/3
2025-09-29 21:19:12,179 WARNING: Lỗi HTTP 429 - product id: 199962439, thử lại 1/3
2025-09-29 21:19:12,183 WARNING: Lỗi HTTP 429 - product id: 199962497, thử lại 1/3
2025-09-29 21:19:12,281 WARNING: Lỗi HTTP 429 - product id: 199965514, thử lại 1/3
2025-09-29 21:19:12,380 WARNING: Lỗi HTTP 429 - product id: 200724483, thử lại 1/3
2025-09-29 21:19:12,732 WARNING: Lỗi HTTP 429 - product id: 200761468, thử lại 1/3
2025-09-29 21:19:13,038 WARNING: Lỗi HTTP 429 - product id: 200766834, thử lại 1/3
2025-09-29 21:19:13,078 WARNING: Lỗi HTTP 429 - product id: 200768762, thử lại 1/3
2025-09-29 21:19:13,080 WARNING: Lỗi HTTP 429 - product id: 200768858, thử lại 1/3
2025-09-29 21:19:13,835 WARNING: Lỗi HTTP 429 - product id: 200816719, thử lại 1/3
2025-09-29 21:19:13,976 WARNING: Lỗi HTTP 429 - product id: 200841245, thử lại 1/3
2025-09-29 21:19:14,447 WARNING: Lỗi HTTP 404: Không tim thấy product id - product id: 200797882
2025-09-29 21:19:14,497 WARNING: Lỗi HTTP 404: Không tim thấy product id - product id: 200798638
2025-09-29 21:19:14,544 WARNING: Lỗi HTTP 404: Không tim thấy product id - product id: 200799084
2025-09-29 21:19:14,551 WARNING: Lỗi HTTP 404: Không tim thấy product id - product id: 200798618
2025-09-29 21:19:17,073 INFO: Đã commit batch 155 (1000 sản phẩm)
2025-09-29 21:19:17,101 INFO: Đã ghi 980 sản phẩm vào file /home/quannh/projects_de/Lab_01/output/products_batch_155_980_ids.csv
2025-09-29 21:19:17,145 INFO: Đã insert 980 sản phẩm từ file /home/quannh/projects_de/Lab_01/output/products_batch_155_980_ids.csv vào database PostgeSQL
2025-09-29 21:19:17,171 INFO: Đã update lại status của batch 156 về pending để tiến hành crawl lại batch
2025-09-29 21:19:17,180 INFO: Bắt đầu crawl batch 156 (1000 sản phẩm)
2025-09-29 21:19:17,682 WARNING: Lỗi HTTP 429 - product id: 201051663, thử lại 1/3
2025-09-29 21:19:19,482 WARNING: Lỗi HTTP 429 - product id: 201515391, thử lại 1/3
2025-09-29 21:19:19,543 WARNING: Lỗi HTTP 429 - product id: 201515480, thử lại 1/3
2025-09-29 21:19:19,584 WARNING: Lỗi HTTP 429 - product id: 201515551, thử lại 1/3
2025-09-29 21:19:19,635 WARNING: Lỗi HTTP 429 - product id: 201515575, thử lại 1/3
2025-09-29 21:19:19,637 WARNING: Lỗi HTTP 429 - product id: 201515584, thử lại 1/3
2025-09-29 21:19:19,777 WARNING: Lỗi HTTP 429 - product id: 201515693, thử lại 1/3
2025-09-29 21:19:19,839 WARNING: Lỗi HTTP 429 - product id: 201515721, thử lại 1/3
2025-09-29 21:19:19,883 WARNING: Lỗi HTTP 429 - product id: 201515759, thử lại 1/3
2025-09-29 21:19:20,084 WARNING: Lỗi HTTP 429 - product id: 201516000, thử lại 1/3
2025-09-29 21:19:20,285 WARNING: Lỗi HTTP 429 - product id: 201516239, thử lại 1/3
2025-09-29 21:19:20,388 WARNING: Lỗi HTTP 429 - product id: 201516304, thử lại 1/3
2025-09-29 21:19:20,478 WARNING: Lỗi HTTP 429 - product id: 201516343, thử lại 1/3
2025-09-29 21:19:20,480 WARNING: Lỗi HTTP 429 - product id: 201516350, thử lại 1/3
2025-09-29 21:19:20,588 WARNING: Lỗi HTTP 429 - product id: 201516429, thử lại 1/3
2025-09-29 21:19:20,683 WARNING: Lỗi HTTP 429 - product id: 201516488, thử lại 1/3
2025-09-29 21:19:20,738 WARNING: Lỗi HTTP 429 - product id: 201516537, thử lại 1/3
2025-09-29 21:19:21,903 WARNING: Lỗi HTTP 404: Không tim thấy product id - product id: 201121651
2025-09-29 21:19:28,227 WARNING: Lỗi HTTP 429 - product id: 200985228, thử lại 1/3
2025-09-29 21:19:28,846 WARNING: Lỗi HTTP 429 - product id: 201019445, thử lại 1/3
2025-09-29 21:19:28,936 WARNING: Lỗi HTTP 429 - product id: 201033254, thử lại 1/3
2025-09-29 21:19:28,993 WARNING: Lỗi HTTP 429 - product id: 201035227, thử lại 1/3
2025-09-29 21:19:29,836 WARNING: Lỗi HTTP 429 - product id: 201062327, thử lại 1/3
2025-09-29 21:19:29,885 WARNING: Lỗi HTTP 429 - product id: 201062486, thử lại 1/3
2025-09-29 21:19:29,887 WARNING: Lỗi HTTP 429 - product id: 201062365, thử lại 1/3
2025-09-29 21:19:29,938 WARNING: Lỗi HTTP 429 - product id: 201071426, thử lại 1/3
2025-09-29 21:19:30,040 WARNING: Lỗi HTTP 429 - product id: 201090631, thử lại 1/3
2025-09-29 21:19:30,090 WARNING: Lỗi HTTP 429 - product id: 201099332, thử lại 1/3
2025-09-29 21:19:30,139 WARNING: Lỗi HTTP 429 - product id: 201104000, thử lại 1/3
2025-09-29 21:19:30,492 WARNING: Lỗi HTTP 429 - product id: 201116873, thử lại 1/3
2025-09-29 21:19:30,584 WARNING: Lỗi HTTP 429 - product id: 201120465, thử lại 1/3
2025-09-29 21:19:30,585 WARNING: Lỗi HTTP 429 - product id: 201439777, thử lại 1/3
2025-09-29 21:19:30,681 WARNING: Lỗi HTTP 429 - product id: 201477664, thử lại 1/3
2025-09-29 21:19:30,687 WARNING: Lỗi HTTP 429 - product id: 201487141, thử lại 1/3
2025-09-29 21:19:30,881 WARNING: Lỗi HTTP 429 - product id: 201515238, thử lại 1/3
2025-09-29 21:19:31,083 WARNING: Lỗi HTTP 429 - product id: 201515389, thử lại 1/3
2025-09-29 21:19:34,189 INFO: Đã commit batch 156 (1000 sản phẩm)
2025-09-29 21:19:34,215 INFO: Đã ghi 999 sản phẩm vào file /home/quannh/projects_de/Lab_01/output/products_batch_156_999_ids.csv
2025-09-29 21:19:34,255 INFO: Đã insert 999 sản phẩm từ file /home/quannh/projects_de/Lab_01/output/products_batch_156_999_ids.csv vào database PostgeSQL
2025-09-29 21:19:34,280 INFO: Đã update lại status của batch 157 về pending để tiến hành crawl lại batch
2025-09-29 21:19:34,290 INFO: Bắt đầu crawl batch 157 (1000 sản phẩm)
2025-09-29 21:19:34,772 WARNING: Lỗi HTTP 429 - product id: 201577812, thử lại 1/3
2025-09-29 21:19:34,865 WARNING: Lỗi HTTP 429 - product id: 201579074, thử lại 1/3
2025-09-29 21:19:34,871 WARNING: Lỗi HTTP 429 - product id: 201579301, thử lại 1/3
2025-09-29 21:19:34,927 WARNING: Lỗi HTTP 429 - product id: 201579853, thử lại 1/3
2025-09-29 21:19:35,013 WARNING: Lỗi HTTP 429 - product id: 201592234, thử lại 1/3
2025-09-29 21:19:35,018 WARNING: Lỗi HTTP 429 - product id: 201592559, thử lại 1/3
2025-09-29 21:19:35,077 WARNING: Lỗi HTTP 429 - product id: 201592855, thử lại 1/3
2025-09-29 21:19:35,077 WARNING: Lỗi HTTP 429 - product id: 201592775, thử lại 1/3
2025-09-29 21:19:35,169 WARNING: Lỗi HTTP 429 - product id: 201598258, thử lại 1/3
2025-09-29 21:19:35,838 WARNING: Lỗi HTTP 404: Không tim thấy product id - product id: 201610378
2025-09-29 21:19:36,670 WARNING: Lỗi HTTP 429 - product id: 201887437, thử lại 1/3
2025-09-29 21:19:36,774 WARNING: Lỗi HTTP 429 - product id: 201888194, thử lại 1/3
2025-09-29 21:19:36,974 WARNING: Lỗi HTTP 429 - product id: 201889749, thử lại 1/3
2025-09-29 21:19:37,074 WARNING: Lỗi HTTP 429 - product id: 201890972, thử lại 1/3
2025-09-29 21:19:37,171 WARNING: Lỗi HTTP 429 - product id: 201892141, thử lại 1/3
2025-09-29 21:19:39,523 WARNING: Lỗi HTTP 429 - product id: 201517886, thử lại 1/3
2025-09-29 21:19:40,978 WARNING: Lỗi HTTP 429 - product id: 201622469, thử lại 1/3
2025-09-29 21:19:41,109 WARNING: Lỗi HTTP 429 - product id: 201628640, thử lại 1/3
2025-09-29 21:19:41,125 WARNING: Lỗi HTTP 429 - product id: 201628849, thử lại 1/3
2025-09-29 21:19:41,266 WARNING: Lỗi HTTP 429 - product id: 201632266, thử lại 1/3
2025-09-29 21:19:41,422 WARNING: Lỗi HTTP 429 - product id: 201648239, thử lại 1/3
2025-09-29 21:19:41,522 WARNING: Lỗi HTTP 429 - product id: 201872661, thử lại 1/3
2025-09-29 21:19:41,628 WARNING: Lỗi HTTP 429 - product id: 201877974, thử lại 1/3
2025-09-29 21:19:41,778 WARNING: Lỗi HTTP 429 - product id: 201881577, thử lại 1/3
2025-09-29 21:19:41,791 WARNING: Lỗi HTTP 404: Không tim thấy product id - product id: 201610324
2025-09-29 21:19:41,823 WARNING: Lỗi HTTP 429 - product id: 201881866, thử lại 1/3
2025-09-29 21:19:42,974 WARNING: Lỗi HTTP 429 - product id: 201916999, thử lại 1/3
2025-09-29 21:19:45,373 WARNING: Lỗi HTTP 429 - product id: 201770224, thử lại 1/3
2025-09-29 21:19:45,456 WARNING: Lỗi HTTP 429 - product id: 201791637, thử lại 1/3
2025-09-29 21:19:45,523 WARNING: Lỗi HTTP 429 - product id: 201794898, thử lại 1/3
2025-09-29 21:19:46,019 WARNING: Lỗi HTTP 429 - product id: 201821419, thử lại 1/3
2025-09-29 21:19:46,068 WARNING: Lỗi HTTP 429 - product id: 201833224, thử lại 1/3
2025-09-29 21:19:46,171 WARNING: Lỗi HTTP 429 - product id: 201842244, thử lại 1/3
2025-09-29 21:19:46,277 WARNING: Lỗi HTTP 429 - product id: 201844982, thử lại 1/3
2025-09-29 21:19:46,679 WARNING: Lỗi HTTP 429 - product id: 201863960, thử lại 1/3
2025-09-29 21:19:46,970 WARNING: Lỗi HTTP 429 - product id: 201874733, thử lại 1/3
2025-09-29 21:19:48,682 WARNING: Lỗi HTTP 429 - product id: 201801951, thử lại 1/3
2025-09-29 21:19:48,821 WARNING: Lỗi HTTP 429 - product id: 201803991, thử lại 1/3
2025-09-29 21:19:48,875 WARNING: Lỗi HTTP 429 - product id: 201806126, thử lại 1/3
2025-09-29 21:19:48,880 WARNING: Lỗi HTTP 429 - product id: 201804456, thử lại 1/3
2025-09-29 21:19:49,370 WARNING: Lỗi HTTP 429 - product id: 201842003, thử lại 1/3
2025-09-29 21:19:49,370 WARNING: Lỗi HTTP 429 - product id: 201841918, thử lại 1/3
2025-09-29 21:19:49,374 WARNING: Lỗi HTTP 429 - product id: 201842244, thử lại 2/3
2025-09-29 21:19:49,529 WARNING: Lỗi HTTP 429 - product id: 201847360, thử lại 1/3
2025-09-29 21:19:55,504 INFO: Đã commit batch 157 (1000 sản phẩm)
2025-09-29 21:19:55,527 INFO: Đã ghi 998 sản phẩm vào file /home/quannh/projects_de/Lab_01/output/products_batch_157_998_ids.csv
2025-09-29 21:19:55,559 INFO: Đã insert 998 sản phẩm từ file /home/quannh/projects_de/Lab_01/output/products_batch_157_998_ids.csv vào database PostgeSQL
2025-09-29 21:19:55,584 INFO: Đã update lại status của batch 158 về pending để tiến hành crawl lại batch
2025-09-29 21:19:55,593 INFO: Bắt đầu crawl batch 158 (1000 sản phẩm)
2025-09-29 21:19:57,796 WARNING: Lỗi HTTP 429 - product id: 202641372, thử lại 1/3
2025-09-29 21:19:58,451 WARNING: Lỗi HTTP 429 - product id: 202709326, thử lại 1/3
2025-09-29 21:19:58,716 WARNING: Lỗi HTTP 404: Không tim thấy product id - product id: 202715453
2025-09-29 21:19:58,747 WARNING: Lỗi HTTP 429 - product id: 202723415, thử lại 1/3
2025-09-29 21:19:58,846 WARNING: Lỗi HTTP 429 - product id: 202733716, thử lại 1/3
2025-09-29 21:19:59,095 WARNING: Lỗi HTTP 429 - product id: 202762628, thử lại 1/3
2025-09-29 21:19:59,356 WARNING: Lỗi HTTP 429 - product id: 202769907, thử lại 1/3
2025-09-29 21:19:59,448 WARNING: Lỗi HTTP 429 - product id: 202772465, thử lại 1/3
2025-09-29 21:19:59,553 WARNING: Lỗi HTTP 429 - product id: 202784196, thử lại 1/3
2025-09-29 21:19:59,716 WARNING: Lỗi HTTP 404: Không tim thấy product id - product id: 202719601
2025-09-29 21:19:59,757 WARNING: Lỗi HTTP 429 - product id: 202799211, thử lại 1/3
2025-09-29 21:19:59,769 WARNING: Lỗi HTTP 404: Không tim thấy product id - product id: 202784158
2025-09-29 21:20:00,468 WARNING: Lỗi HTTP 404: Không tim thấy product id - product id: 202787474
2025-09-29 21:20:00,751 WARNING: Lỗi HTTP 429 - product id: 202412147, thử lại 1/3
2025-09-29 21:20:00,849 WARNING: Lỗi HTTP 429 - product id: 202414105, thử lại 1/3
2025-09-29 21:20:00,855 WARNING: Lỗi HTTP 429 - product id: 202414538, thử lại 1/3
2025-09-29 21:20:00,899 WARNING: Lỗi HTTP 429 - product id: 202416193, thử lại 1/3
2025-09-29 21:20:00,950 WARNING: Lỗi HTTP 429 - product id: 202422457, thử lại 1/3
2025-09-29 21:20:01,045 WARNING: Lỗi HTTP 429 - product id: 202433470, thử lại 1/3
2025-09-29 21:20:01,047 WARNING: Lỗi HTTP 429 - product id: 202434473, thử lại 1/3
2025-09-29 21:20:01,148 WARNING: Lỗi HTTP 429 - product id: 202465602, thử lại 1/3
2025-09-29 21:20:02,355 WARNING: Lỗi HTTP 429 - product id: 202595820, thử lại 1/3
2025-09-29 21:20:02,450 WARNING: Lỗi HTTP 429 - product id: 202598841, thử lại 1/3
2025-09-29 21:20:02,498 WARNING: Lỗi HTTP 429 - product id: 202604234, thử lại 1/3
2025-09-29 21:20:02,623 WARNING: Lỗi HTTP 429 - product id: 202614923, thử lại 1/3
2025-09-29 21:20:02,651 WARNING: Lỗi HTTP 429 - product id: 202784196, thử lại 2/3
2025-09-29 21:20:02,656 WARNING: Lỗi HTTP 429 - product id: 202616675, thử lại 1/3
2025-09-29 21:20:02,702 WARNING: Lỗi HTTP 429 - product id: 202619030, thử lại 1/3
2025-09-29 21:20:03,418 WARNING: Lỗi HTTP 404: Không tim thấy product id - product id: 202799211
2025-09-29 21:20:03,534 WARNING: Lỗi HTTP 404: Không tim thấy product id - product id: 202012916
2025-09-29 21:20:03,995 WARNING: Lỗi HTTP 429 - product id: 202047536, thử lại 1/3
2025-09-29 21:20:04,007 WARNING: Lỗi HTTP 429 - product id: 202047697, thử lại 1/3
2025-09-29 21:20:04,072 WARNING: Lỗi HTTP 429 - product id: 202422457, thử lại 2/3
2025-09-29 21:20:04,305 WARNING: Lỗi HTTP 429 - product id: 202047821, thử lại 1/3
2025-09-29 21:20:04,358 WARNING: Lỗi HTTP 429 - product id: 202047859, thử lại 1/3
2025-09-29 21:20:04,401 WARNING: Lỗi HTTP 429 - product id: 202047891, thử lại 1/3
2025-09-29 21:20:04,402 WARNING: Lỗi HTTP 429 - product id: 202047887, thử lại 1/3
2025-09-29 21:20:04,549 WARNING: Lỗi HTTP 429 - product id: 202063996, thử lại 1/3
2025-09-29 21:20:04,601 WARNING: Lỗi HTTP 429 - product id: 202064467, thử lại 1/3
2025-09-29 21:20:04,843 WARNING: Lỗi HTTP 429 - product id: 202217380, thử lại 1/3
2025-09-29 21:20:04,942 WARNING: Lỗi HTTP 429 - product id: 202223883, thử lại 1/3
2025-09-29 21:20:04,996 WARNING: Lỗi HTTP 429 - product id: 202224651, thử lại 1/3
2025-09-29 21:20:04,996 WARNING: Lỗi HTTP 429 - product id: 202224560, thử lại 1/3
2025-09-29 21:20:05,453 WARNING: Lỗi HTTP 429 - product id: 202243305, thử lại 1/3
2025-09-29 21:20:05,648 WARNING: Lỗi HTTP 429 - product id: 202282358, thử lại 1/3
2025-09-29 21:20:05,755 WARNING: Lỗi HTTP 429 - product id: 202328866, thử lại 1/3
2025-09-29 21:20:06,702 WARNING: Lỗi HTTP 429 - product id: 202864776, thử lại 1/3
2025-09-29 21:20:07,202 WARNING: Lỗi HTTP 429 - product id: 202047778, thử lại 1/3
2025-09-29 21:20:07,441 WARNING: Lỗi HTTP 429 - product id: 202064591, thử lại 1/3
2025-09-29 21:20:08,449 WARNING: Lỗi HTTP 429 - product id: 202267239, thử lại 1/3
2025-09-29 21:20:08,542 WARNING: Lỗi HTTP 429 - product id: 202329597, thử lại 1/3
2025-09-29 21:20:08,544 WARNING: Lỗi HTTP 429 - product id: 202329647, thử lại 1/3
2025-09-29 21:20:08,600 WARNING: Lỗi HTTP 429 - product id: 202330181, thử lại 1/3
2025-09-29 21:20:08,601 WARNING: Lỗi HTTP 429 - product id: 202330610, thử lại 1/3
2025-09-29 21:20:08,604 WARNING: Lỗi HTTP 429 - product id: 202243305, thử lại 2/3
2025-09-29 21:20:08,853 WARNING: Lỗi HTTP 429 - product id: 202333769, thử lại 1/3
2025-09-29 21:20:09,516 WARNING: Lỗi HTTP 404: Không tim thấy product id - product id: 202784196
2025-09-29 21:20:10,112 WARNING: Lỗi HTTP 404: Không tim thấy product id - product id: 202724634
2025-09-29 21:20:10,814 WARNING: Lỗi HTTP 429 - product id: 202788110, thử lại 1/3
2025-09-29 21:20:10,851 WARNING: Lỗi HTTP 429 - product id: 202792618, thử lại 1/3
2025-09-29 21:20:10,902 WARNING: Lỗi HTTP 429 - product id: 202802226, thử lại 1/3
2025-09-29 21:20:10,963 WARNING: Lỗi HTTP 404: Không tim thấy product id - product id: 202784251
2025-09-29 21:20:11,117 WARNING: Lỗi HTTP 404: Không tim thấy product id - product id: 202784229
2025-09-29 21:20:11,266 WARNING: Lỗi HTTP 404: Không tim thấy product id - product id: 202786108
2025-09-29 21:20:11,305 WARNING: Lỗi HTTP 429 - product id: 202818227, thử lại 1/3
2025-09-29 21:20:11,317 WARNING: Lỗi HTTP 404: Không tim thấy product id - product id: 202788159
2025-09-29 21:20:11,364 WARNING: Lỗi HTTP 404: Không tim thấy product id - product id: 202798804
2025-09-29 21:20:11,418 WARNING: Lỗi HTTP 404: Không tim thấy product id - product id: 202784141
2025-09-29 21:20:11,464 WARNING: Lỗi HTTP 404: Không tim thấy product id - product id: 202784240
2025-09-29 21:20:11,770 WARNING: Lỗi HTTP 404: Không tim thấy product id - product id: 202785989
2025-09-29 21:20:13,902 WARNING: Lỗi HTTP 404: Không tim thấy product id - product id: 202788110
2025-09-29 21:20:14,732 INFO: Đã commit batch 158 (1000 sản phẩm)
2025-09-29 21:20:14,760 INFO: Đã ghi 983 sản phẩm vào file /home/quannh/projects_de/Lab_01/output/products_batch_158_983_ids.csv
2025-09-29 21:20:14,806 INFO: Đã insert 983 sản phẩm từ file /home/quannh/projects_de/Lab_01/output/products_batch_158_983_ids.csv vào database PostgeSQL
2025-09-29 21:20:14,829 INFO: Đã update lại status của batch 159 về pending để tiến hành crawl lại batch
2025-09-29 21:20:14,838 INFO: Bắt đầu crawl batch 159 (1000 sản phẩm)
2025-09-29 21:20:17,566 WARNING: Lỗi HTTP 404: Không tim thấy product id - product id: 203958134
2025-09-29 21:20:17,616 WARNING: Lỗi HTTP 404: Không tim thấy product id - product id: 203960952
2025-09-29 21:20:17,668 WARNING: Lỗi HTTP 404: Không tim thấy product id - product id: 203961026
2025-09-29 21:20:17,865 WARNING: Lỗi HTTP 404: Không tim thấy product id - product id: 203960697
2025-09-29 21:20:17,916 WARNING: Lỗi HTTP 404: Không tim thấy product id - product id: 203960707
2025-09-29 21:20:17,965 WARNING: Lỗi HTTP 404: Không tim thấy product id - product id: 203960855
2025-09-29 21:20:18,013 WARNING: Lỗi HTTP 404: Không tim thấy product id - product id: 203961125
2025-09-29 21:20:18,080 WARNING: Lỗi HTTP 404: Không tim thấy product id - product id: 203960916
2025-09-29 21:20:18,105 WARNING: Lỗi HTTP 429 - product id: 203092035, thử lại 1/3
2025-09-29 21:20:18,241 WARNING: Lỗi HTTP 429 - product id: 203455758, thử lại 1/3
2025-09-29 21:20:18,355 WARNING: Lỗi HTTP 429 - product id: 203467807, thử lại 1/3
2025-09-29 21:20:18,592 WARNING: Lỗi HTTP 429 - product id: 203491169, thử lại 1/3
2025-09-29 21:20:19,495 WARNING: Lỗi HTTP 429 - product id: 203785132, thử lại 1/3
2025-09-29 21:20:19,496 WARNING: Lỗi HTTP 429 - product id: 203784783, thử lại 1/3
2025-09-29 21:20:19,549 WARNING: Lỗi HTTP 429 - product id: 203803252, thử lại 1/3
2025-09-29 21:20:19,572 WARNING: Lỗi HTTP 404: Không tim thấy product id - product id: 203703583
2025-09-29 21:20:19,651 WARNING: Lỗi HTTP 429 - product id: 203810706, thử lại 1/3
2025-09-29 21:20:19,668 WARNING: Lỗi HTTP 404: Không tim thấy product id - product id: 203731026
2025-09-29 21:20:19,850 WARNING: Lỗi HTTP 429 - product id: 203834567, thử lại 1/3
2025-09-29 21:20:19,918 WARNING: Lỗi HTTP 404: Không tim thấy product id - product id: 203704047
2025-09-29 21:20:21,217 WARNING: Lỗi HTTP 404: Không tim thấy product id - product id: 203960845
2025-09-29 21:20:21,264 WARNING: Lỗi HTTP 404: Không tim thấy product id - product id: 203960840
2025-09-29 21:20:21,313 WARNING: Lỗi HTTP 404: Không tim thấy product id - product id: 203960851
2025-09-29 21:20:21,369 WARNING: Lỗi HTTP 404: Không tim thấy product id - product id: 203960975
2025-09-29 21:20:21,415 WARNING: Lỗi HTTP 404: Không tim thấy product id - product id: 203961052
2025-09-29 21:20:21,468 WARNING: Lỗi HTTP 404: Không tim thấy product id - product id: 203960672
2025-09-29 21:20:21,517 WARNING: Lỗi HTTP 404: Không tim thấy product id - product id: 203982877
2025-09-29 21:20:21,522 WARNING: Lỗi HTTP 404: Không tim thấy product id - product id: 203960841
2025-09-29 21:20:21,574 WARNING: Lỗi HTTP 404: Không tim thấy product id - product id: 203960862
2025-09-29 21:20:21,617 WARNING: Lỗi HTTP 404: Không tim thấy product id - product id: 203960914
2025-09-29 21:20:21,665 WARNING: Lỗi HTTP 404: Không tim thấy product id - product id: 203960964
2025-09-29 21:20:21,717 WARNING: Lỗi HTTP 404: Không tim thấy product id - product id: 203961147
2025-09-29 21:20:21,765 WARNING: Lỗi HTTP 404: Không tim thấy product id - product id: 203961169
2025-09-29 21:20:23,118 WARNING: Lỗi HTTP 404: Không tim thấy product id - product id: 203200763
2025-09-29 21:20:23,693 WARNING: Lỗi HTTP 429 - product id: 203469026, thử lại 1/3
2025-09-29 21:20:23,951 WARNING: Lỗi HTTP 429 - product id: 203505826, thử lại 1/3
2025-09-29 21:20:24,042 WARNING: Lỗi HTTP 429 - product id: 203538232, thử lại 1/3
2025-09-29 21:20:24,351 WARNING: Lỗi HTTP 429 - product id: 203703327, thử lại 1/3
2025-09-29 21:20:24,453 WARNING: Lỗi HTTP 429 - product id: 203723888, thử lại 1/3
2025-09-29 21:20:24,453 WARNING: Lỗi HTTP 429 - product id: 203730972, thử lại 1/3
2025-09-29 21:20:24,546 WARNING: Lỗi HTTP 429 - product id: 203763682, thử lại 1/3
2025-09-29 21:20:24,553 WARNING: Lỗi HTTP 429 - product id: 203763467, thử lại 1/3
2025-09-29 21:20:24,896 WARNING: Lỗi HTTP 429 - product id: 203803762, thử lại 1/3
2025-09-29 21:20:24,990 WARNING: Lỗi HTTP 429 - product id: 203810748, thử lại 1/3
2025-09-29 21:20:25,148 WARNING: Lỗi HTTP 429 - product id: 203834377, thử lại 1/3
2025-09-29 21:20:25,195 WARNING: Lỗi HTTP 429 - product id: 203841893, thử lại 1/3
2025-09-29 21:20:25,214 WARNING: Lỗi HTTP 404: Không tim thấy product id - product id: 203730958
2025-09-29 21:20:25,289 WARNING: Lỗi HTTP 429 - product id: 203848024, thử lại 1/3
2025-09-29 21:20:25,313 WARNING: Lỗi HTTP 404: Không tim thấy product id - product id: 203703280
2025-09-29 21:20:25,392 WARNING: Lỗi HTTP 429 - product id: 203860530, thử lại 1/3
2025-09-29 21:20:25,495 WARNING: Lỗi HTTP 429 - product id: 203862043, thử lại 1/3
2025-09-29 21:20:25,698 WARNING: Lỗi HTTP 429 - product id: 203093984, thử lại 1/3
2025-09-29 21:20:25,698 WARNING: Lỗi HTTP 429 - product id: 203095280, thử lại 1/3
2025-09-29 21:20:25,758 WARNING: Lỗi HTTP 429 - product id: 203110088, thử lại 1/3
2025-09-29 21:20:26,002 WARNING: Lỗi HTTP 429 - product id: 203117645, thử lại 1/3
2025-09-29 21:20:26,144 WARNING: Lỗi HTTP 429 - product id: 203145341, thử lại 1/3
2025-09-29 21:20:26,246 WARNING: Lỗi HTTP 429 - product id: 203147391, thử lại 1/3
2025-09-29 21:20:26,388 WARNING: Lỗi HTTP 429 - product id: 203156621, thử lại 1/3
2025-09-29 21:20:26,490 WARNING: Lỗi HTTP 429 - product id: 203176487, thử lại 1/3
2025-09-29 21:20:27,500 WARNING: Lỗi HTTP 429 - product id: 203290140, thử lại 1/3
2025-09-29 21:20:27,747 WARNING: Lỗi HTTP 429 - product id: 203387217, thử lại 1/3
2025-09-29 21:20:27,949 WARNING: Lỗi HTTP 404: Không tim thấy product id - product id: 203730972
2025-09-29 21:20:28,353 WARNING: Lỗi HTTP 429 - product id: 203444104, thử lại 1/3
2025-09-29 21:20:28,363 WARNING: Lỗi HTTP 429 - product id: 203435870, thử lại 1/3
2025-09-29 21:20:28,433 WARNING: Lỗi HTTP 429 - product id: 203875892, thử lại 1/3
2025-09-29 21:20:28,447 WARNING: Lỗi HTTP 429 - product id: 203877890, thử lại 1/3
2025-09-29 21:20:28,448 WARNING: Lỗi HTTP 429 - product id: 203883408, thử lại 1/3
2025-09-29 21:20:28,593 WARNING: Lỗi HTTP 429 - product id: 203890923, thử lại 1/3
2025-09-29 21:20:28,852 WARNING: Lỗi HTTP 429 - product id: 203913450, thử lại 1/3
2025-09-29 21:20:28,944 WARNING: Lỗi HTTP 429 - product id: 203921288, thử lại 1/3
2025-09-29 21:20:31,400 WARNING: Lỗi HTTP 404: Không tim thấy product id - product id: 202957538
2025-09-29 21:20:32,063 INFO: Đã commit batch 159 (1000 sản phẩm)
2025-09-29 21:20:32,092 INFO: Đã ghi 971 sản phẩm vào file /home/quannh/projects_de/Lab_01/output/products_batch_159_971_ids.csv
2025-09-29 21:20:32,137 INFO: Đã insert 971 sản phẩm từ file /home/quannh/projects_de/Lab_01/output/products_batch_159_971_ids.csv vào database PostgeSQL
2025-09-29 21:20:32,160 INFO: Đã update lại status của batch 160 về pending để tiến hành crawl lại batch
2025-09-29 21:20:32,170 INFO: Bắt đầu crawl batch 160 (1000 sản phẩm)
2025-09-29 21:20:33,277 WARNING: Lỗi HTTP 429 - product id: 204374437, thử lại 1/3
2025-09-29 21:20:34,647 WARNING: Lỗi HTTP 404: Không tim thấy product id - product id: 204411026
2025-09-29 21:20:34,937 WARNING: Lỗi HTTP 429 - product id: 204024930, thử lại 1/3
2025-09-29 21:20:34,981 WARNING: Lỗi HTTP 429 - product id: 204026040, thử lại 1/3
2025-09-29 21:20:34,991 WARNING: Lỗi HTTP 429 - product id: 204026630, thử lại 1/3
2025-09-29 21:20:35,024 WARNING: Lỗi HTTP 429 - product id: 204027951, thử lại 1/3
2025-09-29 21:20:35,132 WARNING: Lỗi HTTP 429 - product id: 204041572, thử lại 1/3
2025-09-29 21:20:35,138 WARNING: Lỗi HTTP 429 - product id: 204043794, thử lại 1/3
2025-09-29 21:20:35,698 WARNING: Lỗi HTTP 404: Không tim thấy product id - product id: 204044482
2025-09-29 21:20:35,799 WARNING: Lỗi HTTP 404: Không tim thấy product id - product id: 204064409
2025-09-29 21:20:35,846 WARNING: Lỗi HTTP 404: Không tim thấy product id - product id: 204064488
2025-09-29 21:20:35,898 WARNING: Lỗi HTTP 404: Không tim thấy product id - product id: 204064542
2025-09-29 21:20:35,948 WARNING: Lỗi HTTP 404: Không tim thấy product id - product id: 204064916
2025-09-29 21:20:35,997 WARNING: Lỗi HTTP 404: Không tim thấy product id - product id: 204064320
2025-09-29 21:20:35,999 WARNING: Lỗi HTTP 404: Không tim thấy product id - product id: 204065056
2025-09-29 21:20:36,049 WARNING: Lỗi HTTP 404: Không tim thấy product id - product id: 204065101
2025-09-29 21:20:36,051 WARNING: Lỗi HTTP 404: Không tim thấy product id - product id: 204064868
2025-09-29 21:20:36,098 WARNING: Lỗi HTTP 404: Không tim thấy product id - product id: 204065053
2025-09-29 21:20:36,098 WARNING: Lỗi HTTP 404: Không tim thấy product id - product id: 204065506
2025-09-29 21:20:36,248 WARNING: Lỗi HTTP 404: Không tim thấy product id - product id: 204064447
2025-09-29 21:20:36,350 WARNING: Lỗi HTTP 404: Không tim thấy product id - product id: 204064846
2025-09-29 21:20:37,296 WARNING: Lỗi HTTP 404: Không tim thấy product id - product id: 204429541
2025-09-29 21:20:37,796 WARNING: Lỗi HTTP 404: Không tim thấy product id - product id: 204430928
2025-09-29 21:20:38,148 WARNING: Lỗi HTTP 404: Không tim thấy product id - product id: 204049817
2025-09-29 21:20:38,496 WARNING: Lỗi HTTP 404: Không tim thấy product id - product id: 204065025
2025-09-29 21:20:38,648 WARNING: Lỗi HTTP 404: Không tim thấy product id - product id: 204064371
2025-09-29 21:20:38,699 WARNING: Lỗi HTTP 404: Không tim thấy product id - product id: 204064369
2025-09-29 21:20:38,744 WARNING: Lỗi HTTP 404: Không tim thấy product id - product id: 204064746
2025-09-29 21:20:38,797 WARNING: Lỗi HTTP 404: Không tim thấy product id - product id: 204064755
2025-09-29 21:20:38,874 WARNING: Lỗi HTTP 404: Không tim thấy product id - product id: 204064908
2025-09-29 21:20:38,981 WARNING: Lỗi HTTP 429 - product id: 204435233, thử lại 1/3
2025-09-29 21:20:39,021 WARNING: Lỗi HTTP 429 - product id: 204435640, thử lại 1/3
2025-09-29 21:20:39,600 WARNING: Lỗi HTTP 404: Không tim thấy product id - product id: 204437733
2025-09-29 21:20:39,652 WARNING: Lỗi HTTP 404: Không tim thấy product id - product id: 204437759
2025-09-29 21:20:39,881 WARNING: Lỗi HTTP 429 - product id: 204535797, thử lại 1/3
2025-09-29 21:20:40,476 WARNING: Lỗi HTTP 429 - product id: 204627190, thử lại 1/3
2025-09-29 21:20:40,577 WARNING: Lỗi HTTP 429 - product id: 204635887, thử lại 1/3
2025-09-29 21:20:40,886 WARNING: Lỗi HTTP 429 - product id: 204644040, thử lại 1/3
2025-09-29 21:20:40,983 WARNING: Lỗi HTTP 429 - product id: 204645841, thử lại 1/3
2025-09-29 21:20:41,230 WARNING: Lỗi HTTP 429 - product id: 204252594, thử lại 1/3
2025-09-29 21:20:41,498 WARNING: Lỗi HTTP 404: Không tim thấy product id - product id: 204650196
2025-09-29 21:20:41,682 WARNING: Lỗi HTTP 429 - product id: 204302541, thử lại 1/3
2025-09-29 21:20:41,733 WARNING: Lỗi HTTP 429 - product id: 204304740, thử lại 1/3
2025-09-29 21:20:42,146 WARNING: Lỗi HTTP 404: Không tim thấy product id - product id: 204658727
2025-09-29 21:20:42,687 WARNING: Lỗi HTTP 429 - product id: 204370968, thử lại 1/3
2025-09-29 21:20:42,733 WARNING: Lỗi HTTP 429 - product id: 204374321, thử lại 1/3
2025-09-29 21:20:42,831 WARNING: Lỗi HTTP 429 - product id: 204378534, thử lại 1/3
2025-09-29 21:20:42,882 WARNING: Lỗi HTTP 429 - product id: 204382653, thử lại 1/3
2025-09-29 21:20:42,967 WARNING: Lỗi HTTP 429 - product id: 204392722, thử lại 1/3
2025-09-29 21:20:44,002 WARNING: Lỗi HTTP 404: Không tim thấy product id - product id: 204411091
2025-09-29 21:20:44,100 WARNING: Lỗi HTTP 404: Không tim thấy product id - product id: 204411099
2025-09-29 21:20:44,473 WARNING: Lỗi HTTP 429 - product id: 204449460, thử lại 1/3
2025-09-29 21:20:44,537 WARNING: Lỗi HTTP 429 - product id: 204450062, thử lại 1/3
2025-09-29 21:20:44,951 WARNING: Lỗi HTTP 404: Không tim thấy product id - product id: 204437406
2025-09-29 21:20:44,997 WARNING: Lỗi HTTP 404: Không tim thấy product id - product id: 204437685
2025-09-29 21:20:45,395 WARNING: Lỗi HTTP 404: Không tim thấy product id - product id: 204450798
2025-09-29 21:20:46,498 WARNING: Lỗi HTTP 404: Không tim thấy product id - product id: 203992149
2025-09-29 21:20:46,551 WARNING: Lỗi HTTP 404: Không tim thấy product id - product id: 203992243
2025-09-29 21:20:46,850 WARNING: Lỗi HTTP 404: Không tim thấy product id - product id: 203992328
2025-09-29 21:20:46,951 WARNING: Lỗi HTTP 404: Không tim thấy product id - product id: 203998899
2025-09-29 21:20:47,000 WARNING: Lỗi HTTP 404: Không tim thấy product id - product id: 203999042
2025-09-29 21:20:47,648 WARNING: Lỗi HTTP 404: Không tim thấy product id - product id: 203992378
2025-09-29 21:20:47,879 WARNING: Lỗi HTTP 429 - product id: 204645833, thử lại 1/3
2025-09-29 21:20:47,888 WARNING: Lỗi HTTP 429 - product id: 204645847, thử lại 1/3
2025-09-29 21:20:47,929 WARNING: Lỗi HTTP 429 - product id: 204646011, thử lại 1/3
2025-09-29 21:20:47,936 WARNING: Lỗi HTTP 429 - product id: 204646037, thử lại 1/3
2025-09-29 21:20:48,040 WARNING: Lỗi HTTP 429 - product id: 204659855, thử lại 1/3
2025-09-29 21:20:48,048 WARNING: Lỗi HTTP 404: Không tim thấy product id - product id: 203999080
2025-09-29 21:20:48,097 WARNING: Lỗi HTTP 404: Không tim thấy product id - product id: 203999095
2025-09-29 21:20:48,103 WARNING: Lỗi HTTP 429 - product id: 204662061, thử lại 1/3
2025-09-29 21:20:48,111 WARNING: Lỗi HTTP 429 - product id: 204663586, thử lại 1/3
2025-09-29 21:20:48,193 WARNING: Lỗi HTTP 404: Không tim thấy product id - product id: 203998915
2025-09-29 21:20:48,601 WARNING: Lỗi HTTP 404: Không tim thấy product id - product id: 204658871
2025-09-29 21:20:51,231 INFO: Đã commit batch 160 (1000 sản phẩm)
2025-09-29 21:20:51,259 INFO: Đã ghi 958 sản phẩm vào file /home/quannh/projects_de/Lab_01/output/products_batch_160_958_ids.csv
2025-09-29 21:20:51,304 INFO: Đã insert 958 sản phẩm từ file /home/quannh/projects_de/Lab_01/output/products_batch_160_958_ids.csv vào database PostgeSQL
2025-09-29 21:20:51,326 INFO: Đã update lại status của batch 161 về pending để tiến hành crawl lại batch
2025-09-29 21:20:51,336 INFO: Bắt đầu crawl batch 161 (1000 sản phẩm)
2025-09-29 21:20:53,043 WARNING: Lỗi HTTP 429 - product id: 205040003, thử lại 1/3
2025-09-29 21:20:53,692 WARNING: Lỗi HTTP 429 - product id: 205080891, thử lại 1/3
2025-09-29 21:20:53,855 WARNING: Lỗi HTTP 404: Không tim thấy product id - product id: 205081143
2025-09-29 21:20:54,941 WARNING: Lỗi HTTP 429 - product id: 205181510, thử lại 1/3
2025-09-29 21:20:54,988 WARNING: Lỗi HTTP 429 - product id: 205191117, thử lại 1/3
2025-09-29 21:20:55,099 WARNING: Lỗi HTTP 429 - product id: 205216348, thử lại 1/3
2025-09-29 21:20:55,187 WARNING: Lỗi HTTP 429 - product id: 205220069, thử lại 1/3
2025-09-29 21:20:55,188 WARNING: Lỗi HTTP 429 - product id: 205219940, thử lại 1/3
2025-09-29 21:20:55,197 WARNING: Lỗi HTTP 429 - product id: 205220081, thử lại 1/3
2025-09-29 21:20:55,261 WARNING: Lỗi HTTP 429 - product id: 204915861, thử lại 1/3
2025-09-29 21:20:55,283 WARNING: Lỗi HTTP 429 - product id: 204915869, thử lại 1/3
2025-09-29 21:20:55,292 WARNING: Lỗi HTTP 429 - product id: 204915983, thử lại 1/3
2025-09-29 21:20:55,795 WARNING: Lỗi HTTP 429 - product id: 204927574, thử lại 1/3
2025-09-29 21:20:57,386 WARNING: Lỗi HTTP 429 - product id: 205040075, thử lại 1/3
2025-09-29 21:20:57,388 WARNING: Lỗi HTTP 429 - product id: 205039962, thử lại 1/3
2025-09-29 21:20:57,388 WARNING: Lỗi HTTP 429 - product id: 205039914, thử lại 1/3
2025-09-29 21:20:58,989 WARNING: Lỗi HTTP 429 - product id: 204768495, thử lại 1/3
2025-09-29 21:20:59,087 WARNING: Lỗi HTTP 429 - product id: 204768670, thử lại 1/3
2025-09-29 21:21:00,038 WARNING: Lỗi HTTP 429 - product id: 204916670, thử lại 1/3
2025-09-29 21:21:00,141 WARNING: Lỗi HTTP 429 - product id: 204925265, thử lại 1/3
2025-09-29 21:21:00,793 WARNING: Lỗi HTTP 429 - product id: 204958702, thử lại 1/3
2025-09-29 21:21:00,893 WARNING: Lỗi HTTP 429 - product id: 204985168, thử lại 1/3
2025-09-29 21:21:01,044 WARNING: Lỗi HTTP 429 - product id: 204988872, thử lại 1/3
2025-09-29 21:21:01,091 WARNING: Lỗi HTTP 429 - product id: 205003299, thử lại 1/3
2025-09-29 21:21:01,141 WARNING: Lỗi HTTP 429 - product id: 205007937, thử lại 1/3
2025-09-29 21:21:01,142 WARNING: Lỗi HTTP 429 - product id: 205008003, thử lại 1/3
2025-09-29 21:21:01,247 WARNING: Lỗi HTTP 429 - product id: 205008775, thử lại 1/3
2025-09-29 21:21:01,295 WARNING: Lỗi HTTP 429 - product id: 205009662, thử lại 1/3
2025-09-29 21:21:01,345 WARNING: Lỗi HTTP 429 - product id: 205016790, thử lại 1/3
2025-09-29 21:21:01,432 WARNING: Lỗi HTTP 429 - product id: 205018343, thử lại 1/3
2025-09-29 21:21:01,444 WARNING: Lỗi HTTP 429 - product id: 205018402, thử lại 1/3
2025-09-29 21:21:02,287 WARNING: Lỗi HTTP 429 - product id: 204768907, thử lại 1/3
2025-09-29 21:21:02,340 WARNING: Lỗi HTTP 429 - product id: 204768946, thử lại 1/3
2025-09-29 21:21:03,990 WARNING: Lỗi HTTP 429 - product id: 204914379, thử lại 1/3
2025-09-29 21:21:04,097 WARNING: Lỗi HTTP 429 - product id: 204915637, thử lại 1/3
2025-09-29 21:21:04,136 WARNING: Lỗi HTTP 429 - product id: 204915667, thử lại 1/3
2025-09-29 21:21:05,094 WARNING: Lỗi HTTP 429 - product id: 205102217, thử lại 1/3
2025-09-29 21:21:05,339 WARNING: Lỗi HTTP 429 - product id: 205116826, thử lại 1/3
2025-09-29 21:21:05,339 WARNING: Lỗi HTTP 429 - product id: 205128467, thử lại 1/3
2025-09-29 21:21:05,404 WARNING: Lỗi HTTP 429 - product id: 205146921, thử lại 1/3
2025-09-29 21:21:05,437 WARNING: Lỗi HTTP 429 - product id: 205149863, thử lại 1/3
2025-09-29 21:21:05,542 WARNING: Lỗi HTTP 429 - product id: 205162765, thử lại 1/3
2025-09-29 21:21:05,586 WARNING: Lỗi HTTP 429 - product id: 205162964, thử lại 1/3
2025-09-29 21:21:05,689 WARNING: Lỗi HTTP 429 - product id: 205178439, thử lại 1/3
2025-09-29 21:21:06,157 WARNING: Lỗi HTTP 404: Không tim thấy product id - product id: 205115266
2025-09-29 21:21:06,207 WARNING: Lỗi HTTP 404: Không tim thấy product id - product id: 205113157
2025-09-29 21:21:06,488 WARNING: Lỗi HTTP 429 - product id: 204669616, thử lại 1/3
2025-09-29 21:21:06,554 WARNING: Lỗi HTTP 429 - product id: 204669694, thử lại 1/3
2025-09-29 21:21:06,598 WARNING: Lỗi HTTP 429 - product id: 204675517, thử lại 1/3
2025-09-29 21:21:06,791 WARNING: Lỗi HTTP 429 - product id: 204747180, thử lại 1/3
2025-09-29 21:21:08,415 WARNING: Lỗi HTTP 404: Không tim thấy product id - product id: 205116826
2025-09-29 21:21:09,985 INFO: Đã commit batch 161 (1000 sản phẩm)
2025-09-29 21:21:10,010 INFO: Đã ghi 996 sản phẩm vào file /home/quannh/projects_de/Lab_01/output/products_batch_161_996_ids.csv
2025-09-29 21:21:10,049 INFO: Đã insert 996 sản phẩm từ file /home/quannh/projects_de/Lab_01/output/products_batch_161_996_ids.csv vào database PostgeSQL
2025-09-29 21:21:10,072 INFO: Đã update lại status của batch 162 về pending để tiến hành crawl lại batch
2025-09-29 21:21:10,082 INFO: Bắt đầu crawl batch 162 (1000 sản phẩm)
2025-09-29 21:21:12,597 WARNING: Lỗi HTTP 429 - product id: 205297973, thử lại 1/3
2025-09-29 21:21:12,956 WARNING: Lỗi HTTP 404: Không tim thấy product id - product id: 205278683
2025-09-29 21:21:13,108 WARNING: Lỗi HTTP 404: Không tim thấy product id - product id: 205298840
2025-09-29 21:21:13,567 WARNING: Lỗi HTTP 404: Không tim thấy product id - product id: 205297523
2025-09-29 21:21:13,587 WARNING: Lỗi HTTP 429 - product id: 205409840, thử lại 1/3
2025-09-29 21:21:14,143 WARNING: Lỗi HTTP 429 - product id: 205487679, thử lại 1/3
2025-09-29 21:21:14,933 WARNING: Lỗi HTTP 429 - product id: 205611412, thử lại 1/3
2025-09-29 21:21:15,042 WARNING: Lỗi HTTP 429 - product id: 205615082, thử lại 1/3
2025-09-29 21:21:15,346 WARNING: Lỗi HTTP 429 - product id: 205644629, thử lại 1/3
2025-09-29 21:21:15,767 WARNING: Lỗi HTTP 404: Không tim thấy product id - product id: 205685450
2025-09-29 21:21:15,792 WARNING: Lỗi HTTP 429 - product id: 205708014, thử lại 1/3
2025-09-29 21:21:15,897 WARNING: Lỗi HTTP 429 - product id: 205710412, thử lại 1/3
2025-09-29 21:21:15,909 WARNING: Lỗi HTTP 404: Không tim thấy product id - product id: 205691936
2025-09-29 21:21:15,941 WARNING: Lỗi HTTP 429 - product id: 205711709, thử lại 1/3
2025-09-29 21:21:15,989 WARNING: Lỗi HTTP 429 - product id: 205713480, thử lại 1/3
2025-09-29 21:21:16,337 WARNING: Lỗi HTTP 429 - product id: 205727225, thử lại 1/3
2025-09-29 21:21:16,364 WARNING: Lỗi HTTP 404: Không tim thấy product id - product id: 205673512
2025-09-29 21:21:16,402 WARNING: Lỗi HTTP 429 - product id: 205727630, thử lại 1/3
2025-09-29 21:21:16,428 WARNING: Lỗi HTTP 429 - product id: 205729144, thử lại 1/3
2025-09-29 21:21:16,442 WARNING: Lỗi HTTP 429 - product id: 205729587, thử lại 1/3
2025-09-29 21:21:16,512 WARNING: Lỗi HTTP 404: Không tim thấy product id - product id: 205685551
2025-09-29 21:21:16,557 WARNING: Lỗi HTTP 404: Không tim thấy product id - product id: 205692600
2025-09-29 21:21:17,710 WARNING: Lỗi HTTP 404: Không tim thấy product id - product id: 205285722
2025-09-29 21:21:17,910 WARNING: Lỗi HTTP 404: Không tim thấy product id - product id: 205286057
2025-09-29 21:21:18,109 WARNING: Lỗi HTTP 404: Không tim thấy product id - product id: 205280846
2025-09-29 21:21:19,310 WARNING: Lỗi HTTP 404: Không tim thấy product id - product id: 205422991
2025-09-29 21:21:19,342 WARNING: Lỗi HTTP 429 - product id: 205494457, thử lại 1/3
2025-09-29 21:21:20,243 WARNING: Lỗi HTTP 429 - product id: 205611107, thử lại 1/3
2025-09-29 21:21:20,784 WARNING: Lỗi HTTP 429 - product id: 205684696, thử lại 1/3
2025-09-29 21:21:20,786 WARNING: Lỗi HTTP 429 - product id: 205673551, thử lại 1/3
2025-09-29 21:21:20,845 WARNING: Lỗi HTTP 429 - product id: 205685598, thử lại 1/3
2025-09-29 21:21:20,887 WARNING: Lỗi HTTP 429 - product id: 205690661, thử lại 1/3
2025-09-29 21:21:20,938 WARNING: Lỗi HTTP 429 - product id: 205691354, thử lại 1/3
2025-09-29 21:21:20,944 WARNING: Lỗi HTTP 429 - product id: 205691512, thử lại 1/3
2025-09-29 21:21:20,947 WARNING: Lỗi HTTP 429 - product id: 205691820, thử lại 1/3
2025-09-29 21:21:21,047 WARNING: Lỗi HTTP 429 - product id: 205696781, thử lại 1/3
2025-09-29 21:21:21,122 WARNING: Lỗi HTTP 429 - product id: 205708433, thử lại 1/3
2025-09-29 21:21:21,136 WARNING: Lỗi HTTP 429 - product id: 205708845, thử lại 1/3
2025-09-29 21:21:21,138 WARNING: Lỗi HTTP 429 - product id: 205709384, thử lại 1/3
2025-09-29 21:21:21,262 WARNING: Lỗi HTTP 404: Không tim thấy product id - product id: 205666051
2025-09-29 21:21:22,435 WARNING: Lỗi HTTP 429 - product id: 205509310, thử lại 1/3
2025-09-29 21:21:22,489 WARNING: Lỗi HTTP 429 - product id: 205509593, thử lại 1/3
2025-09-29 21:21:22,501 WARNING: Lỗi HTTP 429 - product id: 205509738, thử lại 1/3
2025-09-29 21:21:24,009 WARNING: Lỗi HTTP 404: Không tim thấy product id - product id: 205529304
2025-09-29 21:21:24,459 WARNING: Lỗi HTTP 404: Không tim thấy product id - product id: 205690661
2025-09-29 21:21:24,810 WARNING: Lỗi HTTP 404: Không tim thấy product id - product id: 205691354
2025-09-29 21:21:25,639 WARNING: Lỗi HTTP 429 - product id: 205245417, thử lại 1/3
2025-09-29 21:21:25,736 WARNING: Lỗi HTTP 429 - product id: 205246133, thử lại 1/3
2025-09-29 21:21:25,739 WARNING: Lỗi HTTP 429 - product id: 205246185, thử lại 1/3
2025-09-29 21:21:25,742 WARNING: Lỗi HTTP 429 - product id: 205246192, thử lại 1/3
2025-09-29 21:21:25,805 WARNING: Lỗi HTTP 429 - product id: 205246334, thử lại 1/3
2025-09-29 21:21:25,893 WARNING: Lỗi HTTP 429 - product id: 205231826, thử lại 1/3
2025-09-29 21:21:29,005 INFO: Đã commit batch 162 (1000 sản phẩm)
2025-09-29 21:21:29,033 INFO: Đã ghi 984 sản phẩm vào file /home/quannh/projects_de/Lab_01/output/products_batch_162_984_ids.csv
2025-09-29 21:21:29,077 INFO: Đã insert 984 sản phẩm từ file /home/quannh/projects_de/Lab_01/output/products_batch_162_984_ids.csv vào database PostgeSQL
2025-09-29 21:21:29,101 INFO: Đã update lại status của batch 163 về pending để tiến hành crawl lại batch
2025-09-29 21:21:29,111 INFO: Bắt đầu crawl batch 163 (1000 sản phẩm)
2025-09-29 21:21:29,290 WARNING: Lỗi HTTP 404: Không tim thấy product id - product id: 205793001
2025-09-29 21:21:30,391 WARNING: Lỗi HTTP 404: Không tim thấy product id - product id: 205886057
2025-09-29 21:21:30,542 WARNING: Lỗi HTTP 404: Không tim thấy product id - product id: 205889379
2025-09-29 21:21:31,574 WARNING: Lỗi HTTP 429 - product id: 206307278, thử lại 1/3
2025-09-29 21:21:32,070 WARNING: Lỗi HTTP 429 - product id: 206320855, thử lại 1/3
2025-09-29 21:21:32,122 WARNING: Lỗi HTTP 429 - product id: 206330723, thử lại 1/3
2025-09-29 21:21:33,128 WARNING: Lỗi HTTP 429 - product id: 206419167, thử lại 1/3
2025-09-29 21:21:33,224 WARNING: Lỗi HTTP 429 - product id: 206423014, thử lại 1/3
2025-09-29 21:21:33,436 WARNING: Lỗi HTTP 429 - product id: 206430698, thử lại 1/3
2025-09-29 21:21:34,337 WARNING: Lỗi HTTP 404: Không tim thấy product id - product id: 205977423
2025-09-29 21:21:34,723 WARNING: Lỗi HTTP 429 - product id: 206131504, thử lại 1/3
2025-09-29 21:21:35,387 WARNING: Lỗi HTTP 404: Không tim thấy product id - product id: 206147376
2025-09-29 21:21:35,438 WARNING: Lỗi HTTP 404: Không tim thấy product id - product id: 206147748
2025-09-29 21:21:37,838 WARNING: Lỗi HTTP 404: Không tim thấy product id - product id: 205829904
2025-09-29 21:21:38,090 WARNING: Lỗi HTTP 404: Không tim thấy product id - product id: 205829900
2025-09-29 21:21:39,240 WARNING: Lỗi HTTP 404: Không tim thấy product id - product id: 206134891
2025-09-29 21:21:39,541 WARNING: Lỗi HTTP 404: Không tim thấy product id - product id: 206147399
2025-09-29 21:21:40,238 WARNING: Lỗi HTTP 404: Không tim thấy product id - product id: 206244672
2025-09-29 21:21:40,239 WARNING: Lỗi HTTP 404: Không tim thấy product id - product id: 206246426
2025-09-29 21:21:40,939 WARNING: Lỗi HTTP 404: Không tim thấy product id - product id: 205810478
2025-09-29 21:21:41,269 WARNING: Lỗi HTTP 429 - product id: 205829331, thử lại 1/3
2025-09-29 21:21:41,625 WARNING: Lỗi HTTP 429 - product id: 205841080, thử lại 1/3
2025-09-29 21:21:42,092 WARNING: Lỗi HTTP 404: Không tim thấy product id - product id: 205829906
2025-09-29 21:21:42,220 WARNING: Lỗi HTTP 429 - product id: 205892614, thử lại 1/3
2025-09-29 21:21:42,272 WARNING: Lỗi HTTP 429 - product id: 205894767, thử lại 1/3
2025-09-29 21:21:42,289 WARNING: Lỗi HTTP 404: Không tim thấy product id - product id: 205829661
2025-09-29 21:21:42,428 WARNING: Lỗi HTTP 429 - product id: 205914805, thử lại 1/3
2025-09-29 21:21:42,721 WARNING: Lỗi HTTP 429 - product id: 205945543, thử lại 1/3
2025-09-29 21:21:43,192 WARNING: Lỗi HTTP 404: Không tim thấy product id - product id: 205892589
2025-09-29 21:21:43,723 WARNING: Lỗi HTTP 429 - product id: 206371723, thử lại 1/3
2025-09-29 21:21:46,850 INFO: Đã commit batch 163 (1000 sản phẩm)
2025-09-29 21:21:46,878 INFO: Đã ghi 984 sản phẩm vào file /home/quannh/projects_de/Lab_01/output/products_batch_163_984_ids.csv
2025-09-29 21:21:46,922 INFO: Đã insert 984 sản phẩm từ file /home/quannh/projects_de/Lab_01/output/products_batch_163_984_ids.csv vào database PostgeSQL
2025-09-29 21:21:46,946 INFO: Đã update lại status của batch 164 về pending để tiến hành crawl lại batch
2025-09-29 21:21:46,956 INFO: Bắt đầu crawl batch 164 (1000 sản phẩm)
2025-09-29 21:21:47,831 WARNING: Lỗi HTTP 404: Không tim thấy product id - product id: 206553308
2025-09-29 21:21:48,083 WARNING: Lỗi HTTP 404: Không tim thấy product id - product id: 206553980
2025-09-29 21:21:48,133 WARNING: Lỗi HTTP 404: Không tim thấy product id - product id: 206554056
2025-09-29 21:21:48,181 WARNING: Lỗi HTTP 404: Không tim thấy product id - product id: 206554060
2025-09-29 21:21:48,186 WARNING: Lỗi HTTP 404: Không tim thấy product id - product id: 206553261
2025-09-29 21:21:48,232 WARNING: Lỗi HTTP 404: Không tim thấy product id - product id: 206553302
2025-09-29 21:21:48,282 WARNING: Lỗi HTTP 404: Không tim thấy product id - product id: 206553432
2025-09-29 21:21:49,433 WARNING: Lỗi HTTP 404: Không tim thấy product id - product id: 206987457
2025-09-29 21:21:49,883 WARNING: Lỗi HTTP 404: Không tim thấy product id - product id: 206987459
2025-09-29 21:21:50,461 WARNING: Lỗi HTTP 429 - product id: 206461656, thử lại 1/3
2025-09-29 21:21:50,914 WARNING: Lỗi HTTP 429 - product id: 206483434, thử lại 1/3
2025-09-29 21:21:50,915 WARNING: Lỗi HTTP 429 - product id: 206483432, thử lại 1/3
2025-09-29 21:21:51,160 WARNING: Lỗi HTTP 429 - product id: 206485977, thử lại 1/3
2025-09-29 21:21:51,211 WARNING: Lỗi HTTP 429 - product id: 206488185, thử lại 1/3
2025-09-29 21:21:51,310 WARNING: Lỗi HTTP 429 - product id: 206491437, thử lại 1/3
2025-09-29 21:21:51,465 WARNING: Lỗi HTTP 429 - product id: 206495497, thử lại 1/3
2025-09-29 21:21:51,473 WARNING: Lỗi HTTP 429 - product id: 206668391, thử lại 1/3
2025-09-29 21:21:51,554 WARNING: Lỗi HTTP 429 - product id: 206669571, thử lại 1/3
2025-09-29 21:21:51,823 WARNING: Lỗi HTTP 429 - product id: 206698389, thử lại 1/3
2025-09-29 21:21:51,867 WARNING: Lỗi HTTP 429 - product id: 206710183, thử lại 1/3
2025-09-29 21:21:52,437 WARNING: Lỗi HTTP 429 - product id: 206712839, thử lại 1/3
2025-09-29 21:21:52,628 WARNING: Lỗi HTTP 404: Không tim thấy product id - product id: 206673684
2025-09-29 21:21:53,317 WARNING: Lỗi HTTP 429 - product id: 206483602, thử lại 1/3
2025-09-29 21:21:53,579 WARNING: Lỗi HTTP 404: Không tim thấy product id - product id: 206781402
2025-09-29 21:21:53,634 WARNING: Lỗi HTTP 404: Không tim thấy product id - product id: 206781406
2025-09-29 21:21:53,709 WARNING: Lỗi HTTP 429 - product id: 206496129, thử lại 1/3
2025-09-29 21:21:53,713 WARNING: Lỗi HTTP 429 - product id: 206496178, thử lại 1/3
2025-09-29 21:21:53,777 WARNING: Lỗi HTTP 429 - product id: 206496790, thử lại 1/3
2025-09-29 21:21:53,812 WARNING: Lỗi HTTP 429 - product id: 206496920, thử lại 1/3
2025-09-29 21:21:53,857 WARNING: Lỗi HTTP 429 - product id: 206497692, thử lại 1/3
2025-09-29 21:21:53,913 WARNING: Lỗi HTTP 429 - product id: 206501242, thử lại 1/3
2025-09-29 21:21:54,635 WARNING: Lỗi HTTP 404: Không tim thấy product id - product id: 206488185
2025-09-29 21:21:55,783 WARNING: Lỗi HTTP 404: Không tim thấy product id - product id: 206713368
2025-09-29 21:21:55,876 WARNING: Lỗi HTTP 404: Không tim thấy product id - product id: 206781415
2025-09-29 21:21:58,010 WARNING: Lỗi HTTP 429 - product id: 206553948, thử lại 1/3
2025-09-29 21:21:58,359 WARNING: Lỗi HTTP 429 - product id: 206564815, thử lại 1/3
2025-09-29 21:21:58,383 WARNING: Lỗi HTTP 404: Không tim thấy product id - product id: 206553412
2025-09-29 21:21:58,419 WARNING: Lỗi HTTP 429 - product id: 206569857, thử lại 1/3
2025-09-29 21:21:58,511 WARNING: Lỗi HTTP 429 - product id: 206621415, thử lại 1/3
2025-09-29 21:21:58,565 WARNING: Lỗi HTTP 429 - product id: 206633611, thử lại 1/3
2025-09-29 21:21:58,614 WARNING: Lỗi HTTP 429 - product id: 206636767, thử lại 1/3
2025-09-29 21:21:58,665 WARNING: Lỗi HTTP 429 - product id: 206640796, thử lại 1/3
2025-09-29 21:21:58,779 WARNING: Lỗi HTTP 404: Không tim thấy product id - product id: 206553272
2025-09-29 21:21:58,831 WARNING: Lỗi HTTP 404: Không tim thấy product id - product id: 206553450
2025-09-29 21:21:58,933 WARNING: Lỗi HTTP 404: Không tim thấy product id - product id: 206553941
2025-09-29 21:21:58,986 WARNING: Lỗi HTTP 404: Không tim thấy product id - product id: 206553965
2025-09-29 21:21:59,933 WARNING: Lỗi HTTP 404: Không tim thấy product id - product id: 206836167
2025-09-29 21:22:01,128 WARNING: Lỗi HTTP 404: Không tim thấy product id - product id: 206914169
2025-09-29 21:22:01,283 WARNING: Lỗi HTTP 404: Không tim thấy product id - product id: 206984985
2025-09-29 21:22:01,384 WARNING: Lỗi HTTP 404: Không tim thấy product id - product id: 206987830
2025-09-29 21:22:01,985 WARNING: Lỗi HTTP 404: Không tim thấy product id - product id: 206553948
2025-09-29 21:22:02,022 WARNING: Lỗi HTTP 429 - product id: 206444831, thử lại 1/3
2025-09-29 21:22:02,061 WARNING: Lỗi HTTP 429 - product id: 206445477, thử lại 1/3
2025-09-29 21:22:02,913 WARNING: Lỗi HTTP 429 - product id: 206483364, thử lại 1/3
2025-09-29 21:22:03,507 WARNING: Lỗi HTTP 404: Không tim thấy product id - product id: 206470218
2025-09-29 21:22:03,762 WARNING: Lỗi HTTP 404: Không tim thấy product id - product id: 206473684
2025-09-29 21:22:06,158 INFO: Đã commit batch 164 (1000 sản phẩm)
2025-09-29 21:22:06,182 INFO: Đã ghi 973 sản phẩm vào file /home/quannh/projects_de/Lab_01/output/products_batch_164_973_ids.csv
2025-09-29 21:22:06,217 INFO: Đã insert 973 sản phẩm từ file /home/quannh/projects_de/Lab_01/output/products_batch_164_973_ids.csv vào database PostgeSQL
2025-09-29 21:22:06,240 INFO: Đã update lại status của batch 165 về pending để tiến hành crawl lại batch
2025-09-29 21:22:06,250 INFO: Bắt đầu crawl batch 165 (1000 sản phẩm)
2025-09-29 21:22:09,595 WARNING: Lỗi HTTP 429 - product id: 207239047, thử lại 1/3
2025-09-29 21:22:10,216 WARNING: Lỗi HTTP 404: Không tim thấy product id - product id: 207256868
2025-09-29 21:22:10,466 WARNING: Lỗi HTTP 404: Không tim thấy product id - product id: 207268453
2025-09-29 21:22:10,541 WARNING: Lỗi HTTP 429 - product id: 207296600, thử lại 1/3
2025-09-29 21:22:10,666 WARNING: Lỗi HTTP 404: Không tim thấy product id - product id: 207255107
2025-09-29 21:22:10,713 WARNING: Lỗi HTTP 404: Không tim thấy product id - product id: 207285065
2025-09-29 21:22:10,754 WARNING: Lỗi HTTP 429 - product id: 207303608, thử lại 1/3
2025-09-29 21:22:11,004 WARNING: Lỗi HTTP 429 - product id: 207311549, thử lại 1/3
2025-09-29 21:22:11,043 WARNING: Lỗi HTTP 429 - product id: 207317045, thử lại 1/3
2025-09-29 21:22:11,043 WARNING: Lỗi HTTP 429 - product id: 207316724, thử lại 1/3
2025-09-29 21:22:11,118 WARNING: Lỗi HTTP 404: Không tim thấy product id - product id: 207299029
2025-09-29 21:22:11,351 WARNING: Lỗi HTTP 429 - product id: 207335096, thử lại 1/3
2025-09-29 21:22:12,002 WARNING: Lỗi HTTP 429 - product id: 207498143, thử lại 1/3
2025-09-29 21:22:12,049 WARNING: Lỗi HTTP 429 - product id: 207498385, thử lại 1/3
2025-09-29 21:22:12,051 WARNING: Lỗi HTTP 429 - product id: 207498387, thử lại 1/3
2025-09-29 21:22:12,098 WARNING: Lỗi HTTP 429 - product id: 207502103, thử lại 1/3
2025-09-29 21:22:12,102 WARNING: Lỗi HTTP 429 - product id: 207502232, thử lại 1/3
2025-09-29 21:22:12,139 WARNING: Lỗi HTTP 429 - product id: 207502583, thử lại 1/3
2025-09-29 21:22:12,148 WARNING: Lỗi HTTP 429 - product id: 207502981, thử lại 1/3
2025-09-29 21:22:15,215 WARNING: Lỗi HTTP 404: Không tim thấy product id - product id: 207281745
2025-09-29 21:22:15,265 WARNING: Lỗi HTTP 404: Không tim thấy product id - product id: 207271258
2025-09-29 21:22:15,396 WARNING: Lỗi HTTP 429 - product id: 207306529, thử lại 1/3
2025-09-29 21:22:15,449 WARNING: Lỗi HTTP 429 - product id: 207502583, thử lại 2/3
2025-09-29 21:22:15,543 WARNING: Lỗi HTTP 429 - product id: 207314163, thử lại 1/3
2025-09-29 21:22:15,546 WARNING: Lỗi HTTP 429 - product id: 207314165, thử lại 1/3
2025-09-29 21:22:15,594 WARNING: Lỗi HTTP 429 - product id: 207324185, thử lại 1/3
2025-09-29 21:22:15,610 WARNING: Lỗi HTTP 429 - product id: 207326010, thử lại 1/3
2025-09-29 21:22:15,642 WARNING: Lỗi HTTP 429 - product id: 207326079, thử lại 1/3
2025-09-29 21:22:15,643 WARNING: Lỗi HTTP 429 - product id: 207326905, thử lại 1/3
2025-09-29 21:22:15,697 WARNING: Lỗi HTTP 429 - product id: 207331162, thử lại 1/3
2025-09-29 21:22:15,706 WARNING: Lỗi HTTP 429 - product id: 207331536, thử lại 1/3
2025-09-29 21:22:15,719 WARNING: Lỗi HTTP 404: Không tim thấy product id - product id: 207289508
2025-09-29 21:22:15,785 WARNING: Lỗi HTTP 429 - product id: 207333509, thử lại 1/3
2025-09-29 21:22:15,791 WARNING: Lỗi HTTP 429 - product id: 207334063, thử lại 1/3
2025-09-29 21:22:15,796 WARNING: Lỗi HTTP 429 - product id: 207335636, thử lại 1/3
2025-09-29 21:22:15,854 WARNING: Lỗi HTTP 429 - product id: 207342592, thử lại 1/3
2025-09-29 21:22:15,894 WARNING: Lỗi HTTP 429 - product id: 207342853, thử lại 1/3
2025-09-29 21:22:15,899 WARNING: Lỗi HTTP 429 - product id: 207343001, thử lại 1/3
2025-09-29 21:22:15,903 WARNING: Lỗi HTTP 429 - product id: 207343357, thử lại 1/3
2025-09-29 21:22:15,951 WARNING: Lỗi HTTP 429 - product id: 207346154, thử lại 1/3
2025-09-29 21:22:15,967 WARNING: Lỗi HTTP 404: Không tim thấy product id - product id: 207299276
2025-09-29 21:22:15,996 WARNING: Lỗi HTTP 429 - product id: 207356563, thử lại 1/3
2025-09-29 21:22:15,998 WARNING: Lỗi HTTP 429 - product id: 207356577, thử lại 1/3
2025-09-29 21:22:16,143 WARNING: Lỗi HTTP 429 - product id: 207357949, thử lại 1/3
2025-09-29 21:22:16,254 WARNING: Lỗi HTTP 429 - product id: 207360196, thử lại 1/3
2025-09-29 21:22:16,815 WARNING: Lỗi HTTP 404: Không tim thấy product id - product id: 207341537
2025-09-29 21:22:17,000 WARNING: Lỗi HTTP 429 - product id: 207555215, thử lại 1/3
2025-09-29 21:22:17,002 WARNING: Lỗi HTTP 429 - product id: 207558011, thử lại 1/3
2025-09-29 21:22:17,845 WARNING: Lỗi HTTP 429 - product id: 207658733, thử lại 1/3
2025-09-29 21:22:18,072 WARNING: Lỗi HTTP 429 - product id: 207042589, thử lại 1/3
2025-09-29 21:22:18,094 WARNING: Lỗi HTTP 429 - product id: 207043635, thử lại 1/3
2025-09-29 21:22:18,646 WARNING: Lỗi HTTP 429 - product id: 207205803, thử lại 1/3
2025-09-29 21:22:18,892 WARNING: Lỗi HTTP 429 - product id: 207209146, thử lại 1/3
2025-09-29 21:22:19,447 WARNING: Lỗi HTTP 429 - product id: 207360036, thử lại 1/3
2025-09-29 21:22:19,592 WARNING: Lỗi HTTP 429 - product id: 207375664, thử lại 1/3
2025-09-29 21:22:19,593 WARNING: Lỗi HTTP 429 - product id: 207375736, thử lại 1/3
2025-09-29 21:22:19,642 WARNING: Lỗi HTTP 429 - product id: 207379025, thử lại 1/3
2025-09-29 21:22:20,745 WARNING: Lỗi HTTP 429 - product id: 207439060, thử lại 1/3
2025-09-29 21:22:20,818 WARNING: Lỗi HTTP 404: Không tim thấy product id - product id: 207397535
2025-09-29 21:22:20,830 WARNING: Lỗi HTTP 429 - product id: 207450987, thử lại 1/3
2025-09-29 21:22:20,944 WARNING: Lỗi HTTP 429 - product id: 207479634, thử lại 1/3
2025-09-29 21:22:21,298 WARNING: Lỗi HTTP 429 - product id: 207492347, thử lại 1/3
2025-09-29 21:22:21,363 WARNING: Lỗi HTTP 429 - product id: 207493409, thử lại 1/3
2025-09-29 21:22:21,393 WARNING: Lỗi HTTP 429 - product id: 207493461, thử lại 1/3
2025-09-29 21:22:21,758 WARNING: Lỗi HTTP 404: Không tim thấy product id - product id: 207067802
2025-09-29 21:22:22,089 WARNING: Lỗi HTTP 429 - product id: 207196927, thử lại 1/3
2025-09-29 21:22:22,966 WARNING: Lỗi HTTP 404: Không tim thấy product id - product id: 207194970
2025-09-29 21:22:25,201 INFO: Đã commit batch 165 (1000 sản phẩm)
2025-09-29 21:22:25,228 INFO: Đã ghi 987 sản phẩm vào file /home/quannh/projects_de/Lab_01/output/products_batch_165_987_ids.csv
2025-09-29 21:22:25,269 INFO: Đã insert 987 sản phẩm từ file /home/quannh/projects_de/Lab_01/output/products_batch_165_987_ids.csv vào database PostgeSQL
2025-09-29 21:22:25,292 INFO: Đã update lại status của batch 166 về pending để tiến hành crawl lại batch
2025-09-29 21:22:25,302 INFO: Bắt đầu crawl batch 166 (1000 sản phẩm)
2025-09-29 21:22:26,083 WARNING: Lỗi HTTP 404: Không tim thấy product id - product id: 207749486
2025-09-29 21:22:27,276 WARNING: Lỗi HTTP 404: Không tim thấy product id - product id: 207831478
2025-09-29 21:22:27,426 WARNING: Lỗi HTTP 404: Không tim thấy product id - product id: 207990670
2025-09-29 21:22:27,428 WARNING: Lỗi HTTP 404: Không tim thấy product id - product id: 207997494
2025-09-29 21:22:27,774 WARNING: Lỗi HTTP 404: Không tim thấy product id - product id: 208062183
2025-09-29 21:22:30,324 WARNING: Lỗi HTTP 404: Không tim thấy product id - product id: 207876075
2025-09-29 21:22:31,658 WARNING: Lỗi HTTP 429 - product id: 208099908, thử lại 1/3
2025-09-29 21:22:31,660 WARNING: Lỗi HTTP 429 - product id: 208100029, thử lại 1/3
2025-09-29 21:22:32,334 WARNING: Lỗi HTTP 404: Không tim thấy product id - product id: 208071217
2025-09-29 21:22:32,726 WARNING: Lỗi HTTP 404: Không tim thấy product id - product id: 208120165
2025-09-29 21:22:32,823 WARNING: Lỗi HTTP 404: Không tim thấy product id - product id: 208122526
2025-09-29 21:22:33,668 WARNING: Lỗi HTTP 429 - product id: 207699537, thử lại 1/3
2025-09-29 21:22:34,924 WARNING: Lỗi HTTP 404: Không tim thấy product id - product id: 207709582
2025-09-29 21:22:38,908 WARNING: Lỗi HTTP 429 - product id: 207779736, thử lại 1/3
2025-09-29 21:22:39,004 WARNING: Lỗi HTTP 429 - product id: 207781244, thử lại 1/3
2025-09-29 21:22:39,023 WARNING: Lỗi HTTP 404: Không tim thấy product id - product id: 207749479
2025-09-29 21:22:39,866 WARNING: Lỗi HTTP 429 - product id: 207938904, thử lại 1/3
2025-09-29 21:22:40,002 WARNING: Lỗi HTTP 429 - product id: 207948279, thử lại 1/3
2025-09-29 21:22:40,004 WARNING: Lỗi HTTP 429 - product id: 207948420, thử lại 1/3
2025-09-29 21:22:40,004 WARNING: Lỗi HTTP 429 - product id: 207948294, thử lại 1/3
2025-09-29 21:22:40,210 WARNING: Lỗi HTTP 429 - product id: 207965521, thử lại 1/3
2025-09-29 21:22:40,308 WARNING: Lỗi HTTP 429 - product id: 207982966, thử lại 1/3
2025-09-29 21:22:40,350 WARNING: Lỗi HTTP 429 - product id: 207984252, thử lại 1/3
2025-09-29 21:22:40,356 WARNING: Lỗi HTTP 429 - product id: 207986150, thử lại 1/3
2025-09-29 21:22:40,408 WARNING: Lỗi HTTP 429 - product id: 207987834, thử lại 1/3
2025-09-29 21:22:40,456 WARNING: Lỗi HTTP 429 - product id: 207991466, thử lại 1/3
2025-09-29 21:22:40,510 WARNING: Lỗi HTTP 429 - product id: 207998567, thử lại 1/3
2025-09-29 21:22:40,559 WARNING: Lỗi HTTP 429 - product id: 208010414, thử lại 1/3
2025-09-29 21:22:40,609 WARNING: Lỗi HTTP 429 - product id: 208017415, thử lại 1/3
2025-09-29 21:22:40,703 WARNING: Lỗi HTTP 429 - product id: 208027752, thử lại 1/3
2025-09-29 21:22:40,864 WARNING: Lỗi HTTP 429 - product id: 208201573, thử lại 1/3
2025-09-29 21:22:41,111 WARNING: Lỗi HTTP 429 - product id: 208210761, thử lại 1/3
2025-09-29 21:22:41,114 WARNING: Lỗi HTTP 429 - product id: 208210914, thử lại 1/3
2025-09-29 21:22:44,230 INFO: Đã commit batch 166 (1000 sản phẩm)
2025-09-29 21:22:44,259 INFO: Đã ghi 989 sản phẩm vào file /home/quannh/projects_de/Lab_01/output/products_batch_166_989_ids.csv
2025-09-29 21:22:44,329 INFO: Đã insert 989 sản phẩm từ file /home/quannh/projects_de/Lab_01/output/products_batch_166_989_ids.csv vào database PostgeSQL
2025-09-29 21:22:44,352 INFO: Đã update lại status của batch 167 về pending để tiến hành crawl lại batch
2025-09-29 21:22:44,362 INFO: Bắt đầu crawl batch 167 (1000 sản phẩm)
2025-09-29 21:22:46,278 WARNING: Lỗi HTTP 429 - product id: 208410612, thử lại 1/3
2025-09-29 21:22:46,426 WARNING: Lỗi HTTP 429 - product id: 208643167, thử lại 1/3
2025-09-29 21:22:46,513 WARNING: Lỗi HTTP 429 - product id: 208648692, thử lại 1/3
2025-09-29 21:22:46,522 WARNING: Lỗi HTTP 429 - product id: 208652474, thử lại 1/3
2025-09-29 21:22:46,575 WARNING: Lỗi HTTP 429 - product id: 208657422, thử lại 1/3
2025-09-29 21:22:46,723 WARNING: Lỗi HTTP 429 - product id: 208676204, thử lại 1/3
2025-09-29 21:22:46,815 WARNING: Lỗi HTTP 429 - product id: 208678888, thử lại 1/3
2025-09-29 21:22:46,820 WARNING: Lỗi HTTP 429 - product id: 208679787, thử lại 1/3
2025-09-29 21:22:46,918 WARNING: Lỗi HTTP 429 - product id: 208681233, thử lại 1/3
2025-09-29 21:22:46,978 WARNING: Lỗi HTTP 429 - product id: 208683027, thử lại 1/3
2025-09-29 21:22:46,980 WARNING: Lỗi HTTP 429 - product id: 208683752, thử lại 1/3
2025-09-29 21:22:47,275 WARNING: Lỗi HTTP 429 - product id: 208735134, thử lại 1/3
2025-09-29 21:22:47,472 WARNING: Lỗi HTTP 429 - product id: 208745554, thử lại 1/3
2025-09-29 21:22:47,476 WARNING: Lỗi HTTP 429 - product id: 208744447, thử lại 1/3
2025-09-29 21:22:47,570 WARNING: Lỗi HTTP 429 - product id: 208753250, thử lại 1/3
2025-09-29 21:22:47,571 WARNING: Lỗi HTTP 429 - product id: 208752662, thử lại 1/3
2025-09-29 21:22:54,726 WARNING: Lỗi HTTP 429 - product id: 208527621, thử lại 1/3
2025-09-29 21:22:54,818 WARNING: Lỗi HTTP 429 - product id: 208528007, thử lại 1/3
2025-09-29 21:22:54,971 WARNING: Lỗi HTTP 429 - product id: 208591671, thử lại 1/3
2025-09-29 21:22:55,027 WARNING: Lỗi HTTP 429 - product id: 208599474, thử lại 1/3
2025-09-29 21:22:55,068 WARNING: Lỗi HTTP 429 - product id: 208600594, thử lại 1/3
2025-09-29 21:22:55,073 WARNING: Lỗi HTTP 429 - product id: 208600629, thử lại 1/3
2025-09-29 21:22:55,784 WARNING: Lỗi HTTP 404: Không tim thấy product id - product id: 208613149
2025-09-29 21:22:58,417 WARNING: Lỗi HTTP 429 - product id: 208440167, thử lại 1/3
2025-09-29 21:22:58,418 WARNING: Lỗi HTTP 429 - product id: 208439888, thử lại 1/3
2025-09-29 21:22:58,471 WARNING: Lỗi HTTP 429 - product id: 208441904, thử lại 1/3
2025-09-29 21:22:58,638 WARNING: Lỗi HTTP 429 - product id: 208476273, thử lại 1/3
2025-09-29 21:22:58,665 WARNING: Lỗi HTTP 429 - product id: 208496106, thử lại 1/3
2025-09-29 21:22:58,671 WARNING: Lỗi HTTP 429 - product id: 208497450, thử lại 1/3
2025-09-29 21:22:58,729 WARNING: Lỗi HTTP 429 - product id: 208525173, thử lại 1/3
2025-09-29 21:22:58,775 WARNING: Lỗi HTTP 429 - product id: 208526078, thử lại 1/3
2025-09-29 21:22:58,778 WARNING: Lỗi HTTP 429 - product id: 208526173, thử lại 1/3
2025-09-29 21:22:59,585 WARNING: Lỗi HTTP 404: Không tim thấy product id - product id: 208748025
2025-09-29 21:22:59,938 WARNING: Lỗi HTTP 404: Không tim thấy product id - product id: 208748014
2025-09-29 21:23:00,338 WARNING: Lỗi HTTP 404: Không tim thấy product id - product id: 208760933
2025-09-29 21:23:01,919 INFO: Đã commit batch 167 (1000 sản phẩm)
2025-09-29 21:23:01,950 INFO: Đã ghi 996 sản phẩm vào file /home/quannh/projects_de/Lab_01/output/products_batch_167_996_ids.csv
2025-09-29 21:23:02,001 INFO: Đã insert 996 sản phẩm từ file /home/quannh/projects_de/Lab_01/output/products_batch_167_996_ids.csv vào database PostgeSQL
2025-09-29 21:23:02,028 INFO: Đã update lại status của batch 168 về pending để tiến hành crawl lại batch
2025-09-29 21:23:02,038 INFO: Bắt đầu crawl batch 168 (1000 sản phẩm)
2025-09-29 21:23:02,817 WARNING: Lỗi HTTP 404: Không tim thấy product id - product id: 209377538
2025-09-29 21:23:02,912 WARNING: Lỗi HTTP 404: Không tim thấy product id - product id: 209378834
2025-09-29 21:23:04,561 WARNING: Lỗi HTTP 404: Không tim thấy product id - product id: 210132074
2025-09-29 21:23:05,200 WARNING: Lỗi HTTP 429 - product id: 209133484, thử lại 1/3
2025-09-29 21:23:05,293 WARNING: Lỗi HTTP 429 - product id: 209158749, thử lại 1/3
2025-09-29 21:23:05,295 WARNING: Lỗi HTTP 429 - product id: 209160617, thử lại 1/3
2025-09-29 21:23:05,713 WARNING: Lỗi HTTP 404: Không tim thấy product id - product id: 209165308
2025-09-29 21:23:06,345 WARNING: Lỗi HTTP 429 - product id: 209304625, thử lại 1/3
2025-09-29 21:23:06,352 WARNING: Lỗi HTTP 429 - product id: 209305100, thử lại 1/3
2025-09-29 21:23:06,364 WARNING: Lỗi HTTP 404: Không tim thấy product id - product id: 209165158
2025-09-29 21:23:06,405 WARNING: Lỗi HTTP 429 - product id: 209318812, thử lại 1/3
2025-09-29 21:23:06,448 WARNING: Lỗi HTTP 429 - product id: 209349215, thử lại 1/3
2025-09-29 21:23:06,466 WARNING: Lỗi HTTP 404: Không tim thấy product id - product id: 209165145
2025-09-29 21:23:06,492 WARNING: Lỗi HTTP 429 - product id: 209350847, thử lại 1/3
2025-09-29 21:23:06,545 WARNING: Lỗi HTTP 429 - product id: 210126220, thử lại 1/3
2025-09-29 21:23:06,594 WARNING: Lỗi HTTP 429 - product id: 210126248, thử lại 1/3
2025-09-29 21:23:06,649 WARNING: Lỗi HTTP 429 - product id: 210126254, thử lại 1/3
2025-09-29 21:23:06,652 WARNING: Lỗi HTTP 429 - product id: 210133061, thử lại 1/3
2025-09-29 21:23:06,689 WARNING: Lỗi HTTP 429 - product id: 210138093, thử lại 1/3
2025-09-29 21:23:06,742 WARNING: Lỗi HTTP 429 - product id: 210140686, thử lại 1/3
2025-09-29 21:23:06,803 WARNING: Lỗi HTTP 429 - product id: 210141534, thử lại 1/3
2025-09-29 21:23:06,850 WARNING: Lỗi HTTP 429 - product id: 210141922, thử lại 1/3
2025-09-29 21:23:06,946 WARNING: Lỗi HTTP 429 - product id: 210142961, thử lại 1/3
2025-09-29 21:23:07,043 WARNING: Lỗi HTTP 429 - product id: 210143112, thử lại 1/3
2025-09-29 21:23:07,193 WARNING: Lỗi HTTP 429 - product id: 210143198, thử lại 1/3
2025-09-29 21:23:07,353 WARNING: Lỗi HTTP 429 - product id: 210143277, thử lại 1/3
2025-09-29 21:23:08,348 WARNING: Lỗi HTTP 429 - product id: 209133528, thử lại 1/3
2025-09-29 21:23:08,846 WARNING: Lỗi HTTP 429 - product id: 209275666, thử lại 1/3
2025-09-29 21:23:08,901 WARNING: Lỗi HTTP 429 - product id: 209302164, thử lại 1/3
2025-09-29 21:23:11,660 WARNING: Lỗi HTTP 404: Không tim thấy product id - product id: 209909083
2025-09-29 21:23:11,978 WARNING: Lỗi HTTP 429 - product id: 209351292, thử lại 1/3
2025-09-29 21:23:14,471 WARNING: Lỗi HTTP 429 - product id: 209864130, thử lại 1/3
2025-09-29 21:23:14,722 WARNING: Lỗi HTTP 429 - product id: 209885890, thử lại 1/3
2025-09-29 21:23:14,795 WARNING: Lỗi HTTP 429 - product id: 209888733, thử lại 1/3
2025-09-29 21:23:14,877 WARNING: Lỗi HTTP 429 - product id: 209906056, thử lại 1/3
2025-09-29 21:23:14,946 WARNING: Lỗi HTTP 429 - product id: 209906161, thử lại 1/3
2025-09-29 21:23:15,024 WARNING: Lỗi HTTP 429 - product id: 209906356, thử lại 1/3
2025-09-29 21:23:15,195 WARNING: Lỗi HTTP 429 - product id: 209351292, thử lại 2/3
2025-09-29 21:23:15,258 WARNING: Lỗi HTTP 429 - product id: 209907466, thử lại 1/3
2025-09-29 21:23:15,319 WARNING: Lỗi HTTP 429 - product id: 209907945, thử lại 1/3
2025-09-29 21:23:15,382 WARNING: Lỗi HTTP 429 - product id: 209908200, thử lại 1/3
2025-09-29 21:23:15,516 WARNING: Lỗi HTTP 404: Không tim thấy product id - product id: 209907468
2025-09-29 21:23:16,217 WARNING: Lỗi HTTP 404: Không tim thấy product id - product id: 209908633
2025-09-29 21:23:16,399 WARNING: Lỗi HTTP 429 - product id: 208885959, thử lại 1/3
2025-09-29 21:23:16,427 WARNING: Lỗi HTTP 429 - product id: 208885987, thử lại 1/3
2025-09-29 21:23:16,447 WARNING: Lỗi HTTP 429 - product id: 208886704, thử lại 1/3
2025-09-29 21:23:16,462 WARNING: Lỗi HTTP 429 - product id: 208886805, thử lại 1/3
2025-09-29 21:23:16,500 WARNING: Lỗi HTTP 429 - product id: 208905641, thử lại 1/3
2025-09-29 21:23:16,526 WARNING: Lỗi HTTP 429 - product id: 208906014, thử lại 1/3
2025-09-29 21:23:16,582 WARNING: Lỗi HTTP 429 - product id: 208906792, thử lại 1/3
2025-09-29 21:23:16,586 WARNING: Lỗi HTTP 429 - product id: 208907971, thử lại 1/3
2025-09-29 21:23:16,620 WARNING: Lỗi HTTP 429 - product id: 208908006, thử lại 1/3
2025-09-29 21:23:16,727 WARNING: Lỗi HTTP 429 - product id: 208908451, thử lại 1/3
2025-09-29 21:23:16,829 WARNING: Lỗi HTTP 429 - product id: 210126137, thử lại 1/3
2025-09-29 21:23:16,916 WARNING: Lỗi HTTP 429 - product id: 210126168, thử lại 1/3
2025-09-29 21:23:18,563 WARNING: Lỗi HTTP 404: Không tim thấy product id - product id: 209907945
2025-09-29 21:23:18,613 WARNING: Lỗi HTTP 404: Không tim thấy product id - product id: 209908200
2025-09-29 21:23:21,320 INFO: Đã commit batch 168 (1000 sản phẩm)
2025-09-29 21:23:21,347 INFO: Đã ghi 989 sản phẩm vào file /home/quannh/projects_de/Lab_01/output/products_batch_168_989_ids.csv
2025-09-29 21:23:21,388 INFO: Đã insert 989 sản phẩm từ file /home/quannh/projects_de/Lab_01/output/products_batch_168_989_ids.csv vào database PostgeSQL
2025-09-29 21:23:21,411 INFO: Đã update lại status của batch 169 về pending để tiến hành crawl lại batch
2025-09-29 21:23:21,421 INFO: Bắt đầu crawl batch 169 (1000 sản phẩm)
2025-09-29 21:23:22,128 WARNING: Lỗi HTTP 429 - product id: 211264788, thử lại 1/3
2025-09-29 21:23:22,277 WARNING: Lỗi HTTP 429 - product id: 211275028, thử lại 1/3
2025-09-29 21:23:22,383 WARNING: Lỗi HTTP 429 - product id: 211284160, thử lại 1/3
2025-09-29 21:23:24,345 WARNING: Lỗi HTTP 404: Không tim thấy product id - product id: 210276664
2025-09-29 21:23:24,399 WARNING: Lỗi HTTP 404: Không tim thấy product id - product id: 210278452
2025-09-29 21:23:24,443 WARNING: Lỗi HTTP 404: Không tim thấy product id - product id: 210278471
2025-09-29 21:23:24,494 WARNING: Lỗi HTTP 404: Không tim thấy product id - product id: 210279490
2025-09-29 21:23:24,548 WARNING: Lỗi HTTP 404: Không tim thấy product id - product id: 210279841
2025-09-29 21:23:24,798 WARNING: Lỗi HTTP 404: Không tim thấy product id - product id: 210279181
2025-09-29 21:23:24,848 WARNING: Lỗi HTTP 404: Không tim thấy product id - product id: 210280121
2025-09-29 21:23:24,848 WARNING: Lỗi HTTP 404: Không tim thấy product id - product id: 210278948
2025-09-29 21:23:24,948 WARNING: Lỗi HTTP 404: Không tim thấy product id - product id: 210279892
2025-09-29 21:23:26,131 WARNING: Lỗi HTTP 429 - product id: 211913275, thử lại 1/3
2025-09-29 21:23:26,646 WARNING: Lỗi HTTP 404: Không tim thấy product id - product id: 210761027
2025-09-29 21:23:26,702 WARNING: Lỗi HTTP 404: Không tim thấy product id - product id: 210758473
2025-09-29 21:23:28,002 WARNING: Lỗi HTTP 404: Không tim thấy product id - product id: 212211917
2025-09-29 21:23:28,097 WARNING: Lỗi HTTP 404: Không tim thấy product id - product id: 212211925
2025-09-29 21:23:29,381 WARNING: Lỗi HTTP 429 - product id: 210298125, thử lại 1/3
2025-09-29 21:23:29,545 WARNING: Lỗi HTTP 404: Không tim thấy product id - product id: 210276967
2025-09-29 21:23:29,600 WARNING: Lỗi HTTP 404: Không tim thấy product id - product id: 210278015
2025-09-29 21:23:29,649 WARNING: Lỗi HTTP 404: Không tim thấy product id - product id: 210280335
2025-09-29 21:23:30,094 WARNING: Lỗi HTTP 404: Không tim thấy product id - product id: 210279196
2025-09-29 21:23:31,296 WARNING: Lỗi HTTP 404: Không tim thấy product id - product id: 210757803
2025-09-29 21:23:31,609 WARNING: Lỗi HTTP 429 - product id: 212231642, thử lại 1/3
2025-09-29 21:23:31,886 WARNING: Lỗi HTTP 429 - product id: 212251149, thử lại 1/3
2025-09-29 21:23:31,930 WARNING: Lỗi HTTP 429 - product id: 212251277, thử lại 1/3
2025-09-29 21:23:32,299 WARNING: Lỗi HTTP 404: Không tim thấy product id - product id: 212251398
2025-09-29 21:23:32,335 WARNING: Lỗi HTTP 429 - product id: 212252067, thử lại 1/3
2025-09-29 21:23:32,727 WARNING: Lỗi HTTP 429 - product id: 212263318, thử lại 1/3
2025-09-29 21:23:34,274 WARNING: Lỗi HTTP 429 - product id: 210959895, thử lại 1/3
2025-09-29 21:23:34,328 WARNING: Lỗi HTTP 429 - product id: 210961281, thử lại 1/3
2025-09-29 21:23:34,380 WARNING: Lỗi HTTP 429 - product id: 210978080, thử lại 1/3
2025-09-29 21:23:35,276 WARNING: Lỗi HTTP 429 - product id: 211278452, thử lại 1/3
2025-09-29 21:23:36,194 WARNING: Lỗi HTTP 404: Không tim thấy product id - product id: 212251749
2025-09-29 21:23:36,396 WARNING: Lỗi HTTP 404: Không tim thấy product id - product id: 212251981
2025-09-29 21:23:36,697 WARNING: Lỗi HTTP 404: Không tim thấy product id - product id: 212251743
2025-09-29 21:23:36,797 WARNING: Lỗi HTTP 404: Không tim thấy product id - product id: 212251999
2025-09-29 21:23:36,897 WARNING: Lỗi HTTP 404: Không tim thấy product id - product id: 212252157
2025-09-29 21:23:37,296 WARNING: Lỗi HTTP 404: Không tim thấy product id - product id: 212260370
2025-09-29 21:23:37,896 WARNING: Lỗi HTTP 404: Không tim thấy product id - product id: 210959895
2025-09-29 21:23:38,385 INFO: Đã commit batch 169 (1000 sản phẩm)
2025-09-29 21:23:38,412 INFO: Đã ghi 974 sản phẩm vào file /home/quannh/projects_de/Lab_01/output/products_batch_169_974_ids.csv
2025-09-29 21:23:38,453 INFO: Đã insert 974 sản phẩm từ file /home/quannh/projects_de/Lab_01/output/products_batch_169_974_ids.csv vào database PostgeSQL
2025-09-29 21:23:38,476 INFO: Đã update lại status của batch 170 về pending để tiến hành crawl lại batch
2025-09-29 21:23:38,486 INFO: Bắt đầu crawl batch 170 (1000 sản phẩm)
2025-09-29 21:23:38,748 WARNING: Lỗi HTTP 429 - product id: 212942982, thử lại 1/3
2025-09-29 21:23:39,297 WARNING: Lỗi HTTP 429 - product id: 212985208, thử lại 1/3
2025-09-29 21:23:42,002 WARNING: Lỗi HTTP 429 - product id: 212461721, thử lại 1/3
2025-09-29 21:23:42,351 WARNING: Lỗi HTTP 429 - product id: 212485823, thử lại 1/3
2025-09-29 21:23:42,670 WARNING: Lỗi HTTP 404: Không tim thấy product id - product id: 212479746
2025-09-29 21:23:42,715 WARNING: Lỗi HTTP 404: Không tim thấy product id - product id: 212479761
2025-09-29 21:23:44,444 WARNING: Lỗi HTTP 429 - product id: 213587875, thử lại 1/3
2025-09-29 21:23:44,499 WARNING: Lỗi HTTP 429 - product id: 213589071, thử lại 1/3
2025-09-29 21:23:45,802 WARNING: Lỗi HTTP 429 - product id: 212327501, thử lại 1/3
2025-09-29 21:23:45,850 WARNING: Lỗi HTTP 429 - product id: 212328198, thử lại 1/3
2025-09-29 21:23:46,254 WARNING: Lỗi HTTP 429 - product id: 212437972, thử lại 1/3
2025-09-29 21:23:46,796 WARNING: Lỗi HTTP 429 - product id: 212351688, thử lại 1/3
2025-09-29 21:23:46,973 WARNING: Lỗi HTTP 429 - product id: 212426604, thử lại 1/3
2025-09-29 21:23:46,993 WARNING: Lỗi HTTP 429 - product id: 212461733, thử lại 1/3
2025-09-29 21:23:47,040 WARNING: Lỗi HTTP 429 - product id: 212462242, thử lại 1/3
2025-09-29 21:23:47,043 WARNING: Lỗi HTTP 429 - product id: 212462747, thử lại 1/3
2025-09-29 21:23:47,105 WARNING: Lỗi HTTP 429 - product id: 212465853, thử lại 1/3
2025-09-29 21:23:47,154 WARNING: Lỗi HTTP 429 - product id: 212467158, thử lại 1/3
2025-09-29 21:23:48,067 WARNING: Lỗi HTTP 404: Không tim thấy product id - product id: 212479743
2025-09-29 21:23:48,315 WARNING: Lỗi HTTP 404: Không tim thấy product id - product id: 212479704
2025-09-29 21:23:49,273 WARNING: Lỗi HTTP 429 - product id: 213563464, thử lại 1/3
2025-09-29 21:23:49,798 WARNING: Lỗi HTTP 429 - product id: 213584699, thử lại 1/3
2025-09-29 21:23:51,800 WARNING: Lỗi HTTP 429 - product id: 212943003, thử lại 1/3
2025-09-29 21:23:51,948 WARNING: Lỗi HTTP 429 - product id: 212957277, thử lại 1/3
2025-09-29 21:23:51,952 WARNING: Lỗi HTTP 429 - product id: 212957283, thử lại 1/3
2025-09-29 21:23:51,998 WARNING: Lỗi HTTP 429 - product id: 212957295, thử lại 1/3
2025-09-29 21:23:55,549 INFO: Đã commit batch 170 (1000 sản phẩm)
2025-09-29 21:23:55,579 INFO: Đã ghi 996 sản phẩm vào file /home/quannh/projects_de/Lab_01/output/products_batch_170_996_ids.csv
2025-09-29 21:23:55,628 INFO: Đã insert 996 sản phẩm từ file /home/quannh/projects_de/Lab_01/output/products_batch_170_996_ids.csv vào database PostgeSQL
2025-09-29 21:23:55,651 INFO: Đã update lại status của batch 171 về pending để tiến hành crawl lại batch
2025-09-29 21:23:55,661 INFO: Bắt đầu crawl batch 171 (1000 sản phẩm)
2025-09-29 21:23:56,617 WARNING: Lỗi HTTP 429 - product id: 214156311, thử lại 1/3
2025-09-29 21:23:56,664 WARNING: Lỗi HTTP 429 - product id: 214156412, thử lại 1/3
2025-09-29 21:23:56,869 WARNING: Lỗi HTTP 429 - product id: 214157742, thử lại 1/3
2025-09-29 21:23:56,870 WARNING: Lỗi HTTP 429 - product id: 214157807, thử lại 1/3
2025-09-29 21:23:56,874 WARNING: Lỗi HTTP 429 - product id: 214157988, thử lại 1/3
2025-09-29 21:23:56,918 WARNING: Lỗi HTTP 429 - product id: 214158192, thử lại 1/3
2025-09-29 21:23:56,968 WARNING: Lỗi HTTP 429 - product id: 214159212, thử lại 1/3
2025-09-29 21:23:56,971 WARNING: Lỗi HTTP 429 - product id: 214159270, thử lại 1/3
2025-09-29 21:23:57,020 WARNING: Lỗi HTTP 429 - product id: 214160539, thử lại 1/3
2025-09-29 21:23:57,117 WARNING: Lỗi HTTP 429 - product id: 214165069, thử lại 1/3
2025-09-29 21:23:57,179 WARNING: Lỗi HTTP 429 - product id: 214168447, thử lại 1/3
2025-09-29 21:23:57,214 WARNING: Lỗi HTTP 429 - product id: 214169171, thử lại 1/3
2025-09-29 21:23:57,972 WARNING: Lỗi HTTP 429 - product id: 213926146, thử lại 1/3
2025-09-29 21:23:59,387 WARNING: Lỗi HTTP 404: Không tim thấy product id - product id: 213969881
2025-09-29 21:23:59,914 WARNING: Lỗi HTTP 429 - product id: 214076776, thử lại 1/3
2025-09-29 21:24:00,311 WARNING: Lỗi HTTP 429 - product id: 214499802, thử lại 1/3
2025-09-29 21:24:00,362 WARNING: Lỗi HTTP 429 - product id: 214165069, thử lại 2/3
2025-09-29 21:24:00,620 WARNING: Lỗi HTTP 429 - product id: 214505594, thử lại 1/3
2025-09-29 21:24:00,714 WARNING: Lỗi HTTP 429 - product id: 214515922, thử lại 1/3
2025-09-29 21:24:00,761 WARNING: Lỗi HTTP 429 - product id: 214577775, thử lại 1/3
2025-09-29 21:24:00,765 WARNING: Lỗi HTTP 429 - product id: 214583567, thử lại 1/3
2025-09-29 21:24:03,066 WARNING: Lỗi HTTP 429 - product id: 213914330, thử lại 1/3
2025-09-29 21:24:03,111 WARNING: Lỗi HTTP 429 - product id: 214076776, thử lại 2/3
2025-09-29 21:24:03,173 WARNING: Lỗi HTTP 429 - product id: 213923386, thử lại 1/3
2025-09-29 21:24:03,438 WARNING: Lỗi HTTP 404: Không tim thấy product id - product id: 213921058
2025-09-29 21:24:04,936 WARNING: Lỗi HTTP 404: Không tim thấy product id - product id: 213969882
2025-09-29 21:24:07,766 WARNING: Lỗi HTTP 429 - product id: 214604899, thử lại 1/3
2025-09-29 21:24:08,120 WARNING: Lỗi HTTP 429 - product id: 214100151, thử lại 1/3
2025-09-29 21:24:08,136 WARNING: Lỗi HTTP 404: Không tim thấy product id - product id: 214595306
2025-09-29 21:24:08,164 WARNING: Lỗi HTTP 429 - product id: 214100351, thử lại 1/3
2025-09-29 21:24:08,173 WARNING: Lỗi HTTP 429 - product id: 214100942, thử lại 1/3
2025-09-29 21:24:08,920 WARNING: Lỗi HTTP 429 - product id: 214156745, thử lại 1/3
2025-09-29 21:24:09,126 WARNING: Lỗi HTTP 429 - product id: 214158338, thử lại 1/3
2025-09-29 21:24:09,820 WARNING: Lỗi HTTP 429 - product id: 214208036, thử lại 1/3
2025-09-29 21:24:10,113 WARNING: Lỗi HTTP 429 - product id: 214242785, thử lại 1/3
2025-09-29 21:24:10,119 WARNING: Lỗi HTTP 429 - product id: 214242975, thử lại 1/3
2025-09-29 21:24:10,268 WARNING: Lỗi HTTP 429 - product id: 214498020, thử lại 1/3
2025-09-29 21:24:10,288 WARNING: Lỗi HTTP 404: Không tim thấy product id - product id: 214234034
2025-09-29 21:24:10,363 WARNING: Lỗi HTTP 429 - product id: 213858719, thử lại 1/3
2025-09-29 21:24:10,917 WARNING: Lỗi HTTP 429 - product id: 214604899, thử lại 2/3
2025-09-29 21:24:17,051 INFO: Đã commit batch 171 (1000 sản phẩm)
2025-09-29 21:24:17,079 INFO: Đã ghi 995 sản phẩm vào file /home/quannh/projects_de/Lab_01/output/products_batch_171_995_ids.csv
2025-09-29 21:24:17,127 INFO: Đã insert 995 sản phẩm từ file /home/quannh/projects_de/Lab_01/output/products_batch_171_995_ids.csv vào database PostgeSQL
2025-09-29 21:24:17,150 INFO: Đã update lại status của batch 172 về pending để tiến hành crawl lại batch
2025-09-29 21:24:17,160 INFO: Bắt đầu crawl batch 172 (1000 sản phẩm)
2025-09-29 21:24:18,335 WARNING: Lỗi HTTP 404: Không tim thấy product id - product id: 214798971
2025-09-29 21:24:19,440 WARNING: Lỗi HTTP 404: Không tim thấy product id - product id: 214841295
2025-09-29 21:24:21,617 WARNING: Lỗi HTTP 429 - product id: 214785304, thử lại 1/3
2025-09-29 21:24:21,832 WARNING: Lỗi HTTP 404: Không tim thấy product id - product id: 214760217
2025-09-29 21:24:22,169 WARNING: Lỗi HTTP 429 - product id: 214912251, thử lại 1/3
2025-09-29 21:24:22,320 WARNING: Lỗi HTTP 429 - product id: 214916650, thử lại 1/3
2025-09-29 21:24:22,417 WARNING: Lỗi HTTP 429 - product id: 214919860, thử lại 1/3
2025-09-29 21:24:22,517 WARNING: Lỗi HTTP 429 - product id: 214921226, thử lại 1/3
2025-09-29 21:24:22,769 WARNING: Lỗi HTTP 429 - product id: 214927567, thử lại 1/3
2025-09-29 21:24:26,419 WARNING: Lỗi HTTP 429 - product id: 214890450, thử lại 1/3
2025-09-29 21:24:26,467 WARNING: Lỗi HTTP 429 - product id: 214890715, thử lại 1/3
2025-09-29 21:24:26,520 WARNING: Lỗi HTTP 429 - product id: 214891391, thử lại 1/3
2025-09-29 21:24:26,620 WARNING: Lỗi HTTP 429 - product id: 214892300, thử lại 1/3
2025-09-29 21:24:27,137 WARNING: Lỗi HTTP 404: Không tim thấy product id - product id: 214757478
2025-09-29 21:24:31,867 WARNING: Lỗi HTTP 429 - product id: 215101679, thử lại 1/3
2025-09-29 21:24:32,075 WARNING: Lỗi HTTP 429 - product id: 215105098, thử lại 1/3
2025-09-29 21:24:32,121 WARNING: Lỗi HTTP 429 - product id: 214618052, thử lại 1/3
2025-09-29 21:24:32,170 WARNING: Lỗi HTTP 429 - product id: 214618995, thử lại 1/3
2025-09-29 21:24:32,174 WARNING: Lỗi HTTP 429 - product id: 214619223, thử lại 1/3
2025-09-29 21:24:32,270 WARNING: Lỗi HTTP 429 - product id: 214634881, thử lại 1/3
2025-09-29 21:24:32,275 WARNING: Lỗi HTTP 429 - product id: 214636487, thử lại 1/3
2025-09-29 21:24:32,365 WARNING: Lỗi HTTP 429 - product id: 214655296, thử lại 1/3
2025-09-29 21:24:32,370 WARNING: Lỗi HTTP 429 - product id: 214655598, thử lại 1/3
2025-09-29 21:24:32,616 WARNING: Lỗi HTTP 429 - product id: 214658959, thử lại 1/3
2025-09-29 21:24:32,867 WARNING: Lỗi HTTP 429 - product id: 214665681, thử lại 1/3
2025-09-29 21:24:32,916 WARNING: Lỗi HTTP 429 - product id: 214666712, thử lại 1/3
2025-09-29 21:24:32,917 WARNING: Lỗi HTTP 429 - product id: 214666577, thử lại 1/3
2025-09-29 21:24:36,024 INFO: Đã commit batch 172 (1000 sản phẩm)
2025-09-29 21:24:36,051 INFO: Đã ghi 996 sản phẩm vào file /home/quannh/projects_de/Lab_01/output/products_batch_172_996_ids.csv
2025-09-29 21:24:36,092 INFO: Đã insert 996 sản phẩm từ file /home/quannh/projects_de/Lab_01/output/products_batch_172_996_ids.csv vào database PostgeSQL
2025-09-29 21:24:36,115 INFO: Đã update lại status của batch 173 về pending để tiến hành crawl lại batch
2025-09-29 21:24:36,125 INFO: Bắt đầu crawl batch 173 (1000 sản phẩm)
2025-09-29 21:24:36,451 WARNING: Lỗi HTTP 404: Không tim thấy product id - product id: 215129437
2025-09-29 21:24:36,451 WARNING: Lỗi HTTP 404: Không tim thấy product id - product id: 215129302
2025-09-29 21:24:36,498 WARNING: Lỗi HTTP 404: Không tim thấy product id - product id: 215129650
2025-09-29 21:24:36,500 WARNING: Lỗi HTTP 404: Không tim thấy product id - product id: 215129477
2025-09-29 21:24:36,550 WARNING: Lỗi HTTP 404: Không tim thấy product id - product id: 215129295
2025-09-29 21:24:36,551 WARNING: Lỗi HTTP 404: Không tim thấy product id - product id: 215129479
2025-09-29 21:24:36,752 WARNING: Lỗi HTTP 404: Không tim thấy product id - product id: 215129516
2025-09-29 21:24:36,802 WARNING: Lỗi HTTP 404: Không tim thấy product id - product id: 215129393
2025-09-29 21:24:36,850 WARNING: Lỗi HTTP 404: Không tim thấy product id - product id: 215129611
2025-09-29 21:24:36,851 WARNING: Lỗi HTTP 404: Không tim thấy product id - product id: 215129440
2025-09-29 21:24:36,999 WARNING: Lỗi HTTP 404: Không tim thấy product id - product id: 215129548
2025-09-29 21:24:37,531 WARNING: Lỗi HTTP 429 - product id: 215244383, thử lại 1/3
2025-09-29 21:24:37,876 WARNING: Lỗi HTTP 429 - product id: 215396592, thử lại 1/3
2025-09-29 21:24:39,275 WARNING: Lỗi HTTP 429 - product id: 216090970, thử lại 1/3
2025-09-29 21:24:39,339 WARNING: Lỗi HTTP 429 - product id: 216108035, thử lại 1/3
2025-09-29 21:24:39,435 WARNING: Lỗi HTTP 429 - product id: 216112364, thử lại 1/3
2025-09-29 21:24:39,535 WARNING: Lỗi HTTP 429 - product id: 216118386, thử lại 1/3
2025-09-29 21:24:39,609 WARNING: Lỗi HTTP 429 - product id: 216121366, thử lại 1/3
2025-09-29 21:24:39,632 WARNING: Lỗi HTTP 429 - product id: 216123928, thử lại 1/3
2025-09-29 21:24:39,687 WARNING: Lỗi HTTP 429 - product id: 216124905, thử lại 1/3
2025-09-29 21:24:39,691 WARNING: Lỗi HTTP 429 - product id: 216125028, thử lại 1/3
2025-09-29 21:24:42,501 WARNING: Lỗi HTTP 404: Không tim thấy product id - product id: 215723322
2025-09-29 21:24:42,730 WARNING: Lỗi HTTP 429 - product id: 215838355, thử lại 1/3
2025-09-29 21:24:42,747 WARNING: Lỗi HTTP 404: Không tim thấy product id - product id: 215738858
2025-09-29 21:24:43,084 WARNING: Lỗi HTTP 429 - product id: 215892624, thử lại 1/3
2025-09-29 21:24:43,176 WARNING: Lỗi HTTP 429 - product id: 215893677, thử lại 1/3
2025-09-29 21:24:43,180 WARNING: Lỗi HTTP 429 - product id: 215893715, thử lại 1/3
2025-09-29 21:24:43,229 WARNING: Lỗi HTTP 429 - product id: 215893754, thử lại 1/3
2025-09-29 21:24:43,280 WARNING: Lỗi HTTP 429 - product id: 216200081, thử lại 1/3
2025-09-29 21:24:43,387 WARNING: Lỗi HTTP 429 - product id: 215110865, thử lại 1/3
2025-09-29 21:24:43,645 WARNING: Lỗi HTTP 404: Không tim thấy product id - product id: 215878052
2025-09-29 21:24:43,701 WARNING: Lỗi HTTP 404: Không tim thấy product id - product id: 215887031
2025-09-29 21:24:43,930 WARNING: Lỗi HTTP 429 - product id: 215123550, thử lại 1/3
2025-09-29 21:24:43,931 WARNING: Lỗi HTTP 429 - product id: 215124838, thử lại 1/3
2025-09-29 21:24:44,024 WARNING: Lỗi HTTP 429 - product id: 215129162, thử lại 1/3
2025-09-29 21:24:44,327 WARNING: Lỗi HTTP 429 - product id: 215534714, thử lại 1/3
2025-09-29 21:24:44,549 WARNING: Lỗi HTTP 404: Không tim thấy product id - product id: 215129353
2025-09-29 21:24:44,580 WARNING: Lỗi HTTP 429 - product id: 215588957, thử lại 1/3
2025-09-29 21:24:44,581 WARNING: Lỗi HTTP 429 - product id: 215589023, thử lại 1/3
2025-09-29 21:24:44,597 WARNING: Lỗi HTTP 404: Không tim thấy product id - product id: 215129265
2025-09-29 21:24:44,646 WARNING: Lỗi HTTP 404: Không tim thấy product id - product id: 215129303
2025-09-29 21:24:44,698 WARNING: Lỗi HTTP 404: Không tim thấy product id - product id: 215129312
2025-09-29 21:24:44,748 WARNING: Lỗi HTTP 404: Không tim thấy product id - product id: 215129351
2025-09-29 21:24:44,801 WARNING: Lỗi HTTP 404: Không tim thấy product id - product id: 215129358
2025-09-29 21:24:45,050 WARNING: Lỗi HTTP 404: Không tim thấy product id - product id: 215129246
2025-09-29 21:24:46,898 WARNING: Lỗi HTTP 404: Không tim thấy product id - product id: 215881061
2025-09-29 21:24:46,997 WARNING: Lỗi HTTP 404: Không tim thấy product id - product id: 215886021
2025-09-29 21:24:47,831 WARNING: Lỗi HTTP 429 - product id: 215151246, thử lại 1/3
2025-09-29 21:24:47,885 WARNING: Lỗi HTTP 429 - product id: 215588957, thử lại 2/3
2025-09-29 21:24:47,900 WARNING: Lỗi HTTP 404: Không tim thấy product id - product id: 215129524
2025-09-29 21:24:47,901 WARNING: Lỗi HTTP 404: Không tim thấy product id - product id: 215129375
2025-09-29 21:24:47,950 WARNING: Lỗi HTTP 404: Không tim thấy product id - product id: 215129534
2025-09-29 21:24:48,007 WARNING: Lỗi HTTP 404: Không tim thấy product id - product id: 215129560
2025-09-29 21:24:48,040 WARNING: Lỗi HTTP 429 - product id: 215161520, thử lại 1/3
2025-09-29 21:24:48,051 WARNING: Lỗi HTTP 404: Không tim thấy product id - product id: 215129541
2025-09-29 21:24:48,052 WARNING: Lỗi HTTP 404: Không tim thấy product id - product id: 215129592
2025-09-29 21:24:48,150 WARNING: Lỗi HTTP 404: Không tim thấy product id - product id: 215129641
2025-09-29 21:24:48,201 WARNING: Lỗi HTTP 404: Không tim thấy product id - product id: 215129445
2025-09-29 21:24:48,251 WARNING: Lỗi HTTP 404: Không tim thấy product id - product id: 215129617
2025-09-29 21:24:48,302 WARNING: Lỗi HTTP 404: Không tim thấy product id - product id: 215129627
2025-09-29 21:24:48,351 WARNING: Lỗi HTTP 404: Không tim thấy product id - product id: 215129629
2025-09-29 21:24:49,052 WARNING: Lỗi HTTP 404: Không tim thấy product id - product id: 215162868
2025-09-29 21:24:51,884 WARNING: Lỗi HTTP 429 - product id: 216139021, thử lại 1/3
2025-09-29 21:24:51,982 WARNING: Lỗi HTTP 429 - product id: 216156792, thử lại 1/3
2025-09-29 21:24:55,089 INFO: Đã commit batch 173 (1000 sản phẩm)
2025-09-29 21:24:55,117 INFO: Đã ghi 964 sản phẩm vào file /home/quannh/projects_de/Lab_01/output/products_batch_173_964_ids.csv
2025-09-29 21:24:55,160 INFO: Đã insert 964 sản phẩm từ file /home/quannh/projects_de/Lab_01/output/products_batch_173_964_ids.csv vào database PostgeSQL
2025-09-29 21:24:55,184 INFO: Đã update lại status của batch 174 về pending để tiến hành crawl lại batch
2025-09-29 21:24:55,193 INFO: Bắt đầu crawl batch 174 (1000 sản phẩm)
2025-09-29 21:24:56,144 WARNING: Lỗi HTTP 429 - product id: 216460851, thử lại 1/3
2025-09-29 21:24:56,246 WARNING: Lỗi HTTP 429 - product id: 216463692, thử lại 1/3
2025-09-29 21:24:56,247 WARNING: Lỗi HTTP 429 - product id: 216464048, thử lại 1/3
2025-09-29 21:24:56,309 WARNING: Lỗi HTTP 429 - product id: 216465773, thử lại 1/3
2025-09-29 21:24:56,453 WARNING: Lỗi HTTP 429 - product id: 216476865, thử lại 1/3
2025-09-29 21:24:56,499 WARNING: Lỗi HTTP 429 - product id: 216527552, thử lại 1/3
2025-09-29 21:24:56,547 WARNING: Lỗi HTTP 429 - product id: 216558964, thử lại 1/3
2025-09-29 21:24:56,548 WARNING: Lỗi HTTP 429 - product id: 216559218, thử lại 1/3
2025-09-29 21:24:56,552 WARNING: Lỗi HTTP 429 - product id: 216866925, thử lại 1/3
2025-09-29 21:24:56,564 WARNING: Lỗi HTTP 429 - product id: 216866990, thử lại 1/3
2025-09-29 21:24:56,611 WARNING: Lỗi HTTP 429 - product id: 216867653, thử lại 1/3
2025-09-29 21:24:56,611 WARNING: Lỗi HTTP 429 - product id: 216869376, thử lại 1/3
2025-09-29 21:24:56,900 WARNING: Lỗi HTTP 429 - product id: 216902420, thử lại 1/3
2025-09-29 21:24:56,905 WARNING: Lỗi HTTP 429 - product id: 216903076, thử lại 1/3
2025-09-29 21:24:56,963 WARNING: Lỗi HTTP 429 - product id: 216903259, thử lại 1/3
2025-09-29 21:24:59,405 WARNING: Lỗi HTTP 429 - product id: 216336133, thử lại 1/3
2025-09-29 21:24:59,610 WARNING: Lỗi HTTP 429 - product id: 216353725, thử lại 1/3
2025-09-29 21:24:59,660 WARNING: Lỗi HTTP 429 - product id: 216356759, thử lại 1/3
2025-09-29 21:24:59,705 WARNING: Lỗi HTTP 429 - product id: 216558964, thử lại 2/3
2025-09-29 21:24:59,708 WARNING: Lỗi HTTP 429 - product id: 216559218, thử lại 2/3
2025-09-29 21:24:59,802 WARNING: Lỗi HTTP 429 - product id: 216899596, thử lại 1/3
2025-09-29 21:24:59,850 WARNING: Lỗi HTTP 429 - product id: 216902071, thử lại 1/3
2025-09-29 21:24:59,897 WARNING: Lỗi HTTP 429 - product id: 216902287, thử lại 1/3
2025-09-29 21:24:59,898 WARNING: Lỗi HTTP 429 - product id: 216902501, thử lại 1/3
2025-09-29 21:24:59,900 WARNING: Lỗi HTTP 429 - product id: 216902823, thử lại 1/3
2025-09-29 21:25:06,071 WARNING: Lỗi HTTP 404: Không tim thấy product id - product id: 216935800
2025-09-29 21:25:07,947 WARNING: Lỗi HTTP 429 - product id: 216401688, thử lại 1/3
2025-09-29 21:25:08,012 WARNING: Lỗi HTTP 429 - product id: 216405091, thử lại 1/3
2025-09-29 21:25:08,152 WARNING: Lỗi HTTP 429 - product id: 216410000, thử lại 1/3
2025-09-29 21:25:10,047 WARNING: Lỗi HTTP 429 - product id: 217171406, thử lại 1/3
2025-09-29 21:25:10,205 WARNING: Lỗi HTTP 429 - product id: 217178993, thử lại 1/3
2025-09-29 21:25:10,253 WARNING: Lỗi HTTP 429 - product id: 217179091, thử lại 1/3
2025-09-29 21:25:10,301 WARNING: Lỗi HTTP 429 - product id: 217183207, thử lại 1/3
2025-09-29 21:25:10,302 WARNING: Lỗi HTTP 429 - product id: 217183264, thử lại 1/3
2025-09-29 21:25:10,459 WARNING: Lỗi HTTP 429 - product id: 217186823, thử lại 1/3
2025-09-29 21:25:10,958 WARNING: Lỗi HTTP 429 - product id: 217267484, thử lại 1/3
2025-09-29 21:25:14,061 INFO: Đã commit batch 174 (1000 sản phẩm)
2025-09-29 21:25:14,088 INFO: Đã ghi 999 sản phẩm vào file /home/quannh/projects_de/Lab_01/output/products_batch_174_999_ids.csv
2025-09-29 21:25:14,132 INFO: Đã insert 999 sản phẩm từ file /home/quannh/projects_de/Lab_01/output/products_batch_174_999_ids.csv vào database PostgeSQL
2025-09-29 21:25:14,154 INFO: Đã update lại status của batch 175 về pending để tiến hành crawl lại batch
2025-09-29 21:25:14,165 INFO: Bắt đầu crawl batch 175 (1000 sản phẩm)
2025-09-29 21:25:15,477 WARNING: Lỗi HTTP 429 - product id: 217548655, thử lại 1/3
2025-09-29 21:25:15,478 WARNING: Lỗi HTTP 429 - product id: 217548850, thử lại 1/3
2025-09-29 21:25:15,579 WARNING: Lỗi HTTP 429 - product id: 217559575, thử lại 1/3
2025-09-29 21:25:15,621 WARNING: Lỗi HTTP 429 - product id: 217563705, thử lại 1/3
2025-09-29 21:25:15,722 WARNING: Lỗi HTTP 429 - product id: 217568388, thử lại 1/3
2025-09-29 21:25:15,722 WARNING: Lỗi HTTP 429 - product id: 217568635, thử lại 1/3
2025-09-29 21:25:15,772 WARNING: Lỗi HTTP 429 - product id: 217569225, thử lại 1/3
2025-09-29 21:25:15,773 WARNING: Lỗi HTTP 429 - product id: 217569289, thử lại 1/3
2025-09-29 21:25:15,823 WARNING: Lỗi HTTP 429 - product id: 217570459, thử lại 1/3
2025-09-29 21:25:15,871 WARNING: Lỗi HTTP 429 - product id: 217570997, thử lại 1/3
2025-09-29 21:25:15,876 WARNING: Lỗi HTTP 429 - product id: 217571184, thử lại 1/3
2025-09-29 21:25:15,916 WARNING: Lỗi HTTP 429 - product id: 217576303, thử lại 1/3
2025-09-29 21:25:15,923 WARNING: Lỗi HTTP 429 - product id: 217577507, thử lại 1/3
2025-09-29 21:25:16,675 WARNING: Lỗi HTTP 429 - product id: 217647601, thử lại 1/3
2025-09-29 21:25:18,723 WARNING: Lỗi HTTP 429 - product id: 217480978, thử lại 1/3
2025-09-29 21:25:24,269 WARNING: Lỗi HTTP 429 - product id: 217499880, thử lại 1/3
2025-09-29 21:25:24,271 WARNING: Lỗi HTTP 429 - product id: 217499823, thử lại 1/3
2025-09-29 21:25:24,476 WARNING: Lỗi HTTP 429 - product id: 217506097, thử lại 1/3
2025-09-29 21:25:24,519 WARNING: Lỗi HTTP 429 - product id: 217506183, thử lại 1/3
2025-09-29 21:25:24,520 WARNING: Lỗi HTTP 429 - product id: 217506318, thử lại 1/3
2025-09-29 21:25:24,668 WARNING: Lỗi HTTP 429 - product id: 217510951, thử lại 1/3
2025-09-29 21:25:24,767 WARNING: Lỗi HTTP 429 - product id: 217513137, thử lại 1/3
2025-09-29 21:25:27,743 WARNING: Lỗi HTTP 404: Không tim thấy product id - product id: 217332235
2025-09-29 21:25:28,734 WARNING: Lỗi HTTP 429 - product id: 217561336, thử lại 1/3
2025-09-29 21:25:28,845 WARNING: Lỗi HTTP 404: Không tim thấy product id - product id: 217524778
2025-09-29 21:25:29,241 WARNING: Lỗi HTTP 404: Không tim thấy product id - product id: 217528573
2025-09-29 21:25:31,871 INFO: Đã commit batch 175 (1000 sản phẩm)
2025-09-29 21:25:31,898 INFO: Đã ghi 997 sản phẩm vào file /home/quannh/projects_de/Lab_01/output/products_batch_175_997_ids.csv
2025-09-29 21:25:31,941 INFO: Đã insert 997 sản phẩm từ file /home/quannh/projects_de/Lab_01/output/products_batch_175_997_ids.csv vào database PostgeSQL
2025-09-29 21:25:31,964 INFO: Đã update lại status của batch 176 về pending để tiến hành crawl lại batch
2025-09-29 21:25:31,974 INFO: Bắt đầu crawl batch 176 (1000 sản phẩm)
2025-09-29 21:25:32,130 WARNING: Lỗi HTTP 429 - product id: 217740955, thử lại 1/3
2025-09-29 21:25:32,386 WARNING: Lỗi HTTP 429 - product id: 217760344, thử lại 1/3
2025-09-29 21:25:32,387 WARNING: Lỗi HTTP 429 - product id: 217760656, thử lại 1/3
2025-09-29 21:25:32,432 WARNING: Lỗi HTTP 429 - product id: 217764000, thử lại 1/3
2025-09-29 21:25:32,478 WARNING: Lỗi HTTP 429 - product id: 217764854, thử lại 1/3
2025-09-29 21:25:32,747 WARNING: Lỗi HTTP 404: Không tim thấy product id - product id: 217763386
2025-09-29 21:25:32,781 WARNING: Lỗi HTTP 429 - product id: 217776387, thử lại 1/3
2025-09-29 21:25:32,836 WARNING: Lỗi HTTP 429 - product id: 217777647, thử lại 1/3
2025-09-29 21:25:34,805 WARNING: Lỗi HTTP 404: Không tim thấy product id - product id: 219369225
2025-09-29 21:25:36,086 WARNING: Lỗi HTTP 429 - product id: 217727123, thử lại 1/3
2025-09-29 21:25:36,234 WARNING: Lỗi HTTP 429 - product id: 217728454, thử lại 1/3
2025-09-29 21:25:36,390 WARNING: Lỗi HTTP 429 - product id: 217729453, thử lại 1/3
2025-09-29 21:25:37,086 WARNING: Lỗi HTTP 429 - product id: 217735313, thử lại 1/3
2025-09-29 21:25:40,238 WARNING: Lỗi HTTP 429 - product id: 217708137, thử lại 1/3
2025-09-29 21:25:41,340 WARNING: Lỗi HTTP 429 - product id: 217708055, thử lại 1/3
2025-09-29 21:25:41,779 WARNING: Lỗi HTTP 429 - product id: 217719449, thử lại 1/3
2025-09-29 21:25:41,841 WARNING: Lỗi HTTP 429 - product id: 217726145, thử lại 1/3
2025-09-29 21:25:41,926 WARNING: Lỗi HTTP 429 - product id: 217726188, thử lại 1/3
2025-09-29 21:25:41,929 WARNING: Lỗi HTTP 429 - product id: 217726198, thử lại 1/3
2025-09-29 21:25:42,030 WARNING: Lỗi HTTP 429 - product id: 217727150, thử lại 1/3
2025-09-29 21:25:42,036 WARNING: Lỗi HTTP 429 - product id: 217727213, thử lại 1/3
2025-09-29 21:25:42,131 WARNING: Lỗi HTTP 429 - product id: 217729272, thử lại 1/3
2025-09-29 21:25:42,178 WARNING: Lỗi HTTP 429 - product id: 217729285, thử lại 1/3
2025-09-29 21:25:42,230 WARNING: Lỗi HTTP 429 - product id: 217729439, thử lại 1/3
2025-09-29 21:25:42,238 WARNING: Lỗi HTTP 429 - product id: 217729486, thử lại 1/3
2025-09-29 21:25:42,280 WARNING: Lỗi HTTP 429 - product id: 217729632, thử lại 1/3
2025-09-29 21:25:42,382 WARNING: Lỗi HTTP 429 - product id: 217730754, thử lại 1/3
2025-09-29 21:25:42,434 WARNING: Lỗi HTTP 429 - product id: 217730886, thử lại 1/3
2025-09-29 21:25:42,435 WARNING: Lỗi HTTP 429 - product id: 217730880, thử lại 1/3
2025-09-29 21:25:42,480 WARNING: Lỗi HTTP 429 - product id: 217731214, thử lại 1/3
2025-09-29 21:25:42,537 WARNING: Lỗi HTTP 429 - product id: 217733448, thử lại 1/3
2025-09-29 21:25:42,879 WARNING: Lỗi HTTP 429 - product id: 218736012, thử lại 1/3
2025-09-29 21:25:44,542 WARNING: Lỗi HTTP 404: Không tim thấy product id - product id: 218750573
2025-09-29 21:25:48,896 INFO: Đã commit batch 176 (1000 sản phẩm)
2025-09-29 21:25:48,921 INFO: Đã ghi 997 sản phẩm vào file /home/quannh/projects_de/Lab_01/output/products_batch_176_997_ids.csv
2025-09-29 21:25:48,960 INFO: Đã insert 997 sản phẩm từ file /home/quannh/projects_de/Lab_01/output/products_batch_176_997_ids.csv vào database PostgeSQL
2025-09-29 21:25:48,982 INFO: Đã update lại status của batch 177 về pending để tiến hành crawl lại batch
2025-09-29 21:25:48,992 INFO: Bắt đầu crawl batch 177 (1000 sản phẩm)
2025-09-29 21:25:49,575 WARNING: Lỗi HTTP 404: Không tim thấy product id - product id: 221692672
2025-09-29 21:25:51,369 WARNING: Lỗi HTTP 404: Không tim thấy product id - product id: 222399161
2025-09-29 21:25:51,921 WARNING: Lỗi HTTP 404: Không tim thấy product id - product id: 220741858
2025-09-29 21:25:53,322 WARNING: Lỗi HTTP 404: Không tim thấy product id - product id: 221255334
2025-09-29 21:25:54,351 WARNING: Lỗi HTTP 429 - product id: 222658157, thử lại 1/3
2025-09-29 21:25:54,410 WARNING: Lỗi HTTP 429 - product id: 222658207, thử lại 1/3
2025-09-29 21:25:54,411 WARNING: Lỗi HTTP 429 - product id: 222658433, thử lại 1/3
2025-09-29 21:25:54,608 WARNING: Lỗi HTTP 429 - product id: 222663158, thử lại 1/3
2025-09-29 21:25:54,956 WARNING: Lỗi HTTP 429 - product id: 222677640, thử lại 1/3
2025-09-29 21:25:55,225 WARNING: Lỗi HTTP 404: Không tim thấy product id - product id: 222655805
2025-09-29 21:25:58,774 WARNING: Lỗi HTTP 404: Không tim thấy product id - product id: 221225764
2025-09-29 21:25:59,170 WARNING: Lỗi HTTP 404: Không tim thấy product id - product id: 221239902
2025-09-29 21:26:00,598 WARNING: Lỗi HTTP 429 - product id: 222658026, thử lại 1/3
2025-09-29 21:26:00,607 WARNING: Lỗi HTTP 429 - product id: 222658147, thử lại 1/3
2025-09-29 21:26:01,299 WARNING: Lỗi HTTP 429 - product id: 222679311, thử lại 1/3
2025-09-29 21:26:01,347 WARNING: Lỗi HTTP 429 - product id: 222679426, thử lại 1/3
2025-09-29 21:26:01,649 WARNING: Lỗi HTTP 429 - product id: 222683145, thử lại 1/3
2025-09-29 21:26:01,658 WARNING: Lỗi HTTP 429 - product id: 222683511, thử lại 1/3
2025-09-29 21:26:01,700 WARNING: Lỗi HTTP 429 - product id: 222683907, thử lại 1/3
2025-09-29 21:26:01,704 WARNING: Lỗi HTTP 429 - product id: 222683865, thử lại 1/3
2025-09-29 21:26:01,743 WARNING: Lỗi HTTP 429 - product id: 222685050, thử lại 1/3
2025-09-29 21:26:01,806 WARNING: Lỗi HTTP 429 - product id: 222688092, thử lại 1/3
2025-09-29 21:26:01,846 WARNING: Lỗi HTTP 429 - product id: 222689024, thử lại 1/3
2025-09-29 21:26:01,902 WARNING: Lỗi HTTP 429 - product id: 222690497, thử lại 1/3
2025-09-29 21:26:01,909 WARNING: Lỗi HTTP 429 - product id: 222694253, thử lại 1/3
2025-09-29 21:26:01,951 WARNING: Lỗi HTTP 429 - product id: 222696053, thử lại 1/3
2025-09-29 21:26:02,096 WARNING: Lỗi HTTP 429 - product id: 222697279, thử lại 1/3
2025-09-29 21:26:02,097 WARNING: Lỗi HTTP 429 - product id: 222697339, thử lại 1/3
2025-09-29 21:26:02,797 WARNING: Lỗi HTTP 429 - product id: 221745401, thử lại 1/3
2025-09-29 21:26:03,099 WARNING: Lỗi HTTP 429 - product id: 221808345, thử lại 1/3
2025-09-29 21:26:03,099 WARNING: Lỗi HTTP 429 - product id: 221811622, thử lại 1/3
2025-09-29 21:26:03,301 WARNING: Lỗi HTTP 429 - product id: 221826274, thử lại 1/3
2025-09-29 21:26:03,499 WARNING: Lỗi HTTP 429 - product id: 221857945, thử lại 1/3
2025-09-29 21:26:03,801 WARNING: Lỗi HTTP 429 - product id: 222052542, thử lại 1/3
2025-09-29 21:26:04,457 WARNING: Lỗi HTTP 429 - product id: 222386220, thử lại 1/3
2025-09-29 21:26:04,549 WARNING: Lỗi HTTP 429 - product id: 222394414, thử lại 1/3
2025-09-29 21:26:04,798 WARNING: Lỗi HTTP 429 - product id: 222436394, thử lại 1/3
2025-09-29 21:26:04,803 WARNING: Lỗi HTTP 429 - product id: 222440959, thử lại 1/3
2025-09-29 21:26:04,893 WARNING: Lỗi HTTP 429 - product id: 222493586, thử lại 1/3
2025-09-29 21:26:04,896 WARNING: Lỗi HTTP 429 - product id: 222495685, thử lại 1/3
2025-09-29 21:26:04,944 WARNING: Lỗi HTTP 429 - product id: 222715953, thử lại 1/3
2025-09-29 21:26:05,568 WARNING: Lỗi HTTP 404: Không tim thấy product id - product id: 222399232
2025-09-29 21:26:08,051 INFO: Đã commit batch 177 (1000 sản phẩm)
2025-09-29 21:26:08,077 INFO: Đã ghi 992 sản phẩm vào file /home/quannh/projects_de/Lab_01/output/products_batch_177_992_ids.csv
2025-09-29 21:26:08,120 INFO: Đã insert 992 sản phẩm từ file /home/quannh/projects_de/Lab_01/output/products_batch_177_992_ids.csv vào database PostgeSQL
2025-09-29 21:26:08,143 INFO: Đã update lại status của batch 178 về pending để tiến hành crawl lại batch
2025-09-29 21:26:08,153 INFO: Bắt đầu crawl batch 178 (1000 sản phẩm)
2025-09-29 21:26:09,586 WARNING: Lỗi HTTP 404: Không tim thấy product id - product id: 225209672
2025-09-29 21:26:09,684 WARNING: Lỗi HTTP 404: Không tim thấy product id - product id: 225210603
2025-09-29 21:26:09,982 WARNING: Lỗi HTTP 404: Không tim thấy product id - product id: 225249714
2025-09-29 21:26:10,334 WARNING: Lỗi HTTP 404: Không tim thấy product id - product id: 225314670
2025-09-29 21:26:11,681 WARNING: Lỗi HTTP 404: Không tim thấy product id - product id: 228987720
2025-09-29 21:26:11,909 WARNING: Lỗi HTTP 429 - product id: 229732764, thử lại 1/3
2025-09-29 21:26:12,003 WARNING: Lỗi HTTP 429 - product id: 229735405, thử lại 1/3
2025-09-29 21:26:12,015 WARNING: Lỗi HTTP 429 - product id: 229735420, thử lại 1/3
2025-09-29 21:26:12,065 WARNING: Lỗi HTTP 429 - product id: 229735935, thử lại 1/3
2025-09-29 21:26:12,065 WARNING: Lỗi HTTP 429 - product id: 229747995, thử lại 1/3
2025-09-29 21:26:12,162 WARNING: Lỗi HTTP 429 - product id: 229764828, thử lại 1/3
2025-09-29 21:26:12,313 WARNING: Lỗi HTTP 429 - product id: 229792868, thử lại 1/3
2025-09-29 21:26:12,560 WARNING: Lỗi HTTP 429 - product id: 229806761, thử lại 1/3
2025-09-29 21:26:13,385 WARNING: Lỗi HTTP 404: Không tim thấy product id - product id: 229805345
2025-09-29 21:26:13,484 WARNING: Lỗi HTTP 404: Không tim thấy product id - product id: 229805444
2025-09-29 21:26:14,910 WARNING: Lỗi HTTP 429 - product id: 227409475, thử lại 1/3
2025-09-29 21:26:14,912 WARNING: Lỗi HTTP 429 - product id: 227405989, thử lại 1/3
2025-09-29 21:26:14,916 WARNING: Lỗi HTTP 429 - product id: 227411706, thử lại 1/3
2025-09-29 21:26:15,001 WARNING: Lỗi HTTP 429 - product id: 227495022, thử lại 1/3
2025-09-29 21:26:15,631 WARNING: Lỗi HTTP 404: Không tim thấy product id - product id: 227326580
2025-09-29 21:26:15,704 WARNING: Lỗi HTTP 429 - product id: 223669413, thử lại 1/3
2025-09-29 21:26:15,864 WARNING: Lỗi HTTP 429 - product id: 223921024, thử lại 1/3
2025-09-29 21:26:16,086 WARNING: Lỗi HTTP 404: Không tim thấy product id - product id: 229764828
2025-09-29 21:26:16,230 WARNING: Lỗi HTTP 404: Không tim thấy product id - product id: 229747995
2025-09-29 21:26:16,662 WARNING: Lỗi HTTP 429 - product id: 224528768, thử lại 1/3
2025-09-29 21:26:16,718 WARNING: Lỗi HTTP 429 - product id: 225915740, thử lại 1/3
2025-09-29 21:26:16,760 WARNING: Lỗi HTTP 429 - product id: 225918457, thử lại 1/3
2025-09-29 21:26:16,809 WARNING: Lỗi HTTP 429 - product id: 225918682, thử lại 1/3
2025-09-29 21:26:16,811 WARNING: Lỗi HTTP 429 - product id: 225919082, thử lại 1/3
2025-09-29 21:26:16,910 WARNING: Lỗi HTTP 429 - product id: 225922211, thử lại 1/3
2025-09-29 21:26:16,911 WARNING: Lỗi HTTP 429 - product id: 225923931, thử lại 1/3
2025-09-29 21:26:17,711 WARNING: Lỗi HTTP 429 - product id: 225953676, thử lại 1/3
2025-09-29 21:26:17,791 WARNING: Lỗi HTTP 429 - product id: 225956348, thử lại 1/3
2025-09-29 21:26:17,856 WARNING: Lỗi HTTP 429 - product id: 225957391, thử lại 1/3
2025-09-29 21:26:17,860 WARNING: Lỗi HTTP 429 - product id: 225957586, thử lại 1/3
2025-09-29 21:26:17,919 WARNING: Lỗi HTTP 429 - product id: 225961689, thử lại 1/3
2025-09-29 21:26:18,006 WARNING: Lỗi HTTP 429 - product id: 225962882, thử lại 1/3
2025-09-29 21:26:18,014 WARNING: Lỗi HTTP 429 - product id: 225969814, thử lại 1/3
2025-09-29 21:26:18,982 WARNING: Lỗi HTTP 404: Không tim thấy product id - product id: 226562217
2025-09-29 21:26:20,431 WARNING: Lỗi HTTP 404: Không tim thấy product id - product id: 225915740
2025-09-29 21:26:20,779 WARNING: Lỗi HTTP 404: Không tim thấy product id - product id: 225210590
2025-09-29 21:26:21,032 WARNING: Lỗi HTTP 404: Không tim thấy product id - product id: 225263759
2025-09-29 21:26:22,257 WARNING: Lỗi HTTP 429 - product id: 228989781, thử lại 1/3
2025-09-29 21:26:22,260 WARNING: Lỗi HTTP 429 - product id: 228992567, thử lại 1/3
2025-09-29 21:26:22,319 WARNING: Lỗi HTTP 429 - product id: 229698005, thử lại 1/3
2025-09-29 21:26:22,362 WARNING: Lỗi HTTP 429 - product id: 229698424, thử lại 1/3
2025-09-29 21:26:22,363 WARNING: Lỗi HTTP 429 - product id: 229698457, thử lại 1/3
2025-09-29 21:26:22,405 WARNING: Lỗi HTTP 429 - product id: 229698897, thử lại 1/3
2025-09-29 21:26:22,411 WARNING: Lỗi HTTP 429 - product id: 229698917, thử lại 1/3
2025-09-29 21:26:22,427 WARNING: Lỗi HTTP 429 - product id: 229699237, thử lại 1/3
2025-09-29 21:26:22,503 WARNING: Lỗi HTTP 429 - product id: 229701126, thử lại 1/3
2025-09-29 21:26:22,633 WARNING: Lỗi HTTP 404: Không tim thấy product id - product id: 228930728
2025-09-29 21:26:22,704 WARNING: Lỗi HTTP 429 - product id: 229704645, thử lại 1/3
2025-09-29 21:26:22,767 WARNING: Lỗi HTTP 429 - product id: 229715371, thử lại 1/3
2025-09-29 21:26:23,228 WARNING: Lỗi HTTP 404: Không tim thấy product id - product id: 228988486
2025-09-29 21:26:23,410 WARNING: Lỗi HTTP 429 - product id: 229743946, thử lại 1/3
2025-09-29 21:26:23,464 WARNING: Lỗi HTTP 429 - product id: 229748152, thử lại 1/3
2025-09-29 21:26:23,610 WARNING: Lỗi HTTP 429 - product id: 229771063, thử lại 1/3
2025-09-29 21:26:23,611 WARNING: Lỗi HTTP 429 - product id: 229770132, thử lại 1/3
2025-09-29 21:26:25,335 WARNING: Lỗi HTTP 404: Không tim thấy product id - product id: 228989781
2025-09-29 21:26:26,682 WARNING: Lỗi HTTP 404: Không tim thấy product id - product id: 229770132
2025-09-29 21:26:28,223 INFO: Đã commit batch 178 (1000 sản phẩm)
2025-09-29 21:26:28,251 INFO: Đã ghi 982 sản phẩm vào file /home/quannh/projects_de/Lab_01/output/products_batch_178_982_ids.csv
2025-09-29 21:26:28,297 INFO: Đã insert 982 sản phẩm từ file /home/quannh/projects_de/Lab_01/output/products_batch_178_982_ids.csv vào database PostgeSQL
2025-09-29 21:26:28,321 INFO: Đã update lại status của batch 179 về pending để tiến hành crawl lại batch
2025-09-29 21:26:28,331 INFO: Bắt đầu crawl batch 179 (1000 sản phẩm)
2025-09-29 21:26:31,537 WARNING: Lỗi HTTP 404: Không tim thấy product id - product id: 239142056
2025-09-29 21:26:31,538 WARNING: Lỗi HTTP 404: Không tim thấy product id - product id: 237819237
2025-09-29 21:26:32,970 WARNING: Lỗi HTTP 429 - product id: 230367065, thử lại 1/3
2025-09-29 21:26:33,058 WARNING: Lỗi HTTP 429 - product id: 230542646, thử lại 1/3
2025-09-29 21:26:33,062 WARNING: Lỗi HTTP 429 - product id: 230815569, thử lại 1/3
2025-09-29 21:26:33,168 WARNING: Lỗi HTTP 429 - product id: 233090978, thử lại 1/3
2025-09-29 21:26:33,169 WARNING: Lỗi HTTP 429 - product id: 234026788, thử lại 1/3
2025-09-29 21:26:33,511 WARNING: Lỗi HTTP 429 - product id: 235344119, thử lại 1/3
2025-09-29 21:26:33,573 WARNING: Lỗi HTTP 429 - product id: 235485049, thử lại 1/3
2025-09-29 21:26:33,711 WARNING: Lỗi HTTP 429 - product id: 235635237, thử lại 1/3
2025-09-29 21:26:33,735 WARNING: Lỗi HTTP 404: Không tim thấy product id - product id: 230004864
2025-09-29 21:26:33,774 WARNING: Lỗi HTTP 429 - product id: 235664927, thử lại 1/3
2025-09-29 21:26:34,470 WARNING: Lỗi HTTP 429 - product id: 235853287, thử lại 1/3
2025-09-29 21:26:34,612 WARNING: Lỗi HTTP 429 - product id: 235865425, thử lại 1/3
2025-09-29 21:26:34,818 WARNING: Lỗi HTTP 429 - product id: 235866971, thử lại 1/3
2025-09-29 21:26:34,867 WARNING: Lỗi HTTP 429 - product id: 235867476, thử lại 1/3
2025-09-29 21:26:34,867 WARNING: Lỗi HTTP 429 - product id: 235867492, thử lại 1/3
2025-09-29 21:26:34,923 WARNING: Lỗi HTTP 429 - product id: 235867809, thử lại 1/3
2025-09-29 21:26:34,971 WARNING: Lỗi HTTP 429 - product id: 235868093, thử lại 1/3
2025-09-29 21:26:34,973 WARNING: Lỗi HTTP 429 - product id: 235868161, thử lại 1/3
2025-09-29 21:26:35,018 WARNING: Lỗi HTTP 429 - product id: 235868612, thử lại 1/3
2025-09-29 21:26:35,470 WARNING: Lỗi HTTP 429 - product id: 241805348, thử lại 1/3
2025-09-29 21:26:35,636 WARNING: Lỗi HTTP 429 - product id: 229971769, thử lại 1/3
2025-09-29 21:26:35,719 WARNING: Lỗi HTTP 429 - product id: 229982871, thử lại 1/3
2025-09-29 21:26:36,039 WARNING: Lỗi HTTP 404: Không tim thấy product id - product id: 230005869
2025-09-29 21:26:36,220 WARNING: Lỗi HTTP 429 - product id: 235497134, thử lại 1/3
2025-09-29 21:26:36,272 WARNING: Lỗi HTTP 429 - product id: 235544629, thử lại 1/3
2025-09-29 21:26:36,276 WARNING: Lỗi HTTP 429 - product id: 235555752, thử lại 1/3
2025-09-29 21:26:36,467 WARNING: Lỗi HTTP 429 - product id: 235665179, thử lại 1/3
2025-09-29 21:26:36,815 WARNING: Lỗi HTTP 429 - product id: 235731350, thử lại 1/3
2025-09-29 21:26:36,866 WARNING: Lỗi HTTP 429 - product id: 235732097, thử lại 1/3
2025-09-29 21:26:36,967 WARNING: Lỗi HTTP 429 - product id: 235732873, thử lại 1/3
2025-09-29 21:26:37,573 WARNING: Lỗi HTTP 429 - product id: 235865827, thử lại 1/3
2025-09-29 21:26:37,615 WARNING: Lỗi HTTP 429 - product id: 235865873, thử lại 1/3
2025-09-29 21:26:37,878 WARNING: Lỗi HTTP 429 - product id: 235867126, thử lại 1/3
2025-09-29 21:26:37,924 WARNING: Lỗi HTTP 429 - product id: 235867391, thử lại 1/3
2025-09-29 21:26:37,970 WARNING: Lỗi HTTP 429 - product id: 235867583, thử lại 1/3
2025-09-29 21:26:38,017 WARNING: Lỗi HTTP 429 - product id: 235867800, thử lại 1/3
2025-09-29 21:26:38,525 WARNING: Lỗi HTTP 429 - product id: 235879955, thử lại 1/3
2025-09-29 21:26:38,573 WARNING: Lỗi HTTP 429 - product id: 235880007, thử lại 1/3
2025-09-29 21:26:38,963 WARNING: Lỗi HTTP 429 - product id: 230041906, thử lại 1/3
2025-09-29 21:26:39,024 WARNING: Lỗi HTTP 429 - product id: 230041958, thử lại 1/3
2025-09-29 21:26:39,026 WARNING: Lỗi HTTP 429 - product id: 230041987, thử lại 1/3
2025-09-29 21:26:39,127 WARNING: Lỗi HTTP 429 - product id: 230049642, thử lại 1/3
2025-09-29 21:26:40,475 WARNING: Lỗi HTTP 429 - product id: 230204867, thử lại 1/3
2025-09-29 21:26:41,036 WARNING: Lỗi HTTP 404: Không tim thấy product id - product id: 230201510
2025-09-29 21:26:41,264 WARNING: Lỗi HTTP 429 - product id: 230365446, thử lại 1/3
2025-09-29 21:26:41,313 WARNING: Lỗi HTTP 429 - product id: 235878767, thử lại 1/3
2025-09-29 21:26:41,420 WARNING: Lỗi HTTP 429 - product id: 235880168, thử lại 1/3
2025-09-29 21:26:41,916 WARNING: Lỗi HTTP 429 - product id: 238139651, thử lại 1/3
2025-09-29 21:26:41,919 WARNING: Lỗi HTTP 429 - product id: 238139658, thử lại 1/3
2025-09-29 21:26:42,078 WARNING: Lỗi HTTP 429 - product id: 239178180, thử lại 1/3
2025-09-29 21:26:42,616 WARNING: Lỗi HTTP 429 - product id: 240460391, thử lại 1/3
2025-09-29 21:26:42,718 WARNING: Lỗi HTTP 429 - product id: 240590945, thử lại 1/3
2025-09-29 21:26:42,722 WARNING: Lỗi HTTP 429 - product id: 240590953, thử lại 1/3
2025-09-29 21:26:43,386 WARNING: Lỗi HTTP 404: Không tim thấy product id - product id: 240474641
2025-09-29 21:26:45,153 WARNING: Lỗi HTTP 404: Không tim thấy product id - product id: 239178180
2025-09-29 21:26:45,834 INFO: Đã commit batch 179 (1000 sản phẩm)
2025-09-29 21:26:45,865 INFO: Đã ghi 993 sản phẩm vào file /home/quannh/projects_de/Lab_01/output/products_batch_179_993_ids.csv
2025-09-29 21:26:45,915 INFO: Đã insert 993 sản phẩm từ file /home/quannh/projects_de/Lab_01/output/products_batch_179_993_ids.csv vào database PostgeSQL
2025-09-29 21:26:45,938 INFO: Đã update lại status của batch 180 về pending để tiến hành crawl lại batch
2025-09-29 21:26:45,948 INFO: Bắt đầu crawl batch 180 (1000 sản phẩm)
2025-09-29 21:26:46,046 WARNING: Lỗi HTTP 429 - product id: 242065292, thử lại 1/3
2025-09-29 21:26:46,047 WARNING: Lỗi HTTP 429 - product id: 242042098, thử lại 1/3
2025-09-29 21:26:46,049 WARNING: Lỗi HTTP 429 - product id: 242062050, thử lại 1/3
2025-09-29 21:26:46,112 WARNING: Lỗi HTTP 429 - product id: 242073088, thử lại 1/3
2025-09-29 21:26:46,114 WARNING: Lỗi HTTP 429 - product id: 242073137, thử lại 1/3
2025-09-29 21:26:46,114 WARNING: Lỗi HTTP 429 - product id: 242075077, thử lại 1/3
2025-09-29 21:26:46,723 WARNING: Lỗi HTTP 404: Không tim thấy product id - product id: 242075879
2025-09-29 21:26:46,908 WARNING: Lỗi HTTP 429 - product id: 242175632, thử lại 1/3
2025-09-29 21:26:46,954 WARNING: Lỗi HTTP 429 - product id: 242180088, thử lại 1/3
2025-09-29 21:26:47,009 WARNING: Lỗi HTTP 429 - product id: 242192641, thử lại 1/3
2025-09-29 21:26:47,619 WARNING: Lỗi HTTP 429 - product id: 242625648, thử lại 1/3
2025-09-29 21:26:47,755 WARNING: Lỗi HTTP 429 - product id: 242634502, thử lại 1/3
2025-09-29 21:26:49,232 WARNING: Lỗi HTTP 404: Không tim thấy product id - product id: 242717078
2025-09-29 21:26:49,725 WARNING: Lỗi HTTP 404: Không tim thấy product id - product id: 242717741
2025-09-29 21:26:50,757 WARNING: Lỗi HTTP 429 - product id: 242432188, thử lại 1/3
2025-09-29 21:26:50,874 WARNING: Lỗi HTTP 404: Không tim thấy product id - product id: 242200601
2025-09-29 21:26:50,906 WARNING: Lỗi HTTP 429 - product id: 242446976, thử lại 1/3
2025-09-29 21:26:52,058 WARNING: Lỗi HTTP 429 - product id: 242485141, thử lại 1/3
2025-09-29 21:26:52,110 WARNING: Lỗi HTTP 429 - product id: 242486319, thử lại 1/3
2025-09-29 21:26:52,154 WARNING: Lỗi HTTP 429 - product id: 242487819, thử lại 1/3
2025-09-29 21:26:52,261 WARNING: Lỗi HTTP 429 - product id: 242494278, thử lại 1/3
2025-09-29 21:26:52,357 WARNING: Lỗi HTTP 429 - product id: 242714705, thử lại 1/3
2025-09-29 21:26:52,459 WARNING: Lỗi HTTP 429 - product id: 242716046, thử lại 1/3
2025-09-29 21:26:52,601 WARNING: Lỗi HTTP 429 - product id: 242717427, thử lại 1/3
2025-09-29 21:26:52,713 WARNING: Lỗi HTTP 429 - product id: 242719394, thử lại 1/3
2025-09-29 21:26:52,752 WARNING: Lỗi HTTP 429 - product id: 242719407, thử lại 1/3
2025-09-29 21:26:52,874 WARNING: Lỗi HTTP 404: Không tim thấy product id - product id: 242716498
2025-09-29 21:26:53,902 WARNING: Lỗi HTTP 429 - product id: 241869435, thử lại 1/3
2025-09-29 21:26:53,952 WARNING: Lỗi HTTP 429 - product id: 241885606, thử lại 1/3
2025-09-29 21:26:54,201 WARNING: Lỗi HTTP 429 - product id: 242225648, thử lại 1/3
2025-09-29 21:26:54,252 WARNING: Lỗi HTTP 429 - product id: 242268223, thử lại 1/3
2025-09-29 21:26:54,308 WARNING: Lỗi HTTP 429 - product id: 242273180, thử lại 1/3
2025-09-29 21:26:54,350 WARNING: Lỗi HTTP 429 - product id: 242294168, thử lại 1/3
2025-09-29 21:26:54,353 WARNING: Lỗi HTTP 429 - product id: 242292935, thử lại 1/3
2025-09-29 21:26:54,407 WARNING: Lỗi HTTP 429 - product id: 242308272, thử lại 1/3
2025-09-29 21:26:54,451 WARNING: Lỗi HTTP 429 - product id: 242368171, thử lại 1/3
2025-09-29 21:26:54,678 WARNING: Lỗi HTTP 404: Không tim thấy product id - product id: 242200678
2025-09-29 21:26:54,707 WARNING: Lỗi HTTP 429 - product id: 242432599, thử lại 1/3
2025-09-29 21:26:54,716 WARNING: Lỗi HTTP 429 - product id: 242432889, thử lại 1/3
2025-09-29 21:26:54,770 WARNING: Lỗi HTTP 404: Không tim thấy product id - product id: 242391973
2025-09-29 21:26:54,977 WARNING: Lỗi HTTP 404: Không tim thấy product id - product id: 242424871
2025-09-29 21:26:55,603 WARNING: Lỗi HTTP 429 - product id: 242483171, thử lại 1/3
2025-09-29 21:26:55,650 WARNING: Lỗi HTTP 429 - product id: 242483269, thử lại 1/3
2025-09-29 21:26:55,653 WARNING: Lỗi HTTP 429 - product id: 242483278, thử lại 1/3
2025-09-29 21:26:55,660 WARNING: Lỗi HTTP 429 - product id: 242483381, thử lại 1/3
2025-09-29 21:26:55,700 WARNING: Lỗi HTTP 429 - product id: 242483452, thử lại 1/3
2025-09-29 21:26:55,709 WARNING: Lỗi HTTP 429 - product id: 242483459, thử lại 1/3
2025-09-29 21:26:55,714 WARNING: Lỗi HTTP 429 - product id: 242483518, thử lại 1/3
2025-09-29 21:26:55,756 WARNING: Lỗi HTTP 429 - product id: 242483580, thử lại 1/3
2025-09-29 21:26:55,807 WARNING: Lỗi HTTP 429 - product id: 242483867, thử lại 1/3
2025-09-29 21:26:55,858 WARNING: Lỗi HTTP 429 - product id: 242483977, thử lại 1/3
2025-09-29 21:26:55,862 WARNING: Lỗi HTTP 429 - product id: 242483981, thử lại 1/3
2025-09-29 21:26:56,396 WARNING: Lỗi HTTP 429 - product id: 242499722, thử lại 1/3
2025-09-29 21:26:56,408 WARNING: Lỗi HTTP 429 - product id: 242500904, thử lại 1/3
2025-09-29 21:26:56,523 WARNING: Lỗi HTTP 404: Không tim thấy product id - product id: 242504261
2025-09-29 21:26:56,648 WARNING: Lỗi HTTP 429 - product id: 242741824, thử lại 1/3
2025-09-29 21:26:57,005 WARNING: Lỗi HTTP 429 - product id: 241911808, thử lại 1/3
2025-09-29 21:26:57,306 WARNING: Lỗi HTTP 429 - product id: 241983348, thử lại 1/3
2025-09-29 21:26:57,498 WARNING: Lỗi HTTP 429 - product id: 241992346, thử lại 1/3
2025-09-29 21:26:57,502 WARNING: Lỗi HTTP 429 - product id: 241992360, thử lại 1/3
2025-09-29 21:26:57,551 WARNING: Lỗi HTTP 429 - product id: 241992650, thử lại 1/3
2025-09-29 21:26:59,668 WARNING: Lỗi HTTP 404: Không tim thấy product id - product id: 242102470
2025-09-29 21:27:00,337 WARNING: Lỗi HTTP 404: Không tim thấy product id - product id: 242502865
2025-09-29 21:27:00,360 WARNING: Lỗi HTTP 429 - product id: 242635912, thử lại 1/3
2025-09-29 21:27:00,402 WARNING: Lỗi HTTP 429 - product id: 242636937, thử lại 1/3
2025-09-29 21:27:00,501 WARNING: Lỗi HTTP 429 - product id: 242652384, thử lại 1/3
2025-09-29 21:27:00,749 WARNING: Lỗi HTTP 429 - product id: 241992360, thử lại 2/3
2025-09-29 21:27:01,012 WARNING: Lỗi HTTP 429 - product id: 242659291, thử lại 1/3
2025-09-29 21:27:01,916 WARNING: Lỗi HTTP 404: Không tim thấy product id - product id: 242703693
2025-09-29 21:27:02,217 WARNING: Lỗi HTTP 404: Không tim thấy product id - product id: 242712795
2025-09-29 21:27:06,880 INFO: Đã commit batch 180 (1000 sản phẩm)
2025-09-29 21:27:06,909 INFO: Đã ghi 987 sản phẩm vào file /home/quannh/projects_de/Lab_01/output/products_batch_180_987_ids.csv
2025-09-29 21:27:06,954 INFO: Đã insert 987 sản phẩm từ file /home/quannh/projects_de/Lab_01/output/products_batch_180_987_ids.csv vào database PostgeSQL
2025-09-29 21:27:06,977 INFO: Đã update lại status của batch 181 về pending để tiến hành crawl lại batch
2025-09-29 21:27:06,987 INFO: Bắt đầu crawl batch 181 (1000 sản phẩm)
2025-09-29 21:27:07,966 WARNING: Lỗi HTTP 404: Không tim thấy product id - product id: 243084656
2025-09-29 21:27:08,016 WARNING: Lỗi HTTP 404: Không tim thấy product id - product id: 243082353
2025-09-29 21:27:08,215 WARNING: Lỗi HTTP 404: Không tim thấy product id - product id: 243084989
2025-09-29 21:27:09,464 WARNING: Lỗi HTTP 404: Không tim thấy product id - product id: 244167141
2025-09-29 21:27:10,265 WARNING: Lỗi HTTP 404: Không tim thấy product id - product id: 244306095
2025-09-29 21:27:12,766 WARNING: Lỗi HTTP 404: Không tim thấy product id - product id: 243017139
2025-09-29 21:27:13,048 WARNING: Lỗi HTTP 404: Không tim thấy product id - product id: 245787203
2025-09-29 21:27:13,099 WARNING: Lỗi HTTP 404: Không tim thấy product id - product id: 245900784
2025-09-29 21:27:13,100 WARNING: Lỗi HTTP 404: Không tim thấy product id - product id: 243223165
2025-09-29 21:27:13,168 WARNING: Lỗi HTTP 404: Không tim thấy product id - product id: 243245471
2025-09-29 21:27:13,364 WARNING: Lỗi HTTP 404: Không tim thấy product id - product id: 245784317
2025-09-29 21:27:13,421 WARNING: Lỗi HTTP 404: Không tim thấy product id - product id: 245889367
2025-09-29 21:27:13,516 WARNING: Lỗi HTTP 404: Không tim thấy product id - product id: 246136752
2025-09-29 21:27:13,669 WARNING: Lỗi HTTP 404: Không tim thấy product id - product id: 246162959
2025-09-29 21:27:13,850 WARNING: Lỗi HTTP 404: Không tim thấy product id - product id: 246755238
2025-09-29 21:27:13,869 WARNING: Lỗi HTTP 404: Không tim thấy product id - product id: 246209066
2025-09-29 21:27:14,149 WARNING: Lỗi HTTP 404: Không tim thấy product id - product id: 246856167
2025-09-29 21:27:14,167 WARNING: Lỗi HTTP 404: Không tim thấy product id - product id: 246770166
2025-09-29 21:27:14,171 WARNING: Lỗi HTTP 404: Không tim thấy product id - product id: 246852873
2025-09-29 21:27:14,199 WARNING: Lỗi HTTP 404: Không tim thấy product id - product id: 246856195
2025-09-29 21:27:14,951 WARNING: Lỗi HTTP 429 - product id: 242820979, thử lại 1/3
2025-09-29 21:27:15,038 WARNING: Lỗi HTTP 429 - product id: 242865407, thử lại 1/3
2025-09-29 21:27:15,417 WARNING: Lỗi HTTP 404: Không tim thấy product id - product id: 242866154
2025-09-29 21:27:15,948 WARNING: Lỗi HTTP 404: Không tim thấy product id - product id: 242882260
2025-09-29 21:27:16,178 WARNING: Lỗi HTTP 429 - product id: 243034111, thử lại 1/3
2025-09-29 21:27:16,313 WARNING: Lỗi HTTP 404: Không tim thấy product id - product id: 242999577
2025-09-29 21:27:18,665 WARNING: Lỗi HTTP 404: Không tim thấy product id - product id: 245769955
2025-09-29 21:27:18,712 WARNING: Lỗi HTTP 404: Không tim thấy product id - product id: 245773668
2025-09-29 21:27:19,517 WARNING: Lỗi HTTP 404: Không tim thấy product id - product id: 246850985
2025-09-29 21:27:19,600 WARNING: Lỗi HTTP 404: Không tim thấy product id - product id: 246432064
2025-09-29 21:27:19,826 WARNING: Lỗi HTTP 404: Không tim thấy product id - product id: 246853057
2025-09-29 21:27:19,849 WARNING: Lỗi HTTP 404: Không tim thấy product id - product id: 246851142
2025-09-29 21:27:20,216 WARNING: Lỗi HTTP 404: Không tim thấy product id - product id: 242859748
2025-09-29 21:27:20,363 WARNING: Lỗi HTTP 404: Không tim thấy product id - product id: 242881295
2025-09-29 21:27:20,449 WARNING: Lỗi HTTP 404: Không tim thấy product id - product id: 242841242
2025-09-29 21:27:21,200 WARNING: Lỗi HTTP 404: Không tim thấy product id - product id: 243300456
2025-09-29 21:27:21,643 WARNING: Lỗi HTTP 429 - product id: 244304951, thử lại 1/3
2025-09-29 21:27:21,815 WARNING: Lỗi HTTP 429 - product id: 244316661, thử lại 1/3
2025-09-29 21:27:21,852 WARNING: Lỗi HTTP 429 - product id: 244317551, thử lại 1/3
2025-09-29 21:27:21,978 WARNING: Lỗi HTTP 429 - product id: 244318242, thử lại 1/3
2025-09-29 21:27:22,033 WARNING: Lỗi HTTP 429 - product id: 244330867, thử lại 1/3
2025-09-29 21:27:22,200 WARNING: Lỗi HTTP 404: Không tim thấy product id - product id: 244690356
2025-09-29 21:27:22,283 WARNING: Lỗi HTTP 429 - product id: 245218785, thử lại 1/3
2025-09-29 21:27:22,330 WARNING: Lỗi HTTP 429 - product id: 245328609, thử lại 1/3
2025-09-29 21:27:22,347 WARNING: Lỗi HTTP 429 - product id: 245329184, thử lại 1/3
2025-09-29 21:27:22,929 WARNING: Lỗi HTTP 429 - product id: 242757256, thử lại 1/3
2025-09-29 21:27:25,362 WARNING: Lỗi HTTP 404: Không tim thấy product id - product id: 245218785
2025-09-29 21:27:26,049 INFO: Đã commit batch 181 (1000 sản phẩm)
2025-09-29 21:27:26,079 INFO: Đã ghi 965 sản phẩm vào file /home/quannh/projects_de/Lab_01/output/products_batch_181_965_ids.csv
2025-09-29 21:27:26,126 INFO: Đã insert 965 sản phẩm từ file /home/quannh/projects_de/Lab_01/output/products_batch_181_965_ids.csv vào database PostgeSQL
2025-09-29 21:27:26,148 INFO: Đã update lại status của batch 182 về pending để tiến hành crawl lại batch
2025-09-29 21:27:26,157 INFO: Bắt đầu crawl batch 182 (1000 sản phẩm)
2025-09-29 21:27:26,256 WARNING: Lỗi HTTP 404: Không tim thấy product id - product id: 247249283
2025-09-29 21:27:26,258 WARNING: Lỗi HTTP 404: Không tim thấy product id - product id: 247247956
2025-09-29 21:27:27,142 WARNING: Lỗi HTTP 429 - product id: 247437355, thử lại 1/3
2025-09-29 21:27:27,542 WARNING: Lỗi HTTP 429 - product id: 247461032, thử lại 1/3
2025-09-29 21:27:27,659 WARNING: Lỗi HTTP 404: Không tim thấy product id - product id: 247437307
2025-09-29 21:27:29,043 WARNING: Lỗi HTTP 429 - product id: 247829487, thử lại 1/3
2025-09-29 21:27:29,092 WARNING: Lỗi HTTP 429 - product id: 247829678, thử lại 1/3
2025-09-29 21:27:29,140 WARNING: Lỗi HTTP 429 - product id: 247839490, thử lại 1/3
2025-09-29 21:27:29,142 WARNING: Lỗi HTTP 429 - product id: 247840051, thử lại 1/3
2025-09-29 21:27:29,290 WARNING: Lỗi HTTP 429 - product id: 247189478, thử lại 1/3
2025-09-29 21:27:29,356 WARNING: Lỗi HTTP 404: Không tim thấy product id - product id: 247666472
2025-09-29 21:27:29,491 WARNING: Lỗi HTTP 429 - product id: 247239748, thử lại 1/3
2025-09-29 21:27:30,041 WARNING: Lỗi HTTP 429 - product id: 247253372, thử lại 1/3
2025-09-29 21:27:30,413 WARNING: Lỗi HTTP 404: Không tim thấy product id - product id: 247238593
2025-09-29 21:27:31,207 WARNING: Lỗi HTTP 404: Không tim thấy product id - product id: 247275270
2025-09-29 21:27:31,244 WARNING: Lỗi HTTP 429 - product id: 247370145, thử lại 1/3
2025-09-29 21:27:31,887 WARNING: Lỗi HTTP 429 - product id: 247788319, thử lại 1/3
2025-09-29 21:27:33,189 WARNING: Lỗi HTTP 429 - product id: 247823547, thử lại 1/3
2025-09-29 21:27:33,490 WARNING: Lỗi HTTP 429 - product id: 246857060, thử lại 1/3
2025-09-29 21:27:33,582 WARNING: Lỗi HTTP 429 - product id: 246885178, thử lại 1/3
2025-09-29 21:27:33,636 WARNING: Lỗi HTTP 429 - product id: 246889145, thử lại 1/3
2025-09-29 21:27:34,192 WARNING: Lỗi HTTP 429 - product id: 246856891, thử lại 1/3
2025-09-29 21:27:34,359 WARNING: Lỗi HTTP 404: Không tim thấy product id - product id: 246856779
2025-09-29 21:27:34,411 WARNING: Lỗi HTTP 404: Không tim thấy product id - product id: 246856721
2025-09-29 21:27:34,710 WARNING: Lỗi HTTP 404: Không tim thấy product id - product id: 246960313
2025-09-29 21:27:34,791 WARNING: Lỗi HTTP 429 - product id: 247008687, thử lại 1/3
2025-09-29 21:27:34,900 WARNING: Lỗi HTTP 429 - product id: 247015957, thử lại 1/3
2025-09-29 21:27:34,933 WARNING: Lỗi HTTP 429 - product id: 247016774, thử lại 1/3
2025-09-29 21:27:34,942 WARNING: Lỗi HTTP 429 - product id: 247017118, thử lại 1/3
2025-09-29 21:27:34,992 WARNING: Lỗi HTTP 429 - product id: 247017160, thử lại 1/3
2025-09-29 21:27:35,032 WARNING: Lỗi HTTP 429 - product id: 247059652, thử lại 1/3
2025-09-29 21:27:35,731 WARNING: Lỗi HTTP 429 - product id: 247298466, thử lại 1/3
2025-09-29 21:27:35,787 WARNING: Lỗi HTTP 429 - product id: 247301242, thử lại 1/3
2025-09-29 21:27:35,859 WARNING: Lỗi HTTP 404: Không tim thấy product id - product id: 247238807
2025-09-29 21:27:35,990 WARNING: Lỗi HTTP 429 - product id: 247316577, thử lại 1/3
2025-09-29 21:27:36,105 WARNING: Lỗi HTTP 404: Không tim thấy product id - product id: 247288733
2025-09-29 21:27:37,041 WARNING: Lỗi HTTP 429 - product id: 247681798, thử lại 1/3
2025-09-29 21:27:37,388 WARNING: Lỗi HTTP 429 - product id: 247722151, thử lại 1/3
2025-09-29 21:27:37,394 WARNING: Lỗi HTTP 429 - product id: 247722603, thử lại 1/3
2025-09-29 21:27:38,255 WARNING: Lỗi HTTP 404: Không tim thấy product id - product id: 247788323
2025-09-29 21:27:38,306 WARNING: Lỗi HTTP 404: Không tim thấy product id - product id: 247788420
2025-09-29 21:27:38,507 WARNING: Lỗi HTTP 404: Không tim thấy product id - product id: 247788646
2025-09-29 21:27:38,558 WARNING: Lỗi HTTP 404: Không tim thấy product id - product id: 247788699
2025-09-29 21:27:41,107 WARNING: Lỗi HTTP 404: Không tim thấy product id - product id: 247449409
2025-09-29 21:27:41,894 WARNING: Lỗi HTTP 429 - product id: 247677306, thử lại 1/3
2025-09-29 21:27:41,942 WARNING: Lỗi HTTP 429 - product id: 247678744, thử lại 1/3
2025-09-29 21:27:41,988 WARNING: Lỗi HTTP 429 - product id: 247720872, thử lại 1/3
2025-09-29 21:27:42,030 WARNING: Lỗi HTTP 429 - product id: 247722662, thử lại 1/3
2025-09-29 21:27:42,139 WARNING: Lỗi HTTP 429 - product id: 247742837, thử lại 1/3
2025-09-29 21:27:42,143 WARNING: Lỗi HTTP 429 - product id: 247754761, thử lại 1/3
2025-09-29 21:27:45,297 INFO: Đã commit batch 182 (1000 sản phẩm)
2025-09-29 21:27:45,323 INFO: Đã ghi 984 sản phẩm vào file /home/quannh/projects_de/Lab_01/output/products_batch_182_984_ids.csv
2025-09-29 21:27:45,361 INFO: Đã insert 984 sản phẩm từ file /home/quannh/projects_de/Lab_01/output/products_batch_182_984_ids.csv vào database PostgeSQL
2025-09-29 21:27:45,382 INFO: Đã update lại status của batch 183 về pending để tiến hành crawl lại batch
2025-09-29 21:27:45,392 INFO: Bắt đầu crawl batch 183 (1000 sản phẩm)
2025-09-29 21:27:45,523 WARNING: Lỗi HTTP 404: Không tim thấy product id - product id: 247950409
2025-09-29 21:27:46,354 WARNING: Lỗi HTTP 429 - product id: 248221644, thử lại 1/3
2025-09-29 21:27:46,507 WARNING: Lỗi HTTP 429 - product id: 248234821, thử lại 1/3
2025-09-29 21:27:46,604 WARNING: Lỗi HTTP 429 - product id: 248251068, thử lại 1/3
2025-09-29 21:27:46,671 WARNING: Lỗi HTTP 429 - product id: 248251539, thử lại 1/3
2025-09-29 21:27:46,685 WARNING: Lỗi HTTP 429 - product id: 248251542, thử lại 1/3
2025-09-29 21:27:46,700 WARNING: Lỗi HTTP 429 - product id: 248251779, thử lại 1/3
2025-09-29 21:27:46,748 WARNING: Lỗi HTTP 429 - product id: 248252091, thử lại 1/3
2025-09-29 21:27:46,809 WARNING: Lỗi HTTP 429 - product id: 248252984, thử lại 1/3
2025-09-29 21:27:47,167 WARNING: Lỗi HTTP 404: Không tim thấy product id - product id: 248215260
2025-09-29 21:27:48,421 WARNING: Lỗi HTTP 404: Không tim thấy product id - product id: 248353725
2025-09-29 21:27:49,470 WARNING: Lỗi HTTP 404: Không tim thấy product id - product id: 248619617
2025-09-29 21:27:50,607 WARNING: Lỗi HTTP 429 - product id: 248070252, thử lại 1/3
2025-09-29 21:27:51,254 WARNING: Lỗi HTTP 429 - product id: 248394839, thử lại 1/3
2025-09-29 21:27:51,699 WARNING: Lỗi HTTP 429 - product id: 248442355, thử lại 1/3
2025-09-29 21:27:52,251 WARNING: Lỗi HTTP 429 - product id: 248496424, thử lại 1/3
2025-09-29 21:27:52,346 WARNING: Lỗi HTTP 429 - product id: 248499444, thử lại 1/3
2025-09-29 21:27:52,671 WARNING: Lỗi HTTP 404: Không tim thấy product id - product id: 248496686
2025-09-29 21:27:52,817 WARNING: Lỗi HTTP 404: Không tim thấy product id - product id: 248495222
2025-09-29 21:27:53,070 WARNING: Lỗi HTTP 404: Không tim thấy product id - product id: 248492481
2025-09-29 21:27:53,169 WARNING: Lỗi HTTP 404: Không tim thấy product id - product id: 248494657
2025-09-29 21:27:53,222 WARNING: Lỗi HTTP 404: Không tim thấy product id - product id: 248495488
2025-09-29 21:27:54,255 WARNING: Lỗi HTTP 429 - product id: 247841075, thử lại 1/3
2025-09-29 21:27:54,260 WARNING: Lỗi HTTP 429 - product id: 247841145, thử lại 1/3
2025-09-29 21:27:54,557 WARNING: Lỗi HTTP 429 - product id: 247862539, thử lại 1/3
2025-09-29 21:27:54,747 WARNING: Lỗi HTTP 429 - product id: 247883679, thử lại 1/3
2025-09-29 21:27:54,798 WARNING: Lỗi HTTP 429 - product id: 247891671, thử lại 1/3
2025-09-29 21:27:54,817 WARNING: Lỗi HTTP 404: Không tim thấy product id - product id: 248638676
2025-09-29 21:27:54,848 WARNING: Lỗi HTTP 429 - product id: 247896305, thử lại 1/3
2025-09-29 21:27:55,619 WARNING: Lỗi HTTP 404: Không tim thấy product id - product id: 248496424
2025-09-29 21:27:55,922 WARNING: Lỗi HTTP 404: Không tim thấy product id - product id: 247922159
2025-09-29 21:27:56,052 WARNING: Lỗi HTTP 429 - product id: 248411966, thử lại 1/3
2025-09-29 21:27:57,097 WARNING: Lỗi HTTP 429 - product id: 248540527, thử lại 1/3
2025-09-29 21:27:57,101 WARNING: Lỗi HTTP 429 - product id: 248540530, thử lại 1/3
2025-09-29 21:27:57,169 WARNING: Lỗi HTTP 404: Không tim thấy product id - product id: 248491779
2025-09-29 21:27:57,203 WARNING: Lỗi HTTP 429 - product id: 248542235, thử lại 1/3
2025-09-29 21:27:57,209 WARNING: Lỗi HTTP 429 - product id: 248542270, thử lại 1/3
2025-09-29 21:27:57,220 WARNING: Lỗi HTTP 404: Không tim thấy product id - product id: 248493276
2025-09-29 21:27:57,270 WARNING: Lỗi HTTP 404: Không tim thấy product id - product id: 248494625
2025-09-29 21:27:57,346 WARNING: Lỗi HTTP 429 - product id: 248546254, thử lại 1/3
2025-09-29 21:27:57,470 WARNING: Lỗi HTTP 404: Không tim thấy product id - product id: 248494132
2025-09-29 21:27:58,872 WARNING: Lỗi HTTP 404: Không tim thấy product id - product id: 248113986
2025-09-29 21:27:58,921 WARNING: Lỗi HTTP 404: Không tim thấy product id - product id: 248154660
2025-09-29 21:27:59,947 WARNING: Lỗi HTTP 429 - product id: 248293207, thử lại 1/3
2025-09-29 21:28:00,099 WARNING: Lỗi HTTP 429 - product id: 248319259, thử lại 1/3
2025-09-29 21:28:01,006 WARNING: Lỗi HTTP 429 - product id: 247862604, thử lại 1/3
2025-09-29 21:28:01,048 WARNING: Lỗi HTTP 429 - product id: 247872069, thử lại 1/3
2025-09-29 21:28:01,073 WARNING: Lỗi HTTP 429 - product id: 247876811, thử lại 1/3
2025-09-29 21:28:01,209 WARNING: Lỗi HTTP 429 - product id: 247892553, thử lại 1/3
2025-09-29 21:28:01,274 WARNING: Lỗi HTTP 404: Không tim thấy product id - product id: 248540527
2025-09-29 21:28:04,325 INFO: Đã commit batch 183 (1000 sản phẩm)
2025-09-29 21:28:04,354 INFO: Đã ghi 981 sản phẩm vào file /home/quannh/projects_de/Lab_01/output/products_batch_183_981_ids.csv
2025-09-29 21:28:04,398 INFO: Đã insert 981 sản phẩm từ file /home/quannh/projects_de/Lab_01/output/products_batch_183_981_ids.csv vào database PostgeSQL
2025-09-29 21:28:04,420 INFO: Đã update lại status của batch 184 về pending để tiến hành crawl lại batch
2025-09-29 21:28:04,430 INFO: Bắt đầu crawl batch 184 (1000 sản phẩm)
2025-09-29 21:28:04,709 WARNING: Lỗi HTTP 404: Không tim thấy product id - product id: 248746103
2025-09-29 21:28:05,237 WARNING: Lỗi HTTP 429 - product id: 248788792, thử lại 1/3
2025-09-29 21:28:05,428 WARNING: Lỗi HTTP 429 - product id: 248799078, thử lại 1/3
2025-09-29 21:28:06,142 WARNING: Lỗi HTTP 429 - product id: 249052271, thử lại 1/3
2025-09-29 21:28:06,983 WARNING: Lỗi HTTP 429 - product id: 249152987, thử lại 1/3
2025-09-29 21:28:07,044 WARNING: Lỗi HTTP 429 - product id: 249153067, thử lại 1/3
2025-09-29 21:28:07,185 WARNING: Lỗi HTTP 429 - product id: 249154773, thử lại 1/3
2025-09-29 21:28:07,241 WARNING: Lỗi HTTP 429 - product id: 249155385, thử lại 1/3
2025-09-29 21:28:07,389 WARNING: Lỗi HTTP 429 - product id: 249163020, thử lại 1/3
2025-09-29 21:28:07,506 WARNING: Lỗi HTTP 404: Không tim thấy product id - product id: 249093147
2025-09-29 21:28:08,596 WARNING: Lỗi HTTP 429 - product id: 248865922, thử lại 1/3
2025-09-29 21:28:08,835 WARNING: Lỗi HTTP 429 - product id: 248885964, thử lại 1/3
2025-09-29 21:28:08,941 WARNING: Lỗi HTTP 429 - product id: 248894541, thử lại 1/3
2025-09-29 21:28:08,944 WARNING: Lỗi HTTP 429 - product id: 248894687, thử lại 1/3
2025-09-29 21:28:09,031 WARNING: Lỗi HTTP 429 - product id: 248909074, thử lại 1/3
2025-09-29 21:28:09,033 WARNING: Lỗi HTTP 429 - product id: 248909806, thử lại 1/3
2025-09-29 21:28:09,291 WARNING: Lỗi HTTP 429 - product id: 248935860, thử lại 1/3
2025-09-29 21:28:09,375 WARNING: Lỗi HTTP 429 - product id: 248939601, thử lại 1/3
2025-09-29 21:28:09,439 WARNING: Lỗi HTTP 429 - product id: 248942621, thử lại 1/3
2025-09-29 21:28:09,472 WARNING: Lỗi HTTP 404: Không tim thấy product id - product id: 248858613
2025-09-29 21:28:09,554 WARNING: Lỗi HTTP 404: Không tim thấy product id - product id: 248865886
2025-09-29 21:28:09,638 WARNING: Lỗi HTTP 429 - product id: 248956483, thử lại 1/3
2025-09-29 21:28:09,740 WARNING: Lỗi HTTP 429 - product id: 248978468, thử lại 1/3
2025-09-29 21:28:10,391 WARNING: Lỗi HTTP 429 - product id: 249005593, thử lại 1/3
2025-09-29 21:28:10,395 WARNING: Lỗi HTTP 429 - product id: 249005931, thử lại 1/3
2025-09-29 21:28:10,583 WARNING: Lỗi HTTP 429 - product id: 249010503, thử lại 1/3
2025-09-29 21:28:10,645 WARNING: Lỗi HTTP 429 - product id: 249016511, thử lại 1/3
2025-09-29 21:28:10,742 WARNING: Lỗi HTTP 429 - product id: 249017750, thử lại 1/3
2025-09-29 21:28:10,845 WARNING: Lỗi HTTP 429 - product id: 249155360, thử lại 1/3
2025-09-29 21:28:10,894 WARNING: Lỗi HTTP 429 - product id: 249155815, thử lại 1/3
2025-09-29 21:28:10,934 WARNING: Lỗi HTTP 429 - product id: 249156167, thử lại 1/3
2025-09-29 21:28:10,937 WARNING: Lỗi HTTP 429 - product id: 249156183, thử lại 1/3
2025-09-29 21:28:11,037 WARNING: Lỗi HTTP 429 - product id: 249162439, thử lại 1/3
2025-09-29 21:28:11,094 WARNING: Lỗi HTTP 429 - product id: 249162842, thử lại 1/3
2025-09-29 21:28:11,437 WARNING: Lỗi HTTP 429 - product id: 249168311, thử lại 1/3
2025-09-29 21:28:13,593 WARNING: Lỗi HTTP 429 - product id: 248931707, thử lại 1/3
2025-09-29 21:28:13,704 WARNING: Lỗi HTTP 404: Không tim thấy product id - product id: 248884068
2025-09-29 21:28:13,840 WARNING: Lỗi HTTP 429 - product id: 248941138, thử lại 1/3
2025-09-29 21:28:14,245 WARNING: Lỗi HTTP 429 - product id: 248982885, thử lại 1/3
2025-09-29 21:28:14,334 WARNING: Lỗi HTTP 429 - product id: 248989406, thử lại 1/3
2025-09-29 21:28:14,358 WARNING: Lỗi HTTP 404: Không tim thấy product id - product id: 248916220
2025-09-29 21:28:14,457 WARNING: Lỗi HTTP 404: Không tim thấy product id - product id: 249017750
2025-09-29 21:28:14,897 WARNING: Lỗi HTTP 429 - product id: 249007687, thử lại 1/3
2025-09-29 21:28:15,136 WARNING: Lỗi HTTP 429 - product id: 249012386, thử lại 1/3
2025-09-29 21:28:16,594 WARNING: Lỗi HTTP 429 - product id: 248759575, thử lại 1/3
2025-09-29 21:28:16,630 WARNING: Lỗi HTTP 429 - product id: 248760089, thử lại 1/3
2025-09-29 21:28:16,641 WARNING: Lỗi HTTP 429 - product id: 248761086, thử lại 1/3
2025-09-29 21:28:17,343 WARNING: Lỗi HTTP 429 - product id: 248783036, thử lại 1/3
2025-09-29 21:28:17,436 WARNING: Lỗi HTTP 429 - product id: 248788006, thử lại 1/3
2025-09-29 21:28:17,691 WARNING: Lỗi HTTP 429 - product id: 248793695, thử lại 1/3
2025-09-29 21:28:17,785 WARNING: Lỗi HTTP 429 - product id: 248797854, thử lại 1/3
2025-09-29 21:28:17,845 WARNING: Lỗi HTTP 429 - product id: 248800023, thử lại 1/3
2025-09-29 21:28:17,959 WARNING: Lỗi HTTP 404: Không tim thấy product id - product id: 248777924
2025-09-29 21:28:18,055 WARNING: Lỗi HTTP 404: Không tim thấy product id - product id: 248783003
2025-09-29 21:28:18,290 WARNING: Lỗi HTTP 429 - product id: 249032139, thử lại 1/3
2025-09-29 21:28:18,539 WARNING: Lỗi HTTP 429 - product id: 249033010, thử lại 1/3
2025-09-29 21:28:18,539 WARNING: Lỗi HTTP 429 - product id: 249035500, thử lại 1/3
2025-09-29 21:28:18,629 WARNING: Lỗi HTTP 429 - product id: 249050880, thử lại 1/3
2025-09-29 21:28:19,086 WARNING: Lỗi HTTP 429 - product id: 249091286, thử lại 1/3
2025-09-29 21:28:19,186 WARNING: Lỗi HTTP 429 - product id: 249093056, thử lại 1/3
2025-09-29 21:28:19,240 WARNING: Lỗi HTTP 429 - product id: 249093267, thử lại 1/3
2025-09-29 21:28:19,383 WARNING: Lỗi HTTP 429 - product id: 249143955, thử lại 1/3
2025-09-29 21:28:19,389 WARNING: Lỗi HTTP 429 - product id: 249144648, thử lại 1/3
2025-09-29 21:28:19,688 WARNING: Lỗi HTTP 429 - product id: 249152994, thử lại 1/3
2025-09-29 21:28:19,737 WARNING: Lỗi HTTP 429 - product id: 249153065, thử lại 1/3
2025-09-29 21:28:19,932 WARNING: Lỗi HTTP 429 - product id: 248645642, thử lại 1/3
2025-09-29 21:28:19,989 WARNING: Lỗi HTTP 429 - product id: 248648408, thử lại 1/3
2025-09-29 21:28:20,139 WARNING: Lỗi HTTP 429 - product id: 248659714, thử lại 1/3
2025-09-29 21:28:20,236 WARNING: Lỗi HTTP 429 - product id: 248676558, thử lại 1/3
2025-09-29 21:28:20,913 WARNING: Lỗi HTTP 404: Không tim thấy product id - product id: 248644380
2025-09-29 21:28:23,345 INFO: Đã commit batch 184 (1000 sản phẩm)
2025-09-29 21:28:23,375 INFO: Đã ghi 990 sản phẩm vào file /home/quannh/projects_de/Lab_01/output/products_batch_184_990_ids.csv
2025-09-29 21:28:23,445 INFO: Đã insert 990 sản phẩm từ file /home/quannh/projects_de/Lab_01/output/products_batch_184_990_ids.csv vào database PostgeSQL
2025-09-29 21:28:23,467 INFO: Đã update lại status của batch 185 về pending để tiến hành crawl lại batch
2025-09-29 21:28:23,477 INFO: Bắt đầu crawl batch 185 (1000 sản phẩm)
2025-09-29 21:28:25,331 WARNING: Lỗi HTTP 429 - product id: 249252332, thử lại 1/3
2025-09-29 21:28:25,584 WARNING: Lỗi HTTP 429 - product id: 249575730, thử lại 1/3
2025-09-29 21:28:25,647 WARNING: Lỗi HTTP 429 - product id: 249579997, thử lại 1/3
2025-09-29 21:28:26,197 WARNING: Lỗi HTTP 429 - product id: 249603480, thử lại 1/3
2025-09-29 21:28:26,286 WARNING: Lỗi HTTP 429 - product id: 249638877, thử lại 1/3
2025-09-29 21:28:26,408 WARNING: Lỗi HTTP 404: Không tim thấy product id - product id: 249601277
2025-09-29 21:28:26,593 WARNING: Lỗi HTTP 429 - product id: 249657977, thử lại 1/3
2025-09-29 21:28:26,633 WARNING: Lỗi HTTP 429 - product id: 249660467, thử lại 1/3
2025-09-29 21:28:26,662 WARNING: Lỗi HTTP 429 - product id: 249662613, thử lại 1/3
2025-09-29 21:28:26,684 WARNING: Lỗi HTTP 429 - product id: 249663053, thử lại 1/3
2025-09-29 21:28:26,736 WARNING: Lỗi HTTP 429 - product id: 249664663, thử lại 1/3
2025-09-29 21:28:26,741 WARNING: Lỗi HTTP 429 - product id: 249664538, thử lại 1/3
2025-09-29 21:28:26,812 WARNING: Lỗi HTTP 429 - product id: 249667823, thử lại 1/3
2025-09-29 21:28:26,852 WARNING: Lỗi HTTP 404: Không tim thấy product id - product id: 249601697
2025-09-29 21:28:26,952 WARNING: Lỗi HTTP 404: Không tim thấy product id - product id: 249610710
2025-09-29 21:28:26,998 WARNING: Lỗi HTTP 404: Không tim thấy product id - product id: 249600827
2025-09-29 21:28:27,051 WARNING: Lỗi HTTP 404: Không tim thấy product id - product id: 249601462
2025-09-29 21:28:27,081 WARNING: Lỗi HTTP 429 - product id: 249684535, thử lại 1/3
2025-09-29 21:28:27,098 WARNING: Lỗi HTTP 404: Không tim thấy product id - product id: 249602001
2025-09-29 21:28:27,151 WARNING: Lỗi HTTP 404: Không tim thấy product id - product id: 249602668
2025-09-29 21:28:27,236 WARNING: Lỗi HTTP 429 - product id: 249687738, thử lại 1/3
2025-09-29 21:28:27,502 WARNING: Lỗi HTTP 404: Không tim thấy product id - product id: 249657398
2025-09-29 21:28:27,627 WARNING: Lỗi HTTP 429 - product id: 249200681, thử lại 1/3
2025-09-29 21:28:27,682 WARNING: Lỗi HTTP 429 - product id: 249201319, thử lại 1/3
2025-09-29 21:28:27,726 WARNING: Lỗi HTTP 429 - product id: 249201707, thử lại 1/3
2025-09-29 21:28:27,837 WARNING: Lỗi HTTP 429 - product id: 249203704, thử lại 1/3
2025-09-29 21:28:27,932 WARNING: Lỗi HTTP 429 - product id: 249259541, thử lại 1/3
2025-09-29 21:28:28,027 WARNING: Lỗi HTTP 429 - product id: 249260738, thử lại 1/3
2025-09-29 21:28:28,330 WARNING: Lỗi HTTP 429 - product id: 249269739, thử lại 1/3
2025-09-29 21:28:28,682 WARNING: Lỗi HTTP 429 - product id: 249290316, thử lại 1/3
2025-09-29 21:28:28,782 WARNING: Lỗi HTTP 429 - product id: 249293605, thử lại 1/3
2025-09-29 21:28:29,382 WARNING: Lỗi HTTP 429 - product id: 249387766, thử lại 1/3
2025-09-29 21:28:29,794 WARNING: Lỗi HTTP 404: Không tim thấy product id - product id: 249662613
2025-09-29 21:28:30,185 WARNING: Lỗi HTTP 429 - product id: 249684535, thử lại 2/3
2025-09-29 21:28:30,334 WARNING: Lỗi HTTP 429 - product id: 249531506, thử lại 1/3
2025-09-29 21:28:30,634 WARNING: Lỗi HTTP 429 - product id: 249570192, thử lại 1/3
2025-09-29 21:28:30,676 WARNING: Lỗi HTTP 429 - product id: 249570876, thử lại 1/3
2025-09-29 21:28:30,725 WARNING: Lỗi HTTP 429 - product id: 249573848, thử lại 1/3
2025-09-29 21:28:30,740 WARNING: Lỗi HTTP 429 - product id: 249200681, thử lại 2/3
2025-09-29 21:28:30,930 WARNING: Lỗi HTTP 429 - product id: 249580025, thử lại 1/3
2025-09-29 21:28:31,029 WARNING: Lỗi HTTP 429 - product id: 249181548, thử lại 1/3
2025-09-29 21:28:31,385 WARNING: Lỗi HTTP 429 - product id: 249192516, thử lại 1/3
2025-09-29 21:28:31,472 WARNING: Lỗi HTTP 429 - product id: 249174101, thử lại 1/3
2025-09-29 21:28:31,472 WARNING: Lỗi HTTP 429 - product id: 249174100, thử lại 1/3
2025-09-29 21:28:31,786 WARNING: Lỗi HTTP 429 - product id: 249188320, thử lại 1/3
2025-09-29 21:28:31,883 WARNING: Lỗi HTTP 429 - product id: 249293605, thử lại 2/3
2025-09-29 21:28:31,934 WARNING: Lỗi HTTP 429 - product id: 249195527, thử lại 1/3
2025-09-29 21:28:31,984 WARNING: Lỗi HTTP 429 - product id: 249196284, thử lại 1/3
2025-09-29 21:28:32,027 WARNING: Lỗi HTTP 429 - product id: 249197666, thử lại 1/3
2025-09-29 21:28:32,028 WARNING: Lỗi HTTP 429 - product id: 249197314, thử lại 1/3
2025-09-29 21:28:32,472 WARNING: Lỗi HTTP 429 - product id: 249259668, thử lại 1/3
2025-09-29 21:28:32,480 WARNING: Lỗi HTTP 429 - product id: 249259717, thử lại 1/3
2025-09-29 21:28:35,734 WARNING: Lỗi HTTP 429 - product id: 249221303, thử lại 1/3
2025-09-29 21:28:35,976 WARNING: Lỗi HTTP 429 - product id: 249228030, thử lại 1/3
2025-09-29 21:28:36,830 WARNING: Lỗi HTTP 429 - product id: 249247080, thử lại 1/3
2025-09-29 21:28:36,831 WARNING: Lỗi HTTP 429 - product id: 249246608, thử lại 1/3
2025-09-29 21:28:36,983 WARNING: Lỗi HTTP 429 - product id: 249248712, thử lại 1/3
2025-09-29 21:28:38,484 WARNING: Lỗi HTTP 429 - product id: 249646392, thử lại 1/3
2025-09-29 21:28:38,650 WARNING: Lỗi HTTP 404: Không tim thấy product id - product id: 249591076
2025-09-29 21:28:39,349 WARNING: Lỗi HTTP 404: Không tim thấy product id - product id: 249657975
2025-09-29 21:28:39,435 WARNING: Lỗi HTTP 429 - product id: 249689053, thử lại 1/3
2025-09-29 21:28:42,563 INFO: Đã commit batch 185 (1000 sản phẩm)
2025-09-29 21:28:42,595 INFO: Đã ghi 989 sản phẩm vào file /home/quannh/projects_de/Lab_01/output/products_batch_185_989_ids.csv
2025-09-29 21:28:42,645 INFO: Đã insert 989 sản phẩm từ file /home/quannh/projects_de/Lab_01/output/products_batch_185_989_ids.csv vào database PostgeSQL
2025-09-29 21:28:42,667 INFO: Đã update lại status của batch 186 về pending để tiến hành crawl lại batch
2025-09-29 21:28:42,677 INFO: Bắt đầu crawl batch 186 (1000 sản phẩm)
2025-09-29 21:28:44,506 WARNING: Lỗi HTTP 404: Không tim thấy product id - product id: 249947528
2025-09-29 21:28:46,737 WARNING: Lỗi HTTP 429 - product id: 249876167, thử lại 1/3
2025-09-29 21:28:46,783 WARNING: Lỗi HTTP 429 - product id: 249883852, thử lại 1/3
2025-09-29 21:28:46,848 WARNING: Lỗi HTTP 429 - product id: 249885292, thử lại 1/3
2025-09-29 21:28:46,930 WARNING: Lỗi HTTP 429 - product id: 249887121, thử lại 1/3
2025-09-29 21:28:46,933 WARNING: Lỗi HTTP 429 - product id: 249887461, thử lại 1/3
2025-09-29 21:28:47,446 WARNING: Lỗi HTTP 429 - product id: 250068647, thử lại 1/3
2025-09-29 21:28:47,482 WARNING: Lỗi HTTP 429 - product id: 250073130, thử lại 1/3
2025-09-29 21:28:47,483 WARNING: Lỗi HTTP 429 - product id: 250075719, thử lại 1/3
2025-09-29 21:28:47,839 WARNING: Lỗi HTTP 429 - product id: 250097325, thử lại 1/3
2025-09-29 21:28:48,895 WARNING: Lỗi HTTP 429 - product id: 250338769, thử lại 1/3
2025-09-29 21:28:48,934 WARNING: Lỗi HTTP 429 - product id: 250340909, thử lại 1/3
2025-09-29 21:28:48,945 WARNING: Lỗi HTTP 429 - product id: 250341513, thử lại 1/3
2025-09-29 21:28:48,952 WARNING: Lỗi HTTP 404: Không tim thấy product id - product id: 250100139
2025-09-29 21:28:48,984 WARNING: Lỗi HTTP 429 - product id: 250410243, thử lại 1/3
2025-09-29 21:28:48,985 WARNING: Lỗi HTTP 429 - product id: 250409246, thử lại 1/3
2025-09-29 21:28:49,032 WARNING: Lỗi HTTP 429 - product id: 250462573, thử lại 1/3
2025-09-29 21:28:49,090 WARNING: Lỗi HTTP 429 - product id: 250488143, thử lại 1/3
2025-09-29 21:28:49,353 WARNING: Lỗi HTTP 404: Không tim thấy product id - product id: 250118468
2025-09-29 21:28:49,837 WARNING: Lỗi HTTP 429 - product id: 249730853, thử lại 1/3
2025-09-29 21:28:49,839 WARNING: Lỗi HTTP 429 - product id: 249737540, thử lại 1/3
2025-09-29 21:28:49,890 WARNING: Lỗi HTTP 429 - product id: 249738479, thử lại 1/3
2025-09-29 21:28:50,336 WARNING: Lỗi HTTP 429 - product id: 249764645, thử lại 1/3
2025-09-29 21:28:53,832 WARNING: Lỗi HTTP 429 - product id: 250004112, thử lại 1/3
2025-09-29 21:28:53,982 WARNING: Lỗi HTTP 429 - product id: 250007229, thử lại 1/3
2025-09-29 21:28:54,034 WARNING: Lỗi HTTP 429 - product id: 250020588, thử lại 1/3
2025-09-29 21:28:54,045 WARNING: Lỗi HTTP 429 - product id: 250027856, thử lại 1/3
2025-09-29 21:28:54,200 WARNING: Lỗi HTTP 404: Không tim thấy product id - product id: 250010817
2025-09-29 21:28:54,685 WARNING: Lỗi HTTP 429 - product id: 250094964, thử lại 1/3
2025-09-29 21:28:54,734 WARNING: Lỗi HTTP 429 - product id: 250096105, thử lại 1/3
2025-09-29 21:28:54,837 WARNING: Lỗi HTTP 429 - product id: 250101406, thử lại 1/3
2025-09-29 21:28:55,003 WARNING: Lỗi HTTP 404: Không tim thấy product id - product id: 250099921
2025-09-29 21:28:55,191 WARNING: Lỗi HTTP 429 - product id: 250112854, thử lại 1/3
2025-09-29 21:28:55,333 WARNING: Lỗi HTTP 429 - product id: 250135109, thử lại 1/3
2025-09-29 21:28:55,384 WARNING: Lỗi HTTP 429 - product id: 250186480, thử lại 1/3
2025-09-29 21:28:55,385 WARNING: Lỗi HTTP 429 - product id: 250192095, thử lại 1/3
2025-09-29 21:28:55,506 WARNING: Lỗi HTTP 404: Không tim thấy product id - product id: 250086235
2025-09-29 21:28:55,582 WARNING: Lỗi HTTP 429 - product id: 250338739, thử lại 1/3
2025-09-29 21:28:55,753 WARNING: Lỗi HTTP 404: Không tim thấy product id - product id: 250099753
2025-09-29 21:28:56,136 WARNING: Lỗi HTTP 429 - product id: 249938623, thử lại 1/3
2025-09-29 21:28:56,206 WARNING: Lỗi HTTP 404: Không tim thấy product id - product id: 250117849
2025-09-29 21:28:58,382 WARNING: Lỗi HTTP 429 - product id: 251013815, thử lại 1/3
2025-09-29 21:28:58,441 WARNING: Lỗi HTTP 429 - product id: 251014293, thử lại 1/3
2025-09-29 21:29:01,563 INFO: Đã commit batch 186 (1000 sản phẩm)
2025-09-29 21:29:01,593 INFO: Đã ghi 992 sản phẩm vào file /home/quannh/projects_de/Lab_01/output/products_batch_186_992_ids.csv
2025-09-29 21:29:01,640 INFO: Đã insert 992 sản phẩm từ file /home/quannh/projects_de/Lab_01/output/products_batch_186_992_ids.csv vào database PostgeSQL
2025-09-29 21:29:01,663 INFO: Đã update lại status của batch 187 về pending để tiến hành crawl lại batch
2025-09-29 21:29:01,673 INFO: Bắt đầu crawl batch 187 (1000 sản phẩm)
2025-09-29 21:29:02,477 WARNING: Lỗi HTTP 429 - product id: 251517964, thử lại 1/3
2025-09-29 21:29:02,478 WARNING: Lỗi HTTP 429 - product id: 251518066, thử lại 1/3
2025-09-29 21:29:02,624 WARNING: Lỗi HTTP 429 - product id: 251531761, thử lại 1/3
2025-09-29 21:29:03,206 WARNING: Lỗi HTTP 404: Không tim thấy product id - product id: 251536679
2025-09-29 21:29:03,251 WARNING: Lỗi HTTP 404: Không tim thấy product id - product id: 251536998
2025-09-29 21:29:03,299 WARNING: Lỗi HTTP 404: Không tim thấy product id - product id: 251537022
2025-09-29 21:29:03,500 WARNING: Lỗi HTTP 404: Không tim thấy product id - product id: 251536707
2025-09-29 21:29:04,150 WARNING: Lỗi HTTP 404: Không tim thấy product id - product id: 251590836
2025-09-29 21:29:05,678 WARNING: Lỗi HTTP 429 - product id: 252220936, thử lại 1/3
2025-09-29 21:29:05,737 WARNING: Lỗi HTTP 429 - product id: 252259593, thử lại 1/3
2025-09-29 21:29:05,784 WARNING: Lỗi HTTP 429 - product id: 252261397, thử lại 1/3
2025-09-29 21:29:05,784 WARNING: Lỗi HTTP 429 - product id: 251518066, thử lại 2/3
2025-09-29 21:29:05,832 WARNING: Lỗi HTTP 429 - product id: 252262236, thử lại 1/3
2025-09-29 21:29:06,068 WARNING: Lỗi HTTP 404: Không tim thấy product id - product id: 252211869
2025-09-29 21:29:06,199 WARNING: Lỗi HTTP 404: Không tim thấy product id - product id: 252177965
2025-09-29 21:29:06,599 WARNING: Lỗi HTTP 404: Không tim thấy product id - product id: 251590785
2025-09-29 21:29:07,303 WARNING: Lỗi HTTP 404: Không tim thấy product id - product id: 251751008
2025-09-29 21:29:07,349 WARNING: Lỗi HTTP 404: Không tim thấy product id - product id: 251772966
2025-09-29 21:29:07,449 WARNING: Lỗi HTTP 404: Không tim thấy product id - product id: 251921456
2025-09-29 21:29:08,021 WARNING: Lỗi HTTP 429 - product id: 252052268, thử lại 1/3
2025-09-29 21:29:08,086 WARNING: Lỗi HTTP 429 - product id: 252054486, thử lại 1/3
2025-09-29 21:29:08,185 WARNING: Lỗi HTTP 429 - product id: 252061007, thử lại 1/3
2025-09-29 21:29:08,277 WARNING: Lỗi HTTP 429 - product id: 252063995, thử lại 1/3
2025-09-29 21:29:08,279 WARNING: Lỗi HTTP 429 - product id: 252064110, thử lại 1/3
2025-09-29 21:29:08,529 WARNING: Lỗi HTTP 429 - product id: 252072311, thử lại 1/3
2025-09-29 21:29:09,699 WARNING: Lỗi HTTP 404: Không tim thấy product id - product id: 251102827
2025-09-29 21:29:09,800 WARNING: Lỗi HTTP 404: Không tim thấy product id - product id: 251770063
2025-09-29 21:29:09,901 WARNING: Lỗi HTTP 404: Không tim thấy product id - product id: 251772917
2025-09-29 21:29:09,947 WARNING: Lỗi HTTP 404: Không tim thấy product id - product id: 251262713
2025-09-29 21:29:10,002 WARNING: Lỗi HTTP 404: Không tim thấy product id - product id: 251262923
2025-09-29 21:29:10,048 WARNING: Lỗi HTTP 404: Không tim thấy product id - product id: 251773322
2025-09-29 21:29:10,148 WARNING: Lỗi HTTP 404: Không tim thấy product id - product id: 251265281
2025-09-29 21:29:10,198 WARNING: Lỗi HTTP 404: Không tim thấy product id - product id: 251265309
2025-09-29 21:29:10,199 WARNING: Lỗi HTTP 404: Không tim thấy product id - product id: 251265337
2025-09-29 21:29:10,249 WARNING: Lỗi HTTP 404: Không tim thấy product id - product id: 251265414
2025-09-29 21:29:10,249 WARNING: Lỗi HTTP 404: Không tim thấy product id - product id: 251265358
2025-09-29 21:29:10,298 WARNING: Lỗi HTTP 404: Không tim thấy product id - product id: 251265401
2025-09-29 21:29:10,346 WARNING: Lỗi HTTP 404: Không tim thấy product id - product id: 251265495
2025-09-29 21:29:12,745 WARNING: Lỗi HTTP 404: Không tim thấy product id - product id: 252279274
2025-09-29 21:29:12,950 WARNING: Lỗi HTTP 404: Không tim thấy product id - product id: 251265507
2025-09-29 21:29:13,000 WARNING: Lỗi HTTP 404: Không tim thấy product id - product id: 251267032
2025-09-29 21:29:13,002 WARNING: Lỗi HTTP 404: Không tim thấy product id - product id: 251267028
2025-09-29 21:29:13,025 WARNING: Lỗi HTTP 429 - product id: 251394890, thử lại 1/3
2025-09-29 21:29:13,026 WARNING: Lỗi HTTP 429 - product id: 251395194, thử lại 1/3
2025-09-29 21:29:13,050 WARNING: Lỗi HTTP 404: Không tim thấy product id - product id: 251267048
2025-09-29 21:29:13,089 WARNING: Lỗi HTTP 429 - product id: 251400188, thử lại 1/3
2025-09-29 21:29:13,783 WARNING: Lỗi HTTP 429 - product id: 251475312, thử lại 1/3
2025-09-29 21:29:13,874 WARNING: Lỗi HTTP 429 - product id: 251515591, thử lại 1/3
2025-09-29 21:29:13,878 WARNING: Lỗi HTTP 429 - product id: 251517318, thử lại 1/3
2025-09-29 21:29:14,403 WARNING: Lỗi HTTP 404: Không tim thấy product id - product id: 251536923
2025-09-29 21:29:14,437 WARNING: Lỗi HTTP 429 - product id: 251552609, thử lại 1/3
2025-09-29 21:29:14,585 WARNING: Lỗi HTTP 429 - product id: 251576218, thử lại 1/3
2025-09-29 21:29:14,679 WARNING: Lỗi HTTP 429 - product id: 251583530, thử lại 1/3
2025-09-29 21:29:15,097 WARNING: Lỗi HTTP 404: Không tim thấy product id - product id: 251536737
2025-09-29 21:29:15,101 WARNING: Lỗi HTTP 404: Không tim thấy product id - product id: 251536661
2025-09-29 21:29:15,148 WARNING: Lỗi HTTP 404: Không tim thấy product id - product id: 251536700
2025-09-29 21:29:15,199 WARNING: Lỗi HTTP 404: Không tim thấy product id - product id: 251536925
2025-09-29 21:29:15,250 WARNING: Lỗi HTTP 404: Không tim thấy product id - product id: 251536952
2025-09-29 21:29:15,398 WARNING: Lỗi HTTP 404: Không tim thấy product id - product id: 251550541
2025-09-29 21:29:15,453 WARNING: Lỗi HTTP 404: Không tim thấy product id - product id: 251573204
2025-09-29 21:29:15,532 WARNING: Lỗi HTTP 429 - product id: 252131288, thử lại 1/3
2025-09-29 21:29:16,230 WARNING: Lỗi HTTP 429 - product id: 252179413, thử lại 1/3
2025-09-29 21:29:18,147 WARNING: Lỗi HTTP 404: Không tim thấy product id - product id: 251265307
2025-09-29 21:29:18,196 WARNING: Lỗi HTTP 404: Không tim thấy product id - product id: 251265476
2025-09-29 21:29:18,197 WARNING: Lỗi HTTP 404: Không tim thấy product id - product id: 251265261
2025-09-29 21:29:18,252 WARNING: Lỗi HTTP 404: Không tim thấy product id - product id: 251265271
2025-09-29 21:29:18,298 WARNING: Lỗi HTTP 404: Không tim thấy product id - product id: 251265341
2025-09-29 21:29:18,306 WARNING: Lỗi HTTP 404: Không tim thấy product id - product id: 251265412
2025-09-29 21:29:18,350 WARNING: Lỗi HTTP 404: Không tim thấy product id - product id: 251265500
2025-09-29 21:29:19,364 INFO: Đã commit batch 187 (1000 sản phẩm)
2025-09-29 21:29:19,392 INFO: Đã ghi 956 sản phẩm vào file /home/quannh/projects_de/Lab_01/output/products_batch_187_956_ids.csv
2025-09-29 21:29:19,435 INFO: Đã insert 956 sản phẩm từ file /home/quannh/projects_de/Lab_01/output/products_batch_187_956_ids.csv vào database PostgeSQL
2025-09-29 21:29:19,456 INFO: Đã update lại status của batch 188 về pending để tiến hành crawl lại batch
2025-09-29 21:29:19,466 INFO: Bắt đầu crawl batch 188 (1000 sản phẩm)
2025-09-29 21:29:19,878 WARNING: Lỗi HTTP 429 - product id: 252600362, thử lại 1/3
2025-09-29 21:29:20,279 WARNING: Lỗi HTTP 429 - product id: 252612364, thử lại 1/3
2025-09-29 21:29:20,827 WARNING: Lỗi HTTP 429 - product id: 252628362, thử lại 1/3
2025-09-29 21:29:20,828 WARNING: Lỗi HTTP 429 - product id: 252627558, thử lại 1/3
2025-09-29 21:29:22,079 WARNING: Lỗi HTTP 429 - product id: 252763099, thử lại 1/3
2025-09-29 21:29:23,043 WARNING: Lỗi HTTP 404: Không tim thấy product id - product id: 252357193
2025-09-29 21:29:24,725 WARNING: Lỗi HTTP 429 - product id: 252676248, thử lại 1/3
2025-09-29 21:29:24,929 WARNING: Lỗi HTTP 429 - product id: 252710394, thử lại 1/3
2025-09-29 21:29:24,931 WARNING: Lỗi HTTP 429 - product id: 252710684, thử lại 1/3
2025-09-29 21:29:24,980 WARNING: Lỗi HTTP 429 - product id: 252710759, thử lại 1/3
2025-09-29 21:29:26,430 WARNING: Lỗi HTTP 404: Không tim thấy product id - product id: 252720992
2025-09-29 21:29:27,596 WARNING: Lỗi HTTP 404: Không tim thấy product id - product id: 252356056
2025-09-29 21:29:32,545 WARNING: Lỗi HTTP 404: Không tim thấy product id - product id: 252757905
2025-09-29 21:29:34,522 WARNING: Lỗi HTTP 429 - product id: 252661773, thử lại 1/3
2025-09-29 21:29:34,926 WARNING: Lỗi HTTP 429 - product id: 252762906, thử lại 1/3
2025-09-29 21:29:35,020 WARNING: Lỗi HTTP 429 - product id: 252763674, thử lại 1/3
2025-09-29 21:29:35,032 WARNING: Lỗi HTTP 429 - product id: 252292830, thử lại 1/3
2025-09-29 21:29:35,120 WARNING: Lỗi HTTP 429 - product id: 252304933, thử lại 1/3
2025-09-29 21:29:35,122 WARNING: Lỗi HTTP 429 - product id: 252311776, thử lại 1/3
2025-09-29 21:29:38,228 INFO: Đã commit batch 188 (1000 sản phẩm)
2025-09-29 21:29:38,258 INFO: Đã ghi 996 sản phẩm vào file /home/quannh/projects_de/Lab_01/output/products_batch_188_996_ids.csv
2025-09-29 21:29:38,307 INFO: Đã insert 996 sản phẩm từ file /home/quannh/projects_de/Lab_01/output/products_batch_188_996_ids.csv vào database PostgeSQL
2025-09-29 21:29:38,329 INFO: Đã update lại status của batch 189 về pending để tiến hành crawl lại batch
2025-09-29 21:29:38,339 INFO: Bắt đầu crawl batch 189 (1000 sản phẩm)
2025-09-29 21:29:42,717 WARNING: Lỗi HTTP 404: Không tim thấy product id - product id: 252887336
2025-09-29 21:29:44,068 WARNING: Lỗi HTTP 404: Không tim thấy product id - product id: 253111307
2025-09-29 21:29:45,648 WARNING: Lỗi HTTP 429 - product id: 252764482, thử lại 1/3
2025-09-29 21:29:48,065 WARNING: Lỗi HTTP 404: Không tim thấy product id - product id: 252882714
2025-09-29 21:29:49,036 WARNING: Lỗi HTTP 429 - product id: 253111510, thử lại 1/3
2025-09-29 21:29:49,096 WARNING: Lỗi HTTP 429 - product id: 253116073, thử lại 1/3
2025-09-29 21:29:49,097 WARNING: Lỗi HTTP 429 - product id: 253116438, thử lại 1/3
2025-09-29 21:29:49,155 WARNING: Lỗi HTTP 429 - product id: 253120259, thử lại 1/3
2025-09-29 21:29:49,195 WARNING: Lỗi HTTP 429 - product id: 253122312, thử lại 1/3
2025-09-29 21:29:49,298 WARNING: Lỗi HTTP 429 - product id: 253125412, thử lại 1/3
2025-09-29 21:29:49,345 WARNING: Lỗi HTTP 429 - product id: 253129083, thử lại 1/3
2025-09-29 21:29:49,447 WARNING: Lỗi HTTP 429 - product id: 253135455, thử lại 1/3
2025-09-29 21:29:49,463 WARNING: Lỗi HTTP 404: Không tim thấy product id - product id: 253041020
2025-09-29 21:29:49,494 WARNING: Lỗi HTTP 429 - product id: 253135681, thử lại 1/3
2025-09-29 21:29:49,545 WARNING: Lỗi HTTP 429 - product id: 253140521, thử lại 1/3
2025-09-29 21:29:49,749 WARNING: Lỗi HTTP 429 - product id: 253145997, thử lại 1/3
2025-09-29 21:29:49,754 WARNING: Lỗi HTTP 429 - product id: 253146566, thử lại 1/3
2025-09-29 21:29:49,817 WARNING: Lỗi HTTP 429 - product id: 253147511, thử lại 1/3
2025-09-29 21:29:49,837 WARNING: Lỗi HTTP 429 - product id: 253147513, thử lại 1/3
2025-09-29 21:29:49,870 WARNING: Lỗi HTTP 404: Không tim thấy product id - product id: 253146662
2025-09-29 21:29:50,099 WARNING: Lỗi HTTP 429 - product id: 253152837, thử lại 1/3
2025-09-29 21:29:50,355 WARNING: Lỗi HTTP 429 - product id: 253163130, thử lại 1/3
2025-09-29 21:29:51,368 WARNING: Lỗi HTTP 404: Không tim thấy product id - product id: 253184152
2025-09-29 21:29:51,746 WARNING: Lỗi HTTP 429 - product id: 253056564, thử lại 1/3
2025-09-29 21:29:51,751 WARNING: Lỗi HTTP 429 - product id: 253056717, thử lại 1/3
2025-09-29 21:29:52,396 WARNING: Lỗi HTTP 429 - product id: 253072852, thử lại 1/3
2025-09-29 21:29:52,448 WARNING: Lỗi HTTP 429 - product id: 253073394, thử lại 1/3
2025-09-29 21:29:52,539 WARNING: Lỗi HTTP 429 - product id: 253074116, thử lại 1/3
2025-09-29 21:29:52,546 WARNING: Lỗi HTTP 429 - product id: 253074328, thử lại 1/3
2025-09-29 21:29:52,598 WARNING: Lỗi HTTP 429 - product id: 253074686, thử lại 1/3
2025-09-29 21:29:52,599 WARNING: Lỗi HTTP 429 - product id: 253135681, thử lại 2/3
2025-09-29 21:29:52,642 WARNING: Lỗi HTTP 429 - product id: 253074870, thử lại 1/3
2025-09-29 21:29:52,647 WARNING: Lỗi HTTP 429 - product id: 253140521, thử lại 2/3
2025-09-29 21:29:52,751 WARNING: Lỗi HTTP 429 - product id: 253076214, thử lại 1/3
2025-09-29 21:29:52,848 WARNING: Lỗi HTTP 429 - product id: 253076899, thử lại 1/3
2025-09-29 21:29:52,903 WARNING: Lỗi HTTP 429 - product id: 253077132, thử lại 1/3
2025-09-29 21:29:52,999 WARNING: Lỗi HTTP 429 - product id: 253077914, thử lại 1/3
2025-09-29 21:29:53,052 WARNING: Lỗi HTTP 429 - product id: 253078828, thử lại 1/3
2025-09-29 21:29:53,066 WARNING: Lỗi HTTP 404: Không tim thấy product id - product id: 253116073
2025-09-29 21:29:53,391 WARNING: Lỗi HTTP 429 - product id: 253091452, thử lại 1/3
2025-09-29 21:29:53,450 WARNING: Lỗi HTTP 429 - product id: 253091482, thử lại 1/3
2025-09-29 21:29:53,796 WARNING: Lỗi HTTP 429 - product id: 253101431, thử lại 1/3
2025-09-29 21:29:53,845 WARNING: Lỗi HTTP 429 - product id: 253182299, thử lại 1/3
2025-09-29 21:29:53,942 WARNING: Lỗi HTTP 429 - product id: 253184657, thử lại 1/3
2025-09-29 21:29:54,092 WARNING: Lỗi HTTP 429 - product id: 253189230, thử lại 1/3
2025-09-29 21:29:54,917 WARNING: Lỗi HTTP 404: Không tim thấy product id - product id: 253193479
2025-09-29 21:29:55,015 WARNING: Lỗi HTTP 404: Không tim thấy product id - product id: 253186947
2025-09-29 21:29:55,515 WARNING: Lỗi HTTP 404: Không tim thấy product id - product id: 253073394
2025-09-29 21:29:58,756 INFO: Đã commit batch 189 (1000 sản phẩm)
2025-09-29 21:29:58,785 INFO: Đã ghi 990 sản phẩm vào file /home/quannh/projects_de/Lab_01/output/products_batch_189_990_ids.csv
2025-09-29 21:29:58,830 INFO: Đã insert 990 sản phẩm từ file /home/quannh/projects_de/Lab_01/output/products_batch_189_990_ids.csv vào database PostgeSQL
2025-09-29 21:29:58,852 INFO: Đã update lại status của batch 190 về pending để tiến hành crawl lại batch
2025-09-29 21:29:58,862 INFO: Bắt đầu crawl batch 190 (1000 sản phẩm)
2025-09-29 21:29:58,938 WARNING: Lỗi HTTP 429 - product id: 253268421, thử lại 1/3
2025-09-29 21:29:59,624 WARNING: Lỗi HTTP 429 - product id: 253276630, thử lại 1/3
2025-09-29 21:29:59,720 WARNING: Lỗi HTTP 429 - product id: 253277663, thử lại 1/3
2025-09-29 21:29:59,819 WARNING: Lỗi HTTP 429 - product id: 253277700, thử lại 1/3
2025-09-29 21:29:59,917 WARNING: Lỗi HTTP 429 - product id: 253277794, thử lại 1/3
2025-09-29 21:29:59,918 WARNING: Lỗi HTTP 429 - product id: 253277819, thử lại 1/3
2025-09-29 21:30:00,025 WARNING: Lỗi HTTP 429 - product id: 253277877, thử lại 1/3
2025-09-29 21:30:00,026 WARNING: Lỗi HTTP 429 - product id: 253277890, thử lại 1/3
2025-09-29 21:30:00,065 WARNING: Lỗi HTTP 429 - product id: 253277899, thử lại 1/3
2025-09-29 21:30:00,322 WARNING: Lỗi HTTP 429 - product id: 253278070, thử lại 1/3
2025-09-29 21:30:00,372 WARNING: Lỗi HTTP 429 - product id: 253278094, thử lại 1/3
2025-09-29 21:30:00,520 WARNING: Lỗi HTTP 429 - product id: 253278265, thử lại 1/3
2025-09-29 21:30:00,523 WARNING: Lỗi HTTP 429 - product id: 253278279, thử lại 1/3
2025-09-29 21:30:00,585 WARNING: Lỗi HTTP 429 - product id: 253278341, thử lại 1/3
2025-09-29 21:30:00,592 WARNING: Lỗi HTTP 429 - product id: 253278346, thử lại 1/3
2025-09-29 21:30:03,179 WARNING: Lỗi HTTP 429 - product id: 253227336, thử lại 1/3
2025-09-29 21:30:03,218 WARNING: Lỗi HTTP 429 - product id: 253277877, thử lại 2/3
2025-09-29 21:30:03,420 WARNING: Lỗi HTTP 429 - product id: 253233083, thử lại 1/3
2025-09-29 21:30:04,820 WARNING: Lỗi HTTP 429 - product id: 253279030, thử lại 1/3
2025-09-29 21:30:04,872 WARNING: Lỗi HTTP 429 - product id: 253279044, thử lại 1/3
2025-09-29 21:30:04,921 WARNING: Lỗi HTTP 429 - product id: 253279066, thử lại 1/3
2025-09-29 21:30:04,971 WARNING: Lỗi HTTP 429 - product id: 253279080, thử lại 1/3
2025-09-29 21:30:05,216 WARNING: Lỗi HTTP 429 - product id: 253279405, thử lại 1/3
2025-09-29 21:30:05,418 WARNING: Lỗi HTTP 429 - product id: 253279558, thử lại 1/3
2025-09-29 21:30:05,521 WARNING: Lỗi HTTP 429 - product id: 253279659, thử lại 1/3
2025-09-29 21:30:05,618 WARNING: Lỗi HTTP 429 - product id: 253279701, thử lại 1/3
2025-09-29 21:30:06,273 WARNING: Lỗi HTTP 429 - product id: 253296288, thử lại 1/3
2025-09-29 21:30:06,615 WARNING: Lỗi HTTP 429 - product id: 253306611, thử lại 1/3
2025-09-29 21:30:06,824 WARNING: Lỗi HTTP 429 - product id: 253197573, thử lại 1/3
2025-09-29 21:30:06,871 WARNING: Lỗi HTTP 429 - product id: 253197424, thử lại 1/3
2025-09-29 21:30:07,163 WARNING: Lỗi HTTP 429 - product id: 253223188, thử lại 1/3
2025-09-29 21:30:07,363 WARNING: Lỗi HTTP 429 - product id: 253227305, thử lại 1/3
2025-09-29 21:30:07,370 WARNING: Lỗi HTTP 429 - product id: 253227539, thử lại 1/3
2025-09-29 21:30:08,075 WARNING: Lỗi HTTP 429 - product id: 253278701, thử lại 1/3
2025-09-29 21:30:08,166 WARNING: Lỗi HTTP 429 - product id: 253278778, thử lại 1/3
2025-09-29 21:30:08,223 WARNING: Lỗi HTTP 429 - product id: 253278788, thử lại 1/3
2025-09-29 21:30:08,225 WARNING: Lỗi HTTP 429 - product id: 253278790, thử lại 1/3
2025-09-29 21:30:08,266 WARNING: Lỗi HTTP 429 - product id: 253278793, thử lại 1/3
2025-09-29 21:30:08,326 WARNING: Lỗi HTTP 429 - product id: 253278861, thử lại 1/3
2025-09-29 21:30:08,515 WARNING: Lỗi HTTP 429 - product id: 253278946, thử lại 1/3
2025-09-29 21:30:08,964 WARNING: Lỗi HTTP 429 - product id: 253279350, thử lại 1/3
2025-09-29 21:30:09,316 WARNING: Lỗi HTTP 429 - product id: 253279661, thử lại 1/3
2025-09-29 21:30:09,475 WARNING: Lỗi HTTP 429 - product id: 253279797, thử lại 1/3
2025-09-29 21:30:09,517 WARNING: Lỗi HTTP 429 - product id: 253279841, thử lại 1/3
2025-09-29 21:30:09,570 WARNING: Lỗi HTTP 429 - product id: 253279848, thử lại 1/3
2025-09-29 21:30:09,669 WARNING: Lỗi HTTP 429 - product id: 253279986, thử lại 1/3
2025-09-29 21:30:09,772 WARNING: Lỗi HTTP 429 - product id: 253280118, thử lại 1/3
2025-09-29 21:30:14,120 WARNING: Lỗi HTTP 429 - product id: 253280920, thử lại 1/3
2025-09-29 21:30:14,259 WARNING: Lỗi HTTP 429 - product id: 253281047, thử lại 1/3
2025-09-29 21:30:14,321 WARNING: Lỗi HTTP 429 - product id: 253281055, thử lại 1/3
2025-09-29 21:30:14,368 WARNING: Lỗi HTTP 429 - product id: 253281496, thử lại 1/3
2025-09-29 21:30:14,369 WARNING: Lỗi HTTP 429 - product id: 253281506, thử lại 1/3
2025-09-29 21:30:14,467 WARNING: Lỗi HTTP 429 - product id: 253284888, thử lại 1/3
2025-09-29 21:30:14,515 WARNING: Lỗi HTTP 429 - product id: 253285360, thử lại 1/3
2025-09-29 21:30:14,770 WARNING: Lỗi HTTP 429 - product id: 253293779, thử lại 1/3
2025-09-29 21:30:17,896 INFO: Đã commit batch 190 (1000 sản phẩm)
2025-09-29 21:30:17,917 INFO: Đã ghi 1000 sản phẩm vào file /home/quannh/projects_de/Lab_01/output/products_batch_190_1000_ids.csv
2025-09-29 21:30:17,947 INFO: Đã insert 1000 sản phẩm từ file /home/quannh/projects_de/Lab_01/output/products_batch_190_1000_ids.csv vào database PostgeSQL
2025-09-29 21:30:17,969 INFO: Đã update lại status của batch 191 về pending để tiến hành crawl lại batch
2025-09-29 21:30:17,979 INFO: Bắt đầu crawl batch 191 (1000 sản phẩm)
2025-09-29 21:30:18,287 WARNING: Lỗi HTTP 429 - product id: 253390400, thử lại 1/3
2025-09-29 21:30:18,582 WARNING: Lỗi HTTP 429 - product id: 253399866, thử lại 1/3
2025-09-29 21:30:19,582 WARNING: Lỗi HTTP 429 - product id: 253410660, thử lại 1/3
2025-09-29 21:30:20,278 WARNING: Lỗi HTTP 429 - product id: 253443724, thử lại 1/3
2025-09-29 21:30:20,387 WARNING: Lỗi HTTP 429 - product id: 253488333, thử lại 1/3
2025-09-29 21:30:20,484 WARNING: Lỗi HTTP 429 - product id: 253495095, thử lại 1/3
2025-09-29 21:30:20,580 WARNING: Lỗi HTTP 429 - product id: 253526094, thử lại 1/3
2025-09-29 21:30:20,582 WARNING: Lỗi HTTP 429 - product id: 253526238, thử lại 1/3
2025-09-29 21:30:20,878 WARNING: Lỗi HTTP 429 - product id: 253552716, thử lại 1/3
2025-09-29 21:30:20,981 WARNING: Lỗi HTTP 429 - product id: 253570064, thử lại 1/3
2025-09-29 21:30:20,984 WARNING: Lỗi HTTP 429 - product id: 253570931, thử lại 1/3
2025-09-29 21:30:21,951 WARNING: Lỗi HTTP 404: Không tim thấy product id - product id: 253614911
2025-09-29 21:30:22,002 WARNING: Lỗi HTTP 404: Không tim thấy product id - product id: 253614654
2025-09-29 21:30:23,036 WARNING: Lỗi HTTP 429 - product id: 253388405, thử lại 1/3
2025-09-29 21:30:25,838 WARNING: Lỗi HTTP 429 - product id: 253307844, thử lại 1/3
2025-09-29 21:30:25,985 WARNING: Lỗi HTTP 429 - product id: 253309888, thử lại 1/3
2025-09-29 21:30:25,987 WARNING: Lỗi HTTP 429 - product id: 253309933, thử lại 1/3
2025-09-29 21:30:26,189 WARNING: Lỗi HTTP 429 - product id: 253311266, thử lại 1/3
2025-09-29 21:30:26,297 WARNING: Lỗi HTTP 429 - product id: 253308966, thử lại 1/3
2025-09-29 21:30:26,328 WARNING: Lỗi HTTP 429 - product id: 253309231, thử lại 1/3
2025-09-29 21:30:26,358 WARNING: Lỗi HTTP 429 - product id: 253309460, thử lại 1/3
2025-09-29 21:30:26,378 WARNING: Lỗi HTTP 429 - product id: 253309474, thử lại 1/3
2025-09-29 21:30:26,392 WARNING: Lỗi HTTP 429 - product id: 253309750, thử lại 1/3
2025-09-29 21:30:26,444 WARNING: Lỗi HTTP 429 - product id: 253310509, thử lại 1/3
2025-09-29 21:30:26,484 WARNING: Lỗi HTTP 429 - product id: 253310940, thử lại 1/3
2025-09-29 21:30:28,606 WARNING: Lỗi HTTP 404: Không tim thấy product id - product id: 253350227
2025-09-29 21:30:33,654 WARNING: Lỗi HTTP 404: Không tim thấy product id - product id: 253620976
2025-09-29 21:30:34,278 WARNING: Lỗi HTTP 404: Không tim thấy product id - product id: 253664020
2025-09-29 21:30:34,849 INFO: Đã commit batch 191 (1000 sản phẩm)
2025-09-29 21:30:34,879 INFO: Đã ghi 995 sản phẩm vào file /home/quannh/projects_de/Lab_01/output/products_batch_191_995_ids.csv
2025-09-29 21:30:34,927 INFO: Đã insert 995 sản phẩm từ file /home/quannh/projects_de/Lab_01/output/products_batch_191_995_ids.csv vào database PostgeSQL
2025-09-29 21:30:34,950 INFO: Đã update lại status của batch 192 về pending để tiến hành crawl lại batch
2025-09-29 21:30:34,960 INFO: Bắt đầu crawl batch 192 (1000 sản phẩm)
2025-09-29 21:30:35,741 WARNING: Lỗi HTTP 404: Không tim thấy product id - product id: 254124238
2025-09-29 21:30:35,936 WARNING: Lỗi HTTP 404: Không tim thấy product id - product id: 254181075
2025-09-29 21:30:36,340 WARNING: Lỗi HTTP 404: Không tim thấy product id - product id: 254871744
2025-09-29 21:30:36,392 WARNING: Lỗi HTTP 404: Không tim thấy product id - product id: 254896890
2025-09-29 21:30:36,536 WARNING: Lỗi HTTP 404: Không tim thấy product id - product id: 254871760
2025-09-29 21:30:36,637 WARNING: Lỗi HTTP 404: Không tim thấy product id - product id: 254896507
2025-09-29 21:30:37,822 WARNING: Lỗi HTTP 429 - product id: 258820584, thử lại 1/3
2025-09-29 21:30:38,583 WARNING: Lỗi HTTP 404: Không tim thấy product id - product id: 258668703
2025-09-29 21:30:38,619 WARNING: Lỗi HTTP 429 - product id: 259478447, thử lại 1/3
2025-09-29 21:30:38,715 WARNING: Lỗi HTTP 429 - product id: 259480726, thử lại 1/3
2025-09-29 21:30:38,715 WARNING: Lỗi HTTP 429 - product id: 259480746, thử lại 1/3
2025-09-29 21:30:38,768 WARNING: Lỗi HTTP 429 - product id: 259482431, thử lại 1/3
2025-09-29 21:30:38,870 WARNING: Lỗi HTTP 429 - product id: 259485168, thử lại 1/3
2025-09-29 21:30:38,966 WARNING: Lỗi HTTP 429 - product id: 259486248, thử lại 1/3
2025-09-29 21:30:38,974 WARNING: Lỗi HTTP 429 - product id: 259486184, thử lại 1/3
2025-09-29 21:30:39,024 WARNING: Lỗi HTTP 429 - product id: 259487351, thử lại 1/3
2025-09-29 21:30:39,026 WARNING: Lỗi HTTP 429 - product id: 259487531, thử lại 1/3
2025-09-29 21:30:39,074 WARNING: Lỗi HTTP 429 - product id: 259487626, thử lại 1/3
2025-09-29 21:30:39,133 WARNING: Lỗi HTTP 429 - product id: 254093864, thử lại 1/3
2025-09-29 21:30:39,196 WARNING: Lỗi HTTP 429 - product id: 254113817, thử lại 1/3
2025-09-29 21:30:39,217 WARNING: Lỗi HTTP 429 - product id: 254114876, thử lại 1/3
2025-09-29 21:30:39,368 WARNING: Lỗi HTTP 429 - product id: 255996207, thử lại 1/3
2025-09-29 21:30:39,476 WARNING: Lỗi HTTP 429 - product id: 257516221, thử lại 1/3
2025-09-29 21:30:39,938 WARNING: Lỗi HTTP 404: Không tim thấy product id - product id: 259485900
2025-09-29 21:30:40,214 WARNING: Lỗi HTTP 429 - product id: 257763408, thử lại 1/3
2025-09-29 21:30:40,270 WARNING: Lỗi HTTP 429 - product id: 257766623, thử lại 1/3
2025-09-29 21:30:40,274 WARNING: Lỗi HTTP 429 - product id: 257766636, thử lại 1/3
2025-09-29 21:30:42,072 WARNING: Lỗi HTTP 429 - product id: 259486184, thử lại 2/3
2025-09-29 21:30:42,075 WARNING: Lỗi HTTP 429 - product id: 253731303, thử lại 1/3
2025-09-29 21:30:42,171 WARNING: Lỗi HTTP 429 - product id: 253782331, thử lại 1/3
2025-09-29 21:30:42,174 WARNING: Lỗi HTTP 429 - product id: 253782646, thử lại 1/3
2025-09-29 21:30:42,236 WARNING: Lỗi HTTP 429 - product id: 253889559, thử lại 1/3
2025-09-29 21:30:42,451 WARNING: Lỗi HTTP 404: Không tim thấy product id - product id: 253766925
2025-09-29 21:30:44,685 WARNING: Lỗi HTTP 404: Không tim thấy product id - product id: 255349730
2025-09-29 21:30:45,716 WARNING: Lỗi HTTP 429 - product id: 257773478, thử lại 1/3
2025-09-29 21:30:45,726 WARNING: Lỗi HTTP 429 - product id: 257773721, thử lại 1/3
2025-09-29 21:30:45,891 WARNING: Lỗi HTTP 429 - product id: 257786669, thử lại 1/3
2025-09-29 21:30:46,114 WARNING: Lỗi HTTP 429 - product id: 257844548, thử lại 1/3
2025-09-29 21:30:46,886 WARNING: Lỗi HTTP 404: Không tim thấy product id - product id: 257787201
2025-09-29 21:30:47,598 WARNING: Lỗi HTTP 404: Không tim thấy product id - product id: 254896768
2025-09-29 21:30:47,733 WARNING: Lỗi HTTP 404: Không tim thấy product id - product id: 254871792
2025-09-29 21:30:47,795 WARNING: Lỗi HTTP 404: Không tim thấy product id - product id: 254896486
2025-09-29 21:30:47,840 WARNING: Lỗi HTTP 404: Không tim thấy product id - product id: 254896794
2025-09-29 21:30:47,881 WARNING: Lỗi HTTP 404: Không tim thấy product id - product id: 254896809
2025-09-29 21:30:47,886 WARNING: Lỗi HTTP 404: Không tim thấy product id - product id: 254896526
2025-09-29 21:30:47,937 WARNING: Lỗi HTTP 404: Không tim thấy product id - product id: 254896904
2025-09-29 21:30:47,938 WARNING: Lỗi HTTP 404: Không tim thấy product id - product id: 254896832
2025-09-29 21:30:47,984 WARNING: Lỗi HTTP 404: Không tim thấy product id - product id: 254896992
2025-09-29 21:30:47,987 WARNING: Lỗi HTTP 404: Không tim thấy product id - product id: 254896847
2025-09-29 21:30:48,035 WARNING: Lỗi HTTP 404: Không tim thấy product id - product id: 254897050
2025-09-29 21:30:48,165 WARNING: Lỗi HTTP 429 - product id: 255293669, thử lại 1/3
2025-09-29 21:30:48,169 WARNING: Lỗi HTTP 429 - product id: 255293681, thử lại 1/3
2025-09-29 21:30:48,216 WARNING: Lỗi HTTP 429 - product id: 255294372, thử lại 1/3
2025-09-29 21:30:48,273 WARNING: Lỗi HTTP 429 - product id: 259486184, thử lại 3/3
2025-09-29 21:30:48,273 WARNING: Crawl thất bại sau 3 lần thử lại - product id: 259486184 - Lỗi HTTP 429
2025-09-29 21:30:49,387 WARNING: Lỗi HTTP 404: Không tim thấy product id - product id: 257925319
2025-09-29 21:30:50,288 WARNING: Lỗi HTTP 404: Không tim thấy product id - product id: 258610145
2025-09-29 21:30:55,703 WARNING: Lỗi HTTP 502 - product id: 255295025, thử lại 1/3
2025-09-29 21:30:57,200 WARNING: Lỗi HTTP 502 - product id: 258369087, thử lại 1/3
2025-09-29 21:30:57,915 WARNING: Lỗi HTTP 502 - product id: 259321205, thử lại 1/3
2025-09-29 21:31:16,090 ERROR: Lỗi exception  - product id: 257846857, thử lại 1/3
2025-09-29 21:31:16,090 ERROR: Lỗi exception  - product id: 257844555, thử lại 1/3
2025-09-29 21:31:19,331 INFO: Đã commit batch 192 (1000 sản phẩm)
2025-09-29 21:31:19,361 INFO: Đã ghi 975 sản phẩm vào file /home/quannh/projects_de/Lab_01/output/products_batch_192_975_ids.csv
2025-09-29 21:31:19,427 INFO: Đã insert 975 sản phẩm từ file /home/quannh/projects_de/Lab_01/output/products_batch_192_975_ids.csv vào database PostgeSQL
2025-09-29 21:31:19,450 INFO: Đã update lại status của batch 193 về pending để tiến hành crawl lại batch
2025-09-29 21:31:19,460 INFO: Bắt đầu crawl batch 193 (1000 sản phẩm)
2025-09-29 21:31:21,529 WARNING: Lỗi HTTP 429 - product id: 261802741, thử lại 1/3
2025-09-29 21:31:21,790 WARNING: Lỗi HTTP 404: Không tim thấy product id - product id: 260807322
2025-09-29 21:31:22,224 WARNING: Lỗi HTTP 429 - product id: 261812200, thử lại 1/3
2025-09-29 21:31:23,440 WARNING: Lỗi HTTP 404: Không tim thấy product id - product id: 261839476
2025-09-29 21:31:24,020 WARNING: Lỗi HTTP 429 - product id: 259563828, thử lại 1/3
2025-09-29 21:31:24,128 WARNING: Lỗi HTTP 429 - product id: 260814036, thử lại 1/3
2025-09-29 21:31:24,222 WARNING: Lỗi HTTP 429 - product id: 260818503, thử lại 1/3
2025-09-29 21:31:24,473 WARNING: Lỗi HTTP 429 - product id: 260917984, thử lại 1/3
2025-09-29 21:31:24,632 WARNING: Lỗi HTTP 429 - product id: 260920218, thử lại 1/3
2025-09-29 21:31:24,832 WARNING: Lỗi HTTP 429 - product id: 260924707, thử lại 1/3
2025-09-29 21:31:25,126 WARNING: Lỗi HTTP 429 - product id: 260935734, thử lại 1/3
2025-09-29 21:31:25,223 WARNING: Lỗi HTTP 429 - product id: 260939119, thử lại 1/3
2025-09-29 21:31:25,328 WARNING: Lỗi HTTP 429 - product id: 260982409, thử lại 1/3
2025-09-29 21:31:25,477 WARNING: Lỗi HTTP 429 - product id: 261020817, thử lại 1/3
2025-09-29 21:31:25,525 WARNING: Lỗi HTTP 429 - product id: 261021405, thử lại 1/3
2025-09-29 21:31:25,827 WARNING: Lỗi HTTP 429 - product id: 261113544, thử lại 1/3
2025-09-29 21:31:26,291 WARNING: Lỗi HTTP 404: Không tim thấy product id - product id: 261798479
2025-09-29 21:31:26,438 WARNING: Lỗi HTTP 404: Không tim thấy product id - product id: 261072979
2025-09-29 21:31:26,740 WARNING: Lỗi HTTP 429 - product id: 259489462, thử lại 1/3
2025-09-29 21:31:27,030 WARNING: Lỗi HTTP 429 - product id: 259520148, thử lại 1/3
2025-09-29 21:31:27,124 WARNING: Lỗi HTTP 429 - product id: 259563828, thử lại 2/3
2025-09-29 21:31:27,718 WARNING: Lỗi HTTP 429 - product id: 260811876, thử lại 1/3
2025-09-29 21:31:27,720 WARNING: Lỗi HTTP 429 - product id: 260811878, thử lại 1/3
2025-09-29 21:31:27,824 WARNING: Lỗi HTTP 429 - product id: 260815294, thử lại 1/3
2025-09-29 21:31:27,890 WARNING: Lỗi HTTP 404: Không tim thấy product id - product id: 259514222
2025-09-29 21:31:28,280 WARNING: Lỗi HTTP 429 - product id: 260920177, thử lại 1/3
2025-09-29 21:31:28,934 WARNING: Lỗi HTTP 429 - product id: 260931831, thử lại 1/3
2025-09-29 21:31:29,079 WARNING: Lỗi HTTP 429 - product id: 260933048, thử lại 1/3
2025-09-29 21:31:29,322 WARNING: Lỗi HTTP 429 - product id: 260940668, thử lại 1/3
2025-09-29 21:31:29,730 WARNING: Lỗi HTTP 429 - product id: 261023745, thử lại 1/3
2025-09-29 21:31:29,780 WARNING: Lỗi HTTP 429 - product id: 261024807, thử lại 1/3
2025-09-29 21:31:29,874 WARNING: Lỗi HTTP 429 - product id: 261113520, thử lại 1/3
2025-09-29 21:31:30,682 WARNING: Lỗi HTTP 429 - product id: 260054656, thử lại 1/3
2025-09-29 21:31:31,482 WARNING: Lỗi HTTP 429 - product id: 260222479, thử lại 1/3
2025-09-29 21:31:31,525 WARNING: Lỗi HTTP 429 - product id: 260325927, thử lại 1/3
2025-09-29 21:31:31,586 WARNING: Lỗi HTTP 429 - product id: 260640691, thử lại 1/3
2025-09-29 21:31:31,593 WARNING: Lỗi HTTP 429 - product id: 260644135, thử lại 1/3
2025-09-29 21:31:31,629 WARNING: Lỗi HTTP 429 - product id: 260646149, thử lại 1/3
2025-09-29 21:31:31,647 WARNING: Lỗi HTTP 429 - product id: 260669060, thử lại 1/3
2025-09-29 21:31:31,682 WARNING: Lỗi HTTP 429 - product id: 260672511, thử lại 1/3
2025-09-29 21:31:31,727 WARNING: Lỗi HTTP 429 - product id: 260685679, thử lại 1/3
2025-09-29 21:31:31,752 WARNING: Lỗi HTTP 429 - product id: 260686349, thử lại 1/3
2025-09-29 21:31:31,977 WARNING: Lỗi HTTP 429 - product id: 260794049, thử lại 1/3
2025-09-29 21:31:32,380 WARNING: Lỗi HTTP 429 - product id: 260805042, thử lại 1/3
2025-09-29 21:31:32,403 WARNING: Lỗi HTTP 404: Không tim thấy product id - product id: 260797947
2025-09-29 21:31:32,702 WARNING: Lỗi HTTP 404: Không tim thấy product id - product id: 260805654
2025-09-29 21:31:32,802 WARNING: Lỗi HTTP 404: Không tim thấy product id - product id: 260810317
2025-09-29 21:31:33,383 WARNING: Lỗi HTTP 429 - product id: 261813507, thử lại 1/3
2025-09-29 21:31:33,493 WARNING: Lỗi HTTP 404: Không tim thấy product id - product id: 260807619
2025-09-29 21:31:33,625 WARNING: Lỗi HTTP 429 - product id: 261822013, thử lại 1/3
2025-09-29 21:31:34,390 WARNING: Lỗi HTTP 404: Không tim thấy product id - product id: 261815158
2025-09-29 21:31:35,394 WARNING: Lỗi HTTP 404: Không tim thấy product id - product id: 260640691
2025-09-29 21:31:36,749 INFO: Đã commit batch 193 (1000 sản phẩm)
2025-09-29 21:31:36,777 INFO: Đã ghi 989 sản phẩm vào file /home/quannh/projects_de/Lab_01/output/products_batch_193_989_ids.csv
2025-09-29 21:31:36,820 INFO: Đã insert 989 sản phẩm từ file /home/quannh/projects_de/Lab_01/output/products_batch_193_989_ids.csv vào database PostgeSQL
2025-09-29 21:31:36,842 INFO: Đã update lại status của batch 194 về pending để tiến hành crawl lại batch
2025-09-29 21:31:36,851 INFO: Bắt đầu crawl batch 194 (1000 sản phẩm)
2025-09-29 21:31:37,130 WARNING: Lỗi HTTP 404: Không tim thấy product id - product id: 261961817
2025-09-29 21:31:37,377 WARNING: Lỗi HTTP 404: Không tim thấy product id - product id: 261979001
2025-09-29 21:31:37,427 WARNING: Lỗi HTTP 404: Không tim thấy product id - product id: 261979052
2025-09-29 21:31:37,481 WARNING: Lỗi HTTP 404: Không tim thấy product id - product id: 261979084
2025-09-29 21:31:37,680 WARNING: Lỗi HTTP 404: Không tim thấy product id - product id: 261979037
2025-09-29 21:31:37,729 WARNING: Lỗi HTTP 404: Không tim thấy product id - product id: 261979067
2025-09-29 21:31:37,781 WARNING: Lỗi HTTP 404: Không tim thấy product id - product id: 261979157
2025-09-29 21:31:37,928 WARNING: Lỗi HTTP 404: Không tim thấy product id - product id: 261978932
2025-09-29 21:31:38,178 WARNING: Lỗi HTTP 404: Không tim thấy product id - product id: 261995759
2025-09-29 21:31:38,869 WARNING: Lỗi HTTP 429 - product id: 262097103, thử lại 1/3
2025-09-29 21:31:38,920 WARNING: Lỗi HTTP 429 - product id: 262097583, thử lại 1/3
2025-09-29 21:31:39,817 WARNING: Lỗi HTTP 429 - product id: 262102233, thử lại 1/3
2025-09-29 21:31:39,817 WARNING: Lỗi HTTP 429 - product id: 262102429, thử lại 1/3
2025-09-29 21:31:40,859 WARNING: Lỗi HTTP 429 - product id: 262022313, thử lại 1/3
2025-09-29 21:31:40,965 WARNING: Lỗi HTTP 429 - product id: 262024407, thử lại 1/3
2025-09-29 21:31:40,966 WARNING: Lỗi HTTP 429 - product id: 262026737, thử lại 1/3
2025-09-29 21:31:41,030 WARNING: Lỗi HTTP 429 - product id: 262036048, thử lại 1/3
2025-09-29 21:31:41,063 WARNING: Lỗi HTTP 429 - product id: 262036197, thử lại 1/3
2025-09-29 21:31:41,064 WARNING: Lỗi HTTP 429 - product id: 262036955, thử lại 1/3
2025-09-29 21:31:41,064 WARNING: Lỗi HTTP 429 - product id: 262043361, thử lại 1/3
2025-09-29 21:31:41,219 WARNING: Lỗi HTTP 429 - product id: 262049056, thử lại 1/3
2025-09-29 21:31:41,463 WARNING: Lỗi HTTP 429 - product id: 262053056, thử lại 1/3
2025-09-29 21:31:41,614 WARNING: Lỗi HTTP 429 - product id: 262054230, thử lại 1/3
2025-09-29 21:31:42,016 WARNING: Lỗi HTTP 429 - product id: 262069297, thử lại 1/3
2025-09-29 21:31:42,113 WARNING: Lỗi HTTP 429 - product id: 262073802, thử lại 1/3
2025-09-29 21:31:42,832 WARNING: Lỗi HTTP 404: Không tim thấy product id - product id: 262082309
2025-09-29 21:31:42,909 WARNING: Lỗi HTTP 429 - product id: 262090331, thử lại 1/3
2025-09-29 21:31:42,910 WARNING: Lỗi HTTP 429 - product id: 262090466, thử lại 1/3
2025-09-29 21:31:43,008 WARNING: Lỗi HTTP 429 - product id: 262132935, thử lại 1/3
2025-09-29 21:31:43,063 WARNING: Lỗi HTTP 429 - product id: 262133706, thử lại 1/3
2025-09-29 21:31:43,066 WARNING: Lỗi HTTP 429 - product id: 262134670, thử lại 1/3
2025-09-29 21:31:43,512 WARNING: Lỗi HTTP 429 - product id: 262036113, thử lại 1/3
2025-09-29 21:31:43,568 WARNING: Lỗi HTTP 429 - product id: 262043442, thử lại 1/3
2025-09-29 21:31:43,612 WARNING: Lỗi HTTP 429 - product id: 262043971, thử lại 1/3
2025-09-29 21:31:44,765 WARNING: Lỗi HTTP 429 - product id: 262054230, thử lại 2/3
2025-09-29 21:31:44,818 WARNING: Lỗi HTTP 429 - product id: 262067647, thử lại 1/3
2025-09-29 21:31:44,832 WARNING: Lỗi HTTP 429 - product id: 262068021, thử lại 1/3
2025-09-29 21:31:44,865 WARNING: Lỗi HTTP 429 - product id: 262068303, thử lại 1/3
2025-09-29 21:31:44,947 WARNING: Lỗi HTTP 429 - product id: 262073563, thử lại 1/3
2025-09-29 21:31:44,963 WARNING: Lỗi HTTP 429 - product id: 262073847, thử lại 1/3
2025-09-29 21:31:45,019 WARNING: Lỗi HTTP 429 - product id: 262076089, thử lại 1/3
2025-09-29 21:31:45,869 WARNING: Lỗi HTTP 429 - product id: 262091073, thử lại 1/3
2025-09-29 21:31:46,014 WARNING: Lỗi HTTP 429 - product id: 262106700, thử lại 1/3
2025-09-29 21:31:46,057 WARNING: Lỗi HTTP 429 - product id: 262107073, thử lại 1/3
2025-09-29 21:31:46,113 WARNING: Lỗi HTTP 429 - product id: 262107800, thử lại 1/3
2025-09-29 21:31:46,120 WARNING: Lỗi HTTP 429 - product id: 262107924, thử lại 1/3
2025-09-29 21:31:46,229 WARNING: Lỗi HTTP 429 - product id: 262108430, thử lại 1/3
2025-09-29 21:31:46,255 WARNING: Lỗi HTTP 429 - product id: 262108434, thử lại 1/3
2025-09-29 21:31:46,308 WARNING: Lỗi HTTP 429 - product id: 262109244, thử lại 1/3
2025-09-29 21:31:46,515 WARNING: Lỗi HTTP 429 - product id: 262135100, thử lại 1/3
2025-09-29 21:31:46,662 WARNING: Lỗi HTTP 429 - product id: 262136574, thử lại 1/3
2025-09-29 21:31:46,663 WARNING: Lỗi HTTP 429 - product id: 262136554, thử lại 1/3
2025-09-29 21:31:48,115 WARNING: Lỗi HTTP 429 - product id: 262076089, thử lại 2/3
2025-09-29 21:31:48,536 WARNING: Lỗi HTTP 404: Không tim thấy product id - product id: 261978801
2025-09-29 21:31:48,585 WARNING: Lỗi HTTP 404: Không tim thấy product id - product id: 261978823
2025-09-29 21:31:48,632 WARNING: Lỗi HTTP 404: Không tim thấy product id - product id: 261979142
2025-09-29 21:31:48,826 WARNING: Lỗi HTTP 404: Không tim thấy product id - product id: 261978851
2025-09-29 21:31:48,881 WARNING: Lỗi HTTP 404: Không tim thấy product id - product id: 261988228
2025-09-29 21:31:48,882 WARNING: Lỗi HTTP 404: Không tim thấy product id - product id: 261978931
2025-09-29 21:31:49,129 WARNING: Lỗi HTTP 404: Không tim thấy product id - product id: 261978845
2025-09-29 21:31:49,178 WARNING: Lỗi HTTP 404: Không tim thấy product id - product id: 261978937
2025-09-29 21:31:49,972 WARNING: Lỗi HTTP 429 - product id: 262099212, thử lại 1/3
2025-09-29 21:31:50,116 WARNING: Lỗi HTTP 429 - product id: 262100454, thử lại 1/3
2025-09-29 21:31:50,414 WARNING: Lỗi HTTP 429 - product id: 262102516, thử lại 1/3
2025-09-29 21:31:50,466 WARNING: Lỗi HTTP 429 - product id: 262102894, thử lại 1/3
2025-09-29 21:31:50,818 WARNING: Lỗi HTTP 429 - product id: 262106558, thử lại 1/3
2025-09-29 21:31:52,230 WARNING: Lỗi HTTP 404: Không tim thấy product id - product id: 261900461
2025-09-29 21:31:52,331 WARNING: Lỗi HTTP 404: Không tim thấy product id - product id: 261900631
2025-09-29 21:31:52,532 WARNING: Lỗi HTTP 404: Không tim thấy product id - product id: 261900853
2025-09-29 21:31:54,358 INFO: Đã commit batch 194 (1000 sản phẩm)
2025-09-29 21:31:54,385 INFO: Đã ghi 979 sản phẩm vào file /home/quannh/projects_de/Lab_01/output/products_batch_194_979_ids.csv
2025-09-29 21:31:54,426 INFO: Đã insert 979 sản phẩm từ file /home/quannh/projects_de/Lab_01/output/products_batch_194_979_ids.csv vào database PostgeSQL
2025-09-29 21:31:54,448 INFO: Đã update lại status của batch 195 về pending để tiến hành crawl lại batch
2025-09-29 21:31:54,459 INFO: Bắt đầu crawl batch 195 (1000 sản phẩm)
2025-09-29 21:31:55,987 WARNING: Lỗi HTTP 404: Không tim thấy product id - product id: 262213883
2025-09-29 21:31:56,334 WARNING: Lỗi HTTP 404: Không tim thấy product id - product id: 262227178
2025-09-29 21:31:57,922 WARNING: Lỗi HTTP 429 - product id: 262265305, thử lại 1/3
2025-09-29 21:31:58,018 WARNING: Lỗi HTTP 429 - product id: 262265598, thử lại 1/3
2025-09-29 21:31:58,123 WARNING: Lỗi HTTP 429 - product id: 262265862, thử lại 1/3
2025-09-29 21:31:58,264 WARNING: Lỗi HTTP 429 - product id: 262266555, thử lại 1/3
2025-09-29 21:31:58,273 WARNING: Lỗi HTTP 429 - product id: 262266593, thử lại 1/3
2025-09-29 21:31:58,363 WARNING: Lỗi HTTP 429 - product id: 262266695, thử lại 1/3
2025-09-29 21:31:58,423 WARNING: Lỗi HTTP 429 - product id: 262266878, thử lại 1/3
2025-09-29 21:31:58,472 WARNING: Lỗi HTTP 429 - product id: 262267223, thử lại 1/3
2025-09-29 21:31:58,514 WARNING: Lỗi HTTP 429 - product id: 262267394, thử lại 1/3
2025-09-29 21:31:58,517 WARNING: Lỗi HTTP 429 - product id: 262267403, thử lại 1/3
2025-09-29 21:31:58,770 WARNING: Lỗi HTTP 429 - product id: 262237133, thử lại 1/3
2025-09-29 21:31:58,822 WARNING: Lỗi HTTP 429 - product id: 262237282, thử lại 1/3
2025-09-29 21:31:58,970 WARNING: Lỗi HTTP 429 - product id: 262239618, thử lại 1/3
2025-09-29 21:31:58,973 WARNING: Lỗi HTTP 429 - product id: 262239725, thử lại 1/3
2025-09-29 21:31:59,037 WARNING: Lỗi HTTP 429 - product id: 262240227, thử lại 1/3
2025-09-29 21:31:59,120 WARNING: Lỗi HTTP 429 - product id: 262241840, thử lại 1/3
2025-09-29 21:31:59,121 WARNING: Lỗi HTTP 429 - product id: 262241223, thử lại 1/3
2025-09-29 21:31:59,173 WARNING: Lỗi HTTP 429 - product id: 262242029, thử lại 1/3
2025-09-29 21:31:59,175 WARNING: Lỗi HTTP 429 - product id: 262242149, thử lại 1/3
2025-09-29 21:31:59,276 WARNING: Lỗi HTTP 429 - product id: 262243163, thử lại 1/3
2025-09-29 21:31:59,710 WARNING: Lỗi HTTP 429 - product id: 262246974, thử lại 1/3
2025-09-29 21:32:00,568 WARNING: Lỗi HTTP 429 - product id: 262255316, thử lại 1/3
2025-09-29 21:32:00,626 WARNING: Lỗi HTTP 429 - product id: 262256364, thử lại 1/3
2025-09-29 21:32:02,023 WARNING: Lỗi HTTP 429 - product id: 262138881, thử lại 1/3
2025-09-29 21:32:02,024 WARNING: Lỗi HTTP 429 - product id: 262138248, thử lại 1/3
2025-09-29 21:32:02,675 WARNING: Lỗi HTTP 429 - product id: 262235188, thử lại 1/3
2025-09-29 21:32:02,769 WARNING: Lỗi HTTP 429 - product id: 262235674, thử lại 1/3
2025-09-29 21:32:02,866 WARNING: Lỗi HTTP 429 - product id: 262236894, thử lại 1/3
2025-09-29 21:32:03,117 WARNING: Lỗi HTTP 429 - product id: 262238559, thử lại 1/3
2025-09-29 21:32:03,214 WARNING: Lỗi HTTP 429 - product id: 262239914, thử lại 1/3
2025-09-29 21:32:03,264 WARNING: Lỗi HTTP 429 - product id: 262240776, thử lại 1/3
2025-09-29 21:32:03,266 WARNING: Lỗi HTTP 429 - product id: 262240778, thử lại 1/3
2025-09-29 21:32:03,323 WARNING: Lỗi HTTP 429 - product id: 262241311, thử lại 1/3
2025-09-29 21:32:03,963 WARNING: Lỗi HTTP 429 - product id: 262245757, thử lại 1/3
2025-09-29 21:32:04,027 WARNING: Lỗi HTTP 429 - product id: 262246856, thử lại 1/3
2025-09-29 21:32:04,060 WARNING: Lỗi HTTP 429 - product id: 262246868, thử lại 1/3
2025-09-29 21:32:04,124 WARNING: Lỗi HTTP 429 - product id: 262247131, thử lại 1/3
2025-09-29 21:32:04,208 WARNING: Lỗi HTTP 429 - product id: 262247373, thử lại 1/3
2025-09-29 21:32:04,214 WARNING: Lỗi HTTP 429 - product id: 262247599, thử lại 1/3
2025-09-29 21:32:04,267 WARNING: Lỗi HTTP 429 - product id: 262247945, thử lại 1/3
2025-09-29 21:32:05,522 WARNING: Lỗi HTTP 429 - product id: 262268918, thử lại 1/3
2025-09-29 21:32:05,666 WARNING: Lỗi HTTP 429 - product id: 262269134, thử lại 1/3
2025-09-29 21:32:05,725 WARNING: Lỗi HTTP 429 - product id: 262269161, thử lại 1/3
2025-09-29 21:32:05,960 WARNING: Lỗi HTTP 429 - product id: 262145694, thử lại 1/3
2025-09-29 21:32:06,563 WARNING: Lỗi HTTP 429 - product id: 262209303, thử lại 1/3
2025-09-29 21:32:06,575 WARNING: Lỗi HTTP 429 - product id: 262211923, thử lại 1/3
2025-09-29 21:32:06,835 WARNING: Lỗi HTTP 404: Không tim thấy product id - product id: 262235674
2025-09-29 21:32:07,486 WARNING: Lỗi HTTP 404: Không tim thấy product id - product id: 262198965
2025-09-29 21:32:09,473 WARNING: Lỗi HTTP 429 - product id: 262265245, thử lại 1/3
2025-09-29 21:32:09,515 WARNING: Lỗi HTTP 429 - product id: 262265379, thử lại 1/3
2025-09-29 21:32:09,868 WARNING: Lỗi HTTP 429 - product id: 262266126, thử lại 1/3
2025-09-29 21:32:09,920 WARNING: Lỗi HTTP 429 - product id: 262266296, thử lại 1/3
2025-09-29 21:32:10,020 WARNING: Lỗi HTTP 429 - product id: 262266598, thử lại 1/3
2025-09-29 21:32:10,067 WARNING: Lỗi HTTP 429 - product id: 262266708, thử lại 1/3
2025-09-29 21:32:10,224 WARNING: Lỗi HTTP 429 - product id: 262267427, thử lại 1/3
2025-09-29 21:32:13,392 INFO: Đã commit batch 195 (1000 sản phẩm)
2025-09-29 21:32:13,414 INFO: Đã ghi 996 sản phẩm vào file /home/quannh/projects_de/Lab_01/output/products_batch_195_996_ids.csv
2025-09-29 21:32:13,447 INFO: Đã insert 996 sản phẩm từ file /home/quannh/projects_de/Lab_01/output/products_batch_195_996_ids.csv vào database PostgeSQL
2025-09-29 21:32:13,468 INFO: Đã update lại status của batch 196 về pending để tiến hành crawl lại batch
2025-09-29 21:32:13,478 INFO: Bắt đầu crawl batch 196 (1000 sản phẩm)
2025-09-29 21:32:14,315 WARNING: Lỗi HTTP 429 - product id: 262276955, thử lại 1/3
2025-09-29 21:32:14,570 WARNING: Lỗi HTTP 429 - product id: 262383677, thử lại 1/3
2025-09-29 21:32:15,838 WARNING: Lỗi HTTP 429 - product id: 262461245, thử lại 1/3
2025-09-29 21:32:17,088 WARNING: Lỗi HTTP 404: Không tim thấy product id - product id: 262482056
2025-09-29 21:32:17,585 WARNING: Lỗi HTTP 429 - product id: 262279318, thử lại 1/3
2025-09-29 21:32:17,586 WARNING: Lỗi HTTP 429 - product id: 262279421, thử lại 1/3
2025-09-29 21:32:17,654 WARNING: Lỗi HTTP 429 - product id: 262280560, thử lại 1/3
2025-09-29 21:32:18,024 WARNING: Lỗi HTTP 429 - product id: 262284904, thử lại 1/3
2025-09-29 21:32:18,044 WARNING: Lỗi HTTP 429 - product id: 262285146, thử lại 1/3
2025-09-29 21:32:18,045 WARNING: Lỗi HTTP 429 - product id: 262285421, thử lại 1/3
2025-09-29 21:32:18,097 WARNING: Lỗi HTTP 429 - product id: 262285664, thử lại 1/3
2025-09-29 21:32:18,099 WARNING: Lỗi HTTP 429 - product id: 262285753, thử lại 1/3
2025-09-29 21:32:18,123 WARNING: Lỗi HTTP 429 - product id: 262285911, thử lại 1/3
2025-09-29 21:32:18,189 WARNING: Lỗi HTTP 429 - product id: 262286422, thử lại 1/3
2025-09-29 21:32:18,197 WARNING: Lỗi HTTP 429 - product id: 262286730, thử lại 1/3
2025-09-29 21:32:19,097 WARNING: Lỗi HTTP 429 - product id: 262292993, thử lại 1/3
2025-09-29 21:32:19,101 WARNING: Lỗi HTTP 429 - product id: 262293070, thử lại 1/3
2025-09-29 21:32:19,403 WARNING: Lỗi HTTP 429 - product id: 262505137, thử lại 1/3
2025-09-29 21:32:19,491 WARNING: Lỗi HTTP 429 - product id: 262505396, thử lại 1/3
2025-09-29 21:32:19,497 WARNING: Lỗi HTTP 429 - product id: 262505892, thử lại 1/3
2025-09-29 21:32:20,442 WARNING: Lỗi HTTP 429 - product id: 262526784, thử lại 1/3
2025-09-29 21:32:20,649 WARNING: Lỗi HTTP 429 - product id: 262279318, thử lại 2/3
2025-09-29 21:32:20,747 WARNING: Lỗi HTTP 429 - product id: 262569114, thử lại 1/3
2025-09-29 21:32:21,042 WARNING: Lỗi HTTP 429 - product id: 262269931, thử lại 1/3
2025-09-29 21:32:21,097 WARNING: Lỗi HTTP 429 - product id: 262270413, thử lại 1/3
2025-09-29 21:32:21,244 WARNING: Lỗi HTTP 429 - product id: 262270852, thử lại 1/3
2025-09-29 21:32:21,297 WARNING: Lỗi HTTP 429 - product id: 262271166, thử lại 1/3
2025-09-29 21:32:21,498 WARNING: Lỗi HTTP 429 - product id: 262279050, thử lại 1/3
2025-09-29 21:32:22,087 WARNING: Lỗi HTTP 429 - product id: 262284064, thử lại 1/3
2025-09-29 21:32:22,149 WARNING: Lỗi HTTP 429 - product id: 262284722, thử lại 1/3
2025-09-29 21:32:25,302 WARNING: Lỗi HTTP 429 - product id: 262269783, thử lại 1/3
2025-09-29 21:32:25,366 WARNING: Lỗi HTTP 404: Không tim thấy product id - product id: 262524753
2025-09-29 21:32:25,414 WARNING: Lỗi HTTP 404: Không tim thấy product id - product id: 262533668
2025-09-29 21:32:26,051 WARNING: Lỗi HTTP 429 - product id: 262272374, thử lại 1/3
2025-09-29 21:32:27,417 WARNING: Lỗi HTTP 404: Không tim thấy product id - product id: 262301764
2025-09-29 21:32:27,600 WARNING: Lỗi HTTP 429 - product id: 262403855, thử lại 1/3
2025-09-29 21:32:27,794 WARNING: Lỗi HTTP 429 - product id: 262450114, thử lại 1/3
2025-09-29 21:32:28,115 WARNING: Lỗi HTTP 404: Không tim thấy product id - product id: 262346337
2025-09-29 21:32:29,064 WARNING: Lỗi HTTP 404: Không tim thấy product id - product id: 262483955
2025-09-29 21:32:30,905 INFO: Đã commit batch 196 (1000 sản phẩm)
2025-09-29 21:32:30,931 INFO: Đã ghi 994 sản phẩm vào file /home/quannh/projects_de/Lab_01/output/products_batch_196_994_ids.csv
2025-09-29 21:32:30,968 INFO: Đã insert 994 sản phẩm từ file /home/quannh/projects_de/Lab_01/output/products_batch_196_994_ids.csv vào database PostgeSQL
2025-09-29 21:32:30,990 INFO: Đã update lại status của batch 197 về pending để tiến hành crawl lại batch
2025-09-29 21:32:31,000 INFO: Bắt đầu crawl batch 197 (1000 sản phẩm)
2025-09-29 21:32:31,304 WARNING: Lỗi HTTP 429 - product id: 262703912, thử lại 1/3
2025-09-29 21:32:31,360 WARNING: Lỗi HTTP 429 - product id: 262705155, thử lại 1/3
2025-09-29 21:32:31,370 WARNING: Lỗi HTTP 429 - product id: 262705647, thử lại 1/3
2025-09-29 21:32:31,455 WARNING: Lỗi HTTP 429 - product id: 262707748, thử lại 1/3
2025-09-29 21:32:31,474 WARNING: Lỗi HTTP 404: Không tim thấy product id - product id: 262693032
2025-09-29 21:32:31,557 WARNING: Lỗi HTTP 429 - product id: 262710956, thử lại 1/3
2025-09-29 21:32:31,976 WARNING: Lỗi HTTP 404: Không tim thấy product id - product id: 262706662
2025-09-29 21:32:32,606 WARNING: Lỗi HTTP 429 - product id: 262745548, thử lại 1/3
2025-09-29 21:32:32,758 WARNING: Lỗi HTTP 429 - product id: 262748318, thử lại 1/3
2025-09-29 21:32:32,864 WARNING: Lỗi HTTP 429 - product id: 262749549, thử lại 1/3
2025-09-29 21:32:32,959 WARNING: Lỗi HTTP 429 - product id: 262857428, thử lại 1/3
2025-09-29 21:32:33,258 WARNING: Lỗi HTTP 429 - product id: 262877421, thử lại 1/3
2025-09-29 21:32:33,813 WARNING: Lỗi HTTP 429 - product id: 262891575, thử lại 1/3
2025-09-29 21:32:33,828 WARNING: Lỗi HTTP 404: Không tim thấy product id - product id: 262749764
2025-09-29 21:32:35,480 WARNING: Lỗi HTTP 404: Không tim thấy product id - product id: 262646337
2025-09-29 21:32:36,873 WARNING: Lỗi HTTP 404: Không tim thấy product id - product id: 262780647
2025-09-29 21:32:37,055 WARNING: Lỗi HTTP 429 - product id: 262811657, thử lại 1/3
2025-09-29 21:32:37,904 WARNING: Lỗi HTTP 429 - product id: 262839039, thử lại 1/3
2025-09-29 21:32:37,915 WARNING: Lỗi HTTP 429 - product id: 262839280, thử lại 1/3
2025-09-29 21:32:37,915 WARNING: Lỗi HTTP 429 - product id: 262839195, thử lại 1/3
2025-09-29 21:32:37,928 WARNING: Lỗi HTTP 404: Không tim thấy product id - product id: 262818198
2025-09-29 21:32:37,962 WARNING: Lỗi HTTP 429 - product id: 262842857, thử lại 1/3
2025-09-29 21:32:38,007 WARNING: Lỗi HTTP 429 - product id: 262844255, thử lại 1/3
2025-09-29 21:32:38,011 WARNING: Lỗi HTTP 429 - product id: 262844352, thử lại 1/3
2025-09-29 21:32:38,055 WARNING: Lỗi HTTP 429 - product id: 262845760, thử lại 1/3
2025-09-29 21:32:38,068 WARNING: Lỗi HTTP 429 - product id: 262845891, thử lại 1/3
2025-09-29 21:32:38,109 WARNING: Lỗi HTTP 429 - product id: 262846298, thử lại 1/3
2025-09-29 21:32:38,168 WARNING: Lỗi HTTP 429 - product id: 262590870, thử lại 1/3
2025-09-29 21:32:38,484 WARNING: Lỗi HTTP 404: Không tim thấy product id - product id: 262846190
2025-09-29 21:32:38,775 WARNING: Lỗi HTTP 404: Không tim thấy product id - product id: 262835627
2025-09-29 21:32:38,837 WARNING: Lỗi HTTP 429 - product id: 262645855, thử lại 1/3
2025-09-29 21:32:38,877 WARNING: Lỗi HTTP 404: Không tim thấy product id - product id: 262838603
2025-09-29 21:32:39,051 WARNING: Lỗi HTTP 429 - product id: 262657736, thử lại 1/3
2025-09-29 21:32:39,053 WARNING: Lỗi HTTP 429 - product id: 262657640, thử lại 1/3
2025-09-29 21:32:39,077 WARNING: Lỗi HTTP 404: Không tim thấy product id - product id: 262846146
2025-09-29 21:32:39,216 WARNING: Lỗi HTTP 429 - product id: 262670990, thử lại 1/3
2025-09-29 21:32:39,217 WARNING: Lỗi HTTP 429 - product id: 262670908, thử lại 1/3
2025-09-29 21:32:39,258 WARNING: Lỗi HTTP 429 - product id: 262671782, thử lại 1/3
2025-09-29 21:32:39,309 WARNING: Lỗi HTTP 429 - product id: 262673016, thử lại 1/3
2025-09-29 21:32:39,412 WARNING: Lỗi HTTP 429 - product id: 262679234, thử lại 1/3
2025-09-29 21:32:39,607 WARNING: Lỗi HTTP 429 - product id: 262681039, thử lại 1/3
2025-09-29 21:32:39,616 WARNING: Lỗi HTTP 429 - product id: 262681239, thử lại 1/3
2025-09-29 21:32:39,732 WARNING: Lỗi HTTP 404: Không tim thấy product id - product id: 262673273
2025-09-29 21:32:39,801 WARNING: Lỗi HTTP 429 - product id: 262755719, thử lại 1/3
2025-09-29 21:32:39,964 WARNING: Lỗi HTTP 429 - product id: 262766166, thử lại 1/3
2025-09-29 21:32:40,061 WARNING: Lỗi HTTP 429 - product id: 262779574, thử lại 1/3
2025-09-29 21:32:40,063 WARNING: Lỗi HTTP 429 - product id: 262780994, thử lại 1/3
2025-09-29 21:32:40,177 WARNING: Lỗi HTTP 404: Không tim thấy product id - product id: 262811657
2025-09-29 21:32:40,188 WARNING: Lỗi HTTP 429 - product id: 262782969, thử lại 1/3
2025-09-29 21:32:40,256 WARNING: Lỗi HTTP 429 - product id: 262783368, thử lại 1/3
2025-09-29 21:32:40,577 WARNING: Lỗi HTTP 404: Không tim thấy product id - product id: 262787489
2025-09-29 21:32:41,257 WARNING: Lỗi HTTP 429 - product id: 262816266, thử lại 1/3
2025-09-29 21:32:41,327 WARNING: Lỗi HTTP 404: Không tim thấy product id - product id: 262839195
2025-09-29 21:32:41,376 WARNING: Lỗi HTTP 404: Không tim thấy product id - product id: 262787502
2025-09-29 21:32:41,378 WARNING: Lỗi HTTP 404: Không tim thấy product id - product id: 262839280
2025-09-29 21:32:41,465 WARNING: Lỗi HTTP 429 - product id: 262818403, thử lại 1/3
2025-09-29 21:32:41,628 WARNING: Lỗi HTTP 404: Không tim thấy product id - product id: 262845891
2025-09-29 21:32:42,332 WARNING: Lỗi HTTP 404: Không tim thấy product id - product id: 262830165
2025-09-29 21:32:42,475 WARNING: Lỗi HTTP 404: Không tim thấy product id - product id: 262845989
2025-09-29 21:32:43,325 WARNING: Lỗi HTTP 404: Không tim thấy product id - product id: 262673016
2025-09-29 21:32:43,912 WARNING: Lỗi HTTP 429 - product id: 262706794, thử lại 1/3
2025-09-29 21:32:44,007 WARNING: Lỗi HTTP 429 - product id: 262709437, thử lại 1/3
2025-09-29 21:32:44,163 WARNING: Lỗi HTTP 429 - product id: 262710981, thử lại 1/3
2025-09-29 21:32:44,228 WARNING: Lỗi HTTP 404: Không tim thấy product id - product id: 262779574
2025-09-29 21:32:44,311 WARNING: Lỗi HTTP 429 - product id: 262711466, thử lại 1/3
2025-09-29 21:32:44,317 WARNING: Lỗi HTTP 429 - product id: 262711462, thử lại 1/3
2025-09-29 21:32:45,263 WARNING: Lỗi HTTP 429 - product id: 262851821, thử lại 1/3
2025-09-29 21:32:45,366 WARNING: Lỗi HTTP 429 - product id: 262853717, thử lại 1/3
2025-09-29 21:32:45,412 WARNING: Lỗi HTTP 429 - product id: 262859995, thử lại 1/3
2025-09-29 21:32:45,419 WARNING: Lỗi HTTP 429 - product id: 262860841, thử lại 1/3
2025-09-29 21:32:46,469 WARNING: Lỗi HTTP 429 - product id: 262891541, thử lại 1/3
2025-09-29 21:32:46,559 WARNING: Lỗi HTTP 429 - product id: 262892488, thử lại 1/3
2025-09-29 21:32:46,812 WARNING: Lỗi HTTP 429 - product id: 262598208, thử lại 1/3
2025-09-29 21:32:49,954 INFO: Đã commit batch 197 (1000 sản phẩm)
2025-09-29 21:32:49,985 INFO: Đã ghi 979 sản phẩm vào file /home/quannh/projects_de/Lab_01/output/products_batch_197_979_ids.csv
2025-09-29 21:32:50,035 INFO: Đã insert 979 sản phẩm từ file /home/quannh/projects_de/Lab_01/output/products_batch_197_979_ids.csv vào database PostgeSQL
2025-09-29 21:32:50,056 INFO: Đã update lại status của batch 198 về pending để tiến hành crawl lại batch
2025-09-29 21:32:50,066 INFO: Bắt đầu crawl batch 198 (1000 sản phẩm)
2025-09-29 21:32:50,325 WARNING: Lỗi HTTP 429 - product id: 263038617, thử lại 1/3
2025-09-29 21:32:50,328 WARNING: Lỗi HTTP 429 - product id: 263038654, thử lại 1/3
2025-09-29 21:32:50,678 WARNING: Lỗi HTTP 429 - product id: 263047479, thử lại 1/3
2025-09-29 21:32:51,344 WARNING: Lỗi HTTP 404: Không tim thấy product id - product id: 263047165
2025-09-29 21:32:51,849 WARNING: Lỗi HTTP 429 - product id: 263077519, thử lại 1/3
2025-09-29 21:32:51,878 WARNING: Lỗi HTTP 429 - product id: 263078972, thử lại 1/3
2025-09-29 21:32:52,416 WARNING: Lỗi HTTP 429 - product id: 263294040, thử lại 1/3
2025-09-29 21:32:52,528 WARNING: Lỗi HTTP 429 - product id: 263294922, thử lại 1/3
2025-09-29 21:32:52,676 WARNING: Lỗi HTTP 429 - product id: 263296238, thử lại 1/3
2025-09-29 21:32:53,395 WARNING: Lỗi HTTP 404: Không tim thấy product id - product id: 263294035
2025-09-29 21:32:55,739 WARNING: Lỗi HTTP 404: Không tim thấy product id - product id: 263099547
2025-09-29 21:32:55,740 WARNING: Lỗi HTTP 404: Không tim thấy product id - product id: 263099604
2025-09-29 21:32:57,526 WARNING: Lỗi HTTP 429 - product id: 262911789, thử lại 1/3
2025-09-29 21:33:00,629 WARNING: Lỗi HTTP 429 - product id: 263098129, thử lại 1/3
2025-09-29 21:33:00,946 WARNING: Lỗi HTTP 404: Không tim thấy product id - product id: 263087695
2025-09-29 21:33:01,694 WARNING: Lỗi HTTP 404: Không tim thấy product id - product id: 263110063
2025-09-29 21:33:01,744 WARNING: Lỗi HTTP 404: Không tim thấy product id - product id: 263100423
2025-09-29 21:33:05,122 WARNING: Lỗi HTTP 429 - product id: 263070333, thử lại 1/3
2025-09-29 21:33:05,279 WARNING: Lỗi HTTP 429 - product id: 263072607, thử lại 1/3
2025-09-29 21:33:05,374 WARNING: Lỗi HTTP 429 - product id: 263077601, thử lại 1/3
2025-09-29 21:33:05,378 WARNING: Lỗi HTTP 429 - product id: 263077646, thử lại 1/3
2025-09-29 21:33:05,430 WARNING: Lỗi HTTP 429 - product id: 263286612, thử lại 1/3
2025-09-29 21:33:05,520 WARNING: Lỗi HTTP 429 - product id: 263293588, thử lại 1/3
2025-09-29 21:33:05,531 WARNING: Lỗi HTTP 429 - product id: 263293713, thử lại 1/3
2025-09-29 21:33:08,633 INFO: Đã commit batch 198 (1000 sản phẩm)
2025-09-29 21:33:08,665 INFO: Đã ghi 993 sản phẩm vào file /home/quannh/projects_de/Lab_01/output/products_batch_198_993_ids.csv
2025-09-29 21:33:08,713 INFO: Đã insert 993 sản phẩm từ file /home/quannh/projects_de/Lab_01/output/products_batch_198_993_ids.csv vào database PostgeSQL
2025-09-29 21:33:08,733 INFO: Đã update lại status của batch 199 về pending để tiến hành crawl lại batch
2025-09-29 21:33:08,743 INFO: Bắt đầu crawl batch 199 (1000 sản phẩm)
2025-09-29 21:33:09,821 WARNING: Lỗi HTTP 404: Không tim thấy product id - product id: 263401984
2025-09-29 21:33:09,955 WARNING: Lỗi HTTP 429 - product id: 263438480, thử lại 1/3
2025-09-29 21:33:09,971 WARNING: Lỗi HTTP 404: Không tim thấy product id - product id: 263403811
2025-09-29 21:33:10,218 WARNING: Lỗi HTTP 429 - product id: 263455168, thử lại 1/3
2025-09-29 21:33:10,250 WARNING: Lỗi HTTP 429 - product id: 263455764, thử lại 1/3
2025-09-29 21:33:10,254 WARNING: Lỗi HTTP 429 - product id: 263456513, thử lại 1/3
2025-09-29 21:33:10,398 WARNING: Lỗi HTTP 429 - product id: 263482363, thử lại 1/3
2025-09-29 21:33:10,399 WARNING: Lỗi HTTP 429 - product id: 263482518, thử lại 1/3
2025-09-29 21:33:10,403 WARNING: Lỗi HTTP 429 - product id: 263483320, thử lại 1/3
2025-09-29 21:33:10,462 WARNING: Lỗi HTTP 429 - product id: 263486562, thử lại 1/3
2025-09-29 21:33:10,567 WARNING: Lỗi HTTP 429 - product id: 263489513, thử lại 1/3
2025-09-29 21:33:10,662 WARNING: Lỗi HTTP 429 - product id: 263492637, thử lại 1/3
2025-09-29 21:33:10,707 WARNING: Lỗi HTTP 429 - product id: 263492859, thử lại 1/3
2025-09-29 21:33:10,850 WARNING: Lỗi HTTP 429 - product id: 263494710, thử lại 1/3
2025-09-29 21:33:10,855 WARNING: Lỗi HTTP 429 - product id: 263494748, thử lại 1/3
2025-09-29 21:33:10,895 WARNING: Lỗi HTTP 429 - product id: 263496638, thử lại 1/3
2025-09-29 21:33:10,953 WARNING: Lỗi HTTP 429 - product id: 263498343, thử lại 1/3
2025-09-29 21:33:11,048 WARNING: Lỗi HTTP 429 - product id: 263510123, thử lại 1/3
2025-09-29 21:33:11,168 WARNING: Lỗi HTTP 429 - product id: 263514746, thử lại 1/3
2025-09-29 21:33:11,181 WARNING: Lỗi HTTP 429 - product id: 263515005, thử lại 1/3
2025-09-29 21:33:11,597 WARNING: Lỗi HTTP 404: Không tim thấy product id - product id: 263573516
2025-09-29 21:33:11,648 WARNING: Lỗi HTTP 404: Không tim thấy product id - product id: 263573593
2025-09-29 21:33:11,950 WARNING: Lỗi HTTP 429 - product id: 263586785, thử lại 1/3
2025-09-29 21:33:12,174 WARNING: Lỗi HTTP 404: Không tim thấy product id - product id: 263573701
2025-09-29 21:33:12,221 WARNING: Lỗi HTTP 404: Không tim thấy product id - product id: 263573803
2025-09-29 21:33:12,417 WARNING: Lỗi HTTP 404: Không tim thấy product id - product id: 263573936
2025-09-29 21:33:12,697 WARNING: Lỗi HTTP 429 - product id: 263395886, thử lại 1/3
2025-09-29 21:33:13,449 WARNING: Lỗi HTTP 404: Không tim thấy product id - product id: 263403786
2025-09-29 21:33:15,598 WARNING: Lỗi HTTP 404: Không tim thấy product id - product id: 263655215
2025-09-29 21:33:15,651 WARNING: Lỗi HTTP 429 - product id: 263348033, thử lại 1/3
2025-09-29 21:33:15,809 WARNING: Lỗi HTTP 429 - product id: 263348933, thử lại 1/3
2025-09-29 21:33:15,961 WARNING: Lỗi HTTP 429 - product id: 263395886, thử lại 2/3
2025-09-29 21:33:16,147 WARNING: Lỗi HTTP 429 - product id: 263349730, thử lại 1/3
2025-09-29 21:33:16,306 WARNING: Lỗi HTTP 429 - product id: 263353937, thử lại 1/3
2025-09-29 21:33:16,355 WARNING: Lỗi HTTP 429 - product id: 263354484, thử lại 1/3
2025-09-29 21:33:17,700 WARNING: Lỗi HTTP 404: Không tim thấy product id - product id: 263625495
2025-09-29 21:33:17,753 WARNING: Lỗi HTTP 429 - product id: 263655528, thử lại 1/3
2025-09-29 21:33:18,205 WARNING: Lỗi HTTP 429 - product id: 263338616, thử lại 1/3
2025-09-29 21:33:19,381 WARNING: Lỗi HTTP 429 - product id: 263349730, thử lại 2/3
2025-09-29 21:33:19,397 WARNING: Lỗi HTTP 429 - product id: 263436774, thử lại 1/3
2025-09-29 21:33:19,499 WARNING: Lỗi HTTP 429 - product id: 263353937, thử lại 2/3
2025-09-29 21:33:19,644 WARNING: Lỗi HTTP 429 - product id: 263444894, thử lại 1/3
2025-09-29 21:33:20,744 WARNING: Lỗi HTTP 429 - product id: 263496859, thử lại 1/3
2025-09-29 21:33:20,824 WARNING: Lỗi HTTP 429 - product id: 263497369, thử lại 1/3
2025-09-29 21:33:21,307 WARNING: Lỗi HTTP 429 - product id: 263561302, thử lại 1/3
2025-09-29 21:33:21,459 WARNING: Lỗi HTTP 429 - product id: 263567116, thử lại 1/3
2025-09-29 21:33:21,530 WARNING: Lỗi HTTP 429 - product id: 263569740, thử lại 1/3
2025-09-29 21:33:21,548 WARNING: Lỗi HTTP 429 - product id: 263569868, thử lại 1/3
2025-09-29 21:33:21,607 WARNING: Lỗi HTTP 429 - product id: 263585907, thử lại 1/3
2025-09-29 21:33:22,048 WARNING: Lỗi HTTP 429 - product id: 263304062, thử lại 1/3
2025-09-29 21:33:22,258 WARNING: Lỗi HTTP 429 - product id: 263310350, thử lại 1/3
2025-09-29 21:33:22,295 WARNING: Lỗi HTTP 429 - product id: 263310522, thử lại 1/3
2025-09-29 21:33:22,343 WARNING: Lỗi HTTP 429 - product id: 263312171, thử lại 1/3
2025-09-29 21:33:22,357 WARNING: Lỗi HTTP 429 - product id: 263312343, thử lại 1/3
2025-09-29 21:33:22,502 WARNING: Lỗi HTTP 429 - product id: 263315137, thử lại 1/3
2025-09-29 21:33:22,610 WARNING: Lỗi HTTP 429 - product id: 263318753, thử lại 1/3
2025-09-29 21:33:22,849 WARNING: Lỗi HTTP 429 - product id: 263559712, thử lại 1/3
2025-09-29 21:33:22,904 WARNING: Lỗi HTTP 429 - product id: 263561915, thử lại 1/3
2025-09-29 21:33:22,959 WARNING: Lỗi HTTP 429 - product id: 263562376, thử lại 1/3
2025-09-29 21:33:23,246 WARNING: Lỗi HTTP 429 - product id: 263309008, thử lại 1/3
2025-09-29 21:33:23,497 WARNING: Lỗi HTTP 429 - product id: 263311859, thử lại 1/3
2025-09-29 21:33:24,207 WARNING: Lỗi HTTP 404: Không tim thấy product id - product id: 263573576
2025-09-29 21:33:24,260 WARNING: Lỗi HTTP 404: Không tim thấy product id - product id: 263573578
2025-09-29 21:33:24,534 WARNING: Lỗi HTTP 429 - product id: 263583564, thử lại 1/3
2025-09-29 21:33:24,549 WARNING: Lỗi HTTP 429 - product id: 263583580, thử lại 1/3
2025-09-29 21:33:24,973 WARNING: Lỗi HTTP 404: Không tim thấy product id - product id: 263573515
2025-09-29 21:33:25,025 WARNING: Lỗi HTTP 404: Không tim thấy product id - product id: 263573581
2025-09-29 21:33:25,068 WARNING: Lỗi HTTP 404: Không tim thấy product id - product id: 263573693
2025-09-29 21:33:27,712 INFO: Đã commit batch 199 (1000 sản phẩm)
2025-09-29 21:33:27,741 INFO: Đã ghi 985 sản phẩm vào file /home/quannh/projects_de/Lab_01/output/products_batch_199_985_ids.csv
2025-09-29 21:33:27,786 INFO: Đã insert 985 sản phẩm từ file /home/quannh/projects_de/Lab_01/output/products_batch_199_985_ids.csv vào database PostgeSQL
2025-09-29 21:33:27,797 INFO: Đã crawl hết sản phẩm
2025-09-29 21:33:27,797 INFO: Bắt đầu crawl lại các sản phẩm lỗi khác 404
2025-09-29 21:33:27,902 INFO: Đã commit batch retry_error (2 sản phẩm)
2025-09-29 21:33:27,903 INFO: Đã ghi 2 sản phẩm vào file /home/quannh/projects_de/Lab_01/output/products_batch_retry_error_2_ids.csv
2025-09-29 21:33:27,908 INFO: Đã insert 2 sản phẩm từ file /home/quannh/projects_de/Lab_01/output/products_batch_retry_error_2_ids.csv vào database PostgeSQL
2025-09-29 21:33:27,908 INFO: Hoàn thành crawl toàn bộ sản phẩm
2025-09-29 21:33:32,747 INFO: Tạo thành công bảng product_info và product_list!
2025-09-29 21:33:32,756 INFO: Bảng product_list hiện có 200000 product_id
2025-09-29 21:33:32,756 INFO: Bảng product_list đã có đủ dữ liệu, bỏ qua insert
2025-09-29 21:33:32,794 INFO: Đã crawl hết sản phẩm
2025-09-29 21:33:32,794 INFO: Bắt đầu crawl lại các sản phẩm lỗi khác 404
2025-09-29 21:33:32,804 INFO: Không còn sản phẩm crawl lỗi khác 404
2025-09-29 21:33:32,804 INFO: Hoàn thành crawl toàn bộ sản phẩm
2025-09-29 21:33:36,644 INFO: Tạo thành công bảng product_info và product_list!
2025-09-29 21:33:36,653 INFO: Bảng product_list hiện có 200000 product_id
2025-09-29 21:33:36,653 INFO: Bảng product_list đã có đủ dữ liệu, bỏ qua insert
2025-09-29 21:33:36,691 INFO: Đã crawl hết sản phẩm
2025-09-29 21:33:36,691 INFO: Bắt đầu crawl lại các sản phẩm lỗi khác 404
2025-09-29 21:33:36,700 INFO: Không còn sản phẩm crawl lỗi khác 404
2025-09-29 21:33:36,700 INFO: Hoàn thành crawl toàn bộ sản phẩm
2025-09-29 21:33:40,593 INFO: Tạo thành công bảng product_info và product_list!
2025-09-29 21:33:40,602 INFO: Bảng product_list hiện có 200000 product_id
2025-09-29 21:33:40,602 INFO: Bảng product_list đã có đủ dữ liệu, bỏ qua insert
2025-09-29 21:33:40,640 INFO: Đã crawl hết sản phẩm
2025-09-29 21:33:40,640 INFO: Bắt đầu crawl lại các sản phẩm lỗi khác 404
2025-09-29 21:33:40,649 INFO: Không còn sản phẩm crawl lỗi khác 404
2025-09-29 21:33:40,649 INFO: Hoàn thành crawl toàn bộ sản phẩm
2025-09-29 21:33:45,615 INFO: Tạo thành công bảng product_info và product_list!
2025-09-29 21:33:45,624 INFO: Bảng product_list hiện có 200000 product_id
2025-09-29 21:33:45,624 INFO: Bảng product_list đã có đủ dữ liệu, bỏ qua insert
2025-09-29 21:33:45,661 INFO: Đã crawl hết sản phẩm
2025-09-29 21:33:45,662 INFO: Bắt đầu crawl lại các sản phẩm lỗi khác 404
2025-09-29 21:33:45,670 INFO: Không còn sản phẩm crawl lỗi khác 404
2025-09-29 21:33:45,670 INFO: Hoàn thành crawl toàn bộ sản phẩm
2025-09-29 21:33:49,472 INFO: Tạo thành công bảng product_info và product_list!
2025-09-29 21:33:49,481 INFO: Bảng product_list hiện có 200000 product_id
2025-09-29 21:33:49,481 INFO: Bảng product_list đã có đủ dữ liệu, bỏ qua insert
2025-09-29 21:33:49,521 INFO: Đã crawl hết sản phẩm
2025-09-29 21:33:49,521 INFO: Bắt đầu crawl lại các sản phẩm lỗi khác 404
2025-09-29 21:33:49,530 INFO: Không còn sản phẩm crawl lỗi khác 404
2025-09-29 21:33:49,530 INFO: Hoàn thành crawl toàn bộ sản phẩm
2025-09-29 21:33:53,409 INFO: Tạo thành công bảng product_info và product_list!
2025-09-29 21:33:53,418 INFO: Bảng product_list hiện có 200000 product_id
2025-09-29 21:33:53,419 INFO: Bảng product_list đã có đủ dữ liệu, bỏ qua insert
2025-09-29 21:33:53,459 INFO: Đã crawl hết sản phẩm
2025-09-29 21:33:53,459 INFO: Bắt đầu crawl lại các sản phẩm lỗi khác 404
2025-09-29 21:33:53,468 INFO: Không còn sản phẩm crawl lỗi khác 404
2025-09-29 21:33:53,468 INFO: Hoàn thành crawl toàn bộ sản phẩm
2025-09-29 21:33:58,394 INFO: Tạo thành công bảng product_info và product_list!
2025-09-29 21:33:58,403 INFO: Bảng product_list hiện có 200000 product_id
2025-09-29 21:33:58,403 INFO: Bảng product_list đã có đủ dữ liệu, bỏ qua insert
2025-09-29 21:33:58,442 INFO: Đã crawl hết sản phẩm
2025-09-29 21:33:58,443 INFO: Bắt đầu crawl lại các sản phẩm lỗi khác 404
2025-09-29 21:33:58,452 INFO: Không còn sản phẩm crawl lỗi khác 404
2025-09-29 21:33:58,452 INFO: Hoàn thành crawl toàn bộ sản phẩm
2025-09-29 21:34:03,318 INFO: Tạo thành công bảng product_info và product_list!
2025-09-29 21:34:03,328 INFO: Bảng product_list hiện có 200000 product_id
2025-09-29 21:34:03,328 INFO: Bảng product_list đã có đủ dữ liệu, bỏ qua insert
2025-09-29 21:34:03,366 INFO: Đã crawl hết sản phẩm
2025-09-29 21:34:03,366 INFO: Bắt đầu crawl lại các sản phẩm lỗi khác 404
2025-09-29 21:34:03,374 INFO: Không còn sản phẩm crawl lỗi khác 404
2025-09-29 21:34:03,374 INFO: Hoàn thành crawl toàn bộ sản phẩm
2025-09-29 21:34:07,247 INFO: Tạo thành công bảng product_info và product_list!
2025-09-29 21:34:07,257 INFO: Bảng product_list hiện có 200000 product_id
2025-09-29 21:34:07,257 INFO: Bảng product_list đã có đủ dữ liệu, bỏ qua insert
2025-09-29 21:34:07,294 INFO: Đã crawl hết sản phẩm
2025-09-29 21:34:07,295 INFO: Bắt đầu crawl lại các sản phẩm lỗi khác 404
2025-09-29 21:34:07,304 INFO: Không còn sản phẩm crawl lỗi khác 404
2025-09-29 21:34:07,304 INFO: Hoàn thành crawl toàn bộ sản phẩm
2025-09-29 21:34:12,214 INFO: Tạo thành công bảng product_info và product_list!
2025-09-29 21:34:12,223 INFO: Bảng product_list hiện có 200000 product_id
2025-09-29 21:34:12,223 INFO: Bảng product_list đã có đủ dữ liệu, bỏ qua insert
2025-09-29 21:34:12,261 INFO: Đã crawl hết sản phẩm
2025-09-29 21:34:12,261 INFO: Bắt đầu crawl lại các sản phẩm lỗi khác 404
2025-09-29 21:34:12,271 INFO: Không còn sản phẩm crawl lỗi khác 404
2025-09-29 21:34:12,271 INFO: Hoàn thành crawl toàn bộ sản phẩm
2025-09-29 21:34:17,132 INFO: Tạo thành công bảng product_info và product_list!
2025-09-29 21:34:17,141 INFO: Bảng product_list hiện có 200000 product_id
2025-09-29 21:34:17,141 INFO: Bảng product_list đã có đủ dữ liệu, bỏ qua insert
2025-09-29 21:34:17,179 INFO: Đã crawl hết sản phẩm
2025-09-29 21:34:17,179 INFO: Bắt đầu crawl lại các sản phẩm lỗi khác 404
2025-09-29 21:34:17,188 INFO: Không còn sản phẩm crawl lỗi khác 404
2025-09-29 21:34:17,188 INFO: Hoàn thành crawl toàn bộ sản phẩm
2025-09-29 21:34:21,082 INFO: Tạo thành công bảng product_info và product_list!
2025-09-29 21:34:21,091 INFO: Bảng product_list hiện có 200000 product_id
2025-09-29 21:34:21,091 INFO: Bảng product_list đã có đủ dữ liệu, bỏ qua insert
2025-09-29 21:34:21,129 INFO: Đã crawl hết sản phẩm
2025-09-29 21:34:21,129 INFO: Bắt đầu crawl lại các sản phẩm lỗi khác 404
2025-09-29 21:34:21,138 INFO: Không còn sản phẩm crawl lỗi khác 404
2025-09-29 21:34:21,138 INFO: Hoàn thành crawl toàn bộ sản phẩm
2025-09-29 21:34:26,060 INFO: Tạo thành công bảng product_info và product_list!
2025-09-29 21:34:26,069 INFO: Bảng product_list hiện có 200000 product_id
2025-09-29 21:34:26,069 INFO: Bảng product_list đã có đủ dữ liệu, bỏ qua insert
2025-09-29 21:34:26,107 INFO: Đã crawl hết sản phẩm
2025-09-29 21:34:26,107 INFO: Bắt đầu crawl lại các sản phẩm lỗi khác 404
2025-09-29 21:34:26,115 INFO: Không còn sản phẩm crawl lỗi khác 404
2025-09-29 21:34:26,116 INFO: Hoàn thành crawl toàn bộ sản phẩm
2025-09-29 21:34:30,093 INFO: Tạo thành công bảng product_info và product_list!
2025-09-29 21:34:30,102 INFO: Bảng product_list hiện có 200000 product_id
2025-09-29 21:34:30,102 INFO: Bảng product_list đã có đủ dữ liệu, bỏ qua insert
2025-09-29 21:34:30,142 INFO: Đã crawl hết sản phẩm
2025-09-29 21:34:30,142 INFO: Bắt đầu crawl lại các sản phẩm lỗi khác 404
2025-09-29 21:34:30,151 INFO: Không còn sản phẩm crawl lỗi khác 404
2025-09-29 21:34:30,151 INFO: Hoàn thành crawl toàn bộ sản phẩm
2025-09-29 21:34:34,040 INFO: Tạo thành công bảng product_info và product_list!
2025-09-29 21:34:34,049 INFO: Bảng product_list hiện có 200000 product_id
2025-09-29 21:34:34,049 INFO: Bảng product_list đã có đủ dữ liệu, bỏ qua insert
2025-09-29 21:34:34,088 INFO: Đã crawl hết sản phẩm
2025-09-29 21:34:34,088 INFO: Bắt đầu crawl lại các sản phẩm lỗi khác 404
2025-09-29 21:34:34,096 INFO: Không còn sản phẩm crawl lỗi khác 404
2025-09-29 21:34:34,097 INFO: Hoàn thành crawl toàn bộ sản phẩm
2025-09-29 21:34:39,040 INFO: Tạo thành công bảng product_info và product_list!
2025-09-29 21:34:39,048 INFO: Bảng product_list hiện có 200000 product_id
2025-09-29 21:34:39,048 INFO: Bảng product_list đã có đủ dữ liệu, bỏ qua insert
2025-09-29 21:34:39,086 INFO: Đã crawl hết sản phẩm
2025-09-29 21:34:39,086 INFO: Bắt đầu crawl lại các sản phẩm lỗi khác 404
2025-09-29 21:34:39,094 INFO: Không còn sản phẩm crawl lỗi khác 404
2025-09-29 21:34:39,095 INFO: Hoàn thành crawl toàn bộ sản phẩm
2025-09-29 21:34:44,050 INFO: Tạo thành công bảng product_info và product_list!
2025-09-29 21:34:44,059 INFO: Bảng product_list hiện có 200000 product_id
2025-09-29 21:34:44,059 INFO: Bảng product_list đã có đủ dữ liệu, bỏ qua insert
2025-09-29 21:34:44,097 INFO: Đã crawl hết sản phẩm
2025-09-29 21:34:44,098 INFO: Bắt đầu crawl lại các sản phẩm lỗi khác 404
2025-09-29 21:34:44,107 INFO: Không còn sản phẩm crawl lỗi khác 404
2025-09-29 21:34:44,107 INFO: Hoàn thành crawl toàn bộ sản phẩm
2025-09-29 21:34:49,015 INFO: Tạo thành công bảng product_info và product_list!
2025-09-29 21:34:49,024 INFO: Bảng product_list hiện có 200000 product_id
2025-09-29 21:34:49,024 INFO: Bảng product_list đã có đủ dữ liệu, bỏ qua insert
2025-09-29 21:34:49,063 INFO: Đã crawl hết sản phẩm
2025-09-29 21:34:49,063 INFO: Bắt đầu crawl lại các sản phẩm lỗi khác 404
2025-09-29 21:34:49,072 INFO: Không còn sản phẩm crawl lỗi khác 404
2025-09-29 21:34:49,072 INFO: Hoàn thành crawl toàn bộ sản phẩm
2025-09-29 21:34:52,990 INFO: Tạo thành công bảng product_info và product_list!
2025-09-29 21:34:52,999 INFO: Bảng product_list hiện có 200000 product_id
2025-09-29 21:34:52,999 INFO: Bảng product_list đã có đủ dữ liệu, bỏ qua insert
2025-09-29 21:34:53,038 INFO: Đã crawl hết sản phẩm
2025-09-29 21:34:53,038 INFO: Bắt đầu crawl lại các sản phẩm lỗi khác 404
2025-09-29 21:34:53,047 INFO: Không còn sản phẩm crawl lỗi khác 404
2025-09-29 21:34:53,047 INFO: Hoàn thành crawl toàn bộ sản phẩm
2025-09-29 21:34:56,978 INFO: Tạo thành công bảng product_info và product_list!
2025-09-29 21:34:56,987 INFO: Bảng product_list hiện có 200000 product_id
2025-09-29 21:34:56,987 INFO: Bảng product_list đã có đủ dữ liệu, bỏ qua insert
2025-09-29 21:34:57,026 INFO: Đã crawl hết sản phẩm
2025-09-29 21:34:57,026 INFO: Bắt đầu crawl lại các sản phẩm lỗi khác 404
2025-09-29 21:34:57,035 INFO: Không còn sản phẩm crawl lỗi khác 404
2025-09-29 21:34:57,036 INFO: Hoàn thành crawl toàn bộ sản phẩm
2025-09-29 21:35:02,001 INFO: Tạo thành công bảng product_info và product_list!
2025-09-29 21:35:02,010 INFO: Bảng product_list hiện có 200000 product_id
2025-09-29 21:35:02,010 INFO: Bảng product_list đã có đủ dữ liệu, bỏ qua insert
2025-09-29 21:35:02,049 INFO: Đã crawl hết sản phẩm
2025-09-29 21:35:02,049 INFO: Bắt đầu crawl lại các sản phẩm lỗi khác 404
2025-09-29 21:35:02,058 INFO: Không còn sản phẩm crawl lỗi khác 404
2025-09-29 21:35:02,058 INFO: Hoàn thành crawl toàn bộ sản phẩm
2025-09-29 21:35:05,968 INFO: Tạo thành công bảng product_info và product_list!
2025-09-29 21:35:05,977 INFO: Bảng product_list hiện có 200000 product_id
2025-09-29 21:35:05,977 INFO: Bảng product_list đã có đủ dữ liệu, bỏ qua insert
2025-09-29 21:35:06,015 INFO: Đã crawl hết sản phẩm
2025-09-29 21:35:06,015 INFO: Bắt đầu crawl lại các sản phẩm lỗi khác 404
2025-09-29 21:35:06,024 INFO: Không còn sản phẩm crawl lỗi khác 404
2025-09-29 21:35:06,024 INFO: Hoàn thành crawl toàn bộ sản phẩm
2025-09-29 21:35:09,931 INFO: Tạo thành công bảng product_info và product_list!
2025-09-29 21:35:09,940 INFO: Bảng product_list hiện có 200000 product_id
2025-09-29 21:35:09,940 INFO: Bảng product_list đã có đủ dữ liệu, bỏ qua insert
2025-09-29 21:35:09,979 INFO: Đã crawl hết sản phẩm
2025-09-29 21:35:09,979 INFO: Bắt đầu crawl lại các sản phẩm lỗi khác 404
2025-09-29 21:35:09,988 INFO: Không còn sản phẩm crawl lỗi khác 404
2025-09-29 21:35:09,988 INFO: Hoàn thành crawl toàn bộ sản phẩm
2025-09-29 21:35:14,120 INFO: Tạo thành công bảng product_info và product_list!
2025-09-29 21:35:14,129 INFO: Bảng product_list hiện có 200000 product_id
2025-09-29 21:35:14,129 INFO: Bảng product_list đã có đủ dữ liệu, bỏ qua insert
2025-09-29 21:35:14,168 INFO: Đã crawl hết sản phẩm
2025-09-29 21:35:14,168 INFO: Bắt đầu crawl lại các sản phẩm lỗi khác 404
2025-09-29 21:35:14,177 INFO: Không còn sản phẩm crawl lỗi khác 404
2025-09-29 21:35:14,177 INFO: Hoàn thành crawl toàn bộ sản phẩm
2025-09-29 21:35:18,237 INFO: Tạo thành công bảng product_info và product_list!
2025-09-29 21:35:18,246 INFO: Bảng product_list hiện có 200000 product_id
2025-09-29 21:35:18,246 INFO: Bảng product_list đã có đủ dữ liệu, bỏ qua insert
2025-09-29 21:35:18,287 INFO: Đã crawl hết sản phẩm
2025-09-29 21:35:18,287 INFO: Bắt đầu crawl lại các sản phẩm lỗi khác 404
2025-09-29 21:35:18,297 INFO: Không còn sản phẩm crawl lỗi khác 404
2025-09-29 21:35:18,297 INFO: Hoàn thành crawl toàn bộ sản phẩm
2025-09-29 21:35:23,292 INFO: Tạo thành công bảng product_info và product_list!
2025-09-29 21:35:23,301 INFO: Bảng product_list hiện có 200000 product_id
2025-09-29 21:35:23,301 INFO: Bảng product_list đã có đủ dữ liệu, bỏ qua insert
2025-09-29 21:35:23,339 INFO: Đã crawl hết sản phẩm
2025-09-29 21:35:23,340 INFO: Bắt đầu crawl lại các sản phẩm lỗi khác 404
2025-09-29 21:35:23,349 INFO: Không còn sản phẩm crawl lỗi khác 404
2025-09-29 21:35:23,349 INFO: Hoàn thành crawl toàn bộ sản phẩm
2025-09-29 21:35:28,302 INFO: Tạo thành công bảng product_info và product_list!
2025-09-29 21:35:28,312 INFO: Bảng product_list hiện có 200000 product_id
2025-09-29 21:35:28,312 INFO: Bảng product_list đã có đủ dữ liệu, bỏ qua insert
2025-09-29 21:35:28,355 INFO: Đã crawl hết sản phẩm
2025-09-29 21:35:28,355 INFO: Bắt đầu crawl lại các sản phẩm lỗi khác 404
2025-09-29 21:35:28,366 INFO: Không còn sản phẩm crawl lỗi khác 404
2025-09-29 21:35:28,366 INFO: Hoàn thành crawl toàn bộ sản phẩm
2025-09-29 21:35:33,343 INFO: Tạo thành công bảng product_info và product_list!
2025-09-29 21:35:33,352 INFO: Bảng product_list hiện có 200000 product_id
2025-09-29 21:35:33,352 INFO: Bảng product_list đã có đủ dữ liệu, bỏ qua insert
2025-09-29 21:35:33,392 INFO: Đã crawl hết sản phẩm
2025-09-29 21:35:33,392 INFO: Bắt đầu crawl lại các sản phẩm lỗi khác 404
2025-09-29 21:35:33,401 INFO: Không còn sản phẩm crawl lỗi khác 404
2025-09-29 21:35:33,401 INFO: Hoàn thành crawl toàn bộ sản phẩm
2025-09-29 21:35:38,338 INFO: Tạo thành công bảng product_info và product_list!
2025-09-29 21:35:38,347 INFO: Bảng product_list hiện có 200000 product_id
2025-09-29 21:35:38,347 INFO: Bảng product_list đã có đủ dữ liệu, bỏ qua insert
2025-09-29 21:35:38,387 INFO: Đã crawl hết sản phẩm
2025-09-29 21:35:38,387 INFO: Bắt đầu crawl lại các sản phẩm lỗi khác 404
2025-09-29 21:35:38,396 INFO: Không còn sản phẩm crawl lỗi khác 404
2025-09-29 21:35:38,396 INFO: Hoàn thành crawl toàn bộ sản phẩm
2025-09-29 21:35:42,293 INFO: Tạo thành công bảng product_info và product_list!
2025-09-29 21:35:42,302 INFO: Bảng product_list hiện có 200000 product_id
2025-09-29 21:35:42,302 INFO: Bảng product_list đã có đủ dữ liệu, bỏ qua insert
2025-09-29 21:35:42,341 INFO: Đã crawl hết sản phẩm
2025-09-29 21:35:42,341 INFO: Bắt đầu crawl lại các sản phẩm lỗi khác 404
2025-09-29 21:35:42,350 INFO: Không còn sản phẩm crawl lỗi khác 404
2025-09-29 21:35:42,350 INFO: Hoàn thành crawl toàn bộ sản phẩm
2025-09-29 21:35:47,231 INFO: Tạo thành công bảng product_info và product_list!
2025-09-29 21:35:47,240 INFO: Bảng product_list hiện có 200000 product_id
2025-09-29 21:35:47,240 INFO: Bảng product_list đã có đủ dữ liệu, bỏ qua insert
2025-09-29 21:35:47,279 INFO: Đã crawl hết sản phẩm
2025-09-29 21:35:47,279 INFO: Bắt đầu crawl lại các sản phẩm lỗi khác 404
2025-09-29 21:35:47,288 INFO: Không còn sản phẩm crawl lỗi khác 404
2025-09-29 21:35:47,288 INFO: Hoàn thành crawl toàn bộ sản phẩm
2025-09-29 21:35:51,199 INFO: Tạo thành công bảng product_info và product_list!
2025-09-29 21:35:51,208 INFO: Bảng product_list hiện có 200000 product_id
2025-09-29 21:35:51,208 INFO: Bảng product_list đã có đủ dữ liệu, bỏ qua insert
2025-09-29 21:35:51,248 INFO: Đã crawl hết sản phẩm
2025-09-29 21:35:51,248 INFO: Bắt đầu crawl lại các sản phẩm lỗi khác 404
2025-09-29 21:35:51,257 INFO: Không còn sản phẩm crawl lỗi khác 404
2025-09-29 21:35:51,257 INFO: Hoàn thành crawl toàn bộ sản phẩm
2025-09-29 21:35:56,201 INFO: Tạo thành công bảng product_info và product_list!
2025-09-29 21:35:56,210 INFO: Bảng product_list hiện có 200000 product_id
2025-09-29 21:35:56,210 INFO: Bảng product_list đã có đủ dữ liệu, bỏ qua insert
2025-09-29 21:35:56,249 INFO: Đã crawl hết sản phẩm
2025-09-29 21:35:56,249 INFO: Bắt đầu crawl lại các sản phẩm lỗi khác 404
2025-09-29 21:35:56,258 INFO: Không còn sản phẩm crawl lỗi khác 404
2025-09-29 21:35:56,258 INFO: Hoàn thành crawl toàn bộ sản phẩm
2025-09-29 21:36:01,233 INFO: Tạo thành công bảng product_info và product_list!
2025-09-29 21:36:01,242 INFO: Bảng product_list hiện có 200000 product_id
2025-09-29 21:36:01,242 INFO: Bảng product_list đã có đủ dữ liệu, bỏ qua insert
2025-09-29 21:36:01,280 INFO: Đã crawl hết sản phẩm
2025-09-29 21:36:01,280 INFO: Bắt đầu crawl lại các sản phẩm lỗi khác 404
2025-09-29 21:36:01,289 INFO: Không còn sản phẩm crawl lỗi khác 404
2025-09-29 21:36:01,289 INFO: Hoàn thành crawl toàn bộ sản phẩm
2025-09-29 21:36:05,226 INFO: Tạo thành công bảng product_info và product_list!
2025-09-29 21:36:05,235 INFO: Bảng product_list hiện có 200000 product_id
2025-09-29 21:36:05,235 INFO: Bảng product_list đã có đủ dữ liệu, bỏ qua insert
2025-09-29 21:36:05,275 INFO: Đã crawl hết sản phẩm
2025-09-29 21:36:05,275 INFO: Bắt đầu crawl lại các sản phẩm lỗi khác 404
2025-09-29 21:36:05,284 INFO: Không còn sản phẩm crawl lỗi khác 404
2025-09-29 21:36:05,284 INFO: Hoàn thành crawl toàn bộ sản phẩm
2025-09-29 21:36:09,207 INFO: Tạo thành công bảng product_info và product_list!
2025-09-29 21:36:09,216 INFO: Bảng product_list hiện có 200000 product_id
2025-09-29 21:36:09,216 INFO: Bảng product_list đã có đủ dữ liệu, bỏ qua insert
2025-09-29 21:36:09,254 INFO: Đã crawl hết sản phẩm
2025-09-29 21:36:09,254 INFO: Bắt đầu crawl lại các sản phẩm lỗi khác 404
2025-09-29 21:36:09,263 INFO: Không còn sản phẩm crawl lỗi khác 404
2025-09-29 21:36:09,263 INFO: Hoàn thành crawl toàn bộ sản phẩm
2025-09-29 21:36:14,255 INFO: Tạo thành công bảng product_info và product_list!
2025-09-29 21:36:14,264 INFO: Bảng product_list hiện có 200000 product_id
2025-09-29 21:36:14,264 INFO: Bảng product_list đã có đủ dữ liệu, bỏ qua insert
2025-09-29 21:36:14,302 INFO: Đã crawl hết sản phẩm
2025-09-29 21:36:14,302 INFO: Bắt đầu crawl lại các sản phẩm lỗi khác 404
2025-09-29 21:36:14,311 INFO: Không còn sản phẩm crawl lỗi khác 404
2025-09-29 21:36:14,311 INFO: Hoàn thành crawl toàn bộ sản phẩm
2025-09-29 21:36:19,214 INFO: Tạo thành công bảng product_info và product_list!
2025-09-29 21:36:19,223 INFO: Bảng product_list hiện có 200000 product_id
2025-09-29 21:36:19,223 INFO: Bảng product_list đã có đủ dữ liệu, bỏ qua insert
2025-09-29 21:36:19,263 INFO: Đã crawl hết sản phẩm
2025-09-29 21:36:19,263 INFO: Bắt đầu crawl lại các sản phẩm lỗi khác 404
2025-09-29 21:36:19,272 INFO: Không còn sản phẩm crawl lỗi khác 404
2025-09-29 21:36:19,272 INFO: Hoàn thành crawl toàn bộ sản phẩm
2025-09-29 21:36:24,199 INFO: Tạo thành công bảng product_info và product_list!
2025-09-29 21:36:24,208 INFO: Bảng product_list hiện có 200000 product_id
2025-09-29 21:36:24,208 INFO: Bảng product_list đã có đủ dữ liệu, bỏ qua insert
2025-09-29 21:36:24,247 INFO: Đã crawl hết sản phẩm
2025-09-29 21:36:24,247 INFO: Bắt đầu crawl lại các sản phẩm lỗi khác 404
2025-09-29 21:36:24,255 INFO: Không còn sản phẩm crawl lỗi khác 404
2025-09-29 21:36:24,255 INFO: Hoàn thành crawl toàn bộ sản phẩm
2025-09-29 21:36:29,300 INFO: Tạo thành công bảng product_info và product_list!
2025-09-29 21:36:29,309 INFO: Bảng product_list hiện có 200000 product_id
2025-09-29 21:36:29,309 INFO: Bảng product_list đã có đủ dữ liệu, bỏ qua insert
2025-09-29 21:36:29,347 INFO: Đã crawl hết sản phẩm
2025-09-29 21:36:29,347 INFO: Bắt đầu crawl lại các sản phẩm lỗi khác 404
2025-09-29 21:36:29,356 INFO: Không còn sản phẩm crawl lỗi khác 404
2025-09-29 21:36:29,356 INFO: Hoàn thành crawl toàn bộ sản phẩm
2025-09-29 21:36:34,304 INFO: Tạo thành công bảng product_info và product_list!
2025-09-29 21:36:34,313 INFO: Bảng product_list hiện có 200000 product_id
2025-09-29 21:36:34,313 INFO: Bảng product_list đã có đủ dữ liệu, bỏ qua insert
2025-09-29 21:36:34,351 INFO: Đã crawl hết sản phẩm
2025-09-29 21:36:34,351 INFO: Bắt đầu crawl lại các sản phẩm lỗi khác 404
2025-09-29 21:36:34,361 INFO: Không còn sản phẩm crawl lỗi khác 404
2025-09-29 21:36:34,361 INFO: Hoàn thành crawl toàn bộ sản phẩm
2025-09-29 21:36:39,324 INFO: Tạo thành công bảng product_info và product_list!
2025-09-29 21:36:39,334 INFO: Bảng product_list hiện có 200000 product_id
2025-09-29 21:36:39,334 INFO: Bảng product_list đã có đủ dữ liệu, bỏ qua insert
2025-09-29 21:36:39,373 INFO: Đã crawl hết sản phẩm
2025-09-29 21:36:39,373 INFO: Bắt đầu crawl lại các sản phẩm lỗi khác 404
2025-09-29 21:36:39,382 INFO: Không còn sản phẩm crawl lỗi khác 404
2025-09-29 21:36:39,383 INFO: Hoàn thành crawl toàn bộ sản phẩm
2025-09-29 21:36:44,321 INFO: Tạo thành công bảng product_info và product_list!
2025-09-29 21:36:44,330 INFO: Bảng product_list hiện có 200000 product_id
2025-09-29 21:36:44,330 INFO: Bảng product_list đã có đủ dữ liệu, bỏ qua insert
2025-09-29 21:36:44,368 INFO: Đã crawl hết sản phẩm
2025-09-29 21:36:44,368 INFO: Bắt đầu crawl lại các sản phẩm lỗi khác 404
2025-09-29 21:36:44,377 INFO: Không còn sản phẩm crawl lỗi khác 404
2025-09-29 21:36:44,377 INFO: Hoàn thành crawl toàn bộ sản phẩm
2025-09-29 21:36:49,235 INFO: Tạo thành công bảng product_info và product_list!
2025-09-29 21:36:49,244 INFO: Bảng product_list hiện có 200000 product_id
2025-09-29 21:36:49,244 INFO: Bảng product_list đã có đủ dữ liệu, bỏ qua insert
2025-09-29 21:36:49,282 INFO: Đã crawl hết sản phẩm
2025-09-29 21:36:49,282 INFO: Bắt đầu crawl lại các sản phẩm lỗi khác 404
2025-09-29 21:36:49,291 INFO: Không còn sản phẩm crawl lỗi khác 404
2025-09-29 21:36:49,291 INFO: Hoàn thành crawl toàn bộ sản phẩm
2025-09-29 21:36:53,260 INFO: Tạo thành công bảng product_info và product_list!
2025-09-29 21:36:53,268 INFO: Bảng product_list hiện có 200000 product_id
2025-09-29 21:36:53,268 INFO: Bảng product_list đã có đủ dữ liệu, bỏ qua insert
2025-09-29 21:36:53,307 INFO: Đã crawl hết sản phẩm
2025-09-29 21:36:53,308 INFO: Bắt đầu crawl lại các sản phẩm lỗi khác 404
2025-09-29 21:36:53,316 INFO: Không còn sản phẩm crawl lỗi khác 404
2025-09-29 21:36:53,317 INFO: Hoàn thành crawl toàn bộ sản phẩm
2025-09-29 21:36:58,231 INFO: Tạo thành công bảng product_info và product_list!
2025-09-29 21:36:58,240 INFO: Bảng product_list hiện có 200000 product_id
2025-09-29 21:36:58,240 INFO: Bảng product_list đã có đủ dữ liệu, bỏ qua insert
2025-09-29 21:36:58,279 INFO: Đã crawl hết sản phẩm
2025-09-29 21:36:58,279 INFO: Bắt đầu crawl lại các sản phẩm lỗi khác 404
2025-09-29 21:36:58,288 INFO: Không còn sản phẩm crawl lỗi khác 404
2025-09-29 21:36:58,288 INFO: Hoàn thành crawl toàn bộ sản phẩm
2025-09-29 21:37:03,168 INFO: Tạo thành công bảng product_info và product_list!
2025-09-29 21:37:03,176 INFO: Bảng product_list hiện có 200000 product_id
2025-09-29 21:37:03,177 INFO: Bảng product_list đã có đủ dữ liệu, bỏ qua insert
2025-09-29 21:37:03,214 INFO: Đã crawl hết sản phẩm
2025-09-29 21:37:03,214 INFO: Bắt đầu crawl lại các sản phẩm lỗi khác 404
2025-09-29 21:37:03,223 INFO: Không còn sản phẩm crawl lỗi khác 404
2025-09-29 21:37:03,223 INFO: Hoàn thành crawl toàn bộ sản phẩm
2025-09-29 21:37:07,134 INFO: Tạo thành công bảng product_info và product_list!
2025-09-29 21:37:07,143 INFO: Bảng product_list hiện có 200000 product_id
2025-09-29 21:37:07,143 INFO: Bảng product_list đã có đủ dữ liệu, bỏ qua insert
2025-09-29 21:37:07,181 INFO: Đã crawl hết sản phẩm
2025-09-29 21:37:07,181 INFO: Bắt đầu crawl lại các sản phẩm lỗi khác 404
2025-09-29 21:37:07,190 INFO: Không còn sản phẩm crawl lỗi khác 404
2025-09-29 21:37:07,190 INFO: Hoàn thành crawl toàn bộ sản phẩm
2025-09-29 21:37:12,132 INFO: Tạo thành công bảng product_info và product_list!
2025-09-29 21:37:12,141 INFO: Bảng product_list hiện có 200000 product_id
2025-09-29 21:37:12,141 INFO: Bảng product_list đã có đủ dữ liệu, bỏ qua insert
2025-09-29 21:37:12,179 INFO: Đã crawl hết sản phẩm
2025-09-29 21:37:12,179 INFO: Bắt đầu crawl lại các sản phẩm lỗi khác 404
2025-09-29 21:37:12,188 INFO: Không còn sản phẩm crawl lỗi khác 404
2025-09-29 21:37:12,188 INFO: Hoàn thành crawl toàn bộ sản phẩm
2025-09-29 21:37:17,098 INFO: Tạo thành công bảng product_info và product_list!
2025-09-29 21:37:17,107 INFO: Bảng product_list hiện có 200000 product_id
2025-09-29 21:37:17,107 INFO: Bảng product_list đã có đủ dữ liệu, bỏ qua insert
2025-09-29 21:37:17,147 INFO: Đã crawl hết sản phẩm
2025-09-29 21:37:17,147 INFO: Bắt đầu crawl lại các sản phẩm lỗi khác 404
2025-09-29 21:37:17,156 INFO: Không còn sản phẩm crawl lỗi khác 404
2025-09-29 21:37:17,156 INFO: Hoàn thành crawl toàn bộ sản phẩm
2025-09-29 21:37:22,087 INFO: Tạo thành công bảng product_info và product_list!
2025-09-29 21:37:22,097 INFO: Bảng product_list hiện có 200000 product_id
2025-09-29 21:37:22,097 INFO: Bảng product_list đã có đủ dữ liệu, bỏ qua insert
2025-09-29 21:37:22,136 INFO: Đã crawl hết sản phẩm
2025-09-29 21:37:22,136 INFO: Bắt đầu crawl lại các sản phẩm lỗi khác 404
2025-09-29 21:37:22,145 INFO: Không còn sản phẩm crawl lỗi khác 404
2025-09-29 21:37:22,145 INFO: Hoàn thành crawl toàn bộ sản phẩm
2025-09-29 21:37:26,994 INFO: Tạo thành công bảng product_info và product_list!
2025-09-29 21:37:27,003 INFO: Bảng product_list hiện có 200000 product_id
2025-09-29 21:37:27,003 INFO: Bảng product_list đã có đủ dữ liệu, bỏ qua insert
2025-09-29 21:37:27,041 INFO: Đã crawl hết sản phẩm
2025-09-29 21:37:27,041 INFO: Bắt đầu crawl lại các sản phẩm lỗi khác 404
2025-09-29 21:37:27,050 INFO: Không còn sản phẩm crawl lỗi khác 404
2025-09-29 21:37:27,050 INFO: Hoàn thành crawl toàn bộ sản phẩm
2025-09-29 21:37:31,950 INFO: Tạo thành công bảng product_info và product_list!
2025-09-29 21:37:31,959 INFO: Bảng product_list hiện có 200000 product_id
2025-09-29 21:37:31,959 INFO: Bảng product_list đã có đủ dữ liệu, bỏ qua insert
2025-09-29 21:37:31,996 INFO: Đã crawl hết sản phẩm
2025-09-29 21:37:31,996 INFO: Bắt đầu crawl lại các sản phẩm lỗi khác 404
2025-09-29 21:37:32,005 INFO: Không còn sản phẩm crawl lỗi khác 404
2025-09-29 21:37:32,005 INFO: Hoàn thành crawl toàn bộ sản phẩm
2025-09-29 21:37:36,945 INFO: Tạo thành công bảng product_info và product_list!
2025-09-29 21:37:36,954 INFO: Bảng product_list hiện có 200000 product_id
2025-09-29 21:37:36,954 INFO: Bảng product_list đã có đủ dữ liệu, bỏ qua insert
2025-09-29 21:37:36,992 INFO: Đã crawl hết sản phẩm
2025-09-29 21:37:36,992 INFO: Bắt đầu crawl lại các sản phẩm lỗi khác 404
2025-09-29 21:37:37,002 INFO: Không còn sản phẩm crawl lỗi khác 404
2025-09-29 21:37:37,002 INFO: Hoàn thành crawl toàn bộ sản phẩm
2025-09-29 21:37:41,917 INFO: Tạo thành công bảng product_info và product_list!
2025-09-29 21:37:41,926 INFO: Bảng product_list hiện có 200000 product_id
2025-09-29 21:37:41,926 INFO: Bảng product_list đã có đủ dữ liệu, bỏ qua insert
2025-09-29 21:37:41,964 INFO: Đã crawl hết sản phẩm
2025-09-29 21:37:41,964 INFO: Bắt đầu crawl lại các sản phẩm lỗi khác 404
2025-09-29 21:37:41,973 INFO: Không còn sản phẩm crawl lỗi khác 404
2025-09-29 21:37:41,973 INFO: Hoàn thành crawl toàn bộ sản phẩm
2025-09-29 21:37:46,857 INFO: Tạo thành công bảng product_info và product_list!
2025-09-29 21:37:46,865 INFO: Bảng product_list hiện có 200000 product_id
2025-09-29 21:37:46,865 INFO: Bảng product_list đã có đủ dữ liệu, bỏ qua insert
2025-09-29 21:37:46,905 INFO: Đã crawl hết sản phẩm
2025-09-29 21:37:46,905 INFO: Bắt đầu crawl lại các sản phẩm lỗi khác 404
2025-09-29 21:37:46,914 INFO: Không còn sản phẩm crawl lỗi khác 404
2025-09-29 21:37:46,915 INFO: Hoàn thành crawl toàn bộ sản phẩm
2025-09-29 21:37:51,816 INFO: Tạo thành công bảng product_info và product_list!
2025-09-29 21:37:51,825 INFO: Bảng product_list hiện có 200000 product_id
2025-09-29 21:37:51,825 INFO: Bảng product_list đã có đủ dữ liệu, bỏ qua insert
2025-09-29 21:37:51,863 INFO: Đã crawl hết sản phẩm
2025-09-29 21:37:51,863 INFO: Bắt đầu crawl lại các sản phẩm lỗi khác 404
2025-09-29 21:37:51,872 INFO: Không còn sản phẩm crawl lỗi khác 404
2025-09-29 21:37:51,872 INFO: Hoàn thành crawl toàn bộ sản phẩm
2025-09-29 21:37:56,821 INFO: Tạo thành công bảng product_info và product_list!
2025-09-29 21:37:56,829 INFO: Bảng product_list hiện có 200000 product_id
2025-09-29 21:37:56,829 INFO: Bảng product_list đã có đủ dữ liệu, bỏ qua insert
2025-09-29 21:37:56,868 INFO: Đã crawl hết sản phẩm
2025-09-29 21:37:56,868 INFO: Bắt đầu crawl lại các sản phẩm lỗi khác 404
2025-09-29 21:37:56,877 INFO: Không còn sản phẩm crawl lỗi khác 404
2025-09-29 21:37:56,877 INFO: Hoàn thành crawl toàn bộ sản phẩm
2025-09-29 21:38:01,828 INFO: Tạo thành công bảng product_info và product_list!
2025-09-29 21:38:01,837 INFO: Bảng product_list hiện có 200000 product_id
2025-09-29 21:38:01,837 INFO: Bảng product_list đã có đủ dữ liệu, bỏ qua insert
2025-09-29 21:38:01,875 INFO: Đã crawl hết sản phẩm
2025-09-29 21:38:01,875 INFO: Bắt đầu crawl lại các sản phẩm lỗi khác 404
2025-09-29 21:38:01,884 INFO: Không còn sản phẩm crawl lỗi khác 404
2025-09-29 21:38:01,884 INFO: Hoàn thành crawl toàn bộ sản phẩm
2025-09-29 21:38:06,812 INFO: Tạo thành công bảng product_info và product_list!
2025-09-29 21:38:06,821 INFO: Bảng product_list hiện có 200000 product_id
2025-09-29 21:38:06,822 INFO: Bảng product_list đã có đủ dữ liệu, bỏ qua insert
2025-09-29 21:38:06,859 INFO: Đã crawl hết sản phẩm
2025-09-29 21:38:06,859 INFO: Bắt đầu crawl lại các sản phẩm lỗi khác 404
2025-09-29 21:38:06,869 INFO: Không còn sản phẩm crawl lỗi khác 404
2025-09-29 21:38:06,869 INFO: Hoàn thành crawl toàn bộ sản phẩm
2025-09-29 21:38:11,820 INFO: Tạo thành công bảng product_info và product_list!
2025-09-29 21:38:11,829 INFO: Bảng product_list hiện có 200000 product_id
2025-09-29 21:38:11,829 INFO: Bảng product_list đã có đủ dữ liệu, bỏ qua insert
2025-09-29 21:38:11,867 INFO: Đã crawl hết sản phẩm
2025-09-29 21:38:11,867 INFO: Bắt đầu crawl lại các sản phẩm lỗi khác 404
2025-09-29 21:38:11,876 INFO: Không còn sản phẩm crawl lỗi khác 404
2025-09-29 21:38:11,876 INFO: Hoàn thành crawl toàn bộ sản phẩm
2025-09-29 21:38:16,770 INFO: Tạo thành công bảng product_info và product_list!
2025-09-29 21:38:16,779 INFO: Bảng product_list hiện có 200000 product_id
2025-09-29 21:38:16,779 INFO: Bảng product_list đã có đủ dữ liệu, bỏ qua insert
2025-09-29 21:38:16,816 INFO: Đã crawl hết sản phẩm
2025-09-29 21:38:16,816 INFO: Bắt đầu crawl lại các sản phẩm lỗi khác 404
2025-09-29 21:38:16,825 INFO: Không còn sản phẩm crawl lỗi khác 404
2025-09-29 21:38:16,825 INFO: Hoàn thành crawl toàn bộ sản phẩm
2025-09-29 21:38:21,680 INFO: Tạo thành công bảng product_info và product_list!
2025-09-29 21:38:21,688 INFO: Bảng product_list hiện có 200000 product_id
2025-09-29 21:38:21,689 INFO: Bảng product_list đã có đủ dữ liệu, bỏ qua insert
2025-09-29 21:38:21,726 INFO: Đã crawl hết sản phẩm
2025-09-29 21:38:21,726 INFO: Bắt đầu crawl lại các sản phẩm lỗi khác 404
2025-09-29 21:38:21,735 INFO: Không còn sản phẩm crawl lỗi khác 404
2025-09-29 21:38:21,735 INFO: Hoàn thành crawl toàn bộ sản phẩm
2025-09-29 21:38:25,612 INFO: Tạo thành công bảng product_info và product_list!
2025-09-29 21:38:25,621 INFO: Bảng product_list hiện có 200000 product_id
2025-09-29 21:38:25,621 INFO: Bảng product_list đã có đủ dữ liệu, bỏ qua insert
2025-09-29 21:38:25,659 INFO: Đã crawl hết sản phẩm
2025-09-29 21:38:25,659 INFO: Bắt đầu crawl lại các sản phẩm lỗi khác 404
2025-09-29 21:38:25,668 INFO: Không còn sản phẩm crawl lỗi khác 404
2025-09-29 21:38:25,668 INFO: Hoàn thành crawl toàn bộ sản phẩm
2025-09-29 21:38:30,695 INFO: Tạo thành công bảng product_info và product_list!
2025-09-29 21:38:30,704 INFO: Bảng product_list hiện có 200000 product_id
2025-09-29 21:38:30,704 INFO: Bảng product_list đã có đủ dữ liệu, bỏ qua insert
2025-09-29 21:38:30,744 INFO: Đã crawl hết sản phẩm
2025-09-29 21:38:30,744 INFO: Bắt đầu crawl lại các sản phẩm lỗi khác 404
2025-09-29 21:38:30,753 INFO: Không còn sản phẩm crawl lỗi khác 404
2025-09-29 21:38:30,753 INFO: Hoàn thành crawl toàn bộ sản phẩm
2025-09-29 21:38:34,751 INFO: Tạo thành công bảng product_info và product_list!
2025-09-29 21:38:34,760 INFO: Bảng product_list hiện có 200000 product_id
2025-09-29 21:38:34,760 INFO: Bảng product_list đã có đủ dữ liệu, bỏ qua insert
2025-09-29 21:38:34,799 INFO: Đã crawl hết sản phẩm
2025-09-29 21:38:34,799 INFO: Bắt đầu crawl lại các sản phẩm lỗi khác 404
2025-09-29 21:38:34,808 INFO: Không còn sản phẩm crawl lỗi khác 404
2025-09-29 21:38:34,808 INFO: Hoàn thành crawl toàn bộ sản phẩm
2025-09-29 21:38:38,704 INFO: Tạo thành công bảng product_info và product_list!
2025-09-29 21:38:38,712 INFO: Bảng product_list hiện có 200000 product_id
2025-09-29 21:38:38,712 INFO: Bảng product_list đã có đủ dữ liệu, bỏ qua insert
2025-09-29 21:38:38,750 INFO: Đã crawl hết sản phẩm
2025-09-29 21:38:38,750 INFO: Bắt đầu crawl lại các sản phẩm lỗi khác 404
2025-09-29 21:38:38,760 INFO: Không còn sản phẩm crawl lỗi khác 404
2025-09-29 21:38:38,760 INFO: Hoàn thành crawl toàn bộ sản phẩm
2025-09-29 21:38:42,711 INFO: Tạo thành công bảng product_info và product_list!
2025-09-29 21:38:42,720 INFO: Bảng product_list hiện có 200000 product_id
2025-09-29 21:38:42,721 INFO: Bảng product_list đã có đủ dữ liệu, bỏ qua insert
2025-09-29 21:38:42,759 INFO: Đã crawl hết sản phẩm
2025-09-29 21:38:42,759 INFO: Bắt đầu crawl lại các sản phẩm lỗi khác 404
2025-09-29 21:38:42,768 INFO: Không còn sản phẩm crawl lỗi khác 404
2025-09-29 21:38:42,768 INFO: Hoàn thành crawl toàn bộ sản phẩm
2025-09-29 21:38:46,618 INFO: Tạo thành công bảng product_info và product_list!
2025-09-29 21:38:46,627 INFO: Bảng product_list hiện có 200000 product_id
2025-09-29 21:38:46,627 INFO: Bảng product_list đã có đủ dữ liệu, bỏ qua insert
2025-09-29 21:38:46,666 INFO: Đã crawl hết sản phẩm
2025-09-29 21:38:46,666 INFO: Bắt đầu crawl lại các sản phẩm lỗi khác 404
2025-09-29 21:38:46,675 INFO: Không còn sản phẩm crawl lỗi khác 404
2025-09-29 21:38:46,675 INFO: Hoàn thành crawl toàn bộ sản phẩm
2025-09-29 21:38:50,608 INFO: Tạo thành công bảng product_info và product_list!
2025-09-29 21:38:50,617 INFO: Bảng product_list hiện có 200000 product_id
2025-09-29 21:38:50,617 INFO: Bảng product_list đã có đủ dữ liệu, bỏ qua insert
2025-09-29 21:38:50,655 INFO: Đã crawl hết sản phẩm
2025-09-29 21:38:50,655 INFO: Bắt đầu crawl lại các sản phẩm lỗi khác 404
2025-09-29 21:38:50,664 INFO: Không còn sản phẩm crawl lỗi khác 404
2025-09-29 21:38:50,664 INFO: Hoàn thành crawl toàn bộ sản phẩm
2025-09-29 21:38:54,571 INFO: Tạo thành công bảng product_info và product_list!
2025-09-29 21:38:54,580 INFO: Bảng product_list hiện có 200000 product_id
2025-09-29 21:38:54,580 INFO: Bảng product_list đã có đủ dữ liệu, bỏ qua insert
2025-09-29 21:38:54,618 INFO: Đã crawl hết sản phẩm
2025-09-29 21:38:54,619 INFO: Bắt đầu crawl lại các sản phẩm lỗi khác 404
2025-09-29 21:38:54,628 INFO: Không còn sản phẩm crawl lỗi khác 404
2025-09-29 21:38:54,628 INFO: Hoàn thành crawl toàn bộ sản phẩm
2025-09-29 21:38:58,548 INFO: Tạo thành công bảng product_info và product_list!
2025-09-29 21:38:58,558 INFO: Bảng product_list hiện có 200000 product_id
2025-09-29 21:38:58,558 INFO: Bảng product_list đã có đủ dữ liệu, bỏ qua insert
2025-09-29 21:38:58,597 INFO: Đã crawl hết sản phẩm
2025-09-29 21:38:58,597 INFO: Bắt đầu crawl lại các sản phẩm lỗi khác 404
2025-09-29 21:38:58,606 INFO: Không còn sản phẩm crawl lỗi khác 404
2025-09-29 21:38:58,606 INFO: Hoàn thành crawl toàn bộ sản phẩm
2025-09-29 21:39:03,528 INFO: Tạo thành công bảng product_info và product_list!
2025-09-29 21:39:03,537 INFO: Bảng product_list hiện có 200000 product_id
2025-09-29 21:39:03,537 INFO: Bảng product_list đã có đủ dữ liệu, bỏ qua insert
2025-09-29 21:39:03,575 INFO: Đã crawl hết sản phẩm
2025-09-29 21:39:03,576 INFO: Bắt đầu crawl lại các sản phẩm lỗi khác 404
2025-09-29 21:39:03,584 INFO: Không còn sản phẩm crawl lỗi khác 404
2025-09-29 21:39:03,584 INFO: Hoàn thành crawl toàn bộ sản phẩm
2025-09-29 21:39:08,494 INFO: Tạo thành công bảng product_info và product_list!
2025-09-29 21:39:08,502 INFO: Bảng product_list hiện có 200000 product_id
2025-09-29 21:39:08,502 INFO: Bảng product_list đã có đủ dữ liệu, bỏ qua insert
2025-09-29 21:39:08,540 INFO: Đã crawl hết sản phẩm
2025-09-29 21:39:08,540 INFO: Bắt đầu crawl lại các sản phẩm lỗi khác 404
2025-09-29 21:39:08,549 INFO: Không còn sản phẩm crawl lỗi khác 404
2025-09-29 21:39:08,549 INFO: Hoàn thành crawl toàn bộ sản phẩm
2025-09-29 21:39:12,456 INFO: Tạo thành công bảng product_info và product_list!
2025-09-29 21:39:12,465 INFO: Bảng product_list hiện có 200000 product_id
2025-09-29 21:39:12,465 INFO: Bảng product_list đã có đủ dữ liệu, bỏ qua insert
2025-09-29 21:39:12,503 INFO: Đã crawl hết sản phẩm
2025-09-29 21:39:12,503 INFO: Bắt đầu crawl lại các sản phẩm lỗi khác 404
2025-09-29 21:39:12,512 INFO: Không còn sản phẩm crawl lỗi khác 404
2025-09-29 21:39:12,512 INFO: Hoàn thành crawl toàn bộ sản phẩm
2025-09-29 21:39:16,462 INFO: Tạo thành công bảng product_info và product_list!
2025-09-29 21:39:16,474 INFO: Bảng product_list hiện có 200000 product_id
2025-09-29 21:39:16,474 INFO: Bảng product_list đã có đủ dữ liệu, bỏ qua insert
2025-09-29 21:39:16,515 INFO: Đã crawl hết sản phẩm
2025-09-29 21:39:16,515 INFO: Bắt đầu crawl lại các sản phẩm lỗi khác 404
2025-09-29 21:39:16,525 INFO: Không còn sản phẩm crawl lỗi khác 404
2025-09-29 21:39:16,525 INFO: Hoàn thành crawl toàn bộ sản phẩm
2025-09-29 21:39:21,606 INFO: Tạo thành công bảng product_info và product_list!
2025-09-29 21:39:21,615 INFO: Bảng product_list hiện có 200000 product_id
2025-09-29 21:39:21,615 INFO: Bảng product_list đã có đủ dữ liệu, bỏ qua insert
2025-09-29 21:39:21,656 INFO: Đã crawl hết sản phẩm
2025-09-29 21:39:21,656 INFO: Bắt đầu crawl lại các sản phẩm lỗi khác 404
2025-09-29 21:39:21,665 INFO: Không còn sản phẩm crawl lỗi khác 404
2025-09-29 21:39:21,665 INFO: Hoàn thành crawl toàn bộ sản phẩm
2025-09-29 21:39:25,610 INFO: Tạo thành công bảng product_info và product_list!
2025-09-29 21:39:25,620 INFO: Bảng product_list hiện có 200000 product_id
2025-09-29 21:39:25,620 INFO: Bảng product_list đã có đủ dữ liệu, bỏ qua insert
2025-09-29 21:39:25,661 INFO: Đã crawl hết sản phẩm
2025-09-29 21:39:25,661 INFO: Bắt đầu crawl lại các sản phẩm lỗi khác 404
2025-09-29 21:39:25,671 INFO: Không còn sản phẩm crawl lỗi khác 404
2025-09-29 21:39:25,671 INFO: Hoàn thành crawl toàn bộ sản phẩm
2025-09-29 21:39:30,787 INFO: Tạo thành công bảng product_info và product_list!
2025-09-29 21:39:30,796 INFO: Bảng product_list hiện có 200000 product_id
2025-09-29 21:39:30,796 INFO: Bảng product_list đã có đủ dữ liệu, bỏ qua insert
2025-09-29 21:39:30,834 INFO: Đã crawl hết sản phẩm
2025-09-29 21:39:30,834 INFO: Bắt đầu crawl lại các sản phẩm lỗi khác 404
2025-09-29 21:39:30,843 INFO: Không còn sản phẩm crawl lỗi khác 404
2025-09-29 21:39:30,843 INFO: Hoàn thành crawl toàn bộ sản phẩm
2025-09-29 21:39:35,826 INFO: Tạo thành công bảng product_info và product_list!
2025-09-29 21:39:35,835 INFO: Bảng product_list hiện có 200000 product_id
2025-09-29 21:39:35,836 INFO: Bảng product_list đã có đủ dữ liệu, bỏ qua insert
2025-09-29 21:39:35,873 INFO: Đã crawl hết sản phẩm
2025-09-29 21:39:35,873 INFO: Bắt đầu crawl lại các sản phẩm lỗi khác 404
2025-09-29 21:39:35,882 INFO: Không còn sản phẩm crawl lỗi khác 404
2025-09-29 21:39:35,882 INFO: Hoàn thành crawl toàn bộ sản phẩm
2025-09-29 21:39:41,017 INFO: Tạo thành công bảng product_info và product_list!
2025-09-29 21:39:41,027 INFO: Bảng product_list hiện có 200000 product_id
2025-09-29 21:39:41,027 INFO: Bảng product_list đã có đủ dữ liệu, bỏ qua insert
2025-09-29 21:39:41,067 INFO: Đã crawl hết sản phẩm
2025-09-29 21:39:41,067 INFO: Bắt đầu crawl lại các sản phẩm lỗi khác 404
2025-09-29 21:39:41,077 INFO: Không còn sản phẩm crawl lỗi khác 404
2025-09-29 21:39:41,077 INFO: Hoàn thành crawl toàn bộ sản phẩm
2025-09-29 21:39:46,066 INFO: Tạo thành công bảng product_info và product_list!
2025-09-29 21:39:46,075 INFO: Bảng product_list hiện có 200000 product_id
2025-09-29 21:39:46,075 INFO: Bảng product_list đã có đủ dữ liệu, bỏ qua insert
2025-09-29 21:39:46,114 INFO: Đã crawl hết sản phẩm
2025-09-29 21:39:46,114 INFO: Bắt đầu crawl lại các sản phẩm lỗi khác 404
2025-09-29 21:39:46,124 INFO: Không còn sản phẩm crawl lỗi khác 404
2025-09-29 21:39:46,124 INFO: Hoàn thành crawl toàn bộ sản phẩm
2025-09-29 21:39:51,076 INFO: Tạo thành công bảng product_info và product_list!
2025-09-29 21:39:51,084 INFO: Bảng product_list hiện có 200000 product_id
2025-09-29 21:39:51,084 INFO: Bảng product_list đã có đủ dữ liệu, bỏ qua insert
2025-09-29 21:39:51,123 INFO: Đã crawl hết sản phẩm
2025-09-29 21:39:51,123 INFO: Bắt đầu crawl lại các sản phẩm lỗi khác 404
2025-09-29 21:39:51,132 INFO: Không còn sản phẩm crawl lỗi khác 404
2025-09-29 21:39:51,133 INFO: Hoàn thành crawl toàn bộ sản phẩm
2025-09-29 21:39:55,137 INFO: Tạo thành công bảng product_info và product_list!
2025-09-29 21:39:55,146 INFO: Bảng product_list hiện có 200000 product_id
2025-09-29 21:39:55,146 INFO: Bảng product_list đã có đủ dữ liệu, bỏ qua insert
2025-09-29 21:39:55,185 INFO: Đã crawl hết sản phẩm
2025-09-29 21:39:55,185 INFO: Bắt đầu crawl lại các sản phẩm lỗi khác 404
2025-09-29 21:39:55,195 INFO: Không còn sản phẩm crawl lỗi khác 404
2025-09-29 21:39:55,195 INFO: Hoàn thành crawl toàn bộ sản phẩm
2025-09-29 21:40:00,226 INFO: Tạo thành công bảng product_info và product_list!
2025-09-29 21:40:00,236 INFO: Bảng product_list hiện có 200000 product_id
2025-09-29 21:40:00,236 INFO: Bảng product_list đã có đủ dữ liệu, bỏ qua insert
2025-09-29 21:40:00,275 INFO: Đã crawl hết sản phẩm
2025-09-29 21:40:00,275 INFO: Bắt đầu crawl lại các sản phẩm lỗi khác 404
2025-09-29 21:40:00,284 INFO: Không còn sản phẩm crawl lỗi khác 404
2025-09-29 21:40:00,285 INFO: Hoàn thành crawl toàn bộ sản phẩm
2025-09-29 21:40:04,239 INFO: Tạo thành công bảng product_info và product_list!
2025-09-29 21:40:04,248 INFO: Bảng product_list hiện có 200000 product_id
2025-09-29 21:40:04,248 INFO: Bảng product_list đã có đủ dữ liệu, bỏ qua insert
2025-09-29 21:40:04,287 INFO: Đã crawl hết sản phẩm
2025-09-29 21:40:04,287 INFO: Bắt đầu crawl lại các sản phẩm lỗi khác 404
2025-09-29 21:40:04,296 INFO: Không còn sản phẩm crawl lỗi khác 404
2025-09-29 21:40:04,296 INFO: Hoàn thành crawl toàn bộ sản phẩm
2025-09-29 21:40:09,300 INFO: Tạo thành công bảng product_info và product_list!
2025-09-29 21:40:09,309 INFO: Bảng product_list hiện có 200000 product_id
2025-09-29 21:40:09,309 INFO: Bảng product_list đã có đủ dữ liệu, bỏ qua insert
2025-09-29 21:40:09,349 INFO: Đã crawl hết sản phẩm
2025-09-29 21:40:09,349 INFO: Bắt đầu crawl lại các sản phẩm lỗi khác 404
2025-09-29 21:40:09,358 INFO: Không còn sản phẩm crawl lỗi khác 404
2025-09-29 21:40:09,358 INFO: Hoàn thành crawl toàn bộ sản phẩm
2025-09-29 21:40:13,286 INFO: Tạo thành công bảng product_info và product_list!
2025-09-29 21:40:13,295 INFO: Bảng product_list hiện có 200000 product_id
2025-09-29 21:40:13,295 INFO: Bảng product_list đã có đủ dữ liệu, bỏ qua insert
2025-09-29 21:40:13,334 INFO: Đã crawl hết sản phẩm
2025-09-29 21:40:13,334 INFO: Bắt đầu crawl lại các sản phẩm lỗi khác 404
2025-09-29 21:40:13,343 INFO: Không còn sản phẩm crawl lỗi khác 404
2025-09-29 21:40:13,343 INFO: Hoàn thành crawl toàn bộ sản phẩm
2025-09-29 21:40:18,278 INFO: Tạo thành công bảng product_info và product_list!
2025-09-29 21:40:18,288 INFO: Bảng product_list hiện có 200000 product_id
2025-09-29 21:40:18,288 INFO: Bảng product_list đã có đủ dữ liệu, bỏ qua insert
2025-09-29 21:40:18,327 INFO: Đã crawl hết sản phẩm
2025-09-29 21:40:18,327 INFO: Bắt đầu crawl lại các sản phẩm lỗi khác 404
2025-09-29 21:40:18,336 INFO: Không còn sản phẩm crawl lỗi khác 404
2025-09-29 21:40:18,336 INFO: Hoàn thành crawl toàn bộ sản phẩm
2025-09-29 21:40:23,448 INFO: Tạo thành công bảng product_info và product_list!
2025-09-29 21:40:23,457 INFO: Bảng product_list hiện có 200000 product_id
2025-09-29 21:40:23,457 INFO: Bảng product_list đã có đủ dữ liệu, bỏ qua insert
2025-09-29 21:40:23,515 INFO: Đã crawl hết sản phẩm
2025-09-29 21:40:23,515 INFO: Bắt đầu crawl lại các sản phẩm lỗi khác 404
2025-09-29 21:40:23,529 INFO: Không còn sản phẩm crawl lỗi khác 404
2025-09-29 21:40:23,529 INFO: Hoàn thành crawl toàn bộ sản phẩm
2025-09-29 21:40:28,649 INFO: Tạo thành công bảng product_info và product_list!
2025-09-29 21:40:28,658 INFO: Bảng product_list hiện có 200000 product_id
2025-09-29 21:40:28,658 INFO: Bảng product_list đã có đủ dữ liệu, bỏ qua insert
2025-09-29 21:40:28,696 INFO: Đã crawl hết sản phẩm
2025-09-29 21:40:28,696 INFO: Bắt đầu crawl lại các sản phẩm lỗi khác 404
2025-09-29 21:40:28,705 INFO: Không còn sản phẩm crawl lỗi khác 404
2025-09-29 21:40:28,705 INFO: Hoàn thành crawl toàn bộ sản phẩm
2025-09-29 21:40:33,700 INFO: Tạo thành công bảng product_info và product_list!
2025-09-29 21:40:33,709 INFO: Bảng product_list hiện có 200000 product_id
2025-09-29 21:40:33,709 INFO: Bảng product_list đã có đủ dữ liệu, bỏ qua insert
2025-09-29 21:40:33,747 INFO: Đã crawl hết sản phẩm
2025-09-29 21:40:33,747 INFO: Bắt đầu crawl lại các sản phẩm lỗi khác 404
2025-09-29 21:40:33,756 INFO: Không còn sản phẩm crawl lỗi khác 404
2025-09-29 21:40:33,756 INFO: Hoàn thành crawl toàn bộ sản phẩm
2025-09-29 21:40:37,713 INFO: Tạo thành công bảng product_info và product_list!
2025-09-29 21:40:37,722 INFO: Bảng product_list hiện có 200000 product_id
2025-09-29 21:40:37,722 INFO: Bảng product_list đã có đủ dữ liệu, bỏ qua insert
2025-09-29 21:40:37,761 INFO: Đã crawl hết sản phẩm
2025-09-29 21:40:37,762 INFO: Bắt đầu crawl lại các sản phẩm lỗi khác 404
2025-09-29 21:40:37,771 INFO: Không còn sản phẩm crawl lỗi khác 404
2025-09-29 21:40:37,771 INFO: Hoàn thành crawl toàn bộ sản phẩm
2025-09-29 21:40:42,682 INFO: Tạo thành công bảng product_info và product_list!
2025-09-29 21:40:42,691 INFO: Bảng product_list hiện có 200000 product_id
2025-09-29 21:40:42,691 INFO: Bảng product_list đã có đủ dữ liệu, bỏ qua insert
2025-09-29 21:40:42,729 INFO: Đã crawl hết sản phẩm
2025-09-29 21:40:42,729 INFO: Bắt đầu crawl lại các sản phẩm lỗi khác 404
2025-09-29 21:40:42,738 INFO: Không còn sản phẩm crawl lỗi khác 404
2025-09-29 21:40:42,738 INFO: Hoàn thành crawl toàn bộ sản phẩm
2025-09-29 21:40:46,687 INFO: Tạo thành công bảng product_info và product_list!
2025-09-29 21:40:46,696 INFO: Bảng product_list hiện có 200000 product_id
2025-09-29 21:40:46,696 INFO: Bảng product_list đã có đủ dữ liệu, bỏ qua insert
2025-09-29 21:40:46,733 INFO: Đã crawl hết sản phẩm
2025-09-29 21:40:46,734 INFO: Bắt đầu crawl lại các sản phẩm lỗi khác 404
2025-09-29 21:40:46,742 INFO: Không còn sản phẩm crawl lỗi khác 404
2025-09-29 21:40:46,742 INFO: Hoàn thành crawl toàn bộ sản phẩm
2025-09-29 21:40:51,592 INFO: Tạo thành công bảng product_info và product_list!
2025-09-29 21:40:51,601 INFO: Bảng product_list hiện có 200000 product_id
2025-09-29 21:40:51,601 INFO: Bảng product_list đã có đủ dữ liệu, bỏ qua insert
2025-09-29 21:40:51,639 INFO: Đã crawl hết sản phẩm
2025-09-29 21:40:51,640 INFO: Bắt đầu crawl lại các sản phẩm lỗi khác 404
2025-09-29 21:40:51,648 INFO: Không còn sản phẩm crawl lỗi khác 404
2025-09-29 21:40:51,649 INFO: Hoàn thành crawl toàn bộ sản phẩm
2025-09-29 21:40:55,507 INFO: Tạo thành công bảng product_info và product_list!
2025-09-29 21:40:55,515 INFO: Bảng product_list hiện có 200000 product_id
2025-09-29 21:40:55,515 INFO: Bảng product_list đã có đủ dữ liệu, bỏ qua insert
2025-09-29 21:40:55,553 INFO: Đã crawl hết sản phẩm
2025-09-29 21:40:55,553 INFO: Bắt đầu crawl lại các sản phẩm lỗi khác 404
2025-09-29 21:40:55,561 INFO: Không còn sản phẩm crawl lỗi khác 404
2025-09-29 21:40:55,561 INFO: Hoàn thành crawl toàn bộ sản phẩm
2025-09-29 21:40:59,471 INFO: Tạo thành công bảng product_info và product_list!
2025-09-29 21:40:59,479 INFO: Bảng product_list hiện có 200000 product_id
2025-09-29 21:40:59,480 INFO: Bảng product_list đã có đủ dữ liệu, bỏ qua insert
2025-09-29 21:40:59,517 INFO: Đã crawl hết sản phẩm
2025-09-29 21:40:59,517 INFO: Bắt đầu crawl lại các sản phẩm lỗi khác 404
2025-09-29 21:40:59,526 INFO: Không còn sản phẩm crawl lỗi khác 404
2025-09-29 21:40:59,526 INFO: Hoàn thành crawl toàn bộ sản phẩm
2025-09-29 21:41:04,370 INFO: Tạo thành công bảng product_info và product_list!
2025-09-29 21:41:04,379 INFO: Bảng product_list hiện có 200000 product_id
2025-09-29 21:41:04,379 INFO: Bảng product_list đã có đủ dữ liệu, bỏ qua insert
2025-09-29 21:41:04,418 INFO: Đã crawl hết sản phẩm
2025-09-29 21:41:04,418 INFO: Bắt đầu crawl lại các sản phẩm lỗi khác 404
2025-09-29 21:41:04,427 INFO: Không còn sản phẩm crawl lỗi khác 404
2025-09-29 21:41:04,427 INFO: Hoàn thành crawl toàn bộ sản phẩm
2025-09-29 21:41:08,289 INFO: Tạo thành công bảng product_info và product_list!
2025-09-29 21:41:08,298 INFO: Bảng product_list hiện có 200000 product_id
2025-09-29 21:41:08,299 INFO: Bảng product_list đã có đủ dữ liệu, bỏ qua insert
2025-09-29 21:41:08,336 INFO: Đã crawl hết sản phẩm
2025-09-29 21:41:08,336 INFO: Bắt đầu crawl lại các sản phẩm lỗi khác 404
2025-09-29 21:41:08,345 INFO: Không còn sản phẩm crawl lỗi khác 404
2025-09-29 21:41:08,345 INFO: Hoàn thành crawl toàn bộ sản phẩm
2025-09-29 21:41:13,247 INFO: Tạo thành công bảng product_info và product_list!
2025-09-29 21:41:13,256 INFO: Bảng product_list hiện có 200000 product_id
2025-09-29 21:41:13,256 INFO: Bảng product_list đã có đủ dữ liệu, bỏ qua insert
2025-09-29 21:41:13,295 INFO: Đã crawl hết sản phẩm
2025-09-29 21:41:13,295 INFO: Bắt đầu crawl lại các sản phẩm lỗi khác 404
2025-09-29 21:41:13,304 INFO: Không còn sản phẩm crawl lỗi khác 404
2025-09-29 21:41:13,304 INFO: Hoàn thành crawl toàn bộ sản phẩm
2025-09-29 21:41:17,239 INFO: Tạo thành công bảng product_info và product_list!
2025-09-29 21:41:17,248 INFO: Bảng product_list hiện có 200000 product_id
2025-09-29 21:41:17,248 INFO: Bảng product_list đã có đủ dữ liệu, bỏ qua insert
2025-09-29 21:41:17,287 INFO: Đã crawl hết sản phẩm
2025-09-29 21:41:17,287 INFO: Bắt đầu crawl lại các sản phẩm lỗi khác 404
2025-09-29 21:41:17,296 INFO: Không còn sản phẩm crawl lỗi khác 404
2025-09-29 21:41:17,296 INFO: Hoàn thành crawl toàn bộ sản phẩm
2025-09-29 21:41:22,219 INFO: Tạo thành công bảng product_info và product_list!
2025-09-29 21:41:22,229 INFO: Bảng product_list hiện có 200000 product_id
2025-09-29 21:41:22,229 INFO: Bảng product_list đã có đủ dữ liệu, bỏ qua insert
2025-09-29 21:41:22,268 INFO: Đã crawl hết sản phẩm
2025-09-29 21:41:22,268 INFO: Bắt đầu crawl lại các sản phẩm lỗi khác 404
2025-09-29 21:41:22,277 INFO: Không còn sản phẩm crawl lỗi khác 404
2025-09-29 21:41:22,277 INFO: Hoàn thành crawl toàn bộ sản phẩm
2025-09-29 21:41:26,159 INFO: Tạo thành công bảng product_info và product_list!
2025-09-29 21:41:26,168 INFO: Bảng product_list hiện có 200000 product_id
2025-09-29 21:41:26,169 INFO: Bảng product_list đã có đủ dữ liệu, bỏ qua insert
2025-09-29 21:41:26,209 INFO: Đã crawl hết sản phẩm
2025-09-29 21:41:26,209 INFO: Bắt đầu crawl lại các sản phẩm lỗi khác 404
2025-09-29 21:41:26,218 INFO: Không còn sản phẩm crawl lỗi khác 404
2025-09-29 21:41:26,218 INFO: Hoàn thành crawl toàn bộ sản phẩm
2025-09-29 21:41:30,241 INFO: Tạo thành công bảng product_info và product_list!
2025-09-29 21:41:30,249 INFO: Bảng product_list hiện có 200000 product_id
2025-09-29 21:41:30,249 INFO: Bảng product_list đã có đủ dữ liệu, bỏ qua insert
2025-09-29 21:41:30,288 INFO: Đã crawl hết sản phẩm
2025-09-29 21:41:30,288 INFO: Bắt đầu crawl lại các sản phẩm lỗi khác 404
2025-09-29 21:41:30,297 INFO: Không còn sản phẩm crawl lỗi khác 404
2025-09-29 21:41:30,297 INFO: Hoàn thành crawl toàn bộ sản phẩm
2025-09-29 21:41:34,285 INFO: Tạo thành công bảng product_info và product_list!
2025-09-29 21:41:34,294 INFO: Bảng product_list hiện có 200000 product_id
2025-09-29 21:41:34,294 INFO: Bảng product_list đã có đủ dữ liệu, bỏ qua insert
2025-09-29 21:41:34,332 INFO: Đã crawl hết sản phẩm
2025-09-29 21:41:34,332 INFO: Bắt đầu crawl lại các sản phẩm lỗi khác 404
2025-09-29 21:41:34,342 INFO: Không còn sản phẩm crawl lỗi khác 404
2025-09-29 21:41:34,342 INFO: Hoàn thành crawl toàn bộ sản phẩm
2025-09-29 21:41:39,435 INFO: Tạo thành công bảng product_info và product_list!
2025-09-29 21:41:39,445 INFO: Bảng product_list hiện có 200000 product_id
2025-09-29 21:41:39,445 INFO: Bảng product_list đã có đủ dữ liệu, bỏ qua insert
2025-09-29 21:41:39,484 INFO: Đã crawl hết sản phẩm
2025-09-29 21:41:39,484 INFO: Bắt đầu crawl lại các sản phẩm lỗi khác 404
2025-09-29 21:41:39,493 INFO: Không còn sản phẩm crawl lỗi khác 404
2025-09-29 21:41:39,494 INFO: Hoàn thành crawl toàn bộ sản phẩm
2025-09-29 21:41:44,494 INFO: Tạo thành công bảng product_info và product_list!
2025-09-29 21:41:44,503 INFO: Bảng product_list hiện có 200000 product_id
2025-09-29 21:41:44,503 INFO: Bảng product_list đã có đủ dữ liệu, bỏ qua insert
2025-09-29 21:41:44,544 INFO: Đã crawl hết sản phẩm
2025-09-29 21:41:44,544 INFO: Bắt đầu crawl lại các sản phẩm lỗi khác 404
2025-09-29 21:41:44,554 INFO: Không còn sản phẩm crawl lỗi khác 404
2025-09-29 21:41:44,554 INFO: Hoàn thành crawl toàn bộ sản phẩm
2025-09-29 21:41:49,494 INFO: Tạo thành công bảng product_info và product_list!
2025-09-29 21:41:49,503 INFO: Bảng product_list hiện có 200000 product_id
2025-09-29 21:41:49,503 INFO: Bảng product_list đã có đủ dữ liệu, bỏ qua insert
2025-09-29 21:41:49,542 INFO: Đã crawl hết sản phẩm
2025-09-29 21:41:49,543 INFO: Bắt đầu crawl lại các sản phẩm lỗi khác 404
2025-09-29 21:41:49,551 INFO: Không còn sản phẩm crawl lỗi khác 404
2025-09-29 21:41:49,551 INFO: Hoàn thành crawl toàn bộ sản phẩm
2025-09-29 21:41:54,411 INFO: Tạo thành công bảng product_info và product_list!
2025-09-29 21:41:54,420 INFO: Bảng product_list hiện có 200000 product_id
2025-09-29 21:41:54,420 INFO: Bảng product_list đã có đủ dữ liệu, bỏ qua insert
2025-09-29 21:41:54,459 INFO: Đã crawl hết sản phẩm
2025-09-29 21:41:54,460 INFO: Bắt đầu crawl lại các sản phẩm lỗi khác 404
2025-09-29 21:41:54,469 INFO: Không còn sản phẩm crawl lỗi khác 404
2025-09-29 21:41:54,469 INFO: Hoàn thành crawl toàn bộ sản phẩm
2025-09-29 21:41:58,313 INFO: Tạo thành công bảng product_info và product_list!
2025-09-29 21:41:58,321 INFO: Bảng product_list hiện có 200000 product_id
2025-09-29 21:41:58,321 INFO: Bảng product_list đã có đủ dữ liệu, bỏ qua insert
2025-09-29 21:41:58,360 INFO: Đã crawl hết sản phẩm
2025-09-29 21:41:58,360 INFO: Bắt đầu crawl lại các sản phẩm lỗi khác 404
2025-09-29 21:41:58,369 INFO: Không còn sản phẩm crawl lỗi khác 404
2025-09-29 21:41:58,369 INFO: Hoàn thành crawl toàn bộ sản phẩm
2025-09-29 21:42:02,314 INFO: Tạo thành công bảng product_info và product_list!
2025-09-29 21:42:02,323 INFO: Bảng product_list hiện có 200000 product_id
2025-09-29 21:42:02,323 INFO: Bảng product_list đã có đủ dữ liệu, bỏ qua insert
2025-09-29 21:42:02,362 INFO: Đã crawl hết sản phẩm
2025-09-29 21:42:02,362 INFO: Bắt đầu crawl lại các sản phẩm lỗi khác 404
2025-09-29 21:42:02,371 INFO: Không còn sản phẩm crawl lỗi khác 404
2025-09-29 21:42:02,371 INFO: Hoàn thành crawl toàn bộ sản phẩm
2025-09-29 21:42:06,256 INFO: Tạo thành công bảng product_info và product_list!
2025-09-29 21:42:06,265 INFO: Bảng product_list hiện có 200000 product_id
2025-09-29 21:42:06,265 INFO: Bảng product_list đã có đủ dữ liệu, bỏ qua insert
2025-09-29 21:42:06,303 INFO: Đã crawl hết sản phẩm
2025-09-29 21:42:06,303 INFO: Bắt đầu crawl lại các sản phẩm lỗi khác 404
2025-09-29 21:42:06,312 INFO: Không còn sản phẩm crawl lỗi khác 404
2025-09-29 21:42:06,312 INFO: Hoàn thành crawl toàn bộ sản phẩm
2025-09-29 21:42:10,301 INFO: Tạo thành công bảng product_info và product_list!
2025-09-29 21:42:10,310 INFO: Bảng product_list hiện có 200000 product_id
2025-09-29 21:42:10,310 INFO: Bảng product_list đã có đủ dữ liệu, bỏ qua insert
2025-09-29 21:42:10,353 INFO: Đã crawl hết sản phẩm
2025-09-29 21:42:10,353 INFO: Bắt đầu crawl lại các sản phẩm lỗi khác 404
2025-09-29 21:42:10,363 INFO: Không còn sản phẩm crawl lỗi khác 404
2025-09-29 21:42:10,363 INFO: Hoàn thành crawl toàn bộ sản phẩm
2025-09-29 21:42:15,361 INFO: Tạo thành công bảng product_info và product_list!
2025-09-29 21:42:15,370 INFO: Bảng product_list hiện có 200000 product_id
2025-09-29 21:42:15,370 INFO: Bảng product_list đã có đủ dữ liệu, bỏ qua insert
2025-09-29 21:42:15,408 INFO: Đã crawl hết sản phẩm
2025-09-29 21:42:15,409 INFO: Bắt đầu crawl lại các sản phẩm lỗi khác 404
2025-09-29 21:42:15,418 INFO: Không còn sản phẩm crawl lỗi khác 404
2025-09-29 21:42:15,418 INFO: Hoàn thành crawl toàn bộ sản phẩm
2025-09-29 21:42:20,337 INFO: Tạo thành công bảng product_info và product_list!
2025-09-29 21:42:20,346 INFO: Bảng product_list hiện có 200000 product_id
2025-09-29 21:42:20,346 INFO: Bảng product_list đã có đủ dữ liệu, bỏ qua insert
2025-09-29 21:42:20,385 INFO: Đã crawl hết sản phẩm
2025-09-29 21:42:20,385 INFO: Bắt đầu crawl lại các sản phẩm lỗi khác 404
2025-09-29 21:42:20,394 INFO: Không còn sản phẩm crawl lỗi khác 404
2025-09-29 21:42:20,394 INFO: Hoàn thành crawl toàn bộ sản phẩm
2025-09-29 21:42:25,377 INFO: Tạo thành công bảng product_info và product_list!
2025-09-29 21:42:25,386 INFO: Bảng product_list hiện có 200000 product_id
2025-09-29 21:42:25,386 INFO: Bảng product_list đã có đủ dữ liệu, bỏ qua insert
2025-09-29 21:42:25,427 INFO: Đã crawl hết sản phẩm
2025-09-29 21:42:25,427 INFO: Bắt đầu crawl lại các sản phẩm lỗi khác 404
2025-09-29 21:42:25,437 INFO: Không còn sản phẩm crawl lỗi khác 404
2025-09-29 21:42:25,437 INFO: Hoàn thành crawl toàn bộ sản phẩm
2025-09-29 21:42:30,486 INFO: Tạo thành công bảng product_info và product_list!
2025-09-29 21:42:30,495 INFO: Bảng product_list hiện có 200000 product_id
2025-09-29 21:42:30,495 INFO: Bảng product_list đã có đủ dữ liệu, bỏ qua insert
2025-09-29 21:42:30,535 INFO: Đã crawl hết sản phẩm
2025-09-29 21:42:30,535 INFO: Bắt đầu crawl lại các sản phẩm lỗi khác 404
2025-09-29 21:42:30,545 INFO: Không còn sản phẩm crawl lỗi khác 404
2025-09-29 21:42:30,545 INFO: Hoàn thành crawl toàn bộ sản phẩm
2025-09-29 21:42:34,455 INFO: Tạo thành công bảng product_info và product_list!
2025-09-29 21:42:34,464 INFO: Bảng product_list hiện có 200000 product_id
2025-09-29 21:42:34,464 INFO: Bảng product_list đã có đủ dữ liệu, bỏ qua insert
2025-09-29 21:42:34,501 INFO: Đã crawl hết sản phẩm
2025-09-29 21:42:34,501 INFO: Bắt đầu crawl lại các sản phẩm lỗi khác 404
2025-09-29 21:42:34,510 INFO: Không còn sản phẩm crawl lỗi khác 404
2025-09-29 21:42:34,510 INFO: Hoàn thành crawl toàn bộ sản phẩm
2025-09-29 21:42:38,456 INFO: Tạo thành công bảng product_info và product_list!
2025-09-29 21:42:38,465 INFO: Bảng product_list hiện có 200000 product_id
2025-09-29 21:42:38,465 INFO: Bảng product_list đã có đủ dữ liệu, bỏ qua insert
2025-09-29 21:42:38,504 INFO: Đã crawl hết sản phẩm
2025-09-29 21:42:38,504 INFO: Bắt đầu crawl lại các sản phẩm lỗi khác 404
2025-09-29 21:42:38,514 INFO: Không còn sản phẩm crawl lỗi khác 404
2025-09-29 21:42:38,514 INFO: Hoàn thành crawl toàn bộ sản phẩm
2025-09-29 21:42:42,466 INFO: Tạo thành công bảng product_info và product_list!
2025-09-29 21:42:42,475 INFO: Bảng product_list hiện có 200000 product_id
2025-09-29 21:42:42,475 INFO: Bảng product_list đã có đủ dữ liệu, bỏ qua insert
2025-09-29 21:42:42,514 INFO: Đã crawl hết sản phẩm
2025-09-29 21:42:42,514 INFO: Bắt đầu crawl lại các sản phẩm lỗi khác 404
2025-09-29 21:42:42,524 INFO: Không còn sản phẩm crawl lỗi khác 404
2025-09-29 21:42:42,524 INFO: Hoàn thành crawl toàn bộ sản phẩm
2025-09-29 21:42:47,456 INFO: Tạo thành công bảng product_info và product_list!
2025-09-29 21:42:47,465 INFO: Bảng product_list hiện có 200000 product_id
2025-09-29 21:42:47,465 INFO: Bảng product_list đã có đủ dữ liệu, bỏ qua insert
2025-09-29 21:42:47,503 INFO: Đã crawl hết sản phẩm
2025-09-29 21:42:47,503 INFO: Bắt đầu crawl lại các sản phẩm lỗi khác 404
2025-09-29 21:42:47,512 INFO: Không còn sản phẩm crawl lỗi khác 404
2025-09-29 21:42:47,512 INFO: Hoàn thành crawl toàn bộ sản phẩm
2025-09-29 21:42:52,467 INFO: Tạo thành công bảng product_info và product_list!
2025-09-29 21:42:52,476 INFO: Bảng product_list hiện có 200000 product_id
2025-09-29 21:42:52,476 INFO: Bảng product_list đã có đủ dữ liệu, bỏ qua insert
2025-09-29 21:42:52,515 INFO: Đã crawl hết sản phẩm
2025-09-29 21:42:52,516 INFO: Bắt đầu crawl lại các sản phẩm lỗi khác 404
2025-09-29 21:42:52,525 INFO: Không còn sản phẩm crawl lỗi khác 404
2025-09-29 21:42:52,525 INFO: Hoàn thành crawl toàn bộ sản phẩm
2025-09-29 21:42:57,469 INFO: Tạo thành công bảng product_info và product_list!
2025-09-29 21:42:57,478 INFO: Bảng product_list hiện có 200000 product_id
2025-09-29 21:42:57,478 INFO: Bảng product_list đã có đủ dữ liệu, bỏ qua insert
2025-09-29 21:42:57,516 INFO: Đã crawl hết sản phẩm
2025-09-29 21:42:57,516 INFO: Bắt đầu crawl lại các sản phẩm lỗi khác 404
2025-09-29 21:42:57,525 INFO: Không còn sản phẩm crawl lỗi khác 404
2025-09-29 21:42:57,525 INFO: Hoàn thành crawl toàn bộ sản phẩm
2025-09-29 21:43:02,536 INFO: Tạo thành công bảng product_info và product_list!
2025-09-29 21:43:02,544 INFO: Bảng product_list hiện có 200000 product_id
2025-09-29 21:43:02,545 INFO: Bảng product_list đã có đủ dữ liệu, bỏ qua insert
2025-09-29 21:43:02,583 INFO: Đã crawl hết sản phẩm
2025-09-29 21:43:02,583 INFO: Bắt đầu crawl lại các sản phẩm lỗi khác 404
2025-09-29 21:43:02,592 INFO: Không còn sản phẩm crawl lỗi khác 404
2025-09-29 21:43:02,592 INFO: Hoàn thành crawl toàn bộ sản phẩm
2025-09-29 21:43:07,582 INFO: Tạo thành công bảng product_info và product_list!
2025-09-29 21:43:07,591 INFO: Bảng product_list hiện có 200000 product_id
2025-09-29 21:43:07,591 INFO: Bảng product_list đã có đủ dữ liệu, bỏ qua insert
2025-09-29 21:43:07,632 INFO: Đã crawl hết sản phẩm
2025-09-29 21:43:07,632 INFO: Bắt đầu crawl lại các sản phẩm lỗi khác 404
2025-09-29 21:43:07,641 INFO: Không còn sản phẩm crawl lỗi khác 404
2025-09-29 21:43:07,641 INFO: Hoàn thành crawl toàn bộ sản phẩm
2025-09-29 21:43:12,582 INFO: Tạo thành công bảng product_info và product_list!
2025-09-29 21:43:12,591 INFO: Bảng product_list hiện có 200000 product_id
2025-09-29 21:43:12,591 INFO: Bảng product_list đã có đủ dữ liệu, bỏ qua insert
2025-09-29 21:43:12,631 INFO: Đã crawl hết sản phẩm
2025-09-29 21:43:12,631 INFO: Bắt đầu crawl lại các sản phẩm lỗi khác 404
2025-09-29 21:43:12,640 INFO: Không còn sản phẩm crawl lỗi khác 404
2025-09-29 21:43:12,640 INFO: Hoàn thành crawl toàn bộ sản phẩm
2025-09-29 21:43:17,622 INFO: Tạo thành công bảng product_info và product_list!
2025-09-29 21:43:17,631 INFO: Bảng product_list hiện có 200000 product_id
2025-09-29 21:43:17,631 INFO: Bảng product_list đã có đủ dữ liệu, bỏ qua insert
2025-09-29 21:43:17,672 INFO: Đã crawl hết sản phẩm
2025-09-29 21:43:17,672 INFO: Bắt đầu crawl lại các sản phẩm lỗi khác 404
2025-09-29 21:43:17,681 INFO: Không còn sản phẩm crawl lỗi khác 404
2025-09-29 21:43:17,681 INFO: Hoàn thành crawl toàn bộ sản phẩm
2025-09-29 21:43:22,598 INFO: Tạo thành công bảng product_info và product_list!
2025-09-29 21:43:22,607 INFO: Bảng product_list hiện có 200000 product_id
2025-09-29 21:43:22,607 INFO: Bảng product_list đã có đủ dữ liệu, bỏ qua insert
2025-09-29 21:43:22,644 INFO: Đã crawl hết sản phẩm
2025-09-29 21:43:22,645 INFO: Bắt đầu crawl lại các sản phẩm lỗi khác 404
2025-09-29 21:43:22,654 INFO: Không còn sản phẩm crawl lỗi khác 404
2025-09-29 21:43:22,654 INFO: Hoàn thành crawl toàn bộ sản phẩm
2025-09-29 21:43:26,552 INFO: Tạo thành công bảng product_info và product_list!
2025-09-29 21:43:26,561 INFO: Bảng product_list hiện có 200000 product_id
2025-09-29 21:43:26,561 INFO: Bảng product_list đã có đủ dữ liệu, bỏ qua insert
2025-09-29 21:43:26,599 INFO: Đã crawl hết sản phẩm
2025-09-29 21:43:26,599 INFO: Bắt đầu crawl lại các sản phẩm lỗi khác 404
2025-09-29 21:43:26,608 INFO: Không còn sản phẩm crawl lỗi khác 404
2025-09-29 21:43:26,608 INFO: Hoàn thành crawl toàn bộ sản phẩm
2025-09-29 21:43:30,522 INFO: Tạo thành công bảng product_info và product_list!
2025-09-29 21:43:30,531 INFO: Bảng product_list hiện có 200000 product_id
2025-09-29 21:43:30,531 INFO: Bảng product_list đã có đủ dữ liệu, bỏ qua insert
2025-09-29 21:43:30,570 INFO: Đã crawl hết sản phẩm
2025-09-29 21:43:30,570 INFO: Bắt đầu crawl lại các sản phẩm lỗi khác 404
2025-09-29 21:43:30,579 INFO: Không còn sản phẩm crawl lỗi khác 404
2025-09-29 21:43:30,579 INFO: Hoàn thành crawl toàn bộ sản phẩm
2025-09-29 21:43:34,490 INFO: Tạo thành công bảng product_info và product_list!
2025-09-29 21:43:34,499 INFO: Bảng product_list hiện có 200000 product_id
2025-09-29 21:43:34,499 INFO: Bảng product_list đã có đủ dữ liệu, bỏ qua insert
2025-09-29 21:43:34,537 INFO: Đã crawl hết sản phẩm
2025-09-29 21:43:34,537 INFO: Bắt đầu crawl lại các sản phẩm lỗi khác 404
2025-09-29 21:43:34,546 INFO: Không còn sản phẩm crawl lỗi khác 404
2025-09-29 21:43:34,546 INFO: Hoàn thành crawl toàn bộ sản phẩm
2025-09-29 21:43:39,442 INFO: Tạo thành công bảng product_info và product_list!
2025-09-29 21:43:39,451 INFO: Bảng product_list hiện có 200000 product_id
2025-09-29 21:43:39,451 INFO: Bảng product_list đã có đủ dữ liệu, bỏ qua insert
2025-09-29 21:43:39,490 INFO: Đã crawl hết sản phẩm
2025-09-29 21:43:39,490 INFO: Bắt đầu crawl lại các sản phẩm lỗi khác 404
2025-09-29 21:43:39,499 INFO: Không còn sản phẩm crawl lỗi khác 404
2025-09-29 21:43:39,499 INFO: Hoàn thành crawl toàn bộ sản phẩm
2025-09-29 21:43:44,400 INFO: Tạo thành công bảng product_info và product_list!
2025-09-29 21:43:44,410 INFO: Bảng product_list hiện có 200000 product_id
2025-09-29 21:43:44,410 INFO: Bảng product_list đã có đủ dữ liệu, bỏ qua insert
2025-09-29 21:43:44,453 INFO: Đã crawl hết sản phẩm
2025-09-29 21:43:44,453 INFO: Bắt đầu crawl lại các sản phẩm lỗi khác 404
2025-09-29 21:43:44,462 INFO: Không còn sản phẩm crawl lỗi khác 404
2025-09-29 21:43:44,462 INFO: Hoàn thành crawl toàn bộ sản phẩm
2025-09-29 21:43:49,322 INFO: Tạo thành công bảng product_info và product_list!
2025-09-29 21:43:49,331 INFO: Bảng product_list hiện có 200000 product_id
2025-09-29 21:43:49,331 INFO: Bảng product_list đã có đủ dữ liệu, bỏ qua insert
2025-09-29 21:43:49,369 INFO: Đã crawl hết sản phẩm
2025-09-29 21:43:49,369 INFO: Bắt đầu crawl lại các sản phẩm lỗi khác 404
2025-09-29 21:43:49,378 INFO: Không còn sản phẩm crawl lỗi khác 404
2025-09-29 21:43:49,378 INFO: Hoàn thành crawl toàn bộ sản phẩm
2025-09-29 21:43:54,249 INFO: Tạo thành công bảng product_info và product_list!
2025-09-29 21:43:54,258 INFO: Bảng product_list hiện có 200000 product_id
2025-09-29 21:43:54,258 INFO: Bảng product_list đã có đủ dữ liệu, bỏ qua insert
2025-09-29 21:43:54,296 INFO: Đã crawl hết sản phẩm
2025-09-29 21:43:54,297 INFO: Bắt đầu crawl lại các sản phẩm lỗi khác 404
2025-09-29 21:43:54,306 INFO: Không còn sản phẩm crawl lỗi khác 404
2025-09-29 21:43:54,306 INFO: Hoàn thành crawl toàn bộ sản phẩm
2025-09-29 21:43:58,166 INFO: Tạo thành công bảng product_info và product_list!
2025-09-29 21:43:58,175 INFO: Bảng product_list hiện có 200000 product_id
2025-09-29 21:43:58,175 INFO: Bảng product_list đã có đủ dữ liệu, bỏ qua insert
2025-09-29 21:43:58,214 INFO: Đã crawl hết sản phẩm
2025-09-29 21:43:58,214 INFO: Bắt đầu crawl lại các sản phẩm lỗi khác 404
2025-09-29 21:43:58,223 INFO: Không còn sản phẩm crawl lỗi khác 404
2025-09-29 21:43:58,223 INFO: Hoàn thành crawl toàn bộ sản phẩm
2025-09-29 21:44:02,112 INFO: Tạo thành công bảng product_info và product_list!
2025-09-29 21:44:02,120 INFO: Bảng product_list hiện có 200000 product_id
2025-09-29 21:44:02,120 INFO: Bảng product_list đã có đủ dữ liệu, bỏ qua insert
2025-09-29 21:44:02,158 INFO: Đã crawl hết sản phẩm
2025-09-29 21:44:02,158 INFO: Bắt đầu crawl lại các sản phẩm lỗi khác 404
2025-09-29 21:44:02,168 INFO: Không còn sản phẩm crawl lỗi khác 404
2025-09-29 21:44:02,168 INFO: Hoàn thành crawl toàn bộ sản phẩm
2025-09-29 21:44:06,069 INFO: Tạo thành công bảng product_info và product_list!
2025-09-29 21:44:06,078 INFO: Bảng product_list hiện có 200000 product_id
2025-09-29 21:44:06,078 INFO: Bảng product_list đã có đủ dữ liệu, bỏ qua insert
2025-09-29 21:44:06,117 INFO: Đã crawl hết sản phẩm
2025-09-29 21:44:06,117 INFO: Bắt đầu crawl lại các sản phẩm lỗi khác 404
2025-09-29 21:44:06,126 INFO: Không còn sản phẩm crawl lỗi khác 404
2025-09-29 21:44:06,126 INFO: Hoàn thành crawl toàn bộ sản phẩm
2025-09-29 21:44:10,008 INFO: Tạo thành công bảng product_info và product_list!
2025-09-29 21:44:10,018 INFO: Bảng product_list hiện có 200000 product_id
2025-09-29 21:44:10,018 INFO: Bảng product_list đã có đủ dữ liệu, bỏ qua insert
2025-09-29 21:44:10,056 INFO: Đã crawl hết sản phẩm
2025-09-29 21:44:10,056 INFO: Bắt đầu crawl lại các sản phẩm lỗi khác 404
2025-09-29 21:44:10,065 INFO: Không còn sản phẩm crawl lỗi khác 404
2025-09-29 21:44:10,065 INFO: Hoàn thành crawl toàn bộ sản phẩm
2025-09-29 21:44:13,903 INFO: Tạo thành công bảng product_info và product_list!
2025-09-29 21:44:13,911 INFO: Bảng product_list hiện có 200000 product_id
2025-09-29 21:44:13,911 INFO: Bảng product_list đã có đủ dữ liệu, bỏ qua insert
2025-09-29 21:44:13,950 INFO: Đã crawl hết sản phẩm
2025-09-29 21:44:13,950 INFO: Bắt đầu crawl lại các sản phẩm lỗi khác 404
2025-09-29 21:44:13,959 INFO: Không còn sản phẩm crawl lỗi khác 404
2025-09-29 21:44:13,959 INFO: Hoàn thành crawl toàn bộ sản phẩm
2025-09-29 21:44:18,844 INFO: Tạo thành công bảng product_info và product_list!
2025-09-29 21:44:18,853 INFO: Bảng product_list hiện có 200000 product_id
2025-09-29 21:44:18,853 INFO: Bảng product_list đã có đủ dữ liệu, bỏ qua insert
2025-09-29 21:44:18,891 INFO: Đã crawl hết sản phẩm
2025-09-29 21:44:18,891 INFO: Bắt đầu crawl lại các sản phẩm lỗi khác 404
2025-09-29 21:44:18,900 INFO: Không còn sản phẩm crawl lỗi khác 404
2025-09-29 21:44:18,901 INFO: Hoàn thành crawl toàn bộ sản phẩm
2025-09-29 21:44:23,749 INFO: Tạo thành công bảng product_info và product_list!
2025-09-29 21:44:23,758 INFO: Bảng product_list hiện có 200000 product_id
2025-09-29 21:44:23,758 INFO: Bảng product_list đã có đủ dữ liệu, bỏ qua insert
2025-09-29 21:44:23,797 INFO: Đã crawl hết sản phẩm
2025-09-29 21:44:23,797 INFO: Bắt đầu crawl lại các sản phẩm lỗi khác 404
2025-09-29 21:44:23,807 INFO: Không còn sản phẩm crawl lỗi khác 404
2025-09-29 21:44:23,807 INFO: Hoàn thành crawl toàn bộ sản phẩm
2025-09-29 21:44:27,689 INFO: Tạo thành công bảng product_info và product_list!
2025-09-29 21:44:27,698 INFO: Bảng product_list hiện có 200000 product_id
2025-09-29 21:44:27,698 INFO: Bảng product_list đã có đủ dữ liệu, bỏ qua insert
2025-09-29 21:44:27,736 INFO: Đã crawl hết sản phẩm
2025-09-29 21:44:27,736 INFO: Bắt đầu crawl lại các sản phẩm lỗi khác 404
2025-09-29 21:44:27,745 INFO: Không còn sản phẩm crawl lỗi khác 404
2025-09-29 21:44:27,745 INFO: Hoàn thành crawl toàn bộ sản phẩm
2025-09-29 21:44:31,679 INFO: Tạo thành công bảng product_info và product_list!
2025-09-29 21:44:31,687 INFO: Bảng product_list hiện có 200000 product_id
2025-09-29 21:44:31,687 INFO: Bảng product_list đã có đủ dữ liệu, bỏ qua insert
2025-09-29 21:44:31,725 INFO: Đã crawl hết sản phẩm
2025-09-29 21:44:31,725 INFO: Bắt đầu crawl lại các sản phẩm lỗi khác 404
2025-09-29 21:44:31,734 INFO: Không còn sản phẩm crawl lỗi khác 404
2025-09-29 21:44:31,734 INFO: Hoàn thành crawl toàn bộ sản phẩm
2025-09-29 21:44:35,622 INFO: Tạo thành công bảng product_info và product_list!
2025-09-29 21:44:35,631 INFO: Bảng product_list hiện có 200000 product_id
2025-09-29 21:44:35,631 INFO: Bảng product_list đã có đủ dữ liệu, bỏ qua insert
2025-09-29 21:44:35,672 INFO: Đã crawl hết sản phẩm
2025-09-29 21:44:35,672 INFO: Bắt đầu crawl lại các sản phẩm lỗi khác 404
2025-09-29 21:44:35,681 INFO: Không còn sản phẩm crawl lỗi khác 404
2025-09-29 21:44:35,681 INFO: Hoàn thành crawl toàn bộ sản phẩm
2025-09-29 21:44:39,592 INFO: Tạo thành công bảng product_info và product_list!
2025-09-29 21:44:39,601 INFO: Bảng product_list hiện có 200000 product_id
2025-09-29 21:44:39,601 INFO: Bảng product_list đã có đủ dữ liệu, bỏ qua insert
2025-09-29 21:44:39,641 INFO: Đã crawl hết sản phẩm
2025-09-29 21:44:39,642 INFO: Bắt đầu crawl lại các sản phẩm lỗi khác 404
2025-09-29 21:44:39,651 INFO: Không còn sản phẩm crawl lỗi khác 404
2025-09-29 21:44:39,651 INFO: Hoàn thành crawl toàn bộ sản phẩm
2025-09-29 21:44:43,555 INFO: Tạo thành công bảng product_info và product_list!
2025-09-29 21:44:43,565 INFO: Bảng product_list hiện có 200000 product_id
2025-09-29 21:44:43,565 INFO: Bảng product_list đã có đủ dữ liệu, bỏ qua insert
2025-09-29 21:44:43,605 INFO: Đã crawl hết sản phẩm
2025-09-29 21:44:43,605 INFO: Bắt đầu crawl lại các sản phẩm lỗi khác 404
2025-09-29 21:44:43,614 INFO: Không còn sản phẩm crawl lỗi khác 404
2025-09-29 21:44:43,614 INFO: Hoàn thành crawl toàn bộ sản phẩm
2025-09-29 21:44:47,482 INFO: Tạo thành công bảng product_info và product_list!
2025-09-29 21:44:47,491 INFO: Bảng product_list hiện có 200000 product_id
2025-09-29 21:44:47,492 INFO: Bảng product_list đã có đủ dữ liệu, bỏ qua insert
2025-09-29 21:44:47,530 INFO: Đã crawl hết sản phẩm
2025-09-29 21:44:47,530 INFO: Bắt đầu crawl lại các sản phẩm lỗi khác 404
2025-09-29 21:44:47,538 INFO: Không còn sản phẩm crawl lỗi khác 404
2025-09-29 21:44:47,539 INFO: Hoàn thành crawl toàn bộ sản phẩm
2025-09-29 21:44:51,352 INFO: Tạo thành công bảng product_info và product_list!
2025-09-29 21:44:51,361 INFO: Bảng product_list hiện có 200000 product_id
2025-09-29 21:44:51,361 INFO: Bảng product_list đã có đủ dữ liệu, bỏ qua insert
2025-09-29 21:44:51,400 INFO: Đã crawl hết sản phẩm
2025-09-29 21:44:51,400 INFO: Bắt đầu crawl lại các sản phẩm lỗi khác 404
2025-09-29 21:44:51,410 INFO: Không còn sản phẩm crawl lỗi khác 404
2025-09-29 21:44:51,410 INFO: Hoàn thành crawl toàn bộ sản phẩm
2025-09-29 21:44:55,288 INFO: Tạo thành công bảng product_info và product_list!
2025-09-29 21:44:55,297 INFO: Bảng product_list hiện có 200000 product_id
2025-09-29 21:44:55,297 INFO: Bảng product_list đã có đủ dữ liệu, bỏ qua insert
2025-09-29 21:44:55,334 INFO: Đã crawl hết sản phẩm
2025-09-29 21:44:55,334 INFO: Bắt đầu crawl lại các sản phẩm lỗi khác 404
2025-09-29 21:44:55,343 INFO: Không còn sản phẩm crawl lỗi khác 404
2025-09-29 21:44:55,343 INFO: Hoàn thành crawl toàn bộ sản phẩm
2025-09-29 21:45:00,275 INFO: Tạo thành công bảng product_info và product_list!
2025-09-29 21:45:00,284 INFO: Bảng product_list hiện có 200000 product_id
2025-09-29 21:45:00,284 INFO: Bảng product_list đã có đủ dữ liệu, bỏ qua insert
2025-09-29 21:45:00,322 INFO: Đã crawl hết sản phẩm
2025-09-29 21:45:00,322 INFO: Bắt đầu crawl lại các sản phẩm lỗi khác 404
2025-09-29 21:45:00,331 INFO: Không còn sản phẩm crawl lỗi khác 404
2025-09-29 21:45:00,331 INFO: Hoàn thành crawl toàn bộ sản phẩm
2025-09-29 21:45:05,211 INFO: Tạo thành công bảng product_info và product_list!
2025-09-29 21:45:05,220 INFO: Bảng product_list hiện có 200000 product_id
2025-09-29 21:45:05,220 INFO: Bảng product_list đã có đủ dữ liệu, bỏ qua insert
2025-09-29 21:45:05,258 INFO: Đã crawl hết sản phẩm
2025-09-29 21:45:05,259 INFO: Bắt đầu crawl lại các sản phẩm lỗi khác 404
2025-09-29 21:45:05,268 INFO: Không còn sản phẩm crawl lỗi khác 404
2025-09-29 21:45:05,268 INFO: Hoàn thành crawl toàn bộ sản phẩm
2025-09-29 21:45:10,216 INFO: Tạo thành công bảng product_info và product_list!
2025-09-29 21:45:10,226 INFO: Bảng product_list hiện có 200000 product_id
2025-09-29 21:45:10,226 INFO: Bảng product_list đã có đủ dữ liệu, bỏ qua insert
2025-09-29 21:45:10,265 INFO: Đã crawl hết sản phẩm
2025-09-29 21:45:10,265 INFO: Bắt đầu crawl lại các sản phẩm lỗi khác 404
2025-09-29 21:45:10,274 INFO: Không còn sản phẩm crawl lỗi khác 404
2025-09-29 21:45:10,274 INFO: Hoàn thành crawl toàn bộ sản phẩm
2025-09-29 21:45:15,222 INFO: Tạo thành công bảng product_info và product_list!
2025-09-29 21:45:15,231 INFO: Bảng product_list hiện có 200000 product_id
2025-09-29 21:45:15,231 INFO: Bảng product_list đã có đủ dữ liệu, bỏ qua insert
2025-09-29 21:45:15,271 INFO: Đã crawl hết sản phẩm
2025-09-29 21:45:15,271 INFO: Bắt đầu crawl lại các sản phẩm lỗi khác 404
2025-09-29 21:45:15,280 INFO: Không còn sản phẩm crawl lỗi khác 404
2025-09-29 21:45:15,280 INFO: Hoàn thành crawl toàn bộ sản phẩm
2025-09-29 21:45:20,181 INFO: Tạo thành công bảng product_info và product_list!
2025-09-29 21:45:20,189 INFO: Bảng product_list hiện có 200000 product_id
2025-09-29 21:45:20,189 INFO: Bảng product_list đã có đủ dữ liệu, bỏ qua insert
2025-09-29 21:45:20,228 INFO: Đã crawl hết sản phẩm
2025-09-29 21:45:20,228 INFO: Bắt đầu crawl lại các sản phẩm lỗi khác 404
2025-09-29 21:45:20,237 INFO: Không còn sản phẩm crawl lỗi khác 404
2025-09-29 21:45:20,237 INFO: Hoàn thành crawl toàn bộ sản phẩm
2025-09-29 21:45:24,110 INFO: Tạo thành công bảng product_info và product_list!
2025-09-29 21:45:24,119 INFO: Bảng product_list hiện có 200000 product_id
2025-09-29 21:45:24,119 INFO: Bảng product_list đã có đủ dữ liệu, bỏ qua insert
2025-09-29 21:45:24,159 INFO: Đã crawl hết sản phẩm
2025-09-29 21:45:24,159 INFO: Bắt đầu crawl lại các sản phẩm lỗi khác 404
2025-09-29 21:45:24,168 INFO: Không còn sản phẩm crawl lỗi khác 404
2025-09-29 21:45:24,168 INFO: Hoàn thành crawl toàn bộ sản phẩm
2025-09-29 21:45:29,042 INFO: Tạo thành công bảng product_info và product_list!
2025-09-29 21:45:29,051 INFO: Bảng product_list hiện có 200000 product_id
2025-09-29 21:45:29,051 INFO: Bảng product_list đã có đủ dữ liệu, bỏ qua insert
2025-09-29 21:45:29,090 INFO: Đã crawl hết sản phẩm
2025-09-29 21:45:29,090 INFO: Bắt đầu crawl lại các sản phẩm lỗi khác 404
2025-09-29 21:45:29,099 INFO: Không còn sản phẩm crawl lỗi khác 404
2025-09-29 21:45:29,099 INFO: Hoàn thành crawl toàn bộ sản phẩm
2025-09-29 21:45:34,017 INFO: Tạo thành công bảng product_info và product_list!
2025-09-29 21:45:34,025 INFO: Bảng product_list hiện có 200000 product_id
2025-09-29 21:45:34,025 INFO: Bảng product_list đã có đủ dữ liệu, bỏ qua insert
2025-09-29 21:45:34,065 INFO: Đã crawl hết sản phẩm
2025-09-29 21:45:34,065 INFO: Bắt đầu crawl lại các sản phẩm lỗi khác 404
2025-09-29 21:45:34,074 INFO: Không còn sản phẩm crawl lỗi khác 404
2025-09-29 21:45:34,074 INFO: Hoàn thành crawl toàn bộ sản phẩm
2025-09-29 21:45:37,953 INFO: Tạo thành công bảng product_info và product_list!
2025-09-29 21:45:37,962 INFO: Bảng product_list hiện có 200000 product_id
2025-09-29 21:45:37,962 INFO: Bảng product_list đã có đủ dữ liệu, bỏ qua insert
2025-09-29 21:45:38,001 INFO: Đã crawl hết sản phẩm
2025-09-29 21:45:38,001 INFO: Bắt đầu crawl lại các sản phẩm lỗi khác 404
2025-09-29 21:45:38,010 INFO: Không còn sản phẩm crawl lỗi khác 404
2025-09-29 21:45:38,010 INFO: Hoàn thành crawl toàn bộ sản phẩm
2025-09-29 21:45:42,880 INFO: Tạo thành công bảng product_info và product_list!
2025-09-29 21:45:42,889 INFO: Bảng product_list hiện có 200000 product_id
2025-09-29 21:45:42,889 INFO: Bảng product_list đã có đủ dữ liệu, bỏ qua insert
2025-09-29 21:45:42,927 INFO: Đã crawl hết sản phẩm
2025-09-29 21:45:42,927 INFO: Bắt đầu crawl lại các sản phẩm lỗi khác 404
2025-09-29 21:45:42,936 INFO: Không còn sản phẩm crawl lỗi khác 404
2025-09-29 21:45:42,936 INFO: Hoàn thành crawl toàn bộ sản phẩm
2025-09-29 21:45:46,843 INFO: Tạo thành công bảng product_info và product_list!
2025-09-29 21:45:46,852 INFO: Bảng product_list hiện có 200000 product_id
2025-09-29 21:45:46,852 INFO: Bảng product_list đã có đủ dữ liệu, bỏ qua insert
2025-09-29 21:45:46,890 INFO: Đã crawl hết sản phẩm
2025-09-29 21:45:46,890 INFO: Bắt đầu crawl lại các sản phẩm lỗi khác 404
2025-09-29 21:45:46,899 INFO: Không còn sản phẩm crawl lỗi khác 404
2025-09-29 21:45:46,899 INFO: Hoàn thành crawl toàn bộ sản phẩm
2025-09-29 21:45:51,812 INFO: Tạo thành công bảng product_info và product_list!
2025-09-29 21:45:51,821 INFO: Bảng product_list hiện có 200000 product_id
2025-09-29 21:45:51,822 INFO: Bảng product_list đã có đủ dữ liệu, bỏ qua insert
2025-09-29 21:45:51,862 INFO: Đã crawl hết sản phẩm
2025-09-29 21:45:51,862 INFO: Bắt đầu crawl lại các sản phẩm lỗi khác 404
2025-09-29 21:45:51,871 INFO: Không còn sản phẩm crawl lỗi khác 404
2025-09-29 21:45:51,871 INFO: Hoàn thành crawl toàn bộ sản phẩm
2025-09-29 21:45:55,725 INFO: Tạo thành công bảng product_info và product_list!
2025-09-29 21:45:55,735 INFO: Bảng product_list hiện có 200000 product_id
2025-09-29 21:45:55,735 INFO: Bảng product_list đã có đủ dữ liệu, bỏ qua insert
2025-09-29 21:45:55,773 INFO: Đã crawl hết sản phẩm
2025-09-29 21:45:55,773 INFO: Bắt đầu crawl lại các sản phẩm lỗi khác 404
2025-09-29 21:45:55,782 INFO: Không còn sản phẩm crawl lỗi khác 404
2025-09-29 21:45:55,782 INFO: Hoàn thành crawl toàn bộ sản phẩm
2025-09-29 21:45:59,766 INFO: Tạo thành công bảng product_info và product_list!
2025-09-29 21:45:59,776 INFO: Bảng product_list hiện có 200000 product_id
2025-09-29 21:45:59,776 INFO: Bảng product_list đã có đủ dữ liệu, bỏ qua insert
2025-09-29 21:45:59,820 INFO: Đã crawl hết sản phẩm
2025-09-29 21:45:59,820 INFO: Bắt đầu crawl lại các sản phẩm lỗi khác 404
2025-09-29 21:45:59,830 INFO: Không còn sản phẩm crawl lỗi khác 404
2025-09-29 21:45:59,830 INFO: Hoàn thành crawl toàn bộ sản phẩm
2025-09-29 21:46:04,735 INFO: Tạo thành công bảng product_info và product_list!
2025-09-29 21:46:04,744 INFO: Bảng product_list hiện có 200000 product_id
2025-09-29 21:46:04,745 INFO: Bảng product_list đã có đủ dữ liệu, bỏ qua insert
2025-09-29 21:46:04,782 INFO: Đã crawl hết sản phẩm
2025-09-29 21:46:04,782 INFO: Bắt đầu crawl lại các sản phẩm lỗi khác 404
2025-09-29 21:46:04,791 INFO: Không còn sản phẩm crawl lỗi khác 404
2025-09-29 21:46:04,791 INFO: Hoàn thành crawl toàn bộ sản phẩm
2025-09-29 21:46:08,662 INFO: Tạo thành công bảng product_info và product_list!
2025-09-29 21:46:08,671 INFO: Bảng product_list hiện có 200000 product_id
2025-09-29 21:46:08,672 INFO: Bảng product_list đã có đủ dữ liệu, bỏ qua insert
2025-09-29 21:46:08,710 INFO: Đã crawl hết sản phẩm
2025-09-29 21:46:08,710 INFO: Bắt đầu crawl lại các sản phẩm lỗi khác 404
2025-09-29 21:46:08,719 INFO: Không còn sản phẩm crawl lỗi khác 404
2025-09-29 21:46:08,719 INFO: Hoàn thành crawl toàn bộ sản phẩm
2025-09-29 21:46:13,611 INFO: Tạo thành công bảng product_info và product_list!
2025-09-29 21:46:13,620 INFO: Bảng product_list hiện có 200000 product_id
2025-09-29 21:46:13,620 INFO: Bảng product_list đã có đủ dữ liệu, bỏ qua insert
2025-09-29 21:46:13,657 INFO: Đã crawl hết sản phẩm
2025-09-29 21:46:13,658 INFO: Bắt đầu crawl lại các sản phẩm lỗi khác 404
2025-09-29 21:46:13,666 INFO: Không còn sản phẩm crawl lỗi khác 404
2025-09-29 21:46:13,666 INFO: Hoàn thành crawl toàn bộ sản phẩm
2025-09-29 21:46:17,569 INFO: Tạo thành công bảng product_info và product_list!
2025-09-29 21:46:17,578 INFO: Bảng product_list hiện có 200000 product_id
2025-09-29 21:46:17,578 INFO: Bảng product_list đã có đủ dữ liệu, bỏ qua insert
2025-09-29 21:46:17,617 INFO: Đã crawl hết sản phẩm
2025-09-29 21:46:17,617 INFO: Bắt đầu crawl lại các sản phẩm lỗi khác 404
2025-09-29 21:46:17,626 INFO: Không còn sản phẩm crawl lỗi khác 404
2025-09-29 21:46:17,626 INFO: Hoàn thành crawl toàn bộ sản phẩm
2025-09-29 21:46:22,517 INFO: Tạo thành công bảng product_info và product_list!
2025-09-29 21:46:22,526 INFO: Bảng product_list hiện có 200000 product_id
2025-09-29 21:46:22,526 INFO: Bảng product_list đã có đủ dữ liệu, bỏ qua insert
2025-09-29 21:46:22,566 INFO: Đã crawl hết sản phẩm
2025-09-29 21:46:22,566 INFO: Bắt đầu crawl lại các sản phẩm lỗi khác 404
2025-09-29 21:46:22,575 INFO: Không còn sản phẩm crawl lỗi khác 404
2025-09-29 21:46:22,575 INFO: Hoàn thành crawl toàn bộ sản phẩm
2025-09-29 21:46:26,486 INFO: Tạo thành công bảng product_info và product_list!
2025-09-29 21:46:26,495 INFO: Bảng product_list hiện có 200000 product_id
2025-09-29 21:46:26,495 INFO: Bảng product_list đã có đủ dữ liệu, bỏ qua insert
2025-09-29 21:46:26,534 INFO: Đã crawl hết sản phẩm
2025-09-29 21:46:26,534 INFO: Bắt đầu crawl lại các sản phẩm lỗi khác 404
2025-09-29 21:46:26,543 INFO: Không còn sản phẩm crawl lỗi khác 404
2025-09-29 21:46:26,543 INFO: Hoàn thành crawl toàn bộ sản phẩm
2025-09-29 21:46:31,448 INFO: Tạo thành công bảng product_info và product_list!
2025-09-29 21:46:31,457 INFO: Bảng product_list hiện có 200000 product_id
2025-09-29 21:46:31,457 INFO: Bảng product_list đã có đủ dữ liệu, bỏ qua insert
2025-09-29 21:46:31,496 INFO: Đã crawl hết sản phẩm
2025-09-29 21:46:31,496 INFO: Bắt đầu crawl lại các sản phẩm lỗi khác 404
2025-09-29 21:46:31,510 INFO: Không còn sản phẩm crawl lỗi khác 404
2025-09-29 21:46:31,510 INFO: Hoàn thành crawl toàn bộ sản phẩm
2025-09-29 21:46:36,405 INFO: Tạo thành công bảng product_info và product_list!
2025-09-29 21:46:36,414 INFO: Bảng product_list hiện có 200000 product_id
2025-09-29 21:46:36,415 INFO: Bảng product_list đã có đủ dữ liệu, bỏ qua insert
2025-09-29 21:46:36,453 INFO: Đã crawl hết sản phẩm
2025-09-29 21:46:36,453 INFO: Bắt đầu crawl lại các sản phẩm lỗi khác 404
2025-09-29 21:46:36,461 INFO: Không còn sản phẩm crawl lỗi khác 404
2025-09-29 21:46:36,462 INFO: Hoàn thành crawl toàn bộ sản phẩm
2025-09-29 21:46:41,334 INFO: Tạo thành công bảng product_info và product_list!
2025-09-29 21:46:41,343 INFO: Bảng product_list hiện có 200000 product_id
2025-09-29 21:46:41,343 INFO: Bảng product_list đã có đủ dữ liệu, bỏ qua insert
2025-09-29 21:46:41,381 INFO: Đã crawl hết sản phẩm
2025-09-29 21:46:41,381 INFO: Bắt đầu crawl lại các sản phẩm lỗi khác 404
2025-09-29 21:46:41,390 INFO: Không còn sản phẩm crawl lỗi khác 404
2025-09-29 21:46:41,390 INFO: Hoàn thành crawl toàn bộ sản phẩm
2025-09-29 21:46:46,336 INFO: Tạo thành công bảng product_info và product_list!
2025-09-29 21:46:46,345 INFO: Bảng product_list hiện có 200000 product_id
2025-09-29 21:46:46,345 INFO: Bảng product_list đã có đủ dữ liệu, bỏ qua insert
2025-09-29 21:46:46,383 INFO: Đã crawl hết sản phẩm
2025-09-29 21:46:46,383 INFO: Bắt đầu crawl lại các sản phẩm lỗi khác 404
2025-09-29 21:46:46,392 INFO: Không còn sản phẩm crawl lỗi khác 404
2025-09-29 21:46:46,392 INFO: Hoàn thành crawl toàn bộ sản phẩm
2025-09-29 21:46:50,315 INFO: Tạo thành công bảng product_info và product_list!
2025-09-29 21:46:50,324 INFO: Bảng product_list hiện có 200000 product_id
2025-09-29 21:46:50,324 INFO: Bảng product_list đã có đủ dữ liệu, bỏ qua insert
2025-09-29 21:46:50,363 INFO: Đã crawl hết sản phẩm
2025-09-29 21:46:50,363 INFO: Bắt đầu crawl lại các sản phẩm lỗi khác 404
2025-09-29 21:46:50,372 INFO: Không còn sản phẩm crawl lỗi khác 404
2025-09-29 21:46:50,372 INFO: Hoàn thành crawl toàn bộ sản phẩm
2025-09-29 21:46:54,265 INFO: Tạo thành công bảng product_info và product_list!
2025-09-29 21:46:54,274 INFO: Bảng product_list hiện có 200000 product_id
2025-09-29 21:46:54,274 INFO: Bảng product_list đã có đủ dữ liệu, bỏ qua insert
2025-09-29 21:46:54,313 INFO: Đã crawl hết sản phẩm
2025-09-29 21:46:54,313 INFO: Bắt đầu crawl lại các sản phẩm lỗi khác 404
2025-09-29 21:46:54,322 INFO: Không còn sản phẩm crawl lỗi khác 404
2025-09-29 21:46:54,323 INFO: Hoàn thành crawl toàn bộ sản phẩm
2025-09-29 21:46:59,206 INFO: Tạo thành công bảng product_info và product_list!
2025-09-29 21:46:59,216 INFO: Bảng product_list hiện có 200000 product_id
2025-09-29 21:46:59,216 INFO: Bảng product_list đã có đủ dữ liệu, bỏ qua insert
2025-09-29 21:46:59,255 INFO: Đã crawl hết sản phẩm
2025-09-29 21:46:59,255 INFO: Bắt đầu crawl lại các sản phẩm lỗi khác 404
2025-09-29 21:46:59,264 INFO: Không còn sản phẩm crawl lỗi khác 404
2025-09-29 21:46:59,264 INFO: Hoàn thành crawl toàn bộ sản phẩm
2025-09-29 21:47:04,152 INFO: Tạo thành công bảng product_info và product_list!
2025-09-29 21:47:04,161 INFO: Bảng product_list hiện có 200000 product_id
2025-09-29 21:47:04,161 INFO: Bảng product_list đã có đủ dữ liệu, bỏ qua insert
2025-09-29 21:47:04,200 INFO: Đã crawl hết sản phẩm
2025-09-29 21:47:04,201 INFO: Bắt đầu crawl lại các sản phẩm lỗi khác 404
2025-09-29 21:47:04,210 INFO: Không còn sản phẩm crawl lỗi khác 404
2025-09-29 21:47:04,210 INFO: Hoàn thành crawl toàn bộ sản phẩm
2025-09-29 21:47:08,141 INFO: Tạo thành công bảng product_info và product_list!
2025-09-29 21:47:08,150 INFO: Bảng product_list hiện có 200000 product_id
2025-09-29 21:47:08,150 INFO: Bảng product_list đã có đủ dữ liệu, bỏ qua insert
2025-09-29 21:47:08,189 INFO: Đã crawl hết sản phẩm
2025-09-29 21:47:08,189 INFO: Bắt đầu crawl lại các sản phẩm lỗi khác 404
2025-09-29 21:47:08,198 INFO: Không còn sản phẩm crawl lỗi khác 404
2025-09-29 21:47:08,198 INFO: Hoàn thành crawl toàn bộ sản phẩm
2025-09-29 21:47:12,107 INFO: Tạo thành công bảng product_info và product_list!
2025-09-29 21:47:12,116 INFO: Bảng product_list hiện có 200000 product_id
2025-09-29 21:47:12,116 INFO: Bảng product_list đã có đủ dữ liệu, bỏ qua insert
2025-09-29 21:47:12,154 INFO: Đã crawl hết sản phẩm
2025-09-29 21:47:12,154 INFO: Bắt đầu crawl lại các sản phẩm lỗi khác 404
2025-09-29 21:47:12,163 INFO: Không còn sản phẩm crawl lỗi khác 404
2025-09-29 21:47:12,163 INFO: Hoàn thành crawl toàn bộ sản phẩm
2025-09-29 21:47:17,107 INFO: Tạo thành công bảng product_info và product_list!
2025-09-29 21:47:17,116 INFO: Bảng product_list hiện có 200000 product_id
2025-09-29 21:47:17,116 INFO: Bảng product_list đã có đủ dữ liệu, bỏ qua insert
2025-09-29 21:47:17,155 INFO: Đã crawl hết sản phẩm
2025-09-29 21:47:17,155 INFO: Bắt đầu crawl lại các sản phẩm lỗi khác 404
2025-09-29 21:47:17,164 INFO: Không còn sản phẩm crawl lỗi khác 404
2025-09-29 21:47:17,165 INFO: Hoàn thành crawl toàn bộ sản phẩm
2025-09-29 21:47:21,060 INFO: Tạo thành công bảng product_info và product_list!
2025-09-29 21:47:21,069 INFO: Bảng product_list hiện có 200000 product_id
2025-09-29 21:47:21,069 INFO: Bảng product_list đã có đủ dữ liệu, bỏ qua insert
2025-09-29 21:47:21,107 INFO: Đã crawl hết sản phẩm
2025-09-29 21:47:21,107 INFO: Bắt đầu crawl lại các sản phẩm lỗi khác 404
2025-09-29 21:47:21,117 INFO: Không còn sản phẩm crawl lỗi khác 404
2025-09-29 21:47:21,117 INFO: Hoàn thành crawl toàn bộ sản phẩm
2025-09-29 21:47:25,033 INFO: Tạo thành công bảng product_info và product_list!
2025-09-29 21:47:25,042 INFO: Bảng product_list hiện có 200000 product_id
2025-09-29 21:47:25,042 INFO: Bảng product_list đã có đủ dữ liệu, bỏ qua insert
2025-09-29 21:47:25,082 INFO: Đã crawl hết sản phẩm
2025-09-29 21:47:25,082 INFO: Bắt đầu crawl lại các sản phẩm lỗi khác 404
2025-09-29 21:47:25,091 INFO: Không còn sản phẩm crawl lỗi khác 404
2025-09-29 21:47:25,091 INFO: Hoàn thành crawl toàn bộ sản phẩm
2025-09-29 21:47:28,962 INFO: Tạo thành công bảng product_info và product_list!
2025-09-29 21:47:28,971 INFO: Bảng product_list hiện có 200000 product_id
2025-09-29 21:47:28,971 INFO: Bảng product_list đã có đủ dữ liệu, bỏ qua insert
2025-09-29 21:47:29,009 INFO: Đã crawl hết sản phẩm
2025-09-29 21:47:29,009 INFO: Bắt đầu crawl lại các sản phẩm lỗi khác 404
2025-09-29 21:47:29,019 INFO: Không còn sản phẩm crawl lỗi khác 404
2025-09-29 21:47:29,019 INFO: Hoàn thành crawl toàn bộ sản phẩm
2025-09-29 21:47:32,923 INFO: Tạo thành công bảng product_info và product_list!
2025-09-29 21:47:32,931 INFO: Bảng product_list hiện có 200000 product_id
2025-09-29 21:47:32,931 INFO: Bảng product_list đã có đủ dữ liệu, bỏ qua insert
2025-09-29 21:47:32,969 INFO: Đã crawl hết sản phẩm
2025-09-29 21:47:32,969 INFO: Bắt đầu crawl lại các sản phẩm lỗi khác 404
2025-09-29 21:47:32,978 INFO: Không còn sản phẩm crawl lỗi khác 404
2025-09-29 21:47:32,978 INFO: Hoàn thành crawl toàn bộ sản phẩm
2025-09-29 21:47:36,902 INFO: Tạo thành công bảng product_info và product_list!
2025-09-29 21:47:36,911 INFO: Bảng product_list hiện có 200000 product_id
2025-09-29 21:47:36,911 INFO: Bảng product_list đã có đủ dữ liệu, bỏ qua insert
2025-09-29 21:47:36,948 INFO: Đã crawl hết sản phẩm
2025-09-29 21:47:36,949 INFO: Bắt đầu crawl lại các sản phẩm lỗi khác 404
2025-09-29 21:47:36,957 INFO: Không còn sản phẩm crawl lỗi khác 404
2025-09-29 21:47:36,957 INFO: Hoàn thành crawl toàn bộ sản phẩm
2025-09-29 21:47:40,850 INFO: Tạo thành công bảng product_info và product_list!
2025-09-29 21:47:40,860 INFO: Bảng product_list hiện có 200000 product_id
2025-09-29 21:47:40,860 INFO: Bảng product_list đã có đủ dữ liệu, bỏ qua insert
2025-09-29 21:47:40,899 INFO: Đã crawl hết sản phẩm
2025-09-29 21:47:40,900 INFO: Bắt đầu crawl lại các sản phẩm lỗi khác 404
2025-09-29 21:47:40,908 INFO: Không còn sản phẩm crawl lỗi khác 404
2025-09-29 21:47:40,908 INFO: Hoàn thành crawl toàn bộ sản phẩm
2025-09-29 21:47:45,846 INFO: Tạo thành công bảng product_info và product_list!
2025-09-29 21:47:45,855 INFO: Bảng product_list hiện có 200000 product_id
2025-09-29 21:47:45,855 INFO: Bảng product_list đã có đủ dữ liệu, bỏ qua insert
2025-09-29 21:47:45,892 INFO: Đã crawl hết sản phẩm
2025-09-29 21:47:45,892 INFO: Bắt đầu crawl lại các sản phẩm lỗi khác 404
2025-09-29 21:47:45,901 INFO: Không còn sản phẩm crawl lỗi khác 404
2025-09-29 21:47:45,901 INFO: Hoàn thành crawl toàn bộ sản phẩm
2025-09-29 21:47:49,772 INFO: Tạo thành công bảng product_info và product_list!
2025-09-29 21:47:49,781 INFO: Bảng product_list hiện có 200000 product_id
2025-09-29 21:47:49,782 INFO: Bảng product_list đã có đủ dữ liệu, bỏ qua insert
2025-09-29 21:47:49,820 INFO: Đã crawl hết sản phẩm
2025-09-29 21:47:49,820 INFO: Bắt đầu crawl lại các sản phẩm lỗi khác 404
2025-09-29 21:47:49,829 INFO: Không còn sản phẩm crawl lỗi khác 404
2025-09-29 21:47:49,829 INFO: Hoàn thành crawl toàn bộ sản phẩm
2025-09-29 21:47:53,730 INFO: Tạo thành công bảng product_info và product_list!
2025-09-29 21:47:53,739 INFO: Bảng product_list hiện có 200000 product_id
2025-09-29 21:47:53,739 INFO: Bảng product_list đã có đủ dữ liệu, bỏ qua insert
2025-09-29 21:47:53,779 INFO: Đã crawl hết sản phẩm
2025-09-29 21:47:53,779 INFO: Bắt đầu crawl lại các sản phẩm lỗi khác 404
2025-09-29 21:47:53,787 INFO: Không còn sản phẩm crawl lỗi khác 404
2025-09-29 21:47:53,787 INFO: Hoàn thành crawl toàn bộ sản phẩm
2025-09-29 21:47:58,684 INFO: Tạo thành công bảng product_info và product_list!
2025-09-29 21:47:58,693 INFO: Bảng product_list hiện có 200000 product_id
2025-09-29 21:47:58,693 INFO: Bảng product_list đã có đủ dữ liệu, bỏ qua insert
2025-09-29 21:47:58,733 INFO: Đã crawl hết sản phẩm
2025-09-29 21:47:58,733 INFO: Bắt đầu crawl lại các sản phẩm lỗi khác 404
2025-09-29 21:47:58,743 INFO: Không còn sản phẩm crawl lỗi khác 404
2025-09-29 21:47:58,743 INFO: Hoàn thành crawl toàn bộ sản phẩm
2025-09-29 21:48:02,630 INFO: Tạo thành công bảng product_info và product_list!
2025-09-29 21:48:02,639 INFO: Bảng product_list hiện có 200000 product_id
2025-09-29 21:48:02,639 INFO: Bảng product_list đã có đủ dữ liệu, bỏ qua insert
2025-09-29 21:48:02,677 INFO: Đã crawl hết sản phẩm
2025-09-29 21:48:02,678 INFO: Bắt đầu crawl lại các sản phẩm lỗi khác 404
2025-09-29 21:48:02,687 INFO: Không còn sản phẩm crawl lỗi khác 404
2025-09-29 21:48:02,687 INFO: Hoàn thành crawl toàn bộ sản phẩm
2025-09-29 21:48:06,578 INFO: Tạo thành công bảng product_info và product_list!
2025-09-29 21:48:06,587 INFO: Bảng product_list hiện có 200000 product_id
2025-09-29 21:48:06,587 INFO: Bảng product_list đã có đủ dữ liệu, bỏ qua insert
2025-09-29 21:48:06,626 INFO: Đã crawl hết sản phẩm
2025-09-29 21:48:06,626 INFO: Bắt đầu crawl lại các sản phẩm lỗi khác 404
2025-09-29 21:48:06,635 INFO: Không còn sản phẩm crawl lỗi khác 404
2025-09-29 21:48:06,635 INFO: Hoàn thành crawl toàn bộ sản phẩm
2025-09-29 21:48:10,554 INFO: Tạo thành công bảng product_info và product_list!
2025-09-29 21:48:10,562 INFO: Bảng product_list hiện có 200000 product_id
2025-09-29 21:48:10,562 INFO: Bảng product_list đã có đủ dữ liệu, bỏ qua insert
2025-09-29 21:48:10,600 INFO: Đã crawl hết sản phẩm
2025-09-29 21:48:10,600 INFO: Bắt đầu crawl lại các sản phẩm lỗi khác 404
2025-09-29 21:48:10,609 INFO: Không còn sản phẩm crawl lỗi khác 404
2025-09-29 21:48:10,609 INFO: Hoàn thành crawl toàn bộ sản phẩm
2025-09-29 21:48:15,573 INFO: Tạo thành công bảng product_info và product_list!
2025-09-29 21:48:15,582 INFO: Bảng product_list hiện có 200000 product_id
2025-09-29 21:48:15,582 INFO: Bảng product_list đã có đủ dữ liệu, bỏ qua insert
2025-09-29 21:48:15,621 INFO: Đã crawl hết sản phẩm
2025-09-29 21:48:15,621 INFO: Bắt đầu crawl lại các sản phẩm lỗi khác 404
2025-09-29 21:48:15,630 INFO: Không còn sản phẩm crawl lỗi khác 404
2025-09-29 21:48:15,630 INFO: Hoàn thành crawl toàn bộ sản phẩm
2025-09-29 21:48:19,531 INFO: Tạo thành công bảng product_info và product_list!
2025-09-29 21:48:19,540 INFO: Bảng product_list hiện có 200000 product_id
2025-09-29 21:48:19,540 INFO: Bảng product_list đã có đủ dữ liệu, bỏ qua insert
2025-09-29 21:48:19,579 INFO: Đã crawl hết sản phẩm
2025-09-29 21:48:19,579 INFO: Bắt đầu crawl lại các sản phẩm lỗi khác 404
2025-09-29 21:48:19,588 INFO: Không còn sản phẩm crawl lỗi khác 404
2025-09-29 21:48:19,588 INFO: Hoàn thành crawl toàn bộ sản phẩm
2025-09-29 21:48:24,485 INFO: Tạo thành công bảng product_info và product_list!
2025-09-29 21:48:24,494 INFO: Bảng product_list hiện có 200000 product_id
2025-09-29 21:48:24,494 INFO: Bảng product_list đã có đủ dữ liệu, bỏ qua insert
2025-09-29 21:48:24,533 INFO: Đã crawl hết sản phẩm
2025-09-29 21:48:24,533 INFO: Bắt đầu crawl lại các sản phẩm lỗi khác 404
2025-09-29 21:48:24,542 INFO: Không còn sản phẩm crawl lỗi khác 404
2025-09-29 21:48:24,542 INFO: Hoàn thành crawl toàn bộ sản phẩm
2025-09-29 21:48:28,408 INFO: Tạo thành công bảng product_info và product_list!
2025-09-29 21:48:28,417 INFO: Bảng product_list hiện có 200000 product_id
2025-09-29 21:48:28,417 INFO: Bảng product_list đã có đủ dữ liệu, bỏ qua insert
2025-09-29 21:48:28,456 INFO: Đã crawl hết sản phẩm
2025-09-29 21:48:28,456 INFO: Bắt đầu crawl lại các sản phẩm lỗi khác 404
2025-09-29 21:48:28,465 INFO: Không còn sản phẩm crawl lỗi khác 404
2025-09-29 21:48:28,466 INFO: Hoàn thành crawl toàn bộ sản phẩm
2025-09-29 21:48:32,374 INFO: Tạo thành công bảng product_info và product_list!
2025-09-29 21:48:32,383 INFO: Bảng product_list hiện có 200000 product_id
2025-09-29 21:48:32,383 INFO: Bảng product_list đã có đủ dữ liệu, bỏ qua insert
2025-09-29 21:48:32,421 INFO: Đã crawl hết sản phẩm
2025-09-29 21:48:32,421 INFO: Bắt đầu crawl lại các sản phẩm lỗi khác 404
2025-09-29 21:48:32,430 INFO: Không còn sản phẩm crawl lỗi khác 404
2025-09-29 21:48:32,430 INFO: Hoàn thành crawl toàn bộ sản phẩm
2025-09-29 21:48:36,310 INFO: Tạo thành công bảng product_info và product_list!
2025-09-29 21:48:36,319 INFO: Bảng product_list hiện có 200000 product_id
2025-09-29 21:48:36,319 INFO: Bảng product_list đã có đủ dữ liệu, bỏ qua insert
2025-09-29 21:48:36,358 INFO: Đã crawl hết sản phẩm
2025-09-29 21:48:36,358 INFO: Bắt đầu crawl lại các sản phẩm lỗi khác 404
2025-09-29 21:48:36,367 INFO: Không còn sản phẩm crawl lỗi khác 404
2025-09-29 21:48:36,368 INFO: Hoàn thành crawl toàn bộ sản phẩm
2025-09-29 21:48:41,290 INFO: Tạo thành công bảng product_info và product_list!
2025-09-29 21:48:41,299 INFO: Bảng product_list hiện có 200000 product_id
2025-09-29 21:48:41,299 INFO: Bảng product_list đã có đủ dữ liệu, bỏ qua insert
2025-09-29 21:48:41,337 INFO: Đã crawl hết sản phẩm
2025-09-29 21:48:41,337 INFO: Bắt đầu crawl lại các sản phẩm lỗi khác 404
2025-09-29 21:48:41,346 INFO: Không còn sản phẩm crawl lỗi khác 404
2025-09-29 21:48:41,346 INFO: Hoàn thành crawl toàn bộ sản phẩm
2025-09-29 21:48:46,295 INFO: Tạo thành công bảng product_info và product_list!
2025-09-29 21:48:46,304 INFO: Bảng product_list hiện có 200000 product_id
2025-09-29 21:48:46,304 INFO: Bảng product_list đã có đủ dữ liệu, bỏ qua insert
2025-09-29 21:48:46,342 INFO: Đã crawl hết sản phẩm
2025-09-29 21:48:46,342 INFO: Bắt đầu crawl lại các sản phẩm lỗi khác 404
2025-09-29 21:48:46,351 INFO: Không còn sản phẩm crawl lỗi khác 404
2025-09-29 21:48:46,351 INFO: Hoàn thành crawl toàn bộ sản phẩm
2025-09-29 21:48:50,233 INFO: Tạo thành công bảng product_info và product_list!
2025-09-29 21:48:50,242 INFO: Bảng product_list hiện có 200000 product_id
2025-09-29 21:48:50,242 INFO: Bảng product_list đã có đủ dữ liệu, bỏ qua insert
2025-09-29 21:48:50,281 INFO: Đã crawl hết sản phẩm
2025-09-29 21:48:50,281 INFO: Bắt đầu crawl lại các sản phẩm lỗi khác 404
2025-09-29 21:48:50,290 INFO: Không còn sản phẩm crawl lỗi khác 404
2025-09-29 21:48:50,290 INFO: Hoàn thành crawl toàn bộ sản phẩm
2025-09-29 21:48:54,204 INFO: Tạo thành công bảng product_info và product_list!
2025-09-29 21:48:54,213 INFO: Bảng product_list hiện có 200000 product_id
2025-09-29 21:48:54,213 INFO: Bảng product_list đã có đủ dữ liệu, bỏ qua insert
2025-09-29 21:48:54,251 INFO: Đã crawl hết sản phẩm
2025-09-29 21:48:54,251 INFO: Bắt đầu crawl lại các sản phẩm lỗi khác 404
2025-09-29 21:48:54,260 INFO: Không còn sản phẩm crawl lỗi khác 404
2025-09-29 21:48:54,260 INFO: Hoàn thành crawl toàn bộ sản phẩm
2025-09-29 21:48:59,169 INFO: Tạo thành công bảng product_info và product_list!
2025-09-29 21:48:59,178 INFO: Bảng product_list hiện có 200000 product_id
2025-09-29 21:48:59,178 INFO: Bảng product_list đã có đủ dữ liệu, bỏ qua insert
2025-09-29 21:48:59,216 INFO: Đã crawl hết sản phẩm
2025-09-29 21:48:59,216 INFO: Bắt đầu crawl lại các sản phẩm lỗi khác 404
2025-09-29 21:48:59,225 INFO: Không còn sản phẩm crawl lỗi khác 404
2025-09-29 21:48:59,225 INFO: Hoàn thành crawl toàn bộ sản phẩm
2025-09-29 21:49:03,112 INFO: Tạo thành công bảng product_info và product_list!
2025-09-29 21:49:03,121 INFO: Bảng product_list hiện có 200000 product_id
2025-09-29 21:49:03,121 INFO: Bảng product_list đã có đủ dữ liệu, bỏ qua insert
2025-09-29 21:49:03,158 INFO: Đã crawl hết sản phẩm
2025-09-29 21:49:03,159 INFO: Bắt đầu crawl lại các sản phẩm lỗi khác 404
2025-09-29 21:49:03,167 INFO: Không còn sản phẩm crawl lỗi khác 404
2025-09-29 21:49:03,168 INFO: Hoàn thành crawl toàn bộ sản phẩm
2025-09-29 21:49:08,065 INFO: Tạo thành công bảng product_info và product_list!
2025-09-29 21:49:08,074 INFO: Bảng product_list hiện có 200000 product_id
2025-09-29 21:49:08,075 INFO: Bảng product_list đã có đủ dữ liệu, bỏ qua insert
2025-09-29 21:49:08,113 INFO: Đã crawl hết sản phẩm
2025-09-29 21:49:08,113 INFO: Bắt đầu crawl lại các sản phẩm lỗi khác 404
2025-09-29 21:49:08,122 INFO: Không còn sản phẩm crawl lỗi khác 404
2025-09-29 21:49:08,122 INFO: Hoàn thành crawl toàn bộ sản phẩm
2025-09-29 21:49:13,020 INFO: Tạo thành công bảng product_info và product_list!
2025-09-29 21:49:13,029 INFO: Bảng product_list hiện có 200000 product_id
2025-09-29 21:49:13,029 INFO: Bảng product_list đã có đủ dữ liệu, bỏ qua insert
2025-09-29 21:49:13,069 INFO: Đã crawl hết sản phẩm
2025-09-29 21:49:13,069 INFO: Bắt đầu crawl lại các sản phẩm lỗi khác 404
2025-09-29 21:49:13,078 INFO: Không còn sản phẩm crawl lỗi khác 404
2025-09-29 21:49:13,078 INFO: Hoàn thành crawl toàn bộ sản phẩm
2025-09-29 21:49:17,960 INFO: Tạo thành công bảng product_info và product_list!
2025-09-29 21:49:17,969 INFO: Bảng product_list hiện có 200000 product_id
2025-09-29 21:49:17,969 INFO: Bảng product_list đã có đủ dữ liệu, bỏ qua insert
2025-09-29 21:49:18,008 INFO: Đã crawl hết sản phẩm
2025-09-29 21:49:18,008 INFO: Bắt đầu crawl lại các sản phẩm lỗi khác 404
2025-09-29 21:49:18,017 INFO: Không còn sản phẩm crawl lỗi khác 404
2025-09-29 21:49:18,017 INFO: Hoàn thành crawl toàn bộ sản phẩm
2025-09-29 21:49:22,933 INFO: Tạo thành công bảng product_info và product_list!
2025-09-29 21:49:22,942 INFO: Bảng product_list hiện có 200000 product_id
2025-09-29 21:49:22,942 INFO: Bảng product_list đã có đủ dữ liệu, bỏ qua insert
2025-09-29 21:49:22,982 INFO: Đã crawl hết sản phẩm
2025-09-29 21:49:22,982 INFO: Bắt đầu crawl lại các sản phẩm lỗi khác 404
2025-09-29 21:49:22,991 INFO: Không còn sản phẩm crawl lỗi khác 404
2025-09-29 21:49:22,991 INFO: Hoàn thành crawl toàn bộ sản phẩm
2025-09-29 21:49:27,906 INFO: Tạo thành công bảng product_info và product_list!
2025-09-29 21:49:27,916 INFO: Bảng product_list hiện có 200000 product_id
2025-09-29 21:49:27,916 INFO: Bảng product_list đã có đủ dữ liệu, bỏ qua insert
2025-09-29 21:49:27,955 INFO: Đã crawl hết sản phẩm
2025-09-29 21:49:27,955 INFO: Bắt đầu crawl lại các sản phẩm lỗi khác 404
2025-09-29 21:49:27,965 INFO: Không còn sản phẩm crawl lỗi khác 404
2025-09-29 21:49:27,965 INFO: Hoàn thành crawl toàn bộ sản phẩm
2025-09-29 21:49:31,890 INFO: Tạo thành công bảng product_info và product_list!
2025-09-29 21:49:31,899 INFO: Bảng product_list hiện có 200000 product_id
2025-09-29 21:49:31,899 INFO: Bảng product_list đã có đủ dữ liệu, bỏ qua insert
2025-09-29 21:49:31,936 INFO: Đã crawl hết sản phẩm
2025-09-29 21:49:31,936 INFO: Bắt đầu crawl lại các sản phẩm lỗi khác 404
2025-09-29 21:49:31,945 INFO: Không còn sản phẩm crawl lỗi khác 404
2025-09-29 21:49:31,945 INFO: Hoàn thành crawl toàn bộ sản phẩm
2025-09-29 21:49:35,855 INFO: Tạo thành công bảng product_info và product_list!
2025-09-29 21:49:35,864 INFO: Bảng product_list hiện có 200000 product_id
2025-09-29 21:49:35,864 INFO: Bảng product_list đã có đủ dữ liệu, bỏ qua insert
2025-09-29 21:49:35,902 INFO: Đã crawl hết sản phẩm
2025-09-29 21:49:35,903 INFO: Bắt đầu crawl lại các sản phẩm lỗi khác 404
2025-09-29 21:49:35,912 INFO: Không còn sản phẩm crawl lỗi khác 404
2025-09-29 21:49:35,912 INFO: Hoàn thành crawl toàn bộ sản phẩm
2025-09-29 21:49:39,819 INFO: Tạo thành công bảng product_info và product_list!
2025-09-29 21:49:39,828 INFO: Bảng product_list hiện có 200000 product_id
2025-09-29 21:49:39,829 INFO: Bảng product_list đã có đủ dữ liệu, bỏ qua insert
2025-09-29 21:49:39,867 INFO: Đã crawl hết sản phẩm
2025-09-29 21:49:39,867 INFO: Bắt đầu crawl lại các sản phẩm lỗi khác 404
2025-09-29 21:49:39,876 INFO: Không còn sản phẩm crawl lỗi khác 404
2025-09-29 21:49:39,876 INFO: Hoàn thành crawl toàn bộ sản phẩm
2025-09-29 21:49:43,753 INFO: Tạo thành công bảng product_info và product_list!
2025-09-29 21:49:43,762 INFO: Bảng product_list hiện có 200000 product_id
2025-09-29 21:49:43,762 INFO: Bảng product_list đã có đủ dữ liệu, bỏ qua insert
2025-09-29 21:49:43,800 INFO: Đã crawl hết sản phẩm
2025-09-29 21:49:43,800 INFO: Bắt đầu crawl lại các sản phẩm lỗi khác 404
2025-09-29 21:49:43,809 INFO: Không còn sản phẩm crawl lỗi khác 404
2025-09-29 21:49:43,809 INFO: Hoàn thành crawl toàn bộ sản phẩm
2025-09-29 21:49:48,745 INFO: Tạo thành công bảng product_info và product_list!
2025-09-29 21:49:48,754 INFO: Bảng product_list hiện có 200000 product_id
2025-09-29 21:49:48,754 INFO: Bảng product_list đã có đủ dữ liệu, bỏ qua insert
2025-09-29 21:49:48,793 INFO: Đã crawl hết sản phẩm
2025-09-29 21:49:48,793 INFO: Bắt đầu crawl lại các sản phẩm lỗi khác 404
2025-09-29 21:49:48,802 INFO: Không còn sản phẩm crawl lỗi khác 404
2025-09-29 21:49:48,802 INFO: Hoàn thành crawl toàn bộ sản phẩm
2025-09-29 21:49:53,740 INFO: Tạo thành công bảng product_info và product_list!
2025-09-29 21:49:53,750 INFO: Bảng product_list hiện có 200000 product_id
2025-09-29 21:49:53,750 INFO: Bảng product_list đã có đủ dữ liệu, bỏ qua insert
2025-09-29 21:49:53,789 INFO: Đã crawl hết sản phẩm
2025-09-29 21:49:53,790 INFO: Bắt đầu crawl lại các sản phẩm lỗi khác 404
2025-09-29 21:49:53,798 INFO: Không còn sản phẩm crawl lỗi khác 404
2025-09-29 21:49:53,798 INFO: Hoàn thành crawl toàn bộ sản phẩm
2025-09-29 21:49:57,730 INFO: Tạo thành công bảng product_info và product_list!
2025-09-29 21:49:57,739 INFO: Bảng product_list hiện có 200000 product_id
2025-09-29 21:49:57,739 INFO: Bảng product_list đã có đủ dữ liệu, bỏ qua insert
2025-09-29 21:49:57,779 INFO: Đã crawl hết sản phẩm
2025-09-29 21:49:57,779 INFO: Bắt đầu crawl lại các sản phẩm lỗi khác 404
2025-09-29 21:49:57,787 INFO: Không còn sản phẩm crawl lỗi khác 404
2025-09-29 21:49:57,787 INFO: Hoàn thành crawl toàn bộ sản phẩm
2025-09-29 21:50:02,692 INFO: Tạo thành công bảng product_info và product_list!
2025-09-29 21:50:02,700 INFO: Bảng product_list hiện có 200000 product_id
2025-09-29 21:50:02,701 INFO: Bảng product_list đã có đủ dữ liệu, bỏ qua insert
2025-09-29 21:50:02,741 INFO: Đã crawl hết sản phẩm
2025-09-29 21:50:02,741 INFO: Bắt đầu crawl lại các sản phẩm lỗi khác 404
2025-09-29 21:50:02,756 INFO: Không còn sản phẩm crawl lỗi khác 404
2025-09-29 21:50:02,756 INFO: Hoàn thành crawl toàn bộ sản phẩm
2025-09-29 21:50:06,645 INFO: Tạo thành công bảng product_info và product_list!
2025-09-29 21:50:06,654 INFO: Bảng product_list hiện có 200000 product_id
2025-09-29 21:50:06,654 INFO: Bảng product_list đã có đủ dữ liệu, bỏ qua insert
2025-09-29 21:50:06,692 INFO: Đã crawl hết sản phẩm
2025-09-29 21:50:06,692 INFO: Bắt đầu crawl lại các sản phẩm lỗi khác 404
2025-09-29 21:50:06,701 INFO: Không còn sản phẩm crawl lỗi khác 404
2025-09-29 21:50:06,701 INFO: Hoàn thành crawl toàn bộ sản phẩm
2025-09-29 21:50:11,597 INFO: Tạo thành công bảng product_info và product_list!
2025-09-29 21:50:11,606 INFO: Bảng product_list hiện có 200000 product_id
2025-09-29 21:50:11,606 INFO: Bảng product_list đã có đủ dữ liệu, bỏ qua insert
2025-09-29 21:50:11,644 INFO: Đã crawl hết sản phẩm
2025-09-29 21:50:11,644 INFO: Bắt đầu crawl lại các sản phẩm lỗi khác 404
2025-09-29 21:50:11,653 INFO: Không còn sản phẩm crawl lỗi khác 404
2025-09-29 21:50:11,653 INFO: Hoàn thành crawl toàn bộ sản phẩm
2025-09-29 21:50:15,636 INFO: Tạo thành công bảng product_info và product_list!
2025-09-29 21:50:15,646 INFO: Bảng product_list hiện có 200000 product_id
2025-09-29 21:50:15,646 INFO: Bảng product_list đã có đủ dữ liệu, bỏ qua insert
2025-09-29 21:50:15,686 INFO: Đã crawl hết sản phẩm
2025-09-29 21:50:15,686 INFO: Bắt đầu crawl lại các sản phẩm lỗi khác 404
2025-09-29 21:50:15,695 INFO: Không còn sản phẩm crawl lỗi khác 404
2025-09-29 21:50:15,695 INFO: Hoàn thành crawl toàn bộ sản phẩm
2025-09-29 21:50:19,572 INFO: Tạo thành công bảng product_info và product_list!
2025-09-29 21:50:19,582 INFO: Bảng product_list hiện có 200000 product_id
2025-09-29 21:50:19,582 INFO: Bảng product_list đã có đủ dữ liệu, bỏ qua insert
2025-09-29 21:50:19,619 INFO: Đã crawl hết sản phẩm
2025-09-29 21:50:19,620 INFO: Bắt đầu crawl lại các sản phẩm lỗi khác 404
2025-09-29 21:50:19,629 INFO: Không còn sản phẩm crawl lỗi khác 404
2025-09-29 21:50:19,629 INFO: Hoàn thành crawl toàn bộ sản phẩm
2025-09-29 21:50:23,558 INFO: Tạo thành công bảng product_info và product_list!
2025-09-29 21:50:23,567 INFO: Bảng product_list hiện có 200000 product_id
2025-09-29 21:50:23,567 INFO: Bảng product_list đã có đủ dữ liệu, bỏ qua insert
2025-09-29 21:50:23,607 INFO: Đã crawl hết sản phẩm
2025-09-29 21:50:23,607 INFO: Bắt đầu crawl lại các sản phẩm lỗi khác 404
2025-09-29 21:50:23,615 INFO: Không còn sản phẩm crawl lỗi khác 404
2025-09-29 21:50:23,616 INFO: Hoàn thành crawl toàn bộ sản phẩm
2025-09-29 21:50:28,589 INFO: Tạo thành công bảng product_info và product_list!
2025-09-29 21:50:28,597 INFO: Bảng product_list hiện có 200000 product_id
2025-09-29 21:50:28,597 INFO: Bảng product_list đã có đủ dữ liệu, bỏ qua insert
2025-09-29 21:50:28,636 INFO: Đã crawl hết sản phẩm
2025-09-29 21:50:28,636 INFO: Bắt đầu crawl lại các sản phẩm lỗi khác 404
2025-09-29 21:50:28,645 INFO: Không còn sản phẩm crawl lỗi khác 404
2025-09-29 21:50:28,645 INFO: Hoàn thành crawl toàn bộ sản phẩm
2025-09-29 21:50:33,581 INFO: Tạo thành công bảng product_info và product_list!
2025-09-29 21:50:33,590 INFO: Bảng product_list hiện có 200000 product_id
2025-09-29 21:50:33,590 INFO: Bảng product_list đã có đủ dữ liệu, bỏ qua insert
2025-09-29 21:50:33,630 INFO: Đã crawl hết sản phẩm
2025-09-29 21:50:33,630 INFO: Bắt đầu crawl lại các sản phẩm lỗi khác 404
2025-09-29 21:50:33,639 INFO: Không còn sản phẩm crawl lỗi khác 404
2025-09-29 21:50:33,639 INFO: Hoàn thành crawl toàn bộ sản phẩm
2025-09-29 21:50:38,639 INFO: Tạo thành công bảng product_info và product_list!
2025-09-29 21:50:38,648 INFO: Bảng product_list hiện có 200000 product_id
2025-09-29 21:50:38,648 INFO: Bảng product_list đã có đủ dữ liệu, bỏ qua insert
2025-09-29 21:50:38,689 INFO: Đã crawl hết sản phẩm
2025-09-29 21:50:38,690 INFO: Bắt đầu crawl lại các sản phẩm lỗi khác 404
2025-09-29 21:50:38,699 INFO: Không còn sản phẩm crawl lỗi khác 404
2025-09-29 21:50:38,699 INFO: Hoàn thành crawl toàn bộ sản phẩm
2025-09-29 21:50:42,618 INFO: Tạo thành công bảng product_info và product_list!
2025-09-29 21:50:42,627 INFO: Bảng product_list hiện có 200000 product_id
2025-09-29 21:50:42,627 INFO: Bảng product_list đã có đủ dữ liệu, bỏ qua insert
2025-09-29 21:50:42,665 INFO: Đã crawl hết sản phẩm
2025-09-29 21:50:42,665 INFO: Bắt đầu crawl lại các sản phẩm lỗi khác 404
2025-09-29 21:50:42,674 INFO: Không còn sản phẩm crawl lỗi khác 404
2025-09-29 21:50:42,674 INFO: Hoàn thành crawl toàn bộ sản phẩm
2025-09-29 21:50:47,671 INFO: Tạo thành công bảng product_info và product_list!
2025-09-29 21:50:47,681 INFO: Bảng product_list hiện có 200000 product_id
2025-09-29 21:50:47,681 INFO: Bảng product_list đã có đủ dữ liệu, bỏ qua insert
2025-09-29 21:50:47,718 INFO: Đã crawl hết sản phẩm
2025-09-29 21:50:47,718 INFO: Bắt đầu crawl lại các sản phẩm lỗi khác 404
2025-09-29 21:50:47,727 INFO: Không còn sản phẩm crawl lỗi khác 404
2025-09-29 21:50:47,727 INFO: Hoàn thành crawl toàn bộ sản phẩm
2025-09-29 21:50:51,605 INFO: Tạo thành công bảng product_info và product_list!
2025-09-29 21:50:51,614 INFO: Bảng product_list hiện có 200000 product_id
2025-09-29 21:50:51,614 INFO: Bảng product_list đã có đủ dữ liệu, bỏ qua insert
2025-09-29 21:50:51,653 INFO: Đã crawl hết sản phẩm
2025-09-29 21:50:51,653 INFO: Bắt đầu crawl lại các sản phẩm lỗi khác 404
2025-09-29 21:50:51,662 INFO: Không còn sản phẩm crawl lỗi khác 404
2025-09-29 21:50:51,662 INFO: Hoàn thành crawl toàn bộ sản phẩm
2025-09-29 21:50:56,738 INFO: Tạo thành công bảng product_info và product_list!
2025-09-29 21:50:56,747 INFO: Bảng product_list hiện có 200000 product_id
2025-09-29 21:50:56,747 INFO: Bảng product_list đã có đủ dữ liệu, bỏ qua insert
2025-09-29 21:50:56,789 INFO: Đã crawl hết sản phẩm
2025-09-29 21:50:56,789 INFO: Bắt đầu crawl lại các sản phẩm lỗi khác 404
2025-09-29 21:50:56,798 INFO: Không còn sản phẩm crawl lỗi khác 404
2025-09-29 21:50:56,799 INFO: Hoàn thành crawl toàn bộ sản phẩm
2025-09-29 21:51:01,863 INFO: Tạo thành công bảng product_info và product_list!
2025-09-29 21:51:01,872 INFO: Bảng product_list hiện có 200000 product_id
2025-09-29 21:51:01,872 INFO: Bảng product_list đã có đủ dữ liệu, bỏ qua insert
2025-09-29 21:51:01,911 INFO: Đã crawl hết sản phẩm
2025-09-29 21:51:01,912 INFO: Bắt đầu crawl lại các sản phẩm lỗi khác 404
2025-09-29 21:51:01,921 INFO: Không còn sản phẩm crawl lỗi khác 404
2025-09-29 21:51:01,921 INFO: Hoàn thành crawl toàn bộ sản phẩm
2025-09-29 21:51:05,972 INFO: Tạo thành công bảng product_info và product_list!
2025-09-29 21:51:05,981 INFO: Bảng product_list hiện có 200000 product_id
2025-09-29 21:51:05,981 INFO: Bảng product_list đã có đủ dữ liệu, bỏ qua insert
2025-09-29 21:51:06,020 INFO: Đã crawl hết sản phẩm
2025-09-29 21:51:06,020 INFO: Bắt đầu crawl lại các sản phẩm lỗi khác 404
2025-09-29 21:51:06,029 INFO: Không còn sản phẩm crawl lỗi khác 404
2025-09-29 21:51:06,029 INFO: Hoàn thành crawl toàn bộ sản phẩm
2025-09-29 21:51:11,106 INFO: Tạo thành công bảng product_info và product_list!
2025-09-29 21:51:11,116 INFO: Bảng product_list hiện có 200000 product_id
2025-09-29 21:51:11,116 INFO: Bảng product_list đã có đủ dữ liệu, bỏ qua insert
2025-09-29 21:51:11,158 INFO: Đã crawl hết sản phẩm
2025-09-29 21:51:11,158 INFO: Bắt đầu crawl lại các sản phẩm lỗi khác 404
2025-09-29 21:51:11,169 INFO: Không còn sản phẩm crawl lỗi khác 404
2025-09-29 21:51:11,169 INFO: Hoàn thành crawl toàn bộ sản phẩm
2025-09-29 21:51:16,115 INFO: Tạo thành công bảng product_info và product_list!
2025-09-29 21:51:16,124 INFO: Bảng product_list hiện có 200000 product_id
2025-09-29 21:51:16,124 INFO: Bảng product_list đã có đủ dữ liệu, bỏ qua insert
2025-09-29 21:51:16,163 INFO: Đã crawl hết sản phẩm
2025-09-29 21:51:16,164 INFO: Bắt đầu crawl lại các sản phẩm lỗi khác 404
2025-09-29 21:51:16,172 INFO: Không còn sản phẩm crawl lỗi khác 404
2025-09-29 21:51:16,172 INFO: Hoàn thành crawl toàn bộ sản phẩm
2025-09-29 21:51:20,077 INFO: Tạo thành công bảng product_info và product_list!
2025-09-29 21:51:20,086 INFO: Bảng product_list hiện có 200000 product_id
2025-09-29 21:51:20,086 INFO: Bảng product_list đã có đủ dữ liệu, bỏ qua insert
2025-09-29 21:51:20,125 INFO: Đã crawl hết sản phẩm
2025-09-29 21:51:20,125 INFO: Bắt đầu crawl lại các sản phẩm lỗi khác 404
2025-09-29 21:51:20,134 INFO: Không còn sản phẩm crawl lỗi khác 404
2025-09-29 21:51:20,135 INFO: Hoàn thành crawl toàn bộ sản phẩm
2025-09-29 21:51:25,102 INFO: Tạo thành công bảng product_info và product_list!
2025-09-29 21:51:25,111 INFO: Bảng product_list hiện có 200000 product_id
2025-09-29 21:51:25,111 INFO: Bảng product_list đã có đủ dữ liệu, bỏ qua insert
2025-09-29 21:51:25,150 INFO: Đã crawl hết sản phẩm
2025-09-29 21:51:25,150 INFO: Bắt đầu crawl lại các sản phẩm lỗi khác 404
2025-09-29 21:51:25,160 INFO: Không còn sản phẩm crawl lỗi khác 404
2025-09-29 21:51:25,160 INFO: Hoàn thành crawl toàn bộ sản phẩm
2025-09-29 21:51:30,111 INFO: Tạo thành công bảng product_info và product_list!
2025-09-29 21:51:30,120 INFO: Bảng product_list hiện có 200000 product_id
2025-09-29 21:51:30,120 INFO: Bảng product_list đã có đủ dữ liệu, bỏ qua insert
2025-09-29 21:51:30,160 INFO: Đã crawl hết sản phẩm
2025-09-29 21:51:30,160 INFO: Bắt đầu crawl lại các sản phẩm lỗi khác 404
2025-09-29 21:51:30,169 INFO: Không còn sản phẩm crawl lỗi khác 404
2025-09-29 21:51:30,169 INFO: Hoàn thành crawl toàn bộ sản phẩm
2025-09-29 21:51:35,140 INFO: Tạo thành công bảng product_info và product_list!
2025-09-29 21:51:35,149 INFO: Bảng product_list hiện có 200000 product_id
2025-09-29 21:51:35,149 INFO: Bảng product_list đã có đủ dữ liệu, bỏ qua insert
2025-09-29 21:51:35,187 INFO: Đã crawl hết sản phẩm
2025-09-29 21:51:35,187 INFO: Bắt đầu crawl lại các sản phẩm lỗi khác 404
2025-09-29 21:51:35,196 INFO: Không còn sản phẩm crawl lỗi khác 404
2025-09-29 21:51:35,196 INFO: Hoàn thành crawl toàn bộ sản phẩm
2025-09-29 21:51:39,394 INFO: Tạo thành công bảng product_info và product_list!
2025-09-29 21:51:39,404 INFO: Bảng product_list hiện có 200000 product_id
2025-09-29 21:51:39,404 INFO: Bảng product_list đã có đủ dữ liệu, bỏ qua insert
2025-09-29 21:51:39,443 INFO: Đã crawl hết sản phẩm
2025-09-29 21:51:39,443 INFO: Bắt đầu crawl lại các sản phẩm lỗi khác 404
2025-09-29 21:51:39,452 INFO: Không còn sản phẩm crawl lỗi khác 404
2025-09-29 21:51:39,452 INFO: Hoàn thành crawl toàn bộ sản phẩm
2025-09-29 21:51:43,396 INFO: Tạo thành công bảng product_info và product_list!
2025-09-29 21:51:43,404 INFO: Bảng product_list hiện có 200000 product_id
2025-09-29 21:51:43,405 INFO: Bảng product_list đã có đủ dữ liệu, bỏ qua insert
2025-09-29 21:51:43,443 INFO: Đã crawl hết sản phẩm
2025-09-29 21:51:43,443 INFO: Bắt đầu crawl lại các sản phẩm lỗi khác 404
2025-09-29 21:51:43,452 INFO: Không còn sản phẩm crawl lỗi khác 404
2025-09-29 21:51:43,452 INFO: Hoàn thành crawl toàn bộ sản phẩm
2025-09-29 21:51:47,342 INFO: Tạo thành công bảng product_info và product_list!
2025-09-29 21:51:47,351 INFO: Bảng product_list hiện có 200000 product_id
2025-09-29 21:51:47,351 INFO: Bảng product_list đã có đủ dữ liệu, bỏ qua insert
2025-09-29 21:51:47,390 INFO: Đã crawl hết sản phẩm
2025-09-29 21:51:47,391 INFO: Bắt đầu crawl lại các sản phẩm lỗi khác 404
2025-09-29 21:51:47,400 INFO: Không còn sản phẩm crawl lỗi khác 404
2025-09-29 21:51:47,400 INFO: Hoàn thành crawl toàn bộ sản phẩm
2025-09-29 21:51:52,381 INFO: Tạo thành công bảng product_info và product_list!
2025-09-29 21:51:52,390 INFO: Bảng product_list hiện có 200000 product_id
2025-09-29 21:51:52,391 INFO: Bảng product_list đã có đủ dữ liệu, bỏ qua insert
2025-09-29 21:51:52,434 INFO: Đã crawl hết sản phẩm
2025-09-29 21:51:52,434 INFO: Bắt đầu crawl lại các sản phẩm lỗi khác 404
2025-09-29 21:51:52,444 INFO: Không còn sản phẩm crawl lỗi khác 404
2025-09-29 21:51:52,444 INFO: Hoàn thành crawl toàn bộ sản phẩm
2025-09-29 21:51:57,568 INFO: Tạo thành công bảng product_info và product_list!
2025-09-29 21:51:57,577 INFO: Bảng product_list hiện có 200000 product_id
2025-09-29 21:51:57,577 INFO: Bảng product_list đã có đủ dữ liệu, bỏ qua insert
2025-09-29 21:51:57,619 INFO: Đã crawl hết sản phẩm
2025-09-29 21:51:57,620 INFO: Bắt đầu crawl lại các sản phẩm lỗi khác 404
2025-09-29 21:51:57,629 INFO: Không còn sản phẩm crawl lỗi khác 404
2025-09-29 21:51:57,629 INFO: Hoàn thành crawl toàn bộ sản phẩm
2025-09-29 21:52:03,100 INFO: Tạo thành công bảng product_info và product_list!
2025-09-29 21:52:03,110 INFO: Bảng product_list hiện có 200000 product_id
2025-09-29 21:52:03,110 INFO: Bảng product_list đã có đủ dữ liệu, bỏ qua insert
2025-09-29 21:52:03,152 INFO: Đã crawl hết sản phẩm
2025-09-29 21:52:03,152 INFO: Bắt đầu crawl lại các sản phẩm lỗi khác 404
2025-09-29 21:52:03,162 INFO: Không còn sản phẩm crawl lỗi khác 404
2025-09-29 21:52:03,162 INFO: Hoàn thành crawl toàn bộ sản phẩm
2025-09-29 21:52:07,210 INFO: Tạo thành công bảng product_info và product_list!
2025-09-29 21:52:07,219 INFO: Bảng product_list hiện có 200000 product_id
2025-09-29 21:52:07,219 INFO: Bảng product_list đã có đủ dữ liệu, bỏ qua insert
2025-09-29 21:52:07,258 INFO: Đã crawl hết sản phẩm
2025-09-29 21:52:07,258 INFO: Bắt đầu crawl lại các sản phẩm lỗi khác 404
2025-09-29 21:52:07,267 INFO: Không còn sản phẩm crawl lỗi khác 404
2025-09-29 21:52:07,268 INFO: Hoàn thành crawl toàn bộ sản phẩm
2025-09-29 21:52:11,205 INFO: Tạo thành công bảng product_info và product_list!
2025-09-29 21:52:11,214 INFO: Bảng product_list hiện có 200000 product_id
2025-09-29 21:52:11,214 INFO: Bảng product_list đã có đủ dữ liệu, bỏ qua insert
2025-09-29 21:52:11,253 INFO: Đã crawl hết sản phẩm
2025-09-29 21:52:11,253 INFO: Bắt đầu crawl lại các sản phẩm lỗi khác 404
2025-09-29 21:52:11,262 INFO: Không còn sản phẩm crawl lỗi khác 404
2025-09-29 21:52:11,262 INFO: Hoàn thành crawl toàn bộ sản phẩm
2025-09-29 21:52:15,240 INFO: Tạo thành công bảng product_info và product_list!
2025-09-29 21:52:15,249 INFO: Bảng product_list hiện có 200000 product_id
2025-09-29 21:52:15,249 INFO: Bảng product_list đã có đủ dữ liệu, bỏ qua insert
2025-09-29 21:52:15,289 INFO: Đã crawl hết sản phẩm
2025-09-29 21:52:15,289 INFO: Bắt đầu crawl lại các sản phẩm lỗi khác 404
2025-09-29 21:52:15,298 INFO: Không còn sản phẩm crawl lỗi khác 404
2025-09-29 21:52:15,298 INFO: Hoàn thành crawl toàn bộ sản phẩm
2025-09-29 21:52:19,302 INFO: Tạo thành công bảng product_info và product_list!
2025-09-29 21:52:19,310 INFO: Bảng product_list hiện có 200000 product_id
2025-09-29 21:52:19,311 INFO: Bảng product_list đã có đủ dữ liệu, bỏ qua insert
2025-09-29 21:52:19,349 INFO: Đã crawl hết sản phẩm
2025-09-29 21:52:19,349 INFO: Bắt đầu crawl lại các sản phẩm lỗi khác 404
2025-09-29 21:52:19,358 INFO: Không còn sản phẩm crawl lỗi khác 404
2025-09-29 21:52:19,358 INFO: Hoàn thành crawl toàn bộ sản phẩm
2025-09-29 21:52:23,246 INFO: Tạo thành công bảng product_info và product_list!
2025-09-29 21:52:23,255 INFO: Bảng product_list hiện có 200000 product_id
2025-09-29 21:52:23,255 INFO: Bảng product_list đã có đủ dữ liệu, bỏ qua insert
2025-09-29 21:52:23,295 INFO: Đã crawl hết sản phẩm
2025-09-29 21:52:23,295 INFO: Bắt đầu crawl lại các sản phẩm lỗi khác 404
2025-09-29 21:52:23,303 INFO: Không còn sản phẩm crawl lỗi khác 404
2025-09-29 21:52:23,303 INFO: Hoàn thành crawl toàn bộ sản phẩm
2025-09-29 21:52:27,263 INFO: Tạo thành công bảng product_info và product_list!
2025-09-29 21:52:27,272 INFO: Bảng product_list hiện có 200000 product_id
2025-09-29 21:52:27,272 INFO: Bảng product_list đã có đủ dữ liệu, bỏ qua insert
2025-09-29 21:52:27,312 INFO: Đã crawl hết sản phẩm
2025-09-29 21:52:27,312 INFO: Bắt đầu crawl lại các sản phẩm lỗi khác 404
2025-09-29 21:52:27,322 INFO: Không còn sản phẩm crawl lỗi khác 404
2025-09-29 21:52:27,322 INFO: Hoàn thành crawl toàn bộ sản phẩm
2025-09-29 21:52:32,258 INFO: Tạo thành công bảng product_info và product_list!
2025-09-29 21:52:32,267 INFO: Bảng product_list hiện có 200000 product_id
2025-09-29 21:52:32,267 INFO: Bảng product_list đã có đủ dữ liệu, bỏ qua insert
2025-09-29 21:52:32,307 INFO: Đã crawl hết sản phẩm
2025-09-29 21:52:32,307 INFO: Bắt đầu crawl lại các sản phẩm lỗi khác 404
2025-09-29 21:52:32,316 INFO: Không còn sản phẩm crawl lỗi khác 404
2025-09-29 21:52:32,316 INFO: Hoàn thành crawl toàn bộ sản phẩm
2025-09-29 21:52:36,216 INFO: Tạo thành công bảng product_info và product_list!
2025-09-29 21:52:36,225 INFO: Bảng product_list hiện có 200000 product_id
2025-09-29 21:52:36,225 INFO: Bảng product_list đã có đủ dữ liệu, bỏ qua insert
2025-09-29 21:52:36,263 INFO: Đã crawl hết sản phẩm
2025-09-29 21:52:36,263 INFO: Bắt đầu crawl lại các sản phẩm lỗi khác 404
2025-09-29 21:52:36,272 INFO: Không còn sản phẩm crawl lỗi khác 404
2025-09-29 21:52:36,272 INFO: Hoàn thành crawl toàn bộ sản phẩm
2025-09-29 21:52:41,198 INFO: Tạo thành công bảng product_info và product_list!
2025-09-29 21:52:41,207 INFO: Bảng product_list hiện có 200000 product_id
2025-09-29 21:52:41,208 INFO: Bảng product_list đã có đủ dữ liệu, bỏ qua insert
2025-09-29 21:52:41,247 INFO: Đã crawl hết sản phẩm
2025-09-29 21:52:41,247 INFO: Bắt đầu crawl lại các sản phẩm lỗi khác 404
2025-09-29 21:52:41,256 INFO: Không còn sản phẩm crawl lỗi khác 404
2025-09-29 21:52:41,256 INFO: Hoàn thành crawl toàn bộ sản phẩm
2025-09-29 21:52:45,179 INFO: Tạo thành công bảng product_info và product_list!
2025-09-29 21:52:45,188 INFO: Bảng product_list hiện có 200000 product_id
2025-09-29 21:52:45,189 INFO: Bảng product_list đã có đủ dữ liệu, bỏ qua insert
2025-09-29 21:52:45,227 INFO: Đã crawl hết sản phẩm
2025-09-29 21:52:45,227 INFO: Bắt đầu crawl lại các sản phẩm lỗi khác 404
2025-09-29 21:52:45,237 INFO: Không còn sản phẩm crawl lỗi khác 404
2025-09-29 21:52:45,237 INFO: Hoàn thành crawl toàn bộ sản phẩm
2025-09-29 21:52:50,412 INFO: Tạo thành công bảng product_info và product_list!
2025-09-29 21:52:50,423 INFO: Bảng product_list hiện có 200000 product_id
2025-09-29 21:52:50,423 INFO: Bảng product_list đã có đủ dữ liệu, bỏ qua insert
2025-09-29 21:52:50,470 INFO: Đã crawl hết sản phẩm
2025-09-29 21:52:50,470 INFO: Bắt đầu crawl lại các sản phẩm lỗi khác 404
2025-09-29 21:52:50,480 INFO: Không còn sản phẩm crawl lỗi khác 404
2025-09-29 21:52:50,480 INFO: Hoàn thành crawl toàn bộ sản phẩm
2025-09-29 21:52:54,553 INFO: Tạo thành công bảng product_info và product_list!
2025-09-29 21:52:54,562 INFO: Bảng product_list hiện có 200000 product_id
2025-09-29 21:52:54,562 INFO: Bảng product_list đã có đủ dữ liệu, bỏ qua insert
2025-09-29 21:52:54,601 INFO: Đã crawl hết sản phẩm
2025-09-29 21:52:54,601 INFO: Bắt đầu crawl lại các sản phẩm lỗi khác 404
2025-09-29 21:52:54,610 INFO: Không còn sản phẩm crawl lỗi khác 404
2025-09-29 21:52:54,610 INFO: Hoàn thành crawl toàn bộ sản phẩm
2025-09-29 21:53:00,627 INFO: Tạo thành công bảng product_info và product_list!
2025-09-29 21:53:00,644 INFO: Bảng product_list hiện có 200000 product_id
2025-09-29 21:53:00,644 INFO: Bảng product_list đã có đủ dữ liệu, bỏ qua insert
2025-09-29 21:53:00,703 INFO: Đã crawl hết sản phẩm
2025-09-29 21:53:00,703 INFO: Bắt đầu crawl lại các sản phẩm lỗi khác 404
2025-09-29 21:53:00,714 INFO: Không còn sản phẩm crawl lỗi khác 404
2025-09-29 21:53:00,714 INFO: Hoàn thành crawl toàn bộ sản phẩm
2025-09-29 21:53:05,729 INFO: Tạo thành công bảng product_info và product_list!
2025-09-29 21:53:05,739 INFO: Bảng product_list hiện có 200000 product_id
2025-09-29 21:53:05,739 INFO: Bảng product_list đã có đủ dữ liệu, bỏ qua insert
2025-09-29 21:53:05,778 INFO: Đã crawl hết sản phẩm
2025-09-29 21:53:05,778 INFO: Bắt đầu crawl lại các sản phẩm lỗi khác 404
2025-09-29 21:53:05,787 INFO: Không còn sản phẩm crawl lỗi khác 404
2025-09-29 21:53:05,788 INFO: Hoàn thành crawl toàn bộ sản phẩm
2025-09-29 21:53:10,751 INFO: Tạo thành công bảng product_info và product_list!
2025-09-29 21:53:10,760 INFO: Bảng product_list hiện có 200000 product_id
2025-09-29 21:53:10,760 INFO: Bảng product_list đã có đủ dữ liệu, bỏ qua insert
2025-09-29 21:53:10,799 INFO: Đã crawl hết sản phẩm
2025-09-29 21:53:10,799 INFO: Bắt đầu crawl lại các sản phẩm lỗi khác 404
2025-09-29 21:53:10,808 INFO: Không còn sản phẩm crawl lỗi khác 404
2025-09-29 21:53:10,808 INFO: Hoàn thành crawl toàn bộ sản phẩm
2025-09-29 21:53:15,815 INFO: Tạo thành công bảng product_info và product_list!
2025-09-29 21:53:15,825 INFO: Bảng product_list hiện có 200000 product_id
2025-09-29 21:53:15,825 INFO: Bảng product_list đã có đủ dữ liệu, bỏ qua insert
2025-09-29 21:53:15,864 INFO: Đã crawl hết sản phẩm
2025-09-29 21:53:15,864 INFO: Bắt đầu crawl lại các sản phẩm lỗi khác 404
2025-09-29 21:53:15,873 INFO: Không còn sản phẩm crawl lỗi khác 404
2025-09-29 21:53:15,873 INFO: Hoàn thành crawl toàn bộ sản phẩm
2025-09-29 21:53:20,852 INFO: Tạo thành công bảng product_info và product_list!
2025-09-29 21:53:20,862 INFO: Bảng product_list hiện có 200000 product_id
2025-09-29 21:53:20,862 INFO: Bảng product_list đã có đủ dữ liệu, bỏ qua insert
2025-09-29 21:53:20,901 INFO: Đã crawl hết sản phẩm
2025-09-29 21:53:20,901 INFO: Bắt đầu crawl lại các sản phẩm lỗi khác 404
2025-09-29 21:53:20,910 INFO: Không còn sản phẩm crawl lỗi khác 404
2025-09-29 21:53:20,910 INFO: Hoàn thành crawl toàn bộ sản phẩm
2025-09-29 21:53:25,941 INFO: Tạo thành công bảng product_info và product_list!
2025-09-29 21:53:25,950 INFO: Bảng product_list hiện có 200000 product_id
2025-09-29 21:53:25,950 INFO: Bảng product_list đã có đủ dữ liệu, bỏ qua insert
2025-09-29 21:53:25,991 INFO: Đã crawl hết sản phẩm
2025-09-29 21:53:25,991 INFO: Bắt đầu crawl lại các sản phẩm lỗi khác 404
2025-09-29 21:53:26,000 INFO: Không còn sản phẩm crawl lỗi khác 404
2025-09-29 21:53:26,000 INFO: Hoàn thành crawl toàn bộ sản phẩm
2025-09-29 21:53:29,989 INFO: Tạo thành công bảng product_info và product_list!
2025-09-29 21:53:29,998 INFO: Bảng product_list hiện có 200000 product_id
2025-09-29 21:53:29,998 INFO: Bảng product_list đã có đủ dữ liệu, bỏ qua insert
2025-09-29 21:53:30,035 INFO: Đã crawl hết sản phẩm
2025-09-29 21:53:30,035 INFO: Bắt đầu crawl lại các sản phẩm lỗi khác 404
2025-09-29 21:53:30,044 INFO: Không còn sản phẩm crawl lỗi khác 404
2025-09-29 21:53:30,044 INFO: Hoàn thành crawl toàn bộ sản phẩm
2025-09-29 21:53:34,108 INFO: Tạo thành công bảng product_info và product_list!
2025-09-29 21:53:34,117 INFO: Bảng product_list hiện có 200000 product_id
2025-09-29 21:53:34,117 INFO: Bảng product_list đã có đủ dữ liệu, bỏ qua insert
2025-09-29 21:53:34,155 INFO: Đã crawl hết sản phẩm
2025-09-29 21:53:34,155 INFO: Bắt đầu crawl lại các sản phẩm lỗi khác 404
2025-09-29 21:53:34,164 INFO: Không còn sản phẩm crawl lỗi khác 404
2025-09-29 21:53:34,164 INFO: Hoàn thành crawl toàn bộ sản phẩm
2025-09-29 21:53:39,086 INFO: Tạo thành công bảng product_info và product_list!
2025-09-29 21:53:39,096 INFO: Bảng product_list hiện có 200000 product_id
2025-09-29 21:53:39,096 INFO: Bảng product_list đã có đủ dữ liệu, bỏ qua insert
2025-09-29 21:53:39,137 INFO: Đã crawl hết sản phẩm
2025-09-29 21:53:39,137 INFO: Bắt đầu crawl lại các sản phẩm lỗi khác 404
2025-09-29 21:53:39,146 INFO: Không còn sản phẩm crawl lỗi khác 404
2025-09-29 21:53:39,147 INFO: Hoàn thành crawl toàn bộ sản phẩm
2025-09-29 21:53:44,041 INFO: Tạo thành công bảng product_info và product_list!
2025-09-29 21:53:44,050 INFO: Bảng product_list hiện có 200000 product_id
2025-09-29 21:53:44,050 INFO: Bảng product_list đã có đủ dữ liệu, bỏ qua insert
2025-09-29 21:53:44,088 INFO: Đã crawl hết sản phẩm
2025-09-29 21:53:44,088 INFO: Bắt đầu crawl lại các sản phẩm lỗi khác 404
2025-09-29 21:53:44,097 INFO: Không còn sản phẩm crawl lỗi khác 404
2025-09-29 21:53:44,097 INFO: Hoàn thành crawl toàn bộ sản phẩm
2025-09-29 21:53:49,015 INFO: Tạo thành công bảng product_info và product_list!
2025-09-29 21:53:49,025 INFO: Bảng product_list hiện có 200000 product_id
2025-09-29 21:53:49,025 INFO: Bảng product_list đã có đủ dữ liệu, bỏ qua insert
2025-09-29 21:53:49,063 INFO: Đã crawl hết sản phẩm
2025-09-29 21:53:49,063 INFO: Bắt đầu crawl lại các sản phẩm lỗi khác 404
2025-09-29 21:53:49,072 INFO: Không còn sản phẩm crawl lỗi khác 404
2025-09-29 21:53:49,072 INFO: Hoàn thành crawl toàn bộ sản phẩm
2025-09-29 21:53:54,085 INFO: Tạo thành công bảng product_info và product_list!
2025-09-29 21:53:54,094 INFO: Bảng product_list hiện có 200000 product_id
2025-09-29 21:53:54,094 INFO: Bảng product_list đã có đủ dữ liệu, bỏ qua insert
2025-09-29 21:53:54,133 INFO: Đã crawl hết sản phẩm
2025-09-29 21:53:54,133 INFO: Bắt đầu crawl lại các sản phẩm lỗi khác 404
2025-09-29 21:53:54,142 INFO: Không còn sản phẩm crawl lỗi khác 404
2025-09-29 21:53:54,142 INFO: Hoàn thành crawl toàn bộ sản phẩm
2025-09-29 21:53:58,113 INFO: Tạo thành công bảng product_info và product_list!
2025-09-29 21:53:58,122 INFO: Bảng product_list hiện có 200000 product_id
2025-09-29 21:53:58,122 INFO: Bảng product_list đã có đủ dữ liệu, bỏ qua insert
2025-09-29 21:53:58,160 INFO: Đã crawl hết sản phẩm
2025-09-29 21:53:58,160 INFO: Bắt đầu crawl lại các sản phẩm lỗi khác 404
2025-09-29 21:53:58,170 INFO: Không còn sản phẩm crawl lỗi khác 404
2025-09-29 21:53:58,170 INFO: Hoàn thành crawl toàn bộ sản phẩm
2025-09-29 21:54:03,080 INFO: Tạo thành công bảng product_info và product_list!
2025-09-29 21:54:03,089 INFO: Bảng product_list hiện có 200000 product_id
2025-09-29 21:54:03,089 INFO: Bảng product_list đã có đủ dữ liệu, bỏ qua insert
2025-09-29 21:54:03,129 INFO: Đã crawl hết sản phẩm
2025-09-29 21:54:03,130 INFO: Bắt đầu crawl lại các sản phẩm lỗi khác 404
2025-09-29 21:54:03,139 INFO: Không còn sản phẩm crawl lỗi khác 404
2025-09-29 21:54:03,139 INFO: Hoàn thành crawl toàn bộ sản phẩm
2025-09-29 21:54:08,080 INFO: Tạo thành công bảng product_info và product_list!
2025-09-29 21:54:08,089 INFO: Bảng product_list hiện có 200000 product_id
2025-09-29 21:54:08,089 INFO: Bảng product_list đã có đủ dữ liệu, bỏ qua insert
2025-09-29 21:54:08,128 INFO: Đã crawl hết sản phẩm
2025-09-29 21:54:08,128 INFO: Bắt đầu crawl lại các sản phẩm lỗi khác 404
2025-09-29 21:54:08,137 INFO: Không còn sản phẩm crawl lỗi khác 404
2025-09-29 21:54:08,137 INFO: Hoàn thành crawl toàn bộ sản phẩm
2025-09-29 21:54:13,226 INFO: Tạo thành công bảng product_info và product_list!
2025-09-29 21:54:13,236 INFO: Bảng product_list hiện có 200000 product_id
2025-09-29 21:54:13,236 INFO: Bảng product_list đã có đủ dữ liệu, bỏ qua insert
2025-09-29 21:54:13,274 INFO: Đã crawl hết sản phẩm
2025-09-29 21:54:13,274 INFO: Bắt đầu crawl lại các sản phẩm lỗi khác 404
2025-09-29 21:54:13,284 INFO: Không còn sản phẩm crawl lỗi khác 404
2025-09-29 21:54:13,284 INFO: Hoàn thành crawl toàn bộ sản phẩm
2025-09-29 21:54:18,356 INFO: Tạo thành công bảng product_info và product_list!
2025-09-29 21:54:18,365 INFO: Bảng product_list hiện có 200000 product_id
2025-09-29 21:54:18,366 INFO: Bảng product_list đã có đủ dữ liệu, bỏ qua insert
2025-09-29 21:54:18,407 INFO: Đã crawl hết sản phẩm
2025-09-29 21:54:18,407 INFO: Bắt đầu crawl lại các sản phẩm lỗi khác 404
2025-09-29 21:54:18,417 INFO: Không còn sản phẩm crawl lỗi khác 404
2025-09-29 21:54:18,417 INFO: Hoàn thành crawl toàn bộ sản phẩm
2025-09-29 21:54:23,364 INFO: Tạo thành công bảng product_info và product_list!
2025-09-29 21:54:23,373 INFO: Bảng product_list hiện có 200000 product_id
2025-09-29 21:54:23,373 INFO: Bảng product_list đã có đủ dữ liệu, bỏ qua insert
2025-09-29 21:54:23,411 INFO: Đã crawl hết sản phẩm
2025-09-29 21:54:23,412 INFO: Bắt đầu crawl lại các sản phẩm lỗi khác 404
2025-09-29 21:54:23,421 INFO: Không còn sản phẩm crawl lỗi khác 404
2025-09-29 21:54:23,421 INFO: Hoàn thành crawl toàn bộ sản phẩm
2025-09-29 21:54:28,327 INFO: Tạo thành công bảng product_info và product_list!
2025-09-29 21:54:28,336 INFO: Bảng product_list hiện có 200000 product_id
2025-09-29 21:54:28,336 INFO: Bảng product_list đã có đủ dữ liệu, bỏ qua insert
2025-09-29 21:54:28,374 INFO: Đã crawl hết sản phẩm
2025-09-29 21:54:28,374 INFO: Bắt đầu crawl lại các sản phẩm lỗi khác 404
2025-09-29 21:54:28,383 INFO: Không còn sản phẩm crawl lỗi khác 404
2025-09-29 21:54:28,383 INFO: Hoàn thành crawl toàn bộ sản phẩm
2025-09-29 21:54:33,378 INFO: Tạo thành công bảng product_info và product_list!
2025-09-29 21:54:33,387 INFO: Bảng product_list hiện có 200000 product_id
2025-09-29 21:54:33,387 INFO: Bảng product_list đã có đủ dữ liệu, bỏ qua insert
2025-09-29 21:54:33,434 INFO: Đã crawl hết sản phẩm
2025-09-29 21:54:33,434 INFO: Bắt đầu crawl lại các sản phẩm lỗi khác 404
2025-09-29 21:54:33,455 INFO: Không còn sản phẩm crawl lỗi khác 404
2025-09-29 21:54:33,456 INFO: Hoàn thành crawl toàn bộ sản phẩm
2025-09-29 21:54:38,661 INFO: Tạo thành công bảng product_info và product_list!
2025-09-29 21:54:38,671 INFO: Bảng product_list hiện có 200000 product_id
2025-09-29 21:54:38,671 INFO: Bảng product_list đã có đủ dữ liệu, bỏ qua insert
2025-09-29 21:54:38,710 INFO: Đã crawl hết sản phẩm
2025-09-29 21:54:38,710 INFO: Bắt đầu crawl lại các sản phẩm lỗi khác 404
2025-09-29 21:54:38,719 INFO: Không còn sản phẩm crawl lỗi khác 404
2025-09-29 21:54:38,719 INFO: Hoàn thành crawl toàn bộ sản phẩm
2025-09-29 21:54:43,759 INFO: Tạo thành công bảng product_info và product_list!
2025-09-29 21:54:43,768 INFO: Bảng product_list hiện có 200000 product_id
2025-09-29 21:54:43,768 INFO: Bảng product_list đã có đủ dữ liệu, bỏ qua insert
2025-09-29 21:54:43,808 INFO: Đã crawl hết sản phẩm
2025-09-29 21:54:43,808 INFO: Bắt đầu crawl lại các sản phẩm lỗi khác 404
2025-09-29 21:54:43,817 INFO: Không còn sản phẩm crawl lỗi khác 404
2025-09-29 21:54:43,817 INFO: Hoàn thành crawl toàn bộ sản phẩm
2025-09-29 21:54:48,860 INFO: Tạo thành công bảng product_info và product_list!
2025-09-29 21:54:48,869 INFO: Bảng product_list hiện có 200000 product_id
2025-09-29 21:54:48,870 INFO: Bảng product_list đã có đủ dữ liệu, bỏ qua insert
2025-09-29 21:54:48,909 INFO: Đã crawl hết sản phẩm
2025-09-29 21:54:48,909 INFO: Bắt đầu crawl lại các sản phẩm lỗi khác 404
2025-09-29 21:54:48,918 INFO: Không còn sản phẩm crawl lỗi khác 404
2025-09-29 21:54:48,918 INFO: Hoàn thành crawl toàn bộ sản phẩm
2025-09-29 21:54:52,941 INFO: Tạo thành công bảng product_info và product_list!
2025-09-29 21:54:52,949 INFO: Bảng product_list hiện có 200000 product_id
2025-09-29 21:54:52,949 INFO: Bảng product_list đã có đủ dữ liệu, bỏ qua insert
2025-09-29 21:54:52,988 INFO: Đã crawl hết sản phẩm
2025-09-29 21:54:52,989 INFO: Bắt đầu crawl lại các sản phẩm lỗi khác 404
2025-09-29 21:54:52,998 INFO: Không còn sản phẩm crawl lỗi khác 404
2025-09-29 21:54:52,998 INFO: Hoàn thành crawl toàn bộ sản phẩm
2025-09-29 21:54:58,061 INFO: Tạo thành công bảng product_info và product_list!
2025-09-29 21:54:58,071 INFO: Bảng product_list hiện có 200000 product_id
2025-09-29 21:54:58,071 INFO: Bảng product_list đã có đủ dữ liệu, bỏ qua insert
2025-09-29 21:54:58,111 INFO: Đã crawl hết sản phẩm
2025-09-29 21:54:58,111 INFO: Bắt đầu crawl lại các sản phẩm lỗi khác 404
2025-09-29 21:54:58,120 INFO: Không còn sản phẩm crawl lỗi khác 404
2025-09-29 21:54:58,120 INFO: Hoàn thành crawl toàn bộ sản phẩm
2025-09-29 21:55:02,057 INFO: Tạo thành công bảng product_info và product_list!
2025-09-29 21:55:02,066 INFO: Bảng product_list hiện có 200000 product_id
2025-09-29 21:55:02,066 INFO: Bảng product_list đã có đủ dữ liệu, bỏ qua insert
2025-09-29 21:55:02,106 INFO: Đã crawl hết sản phẩm
2025-09-29 21:55:02,106 INFO: Bắt đầu crawl lại các sản phẩm lỗi khác 404
2025-09-29 21:55:02,115 INFO: Không còn sản phẩm crawl lỗi khác 404
2025-09-29 21:55:02,115 INFO: Hoàn thành crawl toàn bộ sản phẩm
2025-09-29 21:55:06,123 INFO: Tạo thành công bảng product_info và product_list!
2025-09-29 21:55:06,133 INFO: Bảng product_list hiện có 200000 product_id
2025-09-29 21:55:06,133 INFO: Bảng product_list đã có đủ dữ liệu, bỏ qua insert
2025-09-29 21:55:06,173 INFO: Đã crawl hết sản phẩm
2025-09-29 21:55:06,173 INFO: Bắt đầu crawl lại các sản phẩm lỗi khác 404
2025-09-29 21:55:06,182 INFO: Không còn sản phẩm crawl lỗi khác 404
2025-09-29 21:55:06,183 INFO: Hoàn thành crawl toàn bộ sản phẩm
2025-09-29 21:55:11,104 INFO: Tạo thành công bảng product_info và product_list!
2025-09-29 21:55:11,113 INFO: Bảng product_list hiện có 200000 product_id
2025-09-29 21:55:11,113 INFO: Bảng product_list đã có đủ dữ liệu, bỏ qua insert
2025-09-29 21:55:11,153 INFO: Đã crawl hết sản phẩm
2025-09-29 21:55:11,153 INFO: Bắt đầu crawl lại các sản phẩm lỗi khác 404
2025-09-29 21:55:11,162 INFO: Không còn sản phẩm crawl lỗi khác 404
2025-09-29 21:55:11,162 INFO: Hoàn thành crawl toàn bộ sản phẩm
2025-09-29 21:55:16,054 INFO: Tạo thành công bảng product_info và product_list!
2025-09-29 21:55:16,063 INFO: Bảng product_list hiện có 200000 product_id
2025-09-29 21:55:16,063 INFO: Bảng product_list đã có đủ dữ liệu, bỏ qua insert
2025-09-29 21:55:16,101 INFO: Đã crawl hết sản phẩm
2025-09-29 21:55:16,101 INFO: Bắt đầu crawl lại các sản phẩm lỗi khác 404
2025-09-29 21:55:16,110 INFO: Không còn sản phẩm crawl lỗi khác 404
2025-09-29 21:55:16,110 INFO: Hoàn thành crawl toàn bộ sản phẩm
2025-09-29 21:55:21,348 INFO: Tạo thành công bảng product_info và product_list!
2025-09-29 21:55:21,357 INFO: Bảng product_list hiện có 200000 product_id
2025-09-29 21:55:21,357 INFO: Bảng product_list đã có đủ dữ liệu, bỏ qua insert
2025-09-29 21:55:21,397 INFO: Đã crawl hết sản phẩm
2025-09-29 21:55:21,397 INFO: Bắt đầu crawl lại các sản phẩm lỗi khác 404
2025-09-29 21:55:21,407 INFO: Không còn sản phẩm crawl lỗi khác 404
2025-09-29 21:55:21,407 INFO: Hoàn thành crawl toàn bộ sản phẩm
2025-09-29 21:55:26,471 INFO: Tạo thành công bảng product_info và product_list!
2025-09-29 21:55:26,480 INFO: Bảng product_list hiện có 200000 product_id
2025-09-29 21:55:26,480 INFO: Bảng product_list đã có đủ dữ liệu, bỏ qua insert
2025-09-29 21:55:26,520 INFO: Đã crawl hết sản phẩm
2025-09-29 21:55:26,520 INFO: Bắt đầu crawl lại các sản phẩm lỗi khác 404
2025-09-29 21:55:26,529 INFO: Không còn sản phẩm crawl lỗi khác 404
2025-09-29 21:55:26,529 INFO: Hoàn thành crawl toàn bộ sản phẩm
2025-09-29 21:55:31,519 INFO: Tạo thành công bảng product_info và product_list!
2025-09-29 21:55:31,528 INFO: Bảng product_list hiện có 200000 product_id
2025-09-29 21:55:31,528 INFO: Bảng product_list đã có đủ dữ liệu, bỏ qua insert
2025-09-29 21:55:31,568 INFO: Đã crawl hết sản phẩm
2025-09-29 21:55:31,568 INFO: Bắt đầu crawl lại các sản phẩm lỗi khác 404
2025-09-29 21:55:31,577 INFO: Không còn sản phẩm crawl lỗi khác 404
2025-09-29 21:55:31,577 INFO: Hoàn thành crawl toàn bộ sản phẩm
2025-09-29 21:55:36,551 INFO: Tạo thành công bảng product_info và product_list!
2025-09-29 21:55:36,560 INFO: Bảng product_list hiện có 200000 product_id
2025-09-29 21:55:36,560 INFO: Bảng product_list đã có đủ dữ liệu, bỏ qua insert
2025-09-29 21:55:36,598 INFO: Đã crawl hết sản phẩm
2025-09-29 21:55:36,598 INFO: Bắt đầu crawl lại các sản phẩm lỗi khác 404
2025-09-29 21:55:36,607 INFO: Không còn sản phẩm crawl lỗi khác 404
2025-09-29 21:55:36,608 INFO: Hoàn thành crawl toàn bộ sản phẩm
2025-09-29 21:55:40,664 INFO: Tạo thành công bảng product_info và product_list!
2025-09-29 21:55:40,673 INFO: Bảng product_list hiện có 200000 product_id
2025-09-29 21:55:40,673 INFO: Bảng product_list đã có đủ dữ liệu, bỏ qua insert
2025-09-29 21:55:40,711 INFO: Đã crawl hết sản phẩm
2025-09-29 21:55:40,712 INFO: Bắt đầu crawl lại các sản phẩm lỗi khác 404
2025-09-29 21:55:40,721 INFO: Không còn sản phẩm crawl lỗi khác 404
2025-09-29 21:55:40,721 INFO: Hoàn thành crawl toàn bộ sản phẩm
2025-09-29 21:55:45,784 INFO: Tạo thành công bảng product_info và product_list!
2025-09-29 21:55:45,793 INFO: Bảng product_list hiện có 200000 product_id
2025-09-29 21:55:45,793 INFO: Bảng product_list đã có đủ dữ liệu, bỏ qua insert
2025-09-29 21:55:45,835 INFO: Đã crawl hết sản phẩm
2025-09-29 21:55:45,835 INFO: Bắt đầu crawl lại các sản phẩm lỗi khác 404
2025-09-29 21:55:45,844 INFO: Không còn sản phẩm crawl lỗi khác 404
2025-09-29 21:55:45,844 INFO: Hoàn thành crawl toàn bộ sản phẩm
2025-09-29 21:55:50,932 INFO: Tạo thành công bảng product_info và product_list!
2025-09-29 21:55:50,940 INFO: Bảng product_list hiện có 200000 product_id
2025-09-29 21:55:50,941 INFO: Bảng product_list đã có đủ dữ liệu, bỏ qua insert
2025-09-29 21:55:50,980 INFO: Đã crawl hết sản phẩm
2025-09-29 21:55:50,980 INFO: Bắt đầu crawl lại các sản phẩm lỗi khác 404
2025-09-29 21:55:50,989 INFO: Không còn sản phẩm crawl lỗi khác 404
2025-09-29 21:55:50,989 INFO: Hoàn thành crawl toàn bộ sản phẩm
2025-09-29 21:55:55,984 INFO: Tạo thành công bảng product_info và product_list!
2025-09-29 21:55:55,993 INFO: Bảng product_list hiện có 200000 product_id
2025-09-29 21:55:55,993 INFO: Bảng product_list đã có đủ dữ liệu, bỏ qua insert
2025-09-29 21:55:56,033 INFO: Đã crawl hết sản phẩm
2025-09-29 21:55:56,033 INFO: Bắt đầu crawl lại các sản phẩm lỗi khác 404
2025-09-29 21:55:56,042 INFO: Không còn sản phẩm crawl lỗi khác 404
2025-09-29 21:55:56,042 INFO: Hoàn thành crawl toàn bộ sản phẩm
2025-09-29 21:56:00,025 INFO: Tạo thành công bảng product_info và product_list!
2025-09-29 21:56:00,035 INFO: Bảng product_list hiện có 200000 product_id
2025-09-29 21:56:00,035 INFO: Bảng product_list đã có đủ dữ liệu, bỏ qua insert
2025-09-29 21:56:00,078 INFO: Đã crawl hết sản phẩm
2025-09-29 21:56:00,078 INFO: Bắt đầu crawl lại các sản phẩm lỗi khác 404
2025-09-29 21:56:00,088 INFO: Không còn sản phẩm crawl lỗi khác 404
2025-09-29 21:56:00,088 INFO: Hoàn thành crawl toàn bộ sản phẩm
2025-09-29 21:56:05,083 INFO: Tạo thành công bảng product_info và product_list!
2025-09-29 21:56:05,092 INFO: Bảng product_list hiện có 200000 product_id
2025-09-29 21:56:05,092 INFO: Bảng product_list đã có đủ dữ liệu, bỏ qua insert
2025-09-29 21:56:05,131 INFO: Đã crawl hết sản phẩm
2025-09-29 21:56:05,131 INFO: Bắt đầu crawl lại các sản phẩm lỗi khác 404
2025-09-29 21:56:05,140 INFO: Không còn sản phẩm crawl lỗi khác 404
2025-09-29 21:56:05,140 INFO: Hoàn thành crawl toàn bộ sản phẩm
2025-09-29 21:56:10,070 INFO: Tạo thành công bảng product_info và product_list!
2025-09-29 21:56:10,079 INFO: Bảng product_list hiện có 200000 product_id
2025-09-29 21:56:10,079 INFO: Bảng product_list đã có đủ dữ liệu, bỏ qua insert
2025-09-29 21:56:10,117 INFO: Đã crawl hết sản phẩm
2025-09-29 21:56:10,118 INFO: Bắt đầu crawl lại các sản phẩm lỗi khác 404
2025-09-29 21:56:10,126 INFO: Không còn sản phẩm crawl lỗi khác 404
2025-09-29 21:56:10,126 INFO: Hoàn thành crawl toàn bộ sản phẩm
2025-09-29 21:56:15,649 INFO: Tạo thành công bảng product_info và product_list!
2025-09-29 21:56:15,660 INFO: Bảng product_list hiện có 200000 product_id
2025-09-29 21:56:15,660 INFO: Bảng product_list đã có đủ dữ liệu, bỏ qua insert
2025-09-29 21:56:15,707 INFO: Đã crawl hết sản phẩm
2025-09-29 21:56:15,707 INFO: Bắt đầu crawl lại các sản phẩm lỗi khác 404
2025-09-29 21:56:15,718 INFO: Không còn sản phẩm crawl lỗi khác 404
2025-09-29 21:56:15,718 INFO: Hoàn thành crawl toàn bộ sản phẩm
2025-09-29 21:56:20,685 INFO: Tạo thành công bảng product_info và product_list!
2025-09-29 21:56:20,694 INFO: Bảng product_list hiện có 200000 product_id
2025-09-29 21:56:20,694 INFO: Bảng product_list đã có đủ dữ liệu, bỏ qua insert
2025-09-29 21:56:20,734 INFO: Đã crawl hết sản phẩm
2025-09-29 21:56:20,734 INFO: Bắt đầu crawl lại các sản phẩm lỗi khác 404
2025-09-29 21:56:20,743 INFO: Không còn sản phẩm crawl lỗi khác 404
2025-09-29 21:56:20,743 INFO: Hoàn thành crawl toàn bộ sản phẩm
2025-09-29 21:56:25,810 INFO: Tạo thành công bảng product_info và product_list!
2025-09-29 21:56:25,819 INFO: Bảng product_list hiện có 200000 product_id
2025-09-29 21:56:25,819 INFO: Bảng product_list đã có đủ dữ liệu, bỏ qua insert
2025-09-29 21:56:25,862 INFO: Đã crawl hết sản phẩm
2025-09-29 21:56:25,862 INFO: Bắt đầu crawl lại các sản phẩm lỗi khác 404
2025-09-29 21:56:25,871 INFO: Không còn sản phẩm crawl lỗi khác 404
2025-09-29 21:56:25,871 INFO: Hoàn thành crawl toàn bộ sản phẩm
2025-09-29 21:56:30,927 INFO: Tạo thành công bảng product_info và product_list!
2025-09-29 21:56:30,937 INFO: Bảng product_list hiện có 200000 product_id
2025-09-29 21:56:30,937 INFO: Bảng product_list đã có đủ dữ liệu, bỏ qua insert
2025-09-29 21:56:30,977 INFO: Đã crawl hết sản phẩm
2025-09-29 21:56:30,977 INFO: Bắt đầu crawl lại các sản phẩm lỗi khác 404
2025-09-29 21:56:30,987 INFO: Không còn sản phẩm crawl lỗi khác 404
2025-09-29 21:56:30,988 INFO: Hoàn thành crawl toàn bộ sản phẩm
2025-09-29 21:56:35,056 INFO: Tạo thành công bảng product_info và product_list!
2025-09-29 21:56:35,066 INFO: Bảng product_list hiện có 200000 product_id
2025-09-29 21:56:35,066 INFO: Bảng product_list đã có đủ dữ liệu, bỏ qua insert
2025-09-29 21:56:35,107 INFO: Đã crawl hết sản phẩm
2025-09-29 21:56:35,107 INFO: Bắt đầu crawl lại các sản phẩm lỗi khác 404
2025-09-29 21:56:35,116 INFO: Không còn sản phẩm crawl lỗi khác 404
2025-09-29 21:56:35,117 INFO: Hoàn thành crawl toàn bộ sản phẩm
2025-09-29 21:56:40,241 INFO: Tạo thành công bảng product_info và product_list!
2025-09-29 21:56:40,250 INFO: Bảng product_list hiện có 200000 product_id
2025-09-29 21:56:40,251 INFO: Bảng product_list đã có đủ dữ liệu, bỏ qua insert
2025-09-29 21:56:40,291 INFO: Đã crawl hết sản phẩm
2025-09-29 21:56:40,292 INFO: Bắt đầu crawl lại các sản phẩm lỗi khác 404
2025-09-29 21:56:40,301 INFO: Không còn sản phẩm crawl lỗi khác 404
2025-09-29 21:56:40,301 INFO: Hoàn thành crawl toàn bộ sản phẩm
2025-09-29 21:56:44,206 INFO: Tạo thành công bảng product_info và product_list!
2025-09-29 21:56:44,215 INFO: Bảng product_list hiện có 200000 product_id
2025-09-29 21:56:44,215 INFO: Bảng product_list đã có đủ dữ liệu, bỏ qua insert
2025-09-29 21:56:44,254 INFO: Đã crawl hết sản phẩm
2025-09-29 21:56:44,255 INFO: Bắt đầu crawl lại các sản phẩm lỗi khác 404
2025-09-29 21:56:44,264 INFO: Không còn sản phẩm crawl lỗi khác 404
2025-09-29 21:56:44,264 INFO: Hoàn thành crawl toàn bộ sản phẩm
2025-09-29 21:56:49,405 INFO: Tạo thành công bảng product_info và product_list!
2025-09-29 21:56:49,414 INFO: Bảng product_list hiện có 200000 product_id
2025-09-29 21:56:49,415 INFO: Bảng product_list đã có đủ dữ liệu, bỏ qua insert
2025-09-29 21:56:49,455 INFO: Đã crawl hết sản phẩm
2025-09-29 21:56:49,455 INFO: Bắt đầu crawl lại các sản phẩm lỗi khác 404
2025-09-29 21:56:49,463 INFO: Không còn sản phẩm crawl lỗi khác 404
2025-09-29 21:56:49,464 INFO: Hoàn thành crawl toàn bộ sản phẩm
2025-09-29 21:56:54,713 INFO: Tạo thành công bảng product_info và product_list!
2025-09-29 21:56:54,722 INFO: Bảng product_list hiện có 200000 product_id
2025-09-29 21:56:54,722 INFO: Bảng product_list đã có đủ dữ liệu, bỏ qua insert
2025-09-29 21:56:54,762 INFO: Đã crawl hết sản phẩm
2025-09-29 21:56:54,762 INFO: Bắt đầu crawl lại các sản phẩm lỗi khác 404
2025-09-29 21:56:54,771 INFO: Không còn sản phẩm crawl lỗi khác 404
2025-09-29 21:56:54,771 INFO: Hoàn thành crawl toàn bộ sản phẩm
2025-09-29 21:56:59,797 INFO: Tạo thành công bảng product_info và product_list!
2025-09-29 21:56:59,806 INFO: Bảng product_list hiện có 200000 product_id
2025-09-29 21:56:59,806 INFO: Bảng product_list đã có đủ dữ liệu, bỏ qua insert
2025-09-29 21:56:59,852 INFO: Đã crawl hết sản phẩm
2025-09-29 21:56:59,852 INFO: Bắt đầu crawl lại các sản phẩm lỗi khác 404
2025-09-29 21:56:59,862 INFO: Không còn sản phẩm crawl lỗi khác 404
2025-09-29 21:56:59,862 INFO: Hoàn thành crawl toàn bộ sản phẩm
2025-09-29 21:57:04,985 INFO: Tạo thành công bảng product_info và product_list!
2025-09-29 21:57:04,994 INFO: Bảng product_list hiện có 200000 product_id
2025-09-29 21:57:04,994 INFO: Bảng product_list đã có đủ dữ liệu, bỏ qua insert
2025-09-29 21:57:05,033 INFO: Đã crawl hết sản phẩm
2025-09-29 21:57:05,033 INFO: Bắt đầu crawl lại các sản phẩm lỗi khác 404
2025-09-29 21:57:05,043 INFO: Không còn sản phẩm crawl lỗi khác 404
2025-09-29 21:57:05,043 INFO: Hoàn thành crawl toàn bộ sản phẩm
2025-09-29 21:57:09,953 INFO: Tạo thành công bảng product_info và product_list!
2025-09-29 21:57:09,962 INFO: Bảng product_list hiện có 200000 product_id
2025-09-29 21:57:09,962 INFO: Bảng product_list đã có đủ dữ liệu, bỏ qua insert
2025-09-29 21:57:10,000 INFO: Đã crawl hết sản phẩm
2025-09-29 21:57:10,000 INFO: Bắt đầu crawl lại các sản phẩm lỗi khác 404
2025-09-29 21:57:10,009 INFO: Không còn sản phẩm crawl lỗi khác 404
2025-09-29 21:57:10,009 INFO: Hoàn thành crawl toàn bộ sản phẩm
2025-09-29 21:57:13,960 INFO: Tạo thành công bảng product_info và product_list!
2025-09-29 21:57:13,969 INFO: Bảng product_list hiện có 200000 product_id
2025-09-29 21:57:13,969 INFO: Bảng product_list đã có đủ dữ liệu, bỏ qua insert
2025-09-29 21:57:14,008 INFO: Đã crawl hết sản phẩm
2025-09-29 21:57:14,008 INFO: Bắt đầu crawl lại các sản phẩm lỗi khác 404
2025-09-29 21:57:14,017 INFO: Không còn sản phẩm crawl lỗi khác 404
2025-09-29 21:57:14,017 INFO: Hoàn thành crawl toàn bộ sản phẩm
2025-09-29 21:57:19,173 INFO: Tạo thành công bảng product_info và product_list!
2025-09-29 21:57:19,182 INFO: Bảng product_list hiện có 200000 product_id
2025-09-29 21:57:19,182 INFO: Bảng product_list đã có đủ dữ liệu, bỏ qua insert
2025-09-29 21:57:19,221 INFO: Đã crawl hết sản phẩm
2025-09-29 21:57:19,221 INFO: Bắt đầu crawl lại các sản phẩm lỗi khác 404
2025-09-29 21:57:19,229 INFO: Không còn sản phẩm crawl lỗi khác 404
2025-09-29 21:57:19,230 INFO: Hoàn thành crawl toàn bộ sản phẩm
2025-09-29 21:57:24,323 INFO: Tạo thành công bảng product_info và product_list!
2025-09-29 21:57:24,333 INFO: Bảng product_list hiện có 200000 product_id
2025-09-29 21:57:24,333 INFO: Bảng product_list đã có đủ dữ liệu, bỏ qua insert
2025-09-29 21:57:24,374 INFO: Đã crawl hết sản phẩm
2025-09-29 21:57:24,374 INFO: Bắt đầu crawl lại các sản phẩm lỗi khác 404
2025-09-29 21:57:24,383 INFO: Không còn sản phẩm crawl lỗi khác 404
2025-09-29 21:57:24,383 INFO: Hoàn thành crawl toàn bộ sản phẩm
2025-09-29 21:57:29,558 INFO: Tạo thành công bảng product_info và product_list!
2025-09-29 21:57:29,568 INFO: Bảng product_list hiện có 200000 product_id
2025-09-29 21:57:29,568 INFO: Bảng product_list đã có đủ dữ liệu, bỏ qua insert
2025-09-29 21:57:29,609 INFO: Đã crawl hết sản phẩm
2025-09-29 21:57:29,609 INFO: Bắt đầu crawl lại các sản phẩm lỗi khác 404
2025-09-29 21:57:29,619 INFO: Không còn sản phẩm crawl lỗi khác 404
2025-09-29 21:57:29,619 INFO: Hoàn thành crawl toàn bộ sản phẩm
2025-09-29 21:57:38,575 INFO: Tạo thành công bảng product_info và product_list!
2025-09-29 21:57:38,584 INFO: Bảng product_list hiện có 200000 product_id
2025-09-29 21:57:38,584 INFO: Bảng product_list đã có đủ dữ liệu, bỏ qua insert
2025-09-29 21:57:38,624 INFO: Đã crawl hết sản phẩm
2025-09-29 21:57:38,624 INFO: Bắt đầu crawl lại các sản phẩm lỗi khác 404
2025-09-29 21:57:38,633 INFO: Không còn sản phẩm crawl lỗi khác 404
2025-09-29 21:57:38,633 INFO: Hoàn thành crawl toàn bộ sản phẩm
2025-09-29 21:57:43,588 INFO: Tạo thành công bảng product_info và product_list!
2025-09-29 21:57:43,597 INFO: Bảng product_list hiện có 200000 product_id
2025-09-29 21:57:43,598 INFO: Bảng product_list đã có đủ dữ liệu, bỏ qua insert
2025-09-29 21:57:43,638 INFO: Đã crawl hết sản phẩm
2025-09-29 21:57:43,638 INFO: Bắt đầu crawl lại các sản phẩm lỗi khác 404
2025-09-29 21:57:43,647 INFO: Không còn sản phẩm crawl lỗi khác 404
2025-09-29 21:57:43,647 INFO: Hoàn thành crawl toàn bộ sản phẩm
2025-09-29 21:57:48,539 INFO: Tạo thành công bảng product_info và product_list!
2025-09-29 21:57:48,548 INFO: Bảng product_list hiện có 200000 product_id
2025-09-29 21:57:48,548 INFO: Bảng product_list đã có đủ dữ liệu, bỏ qua insert
2025-09-29 21:57:48,586 INFO: Đã crawl hết sản phẩm
2025-09-29 21:57:48,586 INFO: Bắt đầu crawl lại các sản phẩm lỗi khác 404
2025-09-29 21:57:48,596 INFO: Không còn sản phẩm crawl lỗi khác 404
2025-09-29 21:57:48,596 INFO: Hoàn thành crawl toàn bộ sản phẩm
2025-09-29 21:57:52,691 INFO: Tạo thành công bảng product_info và product_list!
2025-09-29 21:57:52,700 INFO: Bảng product_list hiện có 200000 product_id
2025-09-29 21:57:52,700 INFO: Bảng product_list đã có đủ dữ liệu, bỏ qua insert
2025-09-29 21:57:52,739 INFO: Đã crawl hết sản phẩm
2025-09-29 21:57:52,739 INFO: Bắt đầu crawl lại các sản phẩm lỗi khác 404
2025-09-29 21:57:52,747 INFO: Không còn sản phẩm crawl lỗi khác 404
2025-09-29 21:57:52,747 INFO: Hoàn thành crawl toàn bộ sản phẩm
2025-09-29 21:57:57,710 INFO: Tạo thành công bảng product_info và product_list!
2025-09-29 21:57:57,719 INFO: Bảng product_list hiện có 200000 product_id
2025-09-29 21:57:57,719 INFO: Bảng product_list đã có đủ dữ liệu, bỏ qua insert
2025-09-29 21:57:57,758 INFO: Đã crawl hết sản phẩm
2025-09-29 21:57:57,758 INFO: Bắt đầu crawl lại các sản phẩm lỗi khác 404
2025-09-29 21:57:57,767 INFO: Không còn sản phẩm crawl lỗi khác 404
2025-09-29 21:57:57,767 INFO: Hoàn thành crawl toàn bộ sản phẩm
2025-09-29 21:58:02,732 INFO: Tạo thành công bảng product_info và product_list!
2025-09-29 21:58:02,741 INFO: Bảng product_list hiện có 200000 product_id
2025-09-29 21:58:02,741 INFO: Bảng product_list đã có đủ dữ liệu, bỏ qua insert
2025-09-29 21:58:02,780 INFO: Đã crawl hết sản phẩm
2025-09-29 21:58:02,780 INFO: Bắt đầu crawl lại các sản phẩm lỗi khác 404
2025-09-29 21:58:02,789 INFO: Không còn sản phẩm crawl lỗi khác 404
2025-09-29 21:58:02,789 INFO: Hoàn thành crawl toàn bộ sản phẩm
2025-09-29 21:58:07,986 INFO: Tạo thành công bảng product_info và product_list!
2025-09-29 21:58:07,995 INFO: Bảng product_list hiện có 200000 product_id
2025-09-29 21:58:07,995 INFO: Bảng product_list đã có đủ dữ liệu, bỏ qua insert
2025-09-29 21:58:08,035 INFO: Đã crawl hết sản phẩm
2025-09-29 21:58:08,035 INFO: Bắt đầu crawl lại các sản phẩm lỗi khác 404
2025-09-29 21:58:08,045 INFO: Không còn sản phẩm crawl lỗi khác 404
2025-09-29 21:58:08,045 INFO: Hoàn thành crawl toàn bộ sản phẩm
2025-09-29 21:58:12,962 INFO: Tạo thành công bảng product_info và product_list!
2025-09-29 21:58:12,971 INFO: Bảng product_list hiện có 200000 product_id
2025-09-29 21:58:12,971 INFO: Bảng product_list đã có đủ dữ liệu, bỏ qua insert
2025-09-29 21:58:13,011 INFO: Đã crawl hết sản phẩm
2025-09-29 21:58:13,011 INFO: Bắt đầu crawl lại các sản phẩm lỗi khác 404
2025-09-29 21:58:13,020 INFO: Không còn sản phẩm crawl lỗi khác 404
2025-09-29 21:58:13,020 INFO: Hoàn thành crawl toàn bộ sản phẩm
2025-09-29 21:58:18,075 INFO: Tạo thành công bảng product_info và product_list!
2025-09-29 21:58:18,084 INFO: Bảng product_list hiện có 200000 product_id
2025-09-29 21:58:18,084 INFO: Bảng product_list đã có đủ dữ liệu, bỏ qua insert
2025-09-29 21:58:18,123 INFO: Đã crawl hết sản phẩm
2025-09-29 21:58:18,123 INFO: Bắt đầu crawl lại các sản phẩm lỗi khác 404
2025-09-29 21:58:18,132 INFO: Không còn sản phẩm crawl lỗi khác 404
2025-09-29 21:58:18,132 INFO: Hoàn thành crawl toàn bộ sản phẩm
2025-09-29 21:58:23,117 INFO: Tạo thành công bảng product_info và product_list!
2025-09-29 21:58:23,126 INFO: Bảng product_list hiện có 200000 product_id
2025-09-29 21:58:23,126 INFO: Bảng product_list đã có đủ dữ liệu, bỏ qua insert
2025-09-29 21:58:23,166 INFO: Đã crawl hết sản phẩm
2025-09-29 21:58:23,166 INFO: Bắt đầu crawl lại các sản phẩm lỗi khác 404
2025-09-29 21:58:23,175 INFO: Không còn sản phẩm crawl lỗi khác 404
2025-09-29 21:58:23,175 INFO: Hoàn thành crawl toàn bộ sản phẩm
2025-09-29 21:58:28,160 INFO: Tạo thành công bảng product_info và product_list!
2025-09-29 21:58:28,169 INFO: Bảng product_list hiện có 200000 product_id
2025-09-29 21:58:28,169 INFO: Bảng product_list đã có đủ dữ liệu, bỏ qua insert
2025-09-29 21:58:28,208 INFO: Đã crawl hết sản phẩm
2025-09-29 21:58:28,208 INFO: Bắt đầu crawl lại các sản phẩm lỗi khác 404
2025-09-29 21:58:28,217 INFO: Không còn sản phẩm crawl lỗi khác 404
2025-09-29 21:58:28,217 INFO: Hoàn thành crawl toàn bộ sản phẩm
2025-09-29 21:58:33,266 INFO: Tạo thành công bảng product_info và product_list!
2025-09-29 21:58:33,276 INFO: Bảng product_list hiện có 200000 product_id
2025-09-29 21:58:33,276 INFO: Bảng product_list đã có đủ dữ liệu, bỏ qua insert
2025-09-29 21:58:33,315 INFO: Đã crawl hết sản phẩm
2025-09-29 21:58:33,315 INFO: Bắt đầu crawl lại các sản phẩm lỗi khác 404
2025-09-29 21:58:33,325 INFO: Không còn sản phẩm crawl lỗi khác 404
2025-09-29 21:58:33,325 INFO: Hoàn thành crawl toàn bộ sản phẩm
2025-09-29 21:58:37,366 INFO: Tạo thành công bảng product_info và product_list!
2025-09-29 21:58:37,375 INFO: Bảng product_list hiện có 200000 product_id
2025-09-29 21:58:37,375 INFO: Bảng product_list đã có đủ dữ liệu, bỏ qua insert
2025-09-29 21:58:37,415 INFO: Đã crawl hết sản phẩm
2025-09-29 21:58:37,415 INFO: Bắt đầu crawl lại các sản phẩm lỗi khác 404
2025-09-29 21:58:37,424 INFO: Không còn sản phẩm crawl lỗi khác 404
2025-09-29 21:58:37,424 INFO: Hoàn thành crawl toàn bộ sản phẩm
2025-09-29 21:58:42,564 INFO: Tạo thành công bảng product_info và product_list!
2025-09-29 21:58:42,573 INFO: Bảng product_list hiện có 200000 product_id
2025-09-29 21:58:42,573 INFO: Bảng product_list đã có đủ dữ liệu, bỏ qua insert
2025-09-29 21:58:42,614 INFO: Đã crawl hết sản phẩm
2025-09-29 21:58:42,614 INFO: Bắt đầu crawl lại các sản phẩm lỗi khác 404
2025-09-29 21:58:42,624 INFO: Không còn sản phẩm crawl lỗi khác 404
2025-09-29 21:58:42,624 INFO: Hoàn thành crawl toàn bộ sản phẩm
2025-09-29 21:58:46,575 INFO: Tạo thành công bảng product_info và product_list!
2025-09-29 21:58:46,584 INFO: Bảng product_list hiện có 200000 product_id
2025-09-29 21:58:46,584 INFO: Bảng product_list đã có đủ dữ liệu, bỏ qua insert
2025-09-29 21:58:46,622 INFO: Đã crawl hết sản phẩm
2025-09-29 21:58:46,622 INFO: Bắt đầu crawl lại các sản phẩm lỗi khác 404
2025-09-29 21:58:46,631 INFO: Không còn sản phẩm crawl lỗi khác 404
2025-09-29 21:58:46,631 INFO: Hoàn thành crawl toàn bộ sản phẩm
2025-09-29 21:58:51,588 INFO: Tạo thành công bảng product_info và product_list!
2025-09-29 21:58:51,597 INFO: Bảng product_list hiện có 200000 product_id
2025-09-29 21:58:51,597 INFO: Bảng product_list đã có đủ dữ liệu, bỏ qua insert
2025-09-29 21:58:51,635 INFO: Đã crawl hết sản phẩm
2025-09-29 21:58:51,635 INFO: Bắt đầu crawl lại các sản phẩm lỗi khác 404
2025-09-29 21:58:51,645 INFO: Không còn sản phẩm crawl lỗi khác 404
2025-09-29 21:58:51,645 INFO: Hoàn thành crawl toàn bộ sản phẩm
2025-09-29 21:58:56,585 INFO: Tạo thành công bảng product_info và product_list!
2025-09-29 21:58:56,594 INFO: Bảng product_list hiện có 200000 product_id
2025-09-29 21:58:56,594 INFO: Bảng product_list đã có đủ dữ liệu, bỏ qua insert
2025-09-29 21:58:56,633 INFO: Đã crawl hết sản phẩm
2025-09-29 21:58:56,633 INFO: Bắt đầu crawl lại các sản phẩm lỗi khác 404
2025-09-29 21:58:56,642 INFO: Không còn sản phẩm crawl lỗi khác 404
2025-09-29 21:58:56,642 INFO: Hoàn thành crawl toàn bộ sản phẩm
2025-09-29 21:59:01,793 INFO: Tạo thành công bảng product_info và product_list!
2025-09-29 21:59:01,802 INFO: Bảng product_list hiện có 200000 product_id
2025-09-29 21:59:01,803 INFO: Bảng product_list đã có đủ dữ liệu, bỏ qua insert
2025-09-29 21:59:01,841 INFO: Đã crawl hết sản phẩm
2025-09-29 21:59:01,841 INFO: Bắt đầu crawl lại các sản phẩm lỗi khác 404
2025-09-29 21:59:01,850 INFO: Không còn sản phẩm crawl lỗi khác 404
2025-09-29 21:59:01,850 INFO: Hoàn thành crawl toàn bộ sản phẩm
2025-09-29 21:59:06,910 INFO: Tạo thành công bảng product_info và product_list!
2025-09-29 21:59:06,919 INFO: Bảng product_list hiện có 200000 product_id
2025-09-29 21:59:06,919 INFO: Bảng product_list đã có đủ dữ liệu, bỏ qua insert
2025-09-29 21:59:06,957 INFO: Đã crawl hết sản phẩm
2025-09-29 21:59:06,958 INFO: Bắt đầu crawl lại các sản phẩm lỗi khác 404
2025-09-29 21:59:06,966 INFO: Không còn sản phẩm crawl lỗi khác 404
2025-09-29 21:59:06,967 INFO: Hoàn thành crawl toàn bộ sản phẩm
2025-09-29 21:59:11,965 INFO: Tạo thành công bảng product_info và product_list!
2025-09-29 21:59:11,979 INFO: Bảng product_list hiện có 200000 product_id
2025-09-29 21:59:11,979 INFO: Bảng product_list đã có đủ dữ liệu, bỏ qua insert
2025-09-29 21:59:12,020 INFO: Đã crawl hết sản phẩm
2025-09-29 21:59:12,020 INFO: Bắt đầu crawl lại các sản phẩm lỗi khác 404
2025-09-29 21:59:12,030 INFO: Không còn sản phẩm crawl lỗi khác 404
2025-09-29 21:59:12,031 INFO: Hoàn thành crawl toàn bộ sản phẩm
2025-09-29 21:59:17,344 INFO: Tạo thành công bảng product_info và product_list!
2025-09-29 21:59:17,354 INFO: Bảng product_list hiện có 200000 product_id
2025-09-29 21:59:17,354 INFO: Bảng product_list đã có đủ dữ liệu, bỏ qua insert
2025-09-29 21:59:17,395 INFO: Đã crawl hết sản phẩm
2025-09-29 21:59:17,395 INFO: Bắt đầu crawl lại các sản phẩm lỗi khác 404
2025-09-29 21:59:17,404 INFO: Không còn sản phẩm crawl lỗi khác 404
2025-09-29 21:59:17,404 INFO: Hoàn thành crawl toàn bộ sản phẩm
2025-09-29 21:59:21,966 INFO: Tạo thành công bảng product_info và product_list!
2025-09-29 21:59:21,975 INFO: Bảng product_list hiện có 200000 product_id
2025-09-29 21:59:21,976 INFO: Bảng product_list đã có đủ dữ liệu, bỏ qua insert
2025-09-29 21:59:22,018 INFO: Đã crawl hết sản phẩm
2025-09-29 21:59:22,018 INFO: Bắt đầu crawl lại các sản phẩm lỗi khác 404
2025-09-29 21:59:22,028 INFO: Không còn sản phẩm crawl lỗi khác 404
2025-09-29 21:59:22,028 INFO: Hoàn thành crawl toàn bộ sản phẩm
2025-09-29 21:59:26,205 INFO: Tạo thành công bảng product_info và product_list!
2025-09-29 21:59:26,215 INFO: Bảng product_list hiện có 200000 product_id
2025-09-29 21:59:26,215 INFO: Bảng product_list đã có đủ dữ liệu, bỏ qua insert
2025-09-29 21:59:26,256 INFO: Đã crawl hết sản phẩm
2025-09-29 21:59:26,256 INFO: Bắt đầu crawl lại các sản phẩm lỗi khác 404
2025-09-29 21:59:26,265 INFO: Không còn sản phẩm crawl lỗi khác 404
2025-09-29 21:59:26,265 INFO: Hoàn thành crawl toàn bộ sản phẩm
2025-09-29 21:59:31,369 INFO: Tạo thành công bảng product_info và product_list!
2025-09-29 21:59:31,379 INFO: Bảng product_list hiện có 200000 product_id
2025-09-29 21:59:31,379 INFO: Bảng product_list đã có đủ dữ liệu, bỏ qua insert
2025-09-29 21:59:31,420 INFO: Đã crawl hết sản phẩm
2025-09-29 21:59:31,421 INFO: Bắt đầu crawl lại các sản phẩm lỗi khác 404
2025-09-29 21:59:31,430 INFO: Không còn sản phẩm crawl lỗi khác 404
2025-09-29 21:59:31,430 INFO: Hoàn thành crawl toàn bộ sản phẩm
2025-09-29 21:59:35,399 INFO: Tạo thành công bảng product_info và product_list!
2025-09-29 21:59:35,408 INFO: Bảng product_list hiện có 200000 product_id
2025-09-29 21:59:35,408 INFO: Bảng product_list đã có đủ dữ liệu, bỏ qua insert
2025-09-29 21:59:35,448 INFO: Đã crawl hết sản phẩm
2025-09-29 21:59:35,448 INFO: Bắt đầu crawl lại các sản phẩm lỗi khác 404
2025-09-29 21:59:35,457 INFO: Không còn sản phẩm crawl lỗi khác 404
2025-09-29 21:59:35,457 INFO: Hoàn thành crawl toàn bộ sản phẩm
2025-09-29 21:59:40,802 INFO: Tạo thành công bảng product_info và product_list!
2025-09-29 21:59:40,811 INFO: Bảng product_list hiện có 200000 product_id
2025-09-29 21:59:40,811 INFO: Bảng product_list đã có đủ dữ liệu, bỏ qua insert
2025-09-29 21:59:40,853 INFO: Đã crawl hết sản phẩm
2025-09-29 21:59:40,853 INFO: Bắt đầu crawl lại các sản phẩm lỗi khác 404
2025-09-29 21:59:40,862 INFO: Không còn sản phẩm crawl lỗi khác 404
2025-09-29 21:59:40,863 INFO: Hoàn thành crawl toàn bộ sản phẩm
2025-09-29 21:59:45,053 INFO: Tạo thành công bảng product_info và product_list!
2025-09-29 21:59:45,062 INFO: Bảng product_list hiện có 200000 product_id
2025-09-29 21:59:45,062 INFO: Bảng product_list đã có đủ dữ liệu, bỏ qua insert
2025-09-29 21:59:45,101 INFO: Đã crawl hết sản phẩm
2025-09-29 21:59:45,101 INFO: Bắt đầu crawl lại các sản phẩm lỗi khác 404
2025-09-29 21:59:45,109 INFO: Không còn sản phẩm crawl lỗi khác 404
2025-09-29 21:59:45,109 INFO: Hoàn thành crawl toàn bộ sản phẩm
2025-09-29 21:59:50,075 INFO: Tạo thành công bảng product_info và product_list!
2025-09-29 21:59:50,084 INFO: Bảng product_list hiện có 200000 product_id
2025-09-29 21:59:50,084 INFO: Bảng product_list đã có đủ dữ liệu, bỏ qua insert
2025-09-29 21:59:50,123 INFO: Đã crawl hết sản phẩm
2025-09-29 21:59:50,123 INFO: Bắt đầu crawl lại các sản phẩm lỗi khác 404
2025-09-29 21:59:50,132 INFO: Không còn sản phẩm crawl lỗi khác 404
2025-09-29 21:59:50,132 INFO: Hoàn thành crawl toàn bộ sản phẩm
2025-09-29 21:59:54,373 INFO: Tạo thành công bảng product_info và product_list!
2025-09-29 21:59:54,382 INFO: Bảng product_list hiện có 200000 product_id
2025-09-29 21:59:54,382 INFO: Bảng product_list đã có đủ dữ liệu, bỏ qua insert
2025-09-29 21:59:54,421 INFO: Đã crawl hết sản phẩm
2025-09-29 21:59:54,421 INFO: Bắt đầu crawl lại các sản phẩm lỗi khác 404
2025-09-29 21:59:54,429 INFO: Không còn sản phẩm crawl lỗi khác 404
2025-09-29 21:59:54,430 INFO: Hoàn thành crawl toàn bộ sản phẩm
2025-09-29 21:59:59,427 INFO: Tạo thành công bảng product_info và product_list!
2025-09-29 21:59:59,436 INFO: Bảng product_list hiện có 200000 product_id
2025-09-29 21:59:59,436 INFO: Bảng product_list đã có đủ dữ liệu, bỏ qua insert
2025-09-29 21:59:59,477 INFO: Đã crawl hết sản phẩm
2025-09-29 21:59:59,477 INFO: Bắt đầu crawl lại các sản phẩm lỗi khác 404
2025-09-29 21:59:59,486 INFO: Không còn sản phẩm crawl lỗi khác 404
2025-09-29 21:59:59,486 INFO: Hoàn thành crawl toàn bộ sản phẩm
2025-09-29 22:00:04,721 INFO: Tạo thành công bảng product_info và product_list!
2025-09-29 22:00:04,731 INFO: Bảng product_list hiện có 200000 product_id
2025-09-29 22:00:04,731 INFO: Bảng product_list đã có đủ dữ liệu, bỏ qua insert
2025-09-29 22:00:04,769 INFO: Đã crawl hết sản phẩm
2025-09-29 22:00:04,769 INFO: Bắt đầu crawl lại các sản phẩm lỗi khác 404
2025-09-29 22:00:04,778 INFO: Không còn sản phẩm crawl lỗi khác 404
2025-09-29 22:00:04,778 INFO: Hoàn thành crawl toàn bộ sản phẩm
2025-09-29 22:00:09,731 INFO: Tạo thành công bảng product_info và product_list!
2025-09-29 22:00:09,740 INFO: Bảng product_list hiện có 200000 product_id
2025-09-29 22:00:09,740 INFO: Bảng product_list đã có đủ dữ liệu, bỏ qua insert
2025-09-29 22:00:09,778 INFO: Đã crawl hết sản phẩm
2025-09-29 22:00:09,778 INFO: Bắt đầu crawl lại các sản phẩm lỗi khác 404
2025-09-29 22:00:09,787 INFO: Không còn sản phẩm crawl lỗi khác 404
2025-09-29 22:00:09,787 INFO: Hoàn thành crawl toàn bộ sản phẩm
2025-09-29 22:00:14,763 INFO: Tạo thành công bảng product_info và product_list!
2025-09-29 22:00:14,772 INFO: Bảng product_list hiện có 200000 product_id
2025-09-29 22:00:14,772 INFO: Bảng product_list đã có đủ dữ liệu, bỏ qua insert
2025-09-29 22:00:14,810 INFO: Đã crawl hết sản phẩm
2025-09-29 22:00:14,811 INFO: Bắt đầu crawl lại các sản phẩm lỗi khác 404
2025-09-29 22:00:14,819 INFO: Không còn sản phẩm crawl lỗi khác 404
2025-09-29 22:00:14,819 INFO: Hoàn thành crawl toàn bộ sản phẩm
2025-09-29 22:00:19,816 INFO: Tạo thành công bảng product_info và product_list!
2025-09-29 22:00:19,825 INFO: Bảng product_list hiện có 200000 product_id
2025-09-29 22:00:19,825 INFO: Bảng product_list đã có đủ dữ liệu, bỏ qua insert
2025-09-29 22:00:19,864 INFO: Đã crawl hết sản phẩm
2025-09-29 22:00:19,865 INFO: Bắt đầu crawl lại các sản phẩm lỗi khác 404
2025-09-29 22:00:19,874 INFO: Không còn sản phẩm crawl lỗi khác 404
2025-09-29 22:00:19,874 INFO: Hoàn thành crawl toàn bộ sản phẩm
2025-09-29 22:00:23,779 INFO: Tạo thành công bảng product_info và product_list!
2025-09-29 22:00:23,788 INFO: Bảng product_list hiện có 200000 product_id
2025-09-29 22:00:23,789 INFO: Bảng product_list đã có đủ dữ liệu, bỏ qua insert
2025-09-29 22:00:23,829 INFO: Đã crawl hết sản phẩm
2025-09-29 22:00:23,829 INFO: Bắt đầu crawl lại các sản phẩm lỗi khác 404
2025-09-29 22:00:23,838 INFO: Không còn sản phẩm crawl lỗi khác 404
2025-09-29 22:00:23,838 INFO: Hoàn thành crawl toàn bộ sản phẩm
2025-09-29 22:00:27,794 INFO: Tạo thành công bảng product_info và product_list!
2025-09-29 22:00:27,803 INFO: Bảng product_list hiện có 200000 product_id
2025-09-29 22:00:27,803 INFO: Bảng product_list đã có đủ dữ liệu, bỏ qua insert
2025-09-29 22:00:27,842 INFO: Đã crawl hết sản phẩm
2025-09-29 22:00:27,842 INFO: Bắt đầu crawl lại các sản phẩm lỗi khác 404
2025-09-29 22:00:27,851 INFO: Không còn sản phẩm crawl lỗi khác 404
2025-09-29 22:00:27,852 INFO: Hoàn thành crawl toàn bộ sản phẩm
2025-09-29 22:00:31,978 INFO: Tạo thành công bảng product_info và product_list!
2025-09-29 22:00:31,987 INFO: Bảng product_list hiện có 200000 product_id
2025-09-29 22:00:31,987 INFO: Bảng product_list đã có đủ dữ liệu, bỏ qua insert
2025-09-29 22:00:32,027 INFO: Đã crawl hết sản phẩm
2025-09-29 22:00:32,027 INFO: Bắt đầu crawl lại các sản phẩm lỗi khác 404
2025-09-29 22:00:32,036 INFO: Không còn sản phẩm crawl lỗi khác 404
2025-09-29 22:00:32,036 INFO: Hoàn thành crawl toàn bộ sản phẩm
2025-09-29 22:00:36,970 INFO: Tạo thành công bảng product_info và product_list!
2025-09-29 22:00:36,979 INFO: Bảng product_list hiện có 200000 product_id
2025-09-29 22:00:36,979 INFO: Bảng product_list đã có đủ dữ liệu, bỏ qua insert
2025-09-29 22:00:37,018 INFO: Đã crawl hết sản phẩm
2025-09-29 22:00:37,018 INFO: Bắt đầu crawl lại các sản phẩm lỗi khác 404
2025-09-29 22:00:37,027 INFO: Không còn sản phẩm crawl lỗi khác 404
2025-09-29 22:00:37,027 INFO: Hoàn thành crawl toàn bộ sản phẩm
2025-09-29 22:00:42,033 INFO: Tạo thành công bảng product_info và product_list!
2025-09-29 22:00:42,042 INFO: Bảng product_list hiện có 200000 product_id
2025-09-29 22:00:42,042 INFO: Bảng product_list đã có đủ dữ liệu, bỏ qua insert
2025-09-29 22:00:42,080 INFO: Đã crawl hết sản phẩm
2025-09-29 22:00:42,080 INFO: Bắt đầu crawl lại các sản phẩm lỗi khác 404
2025-09-29 22:00:42,089 INFO: Không còn sản phẩm crawl lỗi khác 404
2025-09-29 22:00:42,089 INFO: Hoàn thành crawl toàn bộ sản phẩm
2025-09-29 22:00:45,969 INFO: Tạo thành công bảng product_info và product_list!
2025-09-29 22:00:45,978 INFO: Bảng product_list hiện có 200000 product_id
2025-09-29 22:00:45,979 INFO: Bảng product_list đã có đủ dữ liệu, bỏ qua insert
2025-09-29 22:00:46,017 INFO: Đã crawl hết sản phẩm
2025-09-29 22:00:46,017 INFO: Bắt đầu crawl lại các sản phẩm lỗi khác 404
2025-09-29 22:00:46,026 INFO: Không còn sản phẩm crawl lỗi khác 404
2025-09-29 22:00:46,026 INFO: Hoàn thành crawl toàn bộ sản phẩm
2025-09-29 22:05:32,371 INFO: Tạo thành công bảng product_info và product_list!
2025-09-29 22:05:32,380 INFO: Bảng product_list hiện có 200000 product_id
2025-09-29 22:05:32,380 INFO: Bảng product_list đã có đủ dữ liệu, bỏ qua insert
2025-09-29 22:05:32,418 INFO: Đã crawl hết sản phẩm
2025-09-29 22:05:32,418 INFO: Bắt đầu crawl lại các sản phẩm lỗi khác 404
2025-09-29 22:05:32,427 INFO: Không còn sản phẩm crawl lỗi khác 404
2025-09-29 22:05:32,427 INFO: Hoàn thành crawl toàn bộ sản phẩm
2025-09-29 22:06:05,194 INFO: Tạo thành công bảng product_info và product_list!
2025-09-29 22:06:05,203 INFO: Bảng product_list hiện có 200000 product_id
2025-09-29 22:06:05,203 INFO: Bảng product_list đã có đủ dữ liệu, bỏ qua insert
2025-09-29 22:06:05,241 INFO: Đã crawl hết sản phẩm
2025-09-29 22:06:05,241 INFO: Bắt đầu crawl lại các sản phẩm lỗi khác 404
2025-09-29 22:06:05,250 INFO: Không còn sản phẩm crawl lỗi khác 404
2025-09-29 22:06:05,250 INFO: Hoàn thành crawl toàn bộ sản phẩm
2025-09-29 22:06:05,280 INFO: Đã tổng hợp kết quả crawl vào file /home/quannh/projects_de/Lab_01/logs/crawl_summary.txt
