2025-09-16 20:39:35,272 INFO: Đã insert thành công 200000 product_id vào bảng products trong crawl.db
2025-09-16 20:39:35,314 INFO: Bắt đầu crawl batch 0 (1000 sản phẩm)
2025-09-16 20:39:36,544 WARNING: Lỗi HTTP 429 - product id: 408757, thử lại 1/3
2025-09-16 20:39:36,694 WARNING: Lỗi HTTP 429 - product id: 411964, thử lại 1/3
2025-09-16 20:39:36,798 WARNING: Lỗi HTTP 429 - product id: 415555, thử lại 1/3
2025-09-16 20:39:36,858 WARNING: Lỗi HTTP 429 - product id: 415698, thử lại 1/3
2025-09-16 20:39:40,173 WARNING: Lỗi HTTP 429 - product id: 466184, thử lại 1/3
2025-09-16 20:39:40,207 WARNING: Lỗi HTTP 429 - product id: 468539, thử lại 1/3
2025-09-16 20:39:40,286 WARNING: Lỗi HTTP 429 - product id: 469260, thử lại 1/3
2025-09-16 20:39:40,378 WARNING: Lỗi HTTP 429 - product id: 470277, thử lại 1/3
2025-09-16 20:39:45,460 WARNING: Lỗi HTTP 429 - product id: 562225, thử lại 1/3
2025-09-16 20:39:45,543 WARNING: Lỗi HTTP 429 - product id: 563669, thử lại 1/3
2025-09-16 20:39:45,564 WARNING: Lỗi HTTP 429 - product id: 563790, thử lại 1/3
2025-09-16 20:39:45,633 WARNING: Lỗi HTTP 429 - product id: 564671, thử lại 1/3
2025-09-16 20:39:45,648 WARNING: Lỗi HTTP 429 - product id: 565445, thử lại 1/3
2025-09-16 20:39:45,705 WARNING: Lỗi HTTP 429 - product id: 567330, thử lại 1/3
2025-09-16 20:39:45,782 WARNING: Lỗi HTTP 429 - product id: 570294, thử lại 1/3
2025-09-16 20:39:45,803 WARNING: Lỗi HTTP 429 - product id: 572161, thử lại 1/3
2025-09-16 20:39:47,369 WARNING: Lỗi HTTP 429 - product id: 653122, thử lại 1/3
2025-09-16 20:39:48,756 WARNING: Lỗi HTTP 429 - product id: 695160, thử lại 1/3
2025-09-16 20:39:48,761 WARNING: Lỗi HTTP 429 - product id: 695153, thử lại 1/3
2025-09-16 20:39:48,812 WARNING: Lỗi HTTP 429 - product id: 695219, thử lại 1/3
2025-09-16 20:39:48,826 WARNING: Lỗi HTTP 429 - product id: 697124, thử lại 1/3
2025-09-16 20:39:48,903 WARNING: Lỗi HTTP 429 - product id: 700383, thử lại 1/3
2025-09-16 20:39:49,210 WARNING: Lỗi HTTP 429 - product id: 710279, thử lại 1/3
2025-09-16 20:39:49,210 WARNING: Lỗi HTTP 429 - product id: 710277, thử lại 1/3
2025-09-16 20:39:49,502 WARNING: Lỗi HTTP 429 - product id: 723008, thử lại 1/3
2025-09-16 20:39:49,517 WARNING: Lỗi HTTP 429 - product id: 723511, thử lại 1/3
2025-09-16 20:39:49,557 WARNING: Lỗi HTTP 429 - product id: 723516, thử lại 1/3
2025-09-16 20:39:49,563 WARNING: Lỗi HTTP 429 - product id: 723543, thử lại 1/3
2025-09-16 20:39:49,615 WARNING: Lỗi HTTP 429 - product id: 727006, thử lại 1/3
2025-09-16 20:39:49,654 WARNING: Lỗi HTTP 429 - product id: 727022, thử lại 1/3
2025-09-16 20:39:49,712 WARNING: Lỗi HTTP 429 - product id: 727647, thử lại 1/3
2025-09-16 20:39:49,861 WARNING: Lỗi HTTP 429 - product id: 730181, thử lại 1/3
2025-09-16 20:39:52,405 INFO: Đã commit batch 0 (1000 sản phẩm)
2025-09-16 20:39:52,442 INFO: Đã ghi 1000 sản phẩm vào file crawled_files/products_batch_0_1000_ids.csv
2025-09-16 20:39:52,478 INFO: Bắt đầu crawl batch 1 (1000 sản phẩm)
2025-09-16 20:39:54,833 WARNING: Lỗi HTTP 429 - product id: 902764, thử lại 1/3
2025-09-16 20:40:02,483 WARNING: Lỗi HTTP 429 - product id: 1522685, thử lại 1/3
2025-09-16 20:40:09,473 INFO: Đã commit batch 1 (1000 sản phẩm)
2025-09-16 20:40:09,501 INFO: Đã ghi 1000 sản phẩm vào file crawled_files/products_batch_1_1000_ids.csv
2025-09-16 20:40:09,540 INFO: Bắt đầu crawl batch 2 (1000 sản phẩm)
2025-09-16 20:40:10,561 WARNING: Lỗi HTTP 404: Không tim thấy product id - product id: 2069457
2025-09-16 20:40:12,013 WARNING: Lỗi HTTP 404: Không tim thấy product id - product id: 2152895
2025-09-16 20:40:13,417 WARNING: Lỗi HTTP 429 - product id: 2357197, thử lại 1/3
2025-09-16 20:40:14,113 WARNING: Lỗi HTTP 404: Không tim thấy product id - product id: 2386945
2025-09-16 20:40:14,181 WARNING: Lỗi HTTP 429 - product id: 2406645, thử lại 1/3
2025-09-16 20:40:14,400 WARNING: Lỗi HTTP 429 - product id: 2431879, thử lại 1/3
2025-09-16 20:40:14,483 WARNING: Lỗi HTTP 429 - product id: 2436707, thử lại 1/3
2025-09-16 20:40:14,549 WARNING: Lỗi HTTP 429 - product id: 2448375, thử lại 1/3
2025-09-16 20:40:14,806 WARNING: Lỗi HTTP 429 - product id: 2500981, thử lại 1/3
2025-09-16 20:40:14,898 WARNING: Lỗi HTTP 429 - product id: 2534177, thử lại 1/3
2025-09-16 20:40:15,142 WARNING: Lỗi HTTP 429 - product id: 2552357, thử lại 1/3
2025-09-16 20:40:15,152 WARNING: Lỗi HTTP 429 - product id: 2556793, thử lại 1/3
2025-09-16 20:40:20,348 WARNING: Lỗi HTTP 429 - product id: 2853199, thử lại 1/3
2025-09-16 20:40:20,502 WARNING: Lỗi HTTP 429 - product id: 2891533, thử lại 1/3
2025-09-16 20:40:20,546 WARNING: Lỗi HTTP 429 - product id: 3001353, thử lại 1/3
2025-09-16 20:40:20,549 WARNING: Lỗi HTTP 429 - product id: 2892533, thử lại 1/3
2025-09-16 20:40:20,673 WARNING: Lỗi HTTP 429 - product id: 2919995, thử lại 1/3
2025-09-16 20:40:20,739 WARNING: Lỗi HTTP 429 - product id: 2987437, thử lại 1/3
2025-09-16 20:40:23,746 WARNING: Lỗi HTTP 429 - product id: 3140923, thử lại 1/3
2025-09-16 20:40:23,749 WARNING: Lỗi HTTP 429 - product id: 3140935, thử lại 1/3
2025-09-16 20:40:26,439 INFO: Đã commit batch 2 (1000 sản phẩm)
2025-09-16 20:40:26,469 INFO: Đã ghi 997 sản phẩm vào file crawled_files/products_batch_2_997_ids.csv
2025-09-16 20:40:26,505 INFO: Bắt đầu crawl batch 3 (1000 sản phẩm)
2025-09-16 20:40:28,715 WARNING: Lỗi HTTP 429 - product id: 3651763, thử lại 1/3
2025-09-16 20:40:28,784 WARNING: Lỗi HTTP 429 - product id: 3654451, thử lại 1/3
2025-09-16 20:40:28,869 WARNING: Lỗi HTTP 429 - product id: 3654545, thử lại 1/3
2025-09-16 20:40:28,931 WARNING: Lỗi HTTP 429 - product id: 3654557, thử lại 1/3
2025-09-16 20:40:28,961 WARNING: Lỗi HTTP 429 - product id: 3654565, thử lại 1/3
2025-09-16 20:40:29,137 WARNING: Lỗi HTTP 429 - product id: 3655801, thử lại 1/3
2025-09-16 20:40:29,168 WARNING: Lỗi HTTP 429 - product id: 3657983, thử lại 1/3
2025-09-16 20:40:29,211 WARNING: Lỗi HTTP 429 - product id: 3658661, thử lại 1/3
2025-09-16 20:40:29,217 WARNING: Lỗi HTTP 429 - product id: 3664377, thử lại 1/3
2025-09-16 20:40:29,418 WARNING: Lỗi HTTP 429 - product id: 3689609, thử lại 1/3
2025-09-16 20:40:29,510 WARNING: Lỗi HTTP 429 - product id: 3707743, thử lại 1/3
2025-09-16 20:40:30,314 WARNING: Lỗi HTTP 429 - product id: 3750399, thử lại 1/3
2025-09-16 20:40:30,420 WARNING: Lỗi HTTP 429 - product id: 3766335, thử lại 1/3
2025-09-16 20:40:31,164 WARNING: Lỗi HTTP 429 - product id: 3654557, thử lại 2/3
2025-09-16 20:40:31,210 WARNING: Lỗi HTTP 429 - product id: 3854771, thử lại 1/3
2025-09-16 20:40:31,259 WARNING: Lỗi HTTP 429 - product id: 3859437, thử lại 1/3
2025-09-16 20:40:31,295 WARNING: Lỗi HTTP 429 - product id: 3862553, thử lại 1/3
2025-09-16 20:40:31,359 WARNING: Lỗi HTTP 429 - product id: 3655801, thử lại 2/3
2025-09-16 20:40:31,763 WARNING: Lỗi HTTP 429 - product id: 3917805, thử lại 1/3
2025-09-16 20:40:31,956 WARNING: Lỗi HTTP 429 - product id: 3924535, thử lại 1/3
2025-09-16 20:40:32,494 WARNING: Lỗi HTTP 429 - product id: 3970467, thử lại 1/3
2025-09-16 20:40:34,071 WARNING: Lỗi HTTP 429 - product id: 4138287, thử lại 1/3
2025-09-16 20:40:35,815 WARNING: Lỗi HTTP 429 - product id: 4370209, thử lại 1/3
2025-09-16 20:40:36,668 WARNING: Lỗi HTTP 429 - product id: 4463163, thử lại 1/3
2025-09-16 20:40:36,732 WARNING: Lỗi HTTP 429 - product id: 4465555, thử lại 1/3
2025-09-16 20:40:36,764 WARNING: Lỗi HTTP 429 - product id: 4480971, thử lại 1/3
2025-09-16 20:40:36,819 WARNING: Lỗi HTTP 429 - product id: 4484287, thử lại 1/3
2025-09-16 20:40:36,851 WARNING: Lỗi HTTP 429 - product id: 4497891, thử lại 1/3
2025-09-16 20:40:37,012 WARNING: Lỗi HTTP 429 - product id: 4568311, thử lại 1/3
2025-09-16 20:40:37,279 WARNING: Lỗi HTTP 429 - product id: 4600633, thử lại 1/3
2025-09-16 20:40:37,309 WARNING: Lỗi HTTP 429 - product id: 4613555, thử lại 1/3
2025-09-16 20:40:37,376 WARNING: Lỗi HTTP 429 - product id: 4616949, thử lại 1/3
2025-09-16 20:40:38,821 WARNING: Lỗi HTTP 429 - product id: 4984313, thử lại 1/3
2025-09-16 20:40:38,924 WARNING: Lỗi HTTP 429 - product id: 4463163, thử lại 2/3
2025-09-16 20:40:38,967 WARNING: Lỗi HTTP 429 - product id: 4984407, thử lại 1/3
2025-09-16 20:40:38,975 WARNING: Lỗi HTTP 429 - product id: 4984427, thử lại 1/3
2025-09-16 20:40:39,974 WARNING: Lỗi HTTP 429 - product id: 5084781, thử lại 1/3
2025-09-16 20:40:40,431 WARNING: Lỗi HTTP 429 - product id: 5156365, thử lại 1/3
2025-09-16 20:40:41,513 WARNING: Lỗi HTTP 429 - product id: 5472827, thử lại 1/3
2025-09-16 20:40:41,522 WARNING: Lỗi HTTP 429 - product id: 5472879, thử lại 1/3
2025-09-16 20:40:41,989 WARNING: Lỗi HTTP 429 - product id: 5497431, thử lại 1/3
2025-09-16 20:40:42,522 WARNING: Lỗi HTTP 429 - product id: 5741059, thử lại 1/3
2025-09-16 20:40:42,623 WARNING: Lỗi HTTP 429 - product id: 5156365, thử lại 2/3
2025-09-16 20:40:46,732 INFO: Đã commit batch 3 (1000 sản phẩm)
2025-09-16 20:40:46,761 INFO: Đã ghi 1000 sản phẩm vào file crawled_files/products_batch_3_1000_ids.csv
2025-09-16 20:40:46,797 INFO: Bắt đầu crawl batch 4 (1000 sản phẩm)
2025-09-16 20:40:49,476 WARNING: Lỗi HTTP 429 - product id: 6207309, thử lại 1/3
2025-09-16 20:40:49,881 WARNING: Lỗi HTTP 429 - product id: 6336095, thử lại 1/3
2025-09-16 20:40:52,042 WARNING: Lỗi HTTP 404: Không tim thấy product id - product id: 6528635
2025-09-16 20:40:53,074 WARNING: Lỗi HTTP 429 - product id: 6846851, thử lại 1/3
2025-09-16 20:40:53,179 WARNING: Lỗi HTTP 429 - product id: 6879031, thử lại 1/3
2025-09-16 20:40:53,182 WARNING: Lỗi HTTP 429 - product id: 6879059, thử lại 1/3
2025-09-16 20:40:53,279 WARNING: Lỗi HTTP 429 - product id: 6906675, thử lại 1/3
2025-09-16 20:40:54,280 WARNING: Lỗi HTTP 429 - product id: 7029681, thử lại 1/3
2025-09-16 20:40:55,329 WARNING: Lỗi HTTP 429 - product id: 7101911, thử lại 1/3
2025-09-16 20:40:57,708 WARNING: Lỗi HTTP 404: Không tim thấy product id - product id: 7253439
2025-09-16 20:41:02,074 WARNING: Lỗi HTTP 429 - product id: 7809362, thử lại 1/3
2025-09-16 20:41:02,147 WARNING: Lỗi HTTP 429 - product id: 7815533, thử lại 1/3
2025-09-16 20:41:02,384 WARNING: Lỗi HTTP 429 - product id: 7838345, thử lại 1/3
2025-09-16 20:41:02,446 WARNING: Lỗi HTTP 429 - product id: 7855198, thử lại 1/3
2025-09-16 20:41:02,448 WARNING: Lỗi HTTP 429 - product id: 7855324, thử lại 1/3
2025-09-16 20:41:02,483 WARNING: Lỗi HTTP 429 - product id: 7857617, thử lại 1/3
2025-09-16 20:41:02,683 WARNING: Lỗi HTTP 429 - product id: 7920008, thử lại 1/3
2025-09-16 20:41:04,818 INFO: Đã commit batch 4 (1000 sản phẩm)
2025-09-16 20:41:04,846 INFO: Đã ghi 998 sản phẩm vào file crawled_files/products_batch_4_998_ids.csv
2025-09-16 20:41:04,882 INFO: Bắt đầu crawl batch 5 (1000 sản phẩm)
2025-09-16 20:41:11,690 WARNING: Lỗi HTTP 429 - product id: 8818594, thử lại 1/3
2025-09-16 20:41:12,212 WARNING: Lỗi HTTP 429 - product id: 8883263, thử lại 1/3
2025-09-16 20:41:12,348 WARNING: Lỗi HTTP 429 - product id: 8891528, thử lại 1/3
2025-09-16 20:41:12,595 WARNING: Lỗi HTTP 429 - product id: 8922895, thử lại 1/3
2025-09-16 20:41:12,780 WARNING: Lỗi HTTP 429 - product id: 8946196, thử lại 1/3
2025-09-16 20:41:12,793 WARNING: Lỗi HTTP 429 - product id: 8946680, thử lại 1/3
2025-09-16 20:41:12,945 WARNING: Lỗi HTTP 429 - product id: 9007554, thử lại 1/3
2025-09-16 20:41:12,986 WARNING: Lỗi HTTP 429 - product id: 9047387, thử lại 1/3
2025-09-16 20:41:13,186 WARNING: Lỗi HTTP 429 - product id: 9349974, thử lại 1/3
2025-09-16 20:41:13,244 WARNING: Lỗi HTTP 429 - product id: 9360761, thử lại 1/3
2025-09-16 20:41:13,247 WARNING: Lỗi HTTP 429 - product id: 9358708, thử lại 1/3
2025-09-16 20:41:13,252 WARNING: Lỗi HTTP 429 - product id: 9360763, thử lại 1/3
2025-09-16 20:41:13,339 WARNING: Lỗi HTTP 429 - product id: 9412481, thử lại 1/3
2025-09-16 20:41:13,448 WARNING: Lỗi HTTP 429 - product id: 9432492, thử lại 1/3
2025-09-16 20:41:17,441 WARNING: Lỗi HTTP 429 - product id: 9872099, thử lại 1/3
2025-09-16 20:41:17,446 WARNING: Lỗi HTTP 429 - product id: 9872101, thử lại 1/3
2025-09-16 20:41:17,509 WARNING: Lỗi HTTP 429 - product id: 9882183, thử lại 1/3
2025-09-16 20:41:17,732 WARNING: Lỗi HTTP 429 - product id: 9882443, thử lại 1/3
2025-09-16 20:41:17,801 WARNING: Lỗi HTTP 429 - product id: 9882537, thử lại 1/3
2025-09-16 20:41:18,317 WARNING: Lỗi HTTP 404: Không tim thấy product id - product id: 9969307
2025-09-16 20:41:20,092 WARNING: Lỗi HTTP 429 - product id: 10031683, thử lại 1/3
2025-09-16 20:41:21,118 WARNING: Lỗi HTTP 404: Không tim thấy product id - product id: 10102128
2025-09-16 20:41:22,186 INFO: Đã commit batch 5 (1000 sản phẩm)
2025-09-16 20:41:22,220 INFO: Đã ghi 998 sản phẩm vào file crawled_files/products_batch_5_998_ids.csv
2025-09-16 20:41:22,254 INFO: Bắt đầu crawl batch 6 (1000 sản phẩm)
2025-09-16 20:41:23,575 WARNING: Lỗi HTTP 404: Không tim thấy product id - product id: 10170131
2025-09-16 20:41:24,830 WARNING: Lỗi HTTP 404: Không tim thấy product id - product id: 10297936
2025-09-16 20:41:28,576 WARNING: Lỗi HTTP 404: Không tim thấy product id - product id: 10686361
2025-09-16 20:41:29,961 WARNING: Lỗi HTTP 429 - product id: 10795776, thử lại 1/3
2025-09-16 20:41:30,277 WARNING: Lỗi HTTP 429 - product id: 10817796, thử lại 1/3
2025-09-16 20:41:30,341 WARNING: Lỗi HTTP 429 - product id: 10821921, thử lại 1/3
2025-09-16 20:41:30,663 WARNING: Lỗi HTTP 429 - product id: 10863629, thử lại 1/3
2025-09-16 20:41:31,727 WARNING: Lỗi HTTP 404: Không tim thấy product id - product id: 11078812
2025-09-16 20:41:32,413 WARNING: Lỗi HTTP 429 - product id: 11189556, thử lại 1/3
2025-09-16 20:41:32,418 WARNING: Lỗi HTTP 429 - product id: 11189554, thử lại 1/3
2025-09-16 20:41:32,456 WARNING: Lỗi HTTP 429 - product id: 11189574, thử lại 1/3
2025-09-16 20:41:32,565 WARNING: Lỗi HTTP 429 - product id: 11196379, thử lại 1/3
2025-09-16 20:41:32,579 WARNING: Lỗi HTTP 429 - product id: 10817796, thử lại 2/3
2025-09-16 20:41:32,609 WARNING: Lỗi HTTP 404: Không tim thấy product id - product id: 11119985
2025-09-16 20:41:33,805 WARNING: Lỗi HTTP 429 - product id: 11310935, thử lại 1/3
2025-09-16 20:41:33,947 WARNING: Lỗi HTTP 429 - product id: 11337615, thử lại 1/3
2025-09-16 20:41:38,195 WARNING: Lỗi HTTP 429 - product id: 11668562, thử lại 1/3
2025-09-16 20:41:40,319 INFO: Đã commit batch 6 (1000 sản phẩm)
2025-09-16 20:41:40,346 INFO: Đã ghi 995 sản phẩm vào file crawled_files/products_batch_6_995_ids.csv
2025-09-16 20:41:40,381 INFO: Bắt đầu crawl batch 7 (1000 sản phẩm)
2025-09-16 20:41:40,647 WARNING: Lỗi HTTP 429 - product id: 11861266, thử lại 1/3
2025-09-16 20:41:42,087 WARNING: Lỗi HTTP 429 - product id: 11975441, thử lại 1/3
2025-09-16 20:41:42,126 WARNING: Lỗi HTTP 429 - product id: 11976727, thử lại 1/3
2025-09-16 20:41:42,190 WARNING: Lỗi HTTP 429 - product id: 12030460, thử lại 1/3
2025-09-16 20:41:42,284 WARNING: Lỗi HTTP 429 - product id: 11992429, thử lại 1/3
2025-09-16 20:41:42,288 WARNING: Lỗi HTTP 429 - product id: 11992494, thử lại 1/3
2025-09-16 20:41:42,293 WARNING: Lỗi HTTP 429 - product id: 11998288, thử lại 1/3
2025-09-16 20:41:42,545 WARNING: Lỗi HTTP 429 - product id: 12039473, thử lại 1/3
2025-09-16 20:41:42,579 WARNING: Lỗi HTTP 429 - product id: 12042126, thử lại 1/3
2025-09-16 20:41:42,604 WARNING: Lỗi HTTP 404: Không tim thấy product id - product id: 12023133
2025-09-16 20:41:42,739 WARNING: Lỗi HTTP 429 - product id: 12051159, thử lại 1/3
2025-09-16 20:41:42,908 WARNING: Lỗi HTTP 429 - product id: 12056233, thử lại 1/3
2025-09-16 20:41:44,604 WARNING: Lỗi HTTP 404: Không tim thấy product id - product id: 12107818
2025-09-16 20:41:46,559 WARNING: Lỗi HTTP 404: Không tim thấy product id - product id: 12316293
2025-09-16 20:41:47,169 WARNING: Lỗi HTTP 404: Không tim thấy product id - product id: 12354438
2025-09-16 20:41:48,244 WARNING: Lỗi HTTP 429 - product id: 12498433, thử lại 1/3
2025-09-16 20:41:48,389 WARNING: Lỗi HTTP 429 - product id: 12478897, thử lại 1/3
2025-09-16 20:41:48,485 WARNING: Lỗi HTTP 429 - product id: 12544294, thử lại 1/3
2025-09-16 20:41:49,803 WARNING: Lỗi HTTP 404: Không tim thấy product id - product id: 12671823
2025-09-16 20:41:49,994 WARNING: Lỗi HTTP 429 - product id: 12725766, thử lại 1/3
2025-09-16 20:41:51,246 WARNING: Lỗi HTTP 429 - product id: 13288096, thử lại 1/3
2025-09-16 20:41:51,540 WARNING: Lỗi HTTP 429 - product id: 13306473, thử lại 1/3
2025-09-16 20:41:52,798 WARNING: Lỗi HTTP 429 - product id: 13377045, thử lại 1/3
2025-09-16 20:41:52,880 WARNING: Lỗi HTTP 429 - product id: 13382812, thử lại 1/3
2025-09-16 20:41:54,287 WARNING: Lỗi HTTP 429 - product id: 13441106, thử lại 1/3
2025-09-16 20:41:54,380 WARNING: Lỗi HTTP 429 - product id: 13444014, thử lại 1/3
2025-09-16 20:41:54,385 WARNING: Lỗi HTTP 429 - product id: 13444099, thử lại 1/3
2025-09-16 20:41:54,891 WARNING: Lỗi HTTP 429 - product id: 13523315, thử lại 1/3
2025-09-16 20:41:57,438 INFO: Đã commit batch 7 (1000 sản phẩm)
2025-09-16 20:41:57,464 INFO: Đã ghi 995 sản phẩm vào file crawled_files/products_batch_7_995_ids.csv
2025-09-16 20:41:57,498 INFO: Bắt đầu crawl batch 8 (1000 sản phẩm)
2025-09-16 20:41:57,624 WARNING: Lỗi HTTP 404: Không tim thấy product id - product id: 13635619
2025-09-16 20:41:58,738 WARNING: Lỗi HTTP 429 - product id: 13767948, thử lại 1/3
2025-09-16 20:41:58,758 WARNING: Lỗi HTTP 429 - product id: 13769326, thử lại 1/3
2025-09-16 20:41:58,759 WARNING: Lỗi HTTP 429 - product id: 13769378, thử lại 1/3
2025-09-16 20:41:58,806 WARNING: Lỗi HTTP 429 - product id: 13773719, thử lại 1/3
2025-09-16 20:41:58,873 WARNING: Lỗi HTTP 404: Không tim thấy product id - product id: 13763748
2025-09-16 20:41:59,004 WARNING: Lỗi HTTP 429 - product id: 13781513, thử lại 1/3
2025-09-16 20:41:59,759 WARNING: Lỗi HTTP 429 - product id: 13817912, thử lại 1/3
2025-09-16 20:41:59,766 WARNING: Lỗi HTTP 429 - product id: 13819109, thử lại 1/3
2025-09-16 20:41:59,866 WARNING: Lỗi HTTP 429 - product id: 13850165, thử lại 1/3
2025-09-16 20:42:00,267 WARNING: Lỗi HTTP 429 - product id: 13883529, thử lại 1/3
2025-09-16 20:42:00,408 WARNING: Lỗi HTTP 429 - product id: 13886479, thử lại 1/3
2025-09-16 20:42:01,020 WARNING: Lỗi HTTP 404: Không tim thấy product id - product id: 13940547
2025-09-16 20:42:03,121 WARNING: Lỗi HTTP 404: Không tim thấy product id - product id: 14054194
2025-09-16 20:42:03,969 WARNING: Lỗi HTTP 404: Không tim thấy product id - product id: 14083682
2025-09-16 20:42:04,202 WARNING: Lỗi HTTP 429 - product id: 14192462, thử lại 1/3
2025-09-16 20:42:04,353 WARNING: Lỗi HTTP 429 - product id: 14235943, thử lại 1/3
2025-09-16 20:42:04,409 WARNING: Lỗi HTTP 429 - product id: 14243979, thử lại 1/3
2025-09-16 20:42:06,322 WARNING: Lỗi HTTP 404: Không tim thấy product id - product id: 14348102
2025-09-16 20:42:13,157 WARNING: Lỗi HTTP 429 - product id: 14952635, thử lại 1/3
2025-09-16 20:42:15,260 INFO: Đã commit batch 8 (1000 sản phẩm)
2025-09-16 20:42:15,288 INFO: Đã ghi 994 sản phẩm vào file crawled_files/products_batch_8_994_ids.csv
2025-09-16 20:42:15,323 INFO: Bắt đầu crawl batch 9 (1000 sản phẩm)
2025-09-16 20:42:16,027 WARNING: Lỗi HTTP 429 - product id: 15099232, thử lại 1/3
2025-09-16 20:42:17,578 WARNING: Lỗi HTTP 429 - product id: 15274591, thử lại 1/3
2025-09-16 20:42:17,726 WARNING: Lỗi HTTP 429 - product id: 15264909, thử lại 1/3
2025-09-16 20:42:17,983 WARNING: Lỗi HTTP 429 - product id: 15280586, thử lại 1/3
2025-09-16 20:42:18,122 WARNING: Lỗi HTTP 429 - product id: 15294511, thử lại 1/3
2025-09-16 20:42:18,598 WARNING: Lỗi HTTP 429 - product id: 15321351, thử lại 1/3
2025-09-16 20:42:18,664 WARNING: Lỗi HTTP 429 - product id: 15333866, thử lại 1/3
2025-09-16 20:42:24,875 WARNING: Lỗi HTTP 429 - product id: 15942222, thử lại 1/3
2025-09-16 20:42:25,430 WARNING: Lỗi HTTP 429 - product id: 15972706, thử lại 1/3
2025-09-16 20:42:25,623 WARNING: Lỗi HTTP 429 - product id: 15972835, thử lại 1/3
2025-09-16 20:42:25,787 WARNING: Lỗi HTTP 429 - product id: 15993312, thử lại 1/3
2025-09-16 20:42:25,833 WARNING: Lỗi HTTP 429 - product id: 16016758, thử lại 1/3
2025-09-16 20:42:25,936 WARNING: Lỗi HTTP 429 - product id: 16046515, thử lại 1/3
2025-09-16 20:42:25,984 WARNING: Lỗi HTTP 429 - product id: 16048852, thử lại 1/3
2025-09-16 20:42:25,989 WARNING: Lỗi HTTP 429 - product id: 16048933, thử lại 1/3
2025-09-16 20:42:26,402 WARNING: Lỗi HTTP 429 - product id: 16076815, thử lại 1/3
2025-09-16 20:42:27,669 WARNING: Lỗi HTTP 429 - product id: 16111933, thử lại 1/3
2025-09-16 20:42:27,682 WARNING: Lỗi HTTP 429 - product id: 16111995, thử lại 1/3
2025-09-16 20:42:27,732 WARNING: Lỗi HTTP 429 - product id: 16112468, thử lại 1/3
2025-09-16 20:42:28,545 WARNING: Lỗi HTTP 429 - product id: 16187811, thử lại 1/3
2025-09-16 20:42:29,704 WARNING: Lỗi HTTP 404: Không tim thấy product id - product id: 16197757
2025-09-16 20:42:32,522 INFO: Đã commit batch 9 (1000 sản phẩm)
2025-09-16 20:42:32,552 INFO: Đã ghi 999 sản phẩm vào file crawled_files/products_batch_9_999_ids.csv
2025-09-16 20:42:32,586 INFO: Bắt đầu crawl batch 10 (1000 sản phẩm)
2025-09-16 20:42:33,740 WARNING: Lỗi HTTP 429 - product id: 16570459, thử lại 1/3
2025-09-16 20:42:33,893 WARNING: Lỗi HTTP 429 - product id: 16592802, thử lại 1/3
2025-09-16 20:42:34,796 WARNING: Lỗi HTTP 429 - product id: 16682666, thử lại 1/3
2025-09-16 20:42:35,102 WARNING: Lỗi HTTP 429 - product id: 16732420, thử lại 1/3
2025-09-16 20:42:35,562 WARNING: Lỗi HTTP 404: Không tim thấy product id - product id: 16753510
2025-09-16 20:42:35,645 WARNING: Lỗi HTTP 429 - product id: 16829655, thử lại 1/3
2025-09-16 20:42:35,687 WARNING: Lỗi HTTP 429 - product id: 16831194, thử lại 1/3
2025-09-16 20:42:35,701 WARNING: Lỗi HTTP 429 - product id: 16832056, thử lại 1/3
2025-09-16 20:42:35,748 WARNING: Lỗi HTTP 429 - product id: 16837702, thử lại 1/3
2025-09-16 20:42:35,945 WARNING: Lỗi HTTP 429 - product id: 16861784, thử lại 1/3
2025-09-16 20:42:42,409 WARNING: Lỗi HTTP 404: Không tim thấy product id - product id: 17928527
2025-09-16 20:42:47,357 WARNING: Lỗi HTTP 404: Không tim thấy product id - product id: 19562427
2025-09-16 20:42:49,431 INFO: Đã commit batch 10 (1000 sản phẩm)
2025-09-16 20:42:49,458 INFO: Đã ghi 997 sản phẩm vào file crawled_files/products_batch_10_997_ids.csv
2025-09-16 20:42:49,492 INFO: Bắt đầu crawl batch 11 (1000 sản phẩm)
2025-09-16 20:42:49,701 WARNING: Lỗi HTTP 429 - product id: 19731300, thử lại 1/3
2025-09-16 20:42:49,749 WARNING: Lỗi HTTP 429 - product id: 19731600, thử lại 1/3
2025-09-16 20:42:49,850 WARNING: Lỗi HTTP 429 - product id: 19734003, thử lại 1/3
2025-09-16 20:42:49,892 WARNING: Lỗi HTTP 429 - product id: 19734566, thử lại 1/3
2025-09-16 20:42:49,897 WARNING: Lỗi HTTP 429 - product id: 19734990, thử lại 1/3
2025-09-16 20:42:50,200 WARNING: Lỗi HTTP 429 - product id: 19746114, thử lại 1/3
2025-09-16 20:42:50,653 WARNING: Lỗi HTTP 429 - product id: 19763676, thử lại 1/3
2025-09-16 20:42:51,744 WARNING: Lỗi HTTP 429 - product id: 19830486, thử lại 1/3
2025-09-16 20:42:51,809 WARNING: Lỗi HTTP 429 - product id: 19832148, thử lại 1/3
2025-09-16 20:42:53,244 WARNING: Lỗi HTTP 429 - product id: 19947024, thử lại 1/3
2025-09-16 20:42:53,308 WARNING: Lỗi HTTP 429 - product id: 19959628, thử lại 1/3
2025-09-16 20:42:53,402 WARNING: Lỗi HTTP 429 - product id: 19959688, thử lại 1/3
2025-09-16 20:42:53,467 WARNING: Lỗi HTTP 429 - product id: 19986525, thử lại 1/3
2025-09-16 20:42:57,327 WARNING: Lỗi HTTP 404: Không tim thấy product id - product id: 20150585
2025-09-16 20:43:00,308 WARNING: Lỗi HTTP 429 - product id: 20502457, thử lại 1/3
2025-09-16 20:43:00,405 WARNING: Lỗi HTTP 429 - product id: 20521832, thử lại 1/3
2025-09-16 20:43:00,623 WARNING: Lỗi HTTP 429 - product id: 20545054, thử lại 1/3
2025-09-16 20:43:03,504 WARNING: Lỗi HTTP 429 - product id: 20713734, thử lại 1/3
2025-09-16 20:43:03,598 WARNING: Lỗi HTTP 429 - product id: 20724489, thử lại 1/3
2025-09-16 20:43:03,598 WARNING: Lỗi HTTP 429 - product id: 20730430, thử lại 1/3
2025-09-16 20:43:07,190 INFO: Đã commit batch 11 (1000 sản phẩm)
2025-09-16 20:43:07,219 INFO: Đã ghi 999 sản phẩm vào file crawled_files/products_batch_11_999_ids.csv
2025-09-16 20:43:07,253 INFO: Bắt đầu crawl batch 12 (1000 sản phẩm)
2025-09-16 20:43:09,361 WARNING: Lỗi HTTP 429 - product id: 21095654, thử lại 1/3
2025-09-16 20:43:11,733 WARNING: Lỗi HTTP 404: Không tim thấy product id - product id: 21284912
2025-09-16 20:43:13,762 WARNING: Lỗi HTTP 429 - product id: 21572327, thử lại 1/3
2025-09-16 20:43:20,306 WARNING: Lỗi HTTP 429 - product id: 22426450, thử lại 1/3
2025-09-16 20:43:24,268 INFO: Đã commit batch 12 (1000 sản phẩm)
2025-09-16 20:43:24,298 INFO: Đã ghi 999 sản phẩm vào file crawled_files/products_batch_12_999_ids.csv
2025-09-16 20:43:24,339 INFO: Bắt đầu crawl batch 13 (1000 sản phẩm)
2025-09-16 20:43:27,048 WARNING: Lỗi HTTP 429 - product id: 23246368, thử lại 1/3
2025-09-16 20:43:27,138 WARNING: Lỗi HTTP 429 - product id: 23256131, thử lại 1/3
2025-09-16 20:43:27,242 WARNING: Lỗi HTTP 429 - product id: 23291271, thử lại 1/3
2025-09-16 20:43:27,398 WARNING: Lỗi HTTP 429 - product id: 23303821, thử lại 1/3
2025-09-16 20:43:27,400 WARNING: Lỗi HTTP 429 - product id: 23303454, thử lại 1/3
2025-09-16 20:43:27,509 WARNING: Lỗi HTTP 429 - product id: 23306658, thử lại 1/3
2025-09-16 20:43:28,762 WARNING: Lỗi HTTP 404: Không tim thấy product id - product id: 23383685
2025-09-16 20:43:30,261 WARNING: Lỗi HTTP 404: Không tim thấy product id - product id: 23569151
2025-09-16 20:43:32,440 WARNING: Lỗi HTTP 429 - product id: 24020713, thử lại 1/3
2025-09-16 20:43:32,529 WARNING: Lỗi HTTP 429 - product id: 24029179, thử lại 1/3
2025-09-16 20:43:32,588 WARNING: Lỗi HTTP 429 - product id: 24030500, thử lại 1/3
2025-09-16 20:43:33,888 WARNING: Lỗi HTTP 429 - product id: 24185726, thử lại 1/3
2025-09-16 20:43:33,949 WARNING: Lỗi HTTP 429 - product id: 24189101, thử lại 1/3
2025-09-16 20:43:34,435 WARNING: Lỗi HTTP 429 - product id: 24244980, thử lại 1/3
2025-09-16 20:43:34,450 WARNING: Lỗi HTTP 429 - product id: 24244982, thử lại 1/3
2025-09-16 20:43:34,517 WARNING: Lỗi HTTP 429 - product id: 24246034, thử lại 1/3
2025-09-16 20:43:35,048 WARNING: Lỗi HTTP 404: Không tim thấy product id - product id: 24243874
2025-09-16 20:43:38,580 WARNING: Lỗi HTTP 429 - product id: 24910478, thử lại 1/3
2025-09-16 20:43:39,632 WARNING: Lỗi HTTP 429 - product id: 25080115, thử lại 1/3
2025-09-16 20:43:41,728 INFO: Đã commit batch 13 (1000 sản phẩm)
2025-09-16 20:43:41,759 INFO: Đã ghi 997 sản phẩm vào file crawled_files/products_batch_13_997_ids.csv
2025-09-16 20:43:41,793 INFO: Bắt đầu crawl batch 14 (1000 sản phẩm)
2025-09-16 20:43:42,964 WARNING: Lỗi HTTP 404: Không tim thấy product id - product id: 25293276
2025-09-16 20:43:43,674 WARNING: Lỗi HTTP 429 - product id: 25313971, thử lại 1/3
2025-09-16 20:43:44,070 WARNING: Lỗi HTTP 429 - product id: 25316627, thử lại 1/3
2025-09-16 20:43:44,345 WARNING: Lỗi HTTP 429 - product id: 25420337, thử lại 1/3
2025-09-16 20:43:44,604 WARNING: Lỗi HTTP 429 - product id: 25419241, thử lại 1/3
2025-09-16 20:43:44,702 WARNING: Lỗi HTTP 429 - product id: 25421421, thử lại 1/3
2025-09-16 20:43:45,202 WARNING: Lỗi HTTP 429 - product id: 25600406, thử lại 1/3
2025-09-16 20:43:45,399 WARNING: Lỗi HTTP 429 - product id: 25633202, thử lại 1/3
2025-09-16 20:43:45,771 WARNING: Lỗi HTTP 429 - product id: 25699125, thử lại 1/3
2025-09-16 20:43:45,836 WARNING: Lỗi HTTP 429 - product id: 25700105, thử lại 1/3
2025-09-16 20:43:45,860 WARNING: Lỗi HTTP 429 - product id: 25704651, thử lại 1/3
2025-09-16 20:43:45,927 WARNING: Lỗi HTTP 429 - product id: 25313971, thử lại 2/3
2025-09-16 20:43:46,100 WARNING: Lỗi HTTP 429 - product id: 25719507, thử lại 1/3
2025-09-16 20:43:46,104 WARNING: Lỗi HTTP 429 - product id: 25716427, thử lại 1/3
2025-09-16 20:43:46,350 WARNING: Lỗi HTTP 429 - product id: 25749112, thử lại 1/3
2025-09-16 20:43:46,352 WARNING: Lỗi HTTP 429 - product id: 25749959, thử lại 1/3
2025-09-16 20:43:47,044 WARNING: Lỗi HTTP 429 - product id: 25917934, thử lại 1/3
2025-09-16 20:43:47,097 WARNING: Lỗi HTTP 429 - product id: 25921449, thử lại 1/3
2025-09-16 20:43:47,446 WARNING: Lỗi HTTP 429 - product id: 25960802, thử lại 1/3
2025-09-16 20:43:50,670 WARNING: Lỗi HTTP 404: Không tim thấy product id - product id: 26162099
2025-09-16 20:43:51,163 WARNING: Lỗi HTTP 429 - product id: 26299381, thử lại 1/3
2025-09-16 20:43:51,406 WARNING: Lỗi HTTP 429 - product id: 26330013, thử lại 1/3
2025-09-16 20:43:51,660 WARNING: Lỗi HTTP 429 - product id: 26299415, thử lại 1/3
2025-09-16 20:43:51,660 WARNING: Lỗi HTTP 429 - product id: 26314215, thử lại 1/3
2025-09-16 20:43:51,661 WARNING: Lỗi HTTP 429 - product id: 26316345, thử lại 1/3
2025-09-16 20:43:51,661 WARNING: Lỗi HTTP 429 - product id: 26323558, thử lại 1/3
2025-09-16 20:43:51,663 WARNING: Lỗi HTTP 429 - product id: 26299417, thử lại 1/3
2025-09-16 20:43:52,714 WARNING: Lỗi HTTP 429 - product id: 26479951, thử lại 1/3
2025-09-16 20:43:52,715 WARNING: Lỗi HTTP 429 - product id: 26483489, thử lại 1/3
2025-09-16 20:43:59,109 INFO: Đã commit batch 14 (1000 sản phẩm)
2025-09-16 20:43:59,140 INFO: Đã ghi 998 sản phẩm vào file crawled_files/products_batch_14_998_ids.csv
2025-09-16 20:43:59,176 INFO: Bắt đầu crawl batch 15 (1000 sản phẩm)
2025-09-16 20:44:02,577 WARNING: Lỗi HTTP 429 - product id: 29643173, thử lại 1/3
2025-09-16 20:44:02,578 WARNING: Lỗi HTTP 429 - product id: 29643179, thử lại 1/3
2025-09-16 20:44:05,537 WARNING: Lỗi HTTP 429 - product id: 31142176, thử lại 1/3
2025-09-16 20:44:05,623 WARNING: Lỗi HTTP 429 - product id: 31144186, thử lại 1/3
2025-09-16 20:44:05,637 WARNING: Lỗi HTTP 429 - product id: 31144228, thử lại 1/3
2025-09-16 20:44:06,771 WARNING: Lỗi HTTP 429 - product id: 31265140, thử lại 1/3
2025-09-16 20:44:06,928 WARNING: Lỗi HTTP 429 - product id: 31276839, thử lại 1/3
2025-09-16 20:44:11,803 WARNING: Lỗi HTTP 404: Không tim thấy product id - product id: 31909260
2025-09-16 20:44:12,098 WARNING: Lỗi HTTP 404: Không tim thấy product id - product id: 31855083
2025-09-16 20:44:12,520 WARNING: Lỗi HTTP 404: Không tim thấy product id - product id: 31908911
2025-09-16 20:44:16,073 INFO: Đã commit batch 15 (1000 sản phẩm)
2025-09-16 20:44:16,099 INFO: Đã ghi 997 sản phẩm vào file crawled_files/products_batch_15_997_ids.csv
2025-09-16 20:44:16,154 INFO: Bắt đầu crawl batch 16 (1000 sản phẩm)
2025-09-16 20:44:16,229 WARNING: Lỗi HTTP 429 - product id: 32494906, thử lại 1/3
2025-09-16 20:44:17,749 WARNING: Lỗi HTTP 429 - product id: 32726366, thử lại 1/3
2025-09-16 20:44:17,807 WARNING: Lỗi HTTP 429 - product id: 32741040, thử lại 1/3
2025-09-16 20:44:17,902 WARNING: Lỗi HTTP 429 - product id: 32744949, thử lại 1/3
2025-09-16 20:44:17,965 WARNING: Lỗi HTTP 429 - product id: 32768554, thử lại 1/3
2025-09-16 20:44:20,924 WARNING: Lỗi HTTP 404: Không tim thấy product id - product id: 33065672
2025-09-16 20:44:23,383 WARNING: Lỗi HTTP 404: Không tim thấy product id - product id: 33564005
2025-09-16 20:44:23,611 WARNING: Lỗi HTTP 429 - product id: 33762224, thử lại 1/3
2025-09-16 20:44:24,104 WARNING: Lỗi HTTP 429 - product id: 34139079, thử lại 1/3
2025-09-16 20:44:24,162 WARNING: Lỗi HTTP 429 - product id: 34154170, thử lại 1/3
2025-09-16 20:44:24,170 WARNING: Lỗi HTTP 429 - product id: 34155128, thử lại 1/3
2025-09-16 20:44:27,755 WARNING: Lỗi HTTP 429 - product id: 34623864, thử lại 1/3
2025-09-16 20:44:27,757 WARNING: Lỗi HTTP 429 - product id: 34624036, thử lại 1/3
2025-09-16 20:44:27,760 WARNING: Lỗi HTTP 429 - product id: 34669331, thử lại 1/3
2025-09-16 20:44:29,263 WARNING: Lỗi HTTP 404: Không tim thấy product id - product id: 34723602
2025-09-16 20:44:29,332 WARNING: Lỗi HTTP 404: Không tim thấy product id - product id: 34725666
2025-09-16 20:44:29,554 WARNING: Lỗi HTTP 429 - product id: 34817958, thử lại 1/3
2025-09-16 20:44:29,744 WARNING: Lỗi HTTP 429 - product id: 34910616, thử lại 1/3
2025-09-16 20:44:30,108 WARNING: Lỗi HTTP 429 - product id: 34624036, thử lại 2/3
2025-09-16 20:44:30,118 WARNING: Lỗi HTTP 429 - product id: 34954327, thử lại 1/3
2025-09-16 20:44:30,220 WARNING: Lỗi HTTP 429 - product id: 34968817, thử lại 1/3
2025-09-16 20:44:30,416 WARNING: Lỗi HTTP 429 - product id: 35108254, thử lại 1/3
2025-09-16 20:44:31,404 WARNING: Lỗi HTTP 429 - product id: 35199717, thử lại 1/3
2025-09-16 20:44:31,515 WARNING: Lỗi HTTP 429 - product id: 35211233, thử lại 1/3
2025-09-16 20:44:31,559 WARNING: Lỗi HTTP 429 - product id: 35215954, thử lại 1/3
2025-09-16 20:44:31,612 WARNING: Lỗi HTTP 429 - product id: 35220583, thử lại 1/3
2025-09-16 20:44:31,971 WARNING: Lỗi HTTP 404: Không tim thấy product id - product id: 35227126
2025-09-16 20:44:34,216 INFO: Đã commit batch 16 (1000 sản phẩm)
2025-09-16 20:44:34,245 INFO: Đã ghi 995 sản phẩm vào file crawled_files/products_batch_16_995_ids.csv
2025-09-16 20:44:34,279 INFO: Bắt đầu crawl batch 17 (1000 sản phẩm)
2025-09-16 20:44:34,802 WARNING: Lỗi HTTP 404: Không tim thấy product id - product id: 35251478
2025-09-16 20:44:35,185 WARNING: Lỗi HTTP 429 - product id: 35366690, thử lại 1/3
2025-09-16 20:44:35,277 WARNING: Lỗi HTTP 429 - product id: 35375649, thử lại 1/3
2025-09-16 20:44:35,343 WARNING: Lỗi HTTP 429 - product id: 35389235, thử lại 1/3
2025-09-16 20:44:35,439 WARNING: Lỗi HTTP 429 - product id: 35393549, thử lại 1/3
2025-09-16 20:44:35,529 WARNING: Lỗi HTTP 429 - product id: 35409127, thử lại 1/3
2025-09-16 20:44:35,569 WARNING: Lỗi HTTP 429 - product id: 35412976, thử lại 1/3
2025-09-16 20:44:36,085 WARNING: Lỗi HTTP 429 - product id: 35459728, thử lại 1/3
2025-09-16 20:44:36,105 WARNING: Lỗi HTTP 429 - product id: 35459904, thử lại 1/3
2025-09-16 20:44:36,639 WARNING: Lỗi HTTP 429 - product id: 35498535, thử lại 1/3
2025-09-16 20:44:38,178 WARNING: Lỗi HTTP 429 - product id: 35576766, thử lại 1/3
2025-09-16 20:44:39,427 WARNING: Lỗi HTTP 429 - product id: 35730320, thử lại 1/3
2025-09-16 20:44:39,538 WARNING: Lỗi HTTP 429 - product id: 35733689, thử lại 1/3
2025-09-16 20:44:39,545 WARNING: Lỗi HTTP 429 - product id: 35735126, thử lại 1/3
2025-09-16 20:44:39,600 WARNING: Lỗi HTTP 404: Không tim thấy product id - product id: 35723131
2025-09-16 20:44:39,727 WARNING: Lỗi HTTP 429 - product id: 35754117, thử lại 1/3
2025-09-16 20:44:39,791 WARNING: Lỗi HTTP 429 - product id: 35775879, thử lại 1/3
2025-09-16 20:44:39,829 WARNING: Lỗi HTTP 429 - product id: 35787177, thử lại 1/3
2025-09-16 20:44:40,349 WARNING: Lỗi HTTP 404: Không tim thấy product id - product id: 35723368
2025-09-16 20:44:40,798 WARNING: Lỗi HTTP 404: Không tim thấy product id - product id: 35865497
2025-09-16 20:44:42,599 WARNING: Lỗi HTTP 404: Không tim thấy product id - product id: 36023947
2025-09-16 20:44:43,098 WARNING: Lỗi HTTP 404: Không tim thấy product id - product id: 36188812
2025-09-16 20:44:44,437 WARNING: Lỗi HTTP 429 - product id: 36357029, thử lại 1/3
2025-09-16 20:44:44,936 WARNING: Lỗi HTTP 429 - product id: 36386590, thử lại 1/3
2025-09-16 20:44:45,811 WARNING: Lỗi HTTP 429 - product id: 36560575, thử lại 1/3
2025-09-16 20:44:45,940 WARNING: Lỗi HTTP 429 - product id: 36569978, thử lại 1/3
2025-09-16 20:44:45,980 WARNING: Lỗi HTTP 429 - product id: 36573445, thử lại 1/3
2025-09-16 20:44:45,983 WARNING: Lỗi HTTP 429 - product id: 36572094, thử lại 1/3
2025-09-16 20:44:46,688 WARNING: Lỗi HTTP 429 - product id: 36664738, thử lại 1/3
2025-09-16 20:44:47,042 WARNING: Lỗi HTTP 429 - product id: 36715202, thử lại 1/3
2025-09-16 20:44:48,004 WARNING: Lỗi HTTP 404: Không tim thấy product id - product id: 36740931
2025-09-16 20:44:48,582 WARNING: Lỗi HTTP 429 - product id: 36830184, thử lại 1/3
2025-09-16 20:44:48,603 WARNING: Lỗi HTTP 404: Không tim thấy product id - product id: 36767996
2025-09-16 20:44:48,626 WARNING: Lỗi HTTP 429 - product id: 36832472, thử lại 1/3
2025-09-16 20:44:48,881 WARNING: Lỗi HTTP 429 - product id: 36871682, thử lại 1/3
2025-09-16 20:44:49,441 WARNING: Lỗi HTTP 429 - product id: 37031362, thử lại 1/3
2025-09-16 20:44:49,539 WARNING: Lỗi HTTP 429 - product id: 37064610, thử lại 1/3
2025-09-16 20:44:49,603 WARNING: Lỗi HTTP 404: Không tim thấy product id - product id: 36869362
2025-09-16 20:44:50,150 WARNING: Lỗi HTTP 404: Không tim thấy product id - product id: 36995833
2025-09-16 20:44:50,184 WARNING: Lỗi HTTP 429 - product id: 37156224, thử lại 1/3
2025-09-16 20:44:50,198 WARNING: Lỗi HTTP 429 - product id: 37156680, thử lại 1/3
2025-09-16 20:44:52,329 INFO: Đã commit batch 17 (1000 sản phẩm)
2025-09-16 20:44:52,357 INFO: Đã ghi 990 sản phẩm vào file crawled_files/products_batch_17_990_ids.csv
2025-09-16 20:44:52,392 INFO: Bắt đầu crawl batch 18 (1000 sản phẩm)
2025-09-16 20:44:53,645 WARNING: Lỗi HTTP 429 - product id: 37546055, thử lại 1/3
2025-09-16 20:44:53,714 WARNING: Lỗi HTTP 429 - product id: 37551592, thử lại 1/3
2025-09-16 20:44:53,743 WARNING: Lỗi HTTP 429 - product id: 37553003, thử lại 1/3
2025-09-16 20:44:53,796 WARNING: Lỗi HTTP 429 - product id: 37560322, thử lại 1/3
2025-09-16 20:44:53,798 WARNING: Lỗi HTTP 429 - product id: 37561020, thử lại 1/3
2025-09-16 20:44:53,905 WARNING: Lỗi HTTP 429 - product id: 37564391, thử lại 1/3
2025-09-16 20:44:55,747 WARNING: Lỗi HTTP 429 - product id: 37818966, thử lại 1/3
2025-09-16 20:44:57,694 WARNING: Lỗi HTTP 429 - product id: 37936824, thử lại 1/3
2025-09-16 20:44:58,806 WARNING: Lỗi HTTP 429 - product id: 37949467, thử lại 1/3
2025-09-16 20:44:58,997 WARNING: Lỗi HTTP 429 - product id: 37952355, thử lại 1/3
2025-09-16 20:44:59,496 WARNING: Lỗi HTTP 429 - product id: 37973528, thử lại 1/3
2025-09-16 20:44:59,501 WARNING: Lỗi HTTP 429 - product id: 37972012, thử lại 1/3
2025-09-16 20:44:59,643 WARNING: Lỗi HTTP 429 - product id: 38010197, thử lại 1/3
2025-09-16 20:44:59,802 WARNING: Lỗi HTTP 429 - product id: 38041795, thử lại 1/3
2025-09-16 20:44:59,868 WARNING: Lỗi HTTP 404: Không tim thấy product id - product id: 37961414
2025-09-16 20:44:59,997 WARNING: Lỗi HTTP 429 - product id: 37936824, thử lại 2/3
2025-09-16 20:45:02,518 WARNING: Lỗi HTTP 404: Không tim thấy product id - product id: 38208053
2025-09-16 20:45:02,654 WARNING: Lỗi HTTP 429 - product id: 38296420, thử lại 1/3
2025-09-16 20:45:02,741 WARNING: Lỗi HTTP 429 - product id: 38312079, thử lại 1/3
2025-09-16 20:45:04,827 WARNING: Lỗi HTTP 404: Không tim thấy product id - product id: 38495219
2025-09-16 20:45:04,872 WARNING: Lỗi HTTP 404: Không tim thấy product id - product id: 38467919
2025-09-16 20:45:05,315 WARNING: Lỗi HTTP 429 - product id: 38838654, thử lại 1/3
2025-09-16 20:45:05,340 WARNING: Lỗi HTTP 429 - product id: 38838965, thử lại 1/3
2025-09-16 20:45:05,346 WARNING: Lỗi HTTP 429 - product id: 38839115, thử lại 1/3
2025-09-16 20:45:05,379 WARNING: Lỗi HTTP 429 - product id: 38839402, thử lại 1/3
2025-09-16 20:45:05,419 WARNING: Lỗi HTTP 429 - product id: 38888289, thử lại 1/3
2025-09-16 20:45:05,443 WARNING: Lỗi HTTP 429 - product id: 38917828, thử lại 1/3
2025-09-16 20:45:06,048 WARNING: Lỗi HTTP 429 - product id: 39159456, thử lại 1/3
2025-09-16 20:45:06,115 WARNING: Lỗi HTTP 429 - product id: 39173785, thử lại 1/3
2025-09-16 20:45:06,123 WARNING: Lỗi HTTP 429 - product id: 39176757, thử lại 1/3
2025-09-16 20:45:06,168 WARNING: Lỗi HTTP 429 - product id: 39229250, thử lại 1/3
2025-09-16 20:45:06,245 WARNING: Lỗi HTTP 429 - product id: 39201399, thử lại 1/3
2025-09-16 20:45:07,236 WARNING: Lỗi HTTP 429 - product id: 39361631, thử lại 1/3
2025-09-16 20:45:07,324 WARNING: Lỗi HTTP 429 - product id: 39366435, thử lại 1/3
2025-09-16 20:45:07,343 WARNING: Lỗi HTTP 429 - product id: 39367347, thử lại 1/3
2025-09-16 20:45:07,590 WARNING: Lỗi HTTP 429 - product id: 39378248, thử lại 1/3
2025-09-16 20:45:08,967 WARNING: Lỗi HTTP 404: Không tim thấy product id - product id: 39951047
2025-09-16 20:45:09,686 INFO: Đã commit batch 18 (1000 sản phẩm)
2025-09-16 20:45:09,711 INFO: Đã ghi 995 sản phẩm vào file crawled_files/products_batch_18_995_ids.csv
2025-09-16 20:45:09,748 INFO: Bắt đầu crawl batch 19 (1000 sản phẩm)
2025-09-16 20:45:10,122 WARNING: Lỗi HTTP 404: Không tim thấy product id - product id: 40184664
2025-09-16 20:45:14,416 WARNING: Lỗi HTTP 429 - product id: 41166433, thử lại 1/3
2025-09-16 20:45:14,480 WARNING: Lỗi HTTP 429 - product id: 41188528, thử lại 1/3
2025-09-16 20:45:14,601 WARNING: Lỗi HTTP 429 - product id: 41169033, thử lại 1/3
2025-09-16 20:45:14,608 WARNING: Lỗi HTTP 429 - product id: 41171786, thử lại 1/3
2025-09-16 20:45:14,662 WARNING: Lỗi HTTP 429 - product id: 41173407, thử lại 1/3
2025-09-16 20:45:14,850 WARNING: Lỗi HTTP 429 - product id: 41198556, thử lại 1/3
2025-09-16 20:45:14,858 WARNING: Lỗi HTTP 429 - product id: 41199464, thử lại 1/3
2025-09-16 20:45:14,924 WARNING: Lỗi HTTP 429 - product id: 41205484, thử lại 1/3
2025-09-16 20:45:15,051 WARNING: Lỗi HTTP 429 - product id: 41216819, thử lại 1/3
2025-09-16 20:45:15,075 WARNING: Lỗi HTTP 429 - product id: 41218343, thử lại 1/3
2025-09-16 20:45:16,440 WARNING: Lỗi HTTP 404: Không tim thấy product id - product id: 41293717
2025-09-16 20:45:16,683 WARNING: Lỗi HTTP 404: Không tim thấy product id - product id: 41321260
2025-09-16 20:45:17,173 WARNING: Lỗi HTTP 404: Không tim thấy product id - product id: 41343279
2025-09-16 20:45:19,364 WARNING: Lỗi HTTP 429 - product id: 41794446, thử lại 1/3
2025-09-16 20:45:23,391 WARNING: Lỗi HTTP 404: Không tim thấy product id - product id: 42496586
2025-09-16 20:45:27,264 INFO: Đã commit batch 19 (1000 sản phẩm)
2025-09-16 20:45:27,291 INFO: Đã ghi 995 sản phẩm vào file crawled_files/products_batch_19_995_ids.csv
2025-09-16 20:45:27,326 INFO: Bắt đầu crawl batch 20 (1000 sản phẩm)
2025-09-16 20:45:28,428 WARNING: Lỗi HTTP 429 - product id: 42959681, thử lại 1/3
2025-09-16 20:45:28,436 WARNING: Lỗi HTTP 429 - product id: 42964762, thử lại 1/3
2025-09-16 20:45:33,985 WARNING: Lỗi HTTP 429 - product id: 43831148, thử lại 1/3
2025-09-16 20:45:35,379 WARNING: Lỗi HTTP 429 - product id: 43881051, thử lại 1/3
2025-09-16 20:45:39,039 WARNING: Lỗi HTTP 429 - product id: 44303154, thử lại 1/3
2025-09-16 20:45:39,084 WARNING: Lỗi HTTP 429 - product id: 44303635, thử lại 1/3
2025-09-16 20:45:39,391 WARNING: Lỗi HTTP 429 - product id: 44336625, thử lại 1/3
2025-09-16 20:45:39,537 WARNING: Lỗi HTTP 429 - product id: 44345683, thử lại 1/3
2025-09-16 20:45:39,790 WARNING: Lỗi HTTP 429 - product id: 44484144, thử lại 1/3
2025-09-16 20:45:40,024 WARNING: Lỗi HTTP 429 - product id: 44476269, thử lại 1/3
2025-09-16 20:45:40,038 WARNING: Lỗi HTTP 429 - product id: 44573112, thử lại 1/3
2025-09-16 20:45:40,087 WARNING: Lỗi HTTP 429 - product id: 44486028, thử lại 1/3
2025-09-16 20:45:40,135 WARNING: Lỗi HTTP 429 - product id: 44550233, thử lại 1/3
2025-09-16 20:45:40,181 WARNING: Lỗi HTTP 429 - product id: 44566008, thử lại 1/3
2025-09-16 20:45:40,207 WARNING: Lỗi HTTP 429 - product id: 44571228, thử lại 1/3
2025-09-16 20:45:40,276 WARNING: Lỗi HTTP 429 - product id: 44573366, thử lại 1/3
2025-09-16 20:45:40,277 WARNING: Lỗi HTTP 429 - product id: 44573396, thử lại 1/3
2025-09-16 20:45:40,282 WARNING: Lỗi HTTP 429 - product id: 44573252, thử lại 1/3
2025-09-16 20:45:40,330 WARNING: Lỗi HTTP 429 - product id: 44580030, thử lại 1/3
2025-09-16 20:45:40,340 WARNING: Lỗi HTTP 429 - product id: 44580675, thử lại 1/3
2025-09-16 20:45:40,408 WARNING: Lỗi HTTP 429 - product id: 44591203, thử lại 1/3
2025-09-16 20:45:40,457 WARNING: Lỗi HTTP 429 - product id: 44594908, thử lại 1/3
2025-09-16 20:45:40,521 WARNING: Lỗi HTTP 429 - product id: 44606980, thử lại 1/3
2025-09-16 20:45:40,529 WARNING: Lỗi HTTP 429 - product id: 44607589, thử lại 1/3
2025-09-16 20:45:41,680 WARNING: Lỗi HTTP 404: Không tim thấy product id - product id: 44778879
2025-09-16 20:45:41,826 WARNING: Lỗi HTTP 429 - product id: 44824876, thử lại 1/3
2025-09-16 20:45:44,535 INFO: Đã commit batch 20 (1000 sản phẩm)
2025-09-16 20:45:44,560 INFO: Đã ghi 999 sản phẩm vào file crawled_files/products_batch_20_999_ids.csv
2025-09-16 20:45:44,595 INFO: Bắt đầu crawl batch 21 (1000 sản phẩm)
2025-09-16 20:45:46,500 WARNING: Lỗi HTTP 404: Không tim thấy product id - product id: 45244396
2025-09-16 20:45:47,805 WARNING: Lỗi HTTP 404: Không tim thấy product id - product id: 45463834
2025-09-16 20:45:48,029 WARNING: Lỗi HTTP 429 - product id: 45541023, thử lại 1/3
2025-09-16 20:45:48,130 WARNING: Lỗi HTTP 429 - product id: 45566746, thử lại 1/3
2025-09-16 20:45:48,331 WARNING: Lỗi HTTP 429 - product id: 45593552, thử lại 1/3
2025-09-16 20:45:48,478 WARNING: Lỗi HTTP 429 - product id: 45598138, thử lại 1/3
2025-09-16 20:45:50,569 WARNING: Lỗi HTTP 429 - product id: 45979313, thử lại 1/3
2025-09-16 20:45:50,659 WARNING: Lỗi HTTP 404: Không tim thấy product id - product id: 45832109
2025-09-16 20:45:54,229 WARNING: Lỗi HTTP 429 - product id: 46476819, thử lại 1/3
2025-09-16 20:45:56,509 WARNING: Lỗi HTTP 404: Không tim thấy product id - product id: 46655824
2025-09-16 20:45:57,696 WARNING: Lỗi HTTP 404: Không tim thấy product id - product id: 46732905
2025-09-16 20:46:01,428 INFO: Đã commit batch 21 (1000 sản phẩm)
2025-09-16 20:46:01,454 INFO: Đã ghi 995 sản phẩm vào file crawled_files/products_batch_21_995_ids.csv
2025-09-16 20:46:01,489 INFO: Bắt đầu crawl batch 22 (1000 sản phẩm)
2025-09-16 20:46:03,588 WARNING: Lỗi HTTP 429 - product id: 48014824, thử lại 1/3
2025-09-16 20:46:03,797 WARNING: Lỗi HTTP 429 - product id: 48030213, thử lại 1/3
2025-09-16 20:46:04,797 WARNING: Lỗi HTTP 429 - product id: 48091262, thử lại 1/3
2025-09-16 20:46:04,846 WARNING: Lỗi HTTP 429 - product id: 48094686, thử lại 1/3
2025-09-16 20:46:04,904 WARNING: Lỗi HTTP 429 - product id: 48098032, thử lại 1/3
2025-09-16 20:46:04,939 WARNING: Lỗi HTTP 429 - product id: 48098955, thử lại 1/3
2025-09-16 20:46:04,998 WARNING: Lỗi HTTP 429 - product id: 48100675, thử lại 1/3
2025-09-16 20:46:05,101 WARNING: Lỗi HTTP 429 - product id: 48109041, thử lại 1/3
2025-09-16 20:46:05,177 WARNING: Lỗi HTTP 429 - product id: 48114199, thử lại 1/3
2025-09-16 20:46:05,198 WARNING: Lỗi HTTP 429 - product id: 48116784, thử lại 1/3
2025-09-16 20:46:05,249 WARNING: Lỗi HTTP 429 - product id: 48117903, thử lại 1/3
2025-09-16 20:46:05,255 WARNING: Lỗi HTTP 429 - product id: 48119879, thử lại 1/3
2025-09-16 20:46:05,339 WARNING: Lỗi HTTP 429 - product id: 48126069, thử lại 1/3
2025-09-16 20:46:05,459 WARNING: Lỗi HTTP 429 - product id: 48135998, thử lại 1/3
2025-09-16 20:46:05,645 WARNING: Lỗi HTTP 429 - product id: 48157112, thử lại 1/3
2025-09-16 20:46:05,749 WARNING: Lỗi HTTP 429 - product id: 48166701, thử lại 1/3
2025-09-16 20:46:05,794 WARNING: Lỗi HTTP 429 - product id: 48173398, thử lại 1/3
2025-09-16 20:46:05,836 WARNING: Lỗi HTTP 429 - product id: 48178750, thử lại 1/3
2025-09-16 20:46:05,850 WARNING: Lỗi HTTP 429 - product id: 48203125, thử lại 1/3
2025-09-16 20:46:05,856 WARNING: Lỗi HTTP 429 - product id: 48179077, thử lại 1/3
2025-09-16 20:46:05,902 WARNING: Lỗi HTTP 429 - product id: 48209501, thử lại 1/3
2025-09-16 20:46:05,903 WARNING: Lỗi HTTP 429 - product id: 48190890, thử lại 1/3
2025-09-16 20:46:06,684 WARNING: Lỗi HTTP 429 - product id: 48253669, thử lại 1/3
2025-09-16 20:46:06,887 WARNING: Lỗi HTTP 429 - product id: 48262316, thử lại 1/3
2025-09-16 20:46:15,000 WARNING: Lỗi HTTP 429 - product id: 48865631, thử lại 1/3
2025-09-16 20:46:15,087 WARNING: Lỗi HTTP 429 - product id: 48874092, thử lại 1/3
2025-09-16 20:46:15,142 WARNING: Lỗi HTTP 429 - product id: 48875905, thử lại 1/3
2025-09-16 20:46:15,150 WARNING: Lỗi HTTP 429 - product id: 48875997, thử lại 1/3
2025-09-16 20:46:15,252 WARNING: Lỗi HTTP 429 - product id: 48884182, thử lại 1/3
2025-09-16 20:46:15,355 WARNING: Lỗi HTTP 429 - product id: 48887053, thử lại 1/3
2025-09-16 20:46:15,583 WARNING: Lỗi HTTP 429 - product id: 48892061, thử lại 1/3
2025-09-16 20:46:15,589 WARNING: Lỗi HTTP 429 - product id: 48892027, thử lại 1/3
2025-09-16 20:46:15,655 WARNING: Lỗi HTTP 429 - product id: 48895391, thử lại 1/3
2025-09-16 20:46:16,464 WARNING: Lỗi HTTP 429 - product id: 48962610, thử lại 1/3
2025-09-16 20:46:16,599 WARNING: Lỗi HTTP 429 - product id: 48970286, thử lại 1/3
2025-09-16 20:46:16,650 WARNING: Lỗi HTTP 429 - product id: 48975775, thử lại 1/3
2025-09-16 20:46:16,683 WARNING: Lỗi HTTP 429 - product id: 48984605, thử lại 1/3
2025-09-16 20:46:16,689 WARNING: Lỗi HTTP 429 - product id: 48984915, thử lại 1/3
2025-09-16 20:46:16,692 WARNING: Lỗi HTTP 429 - product id: 48987571, thử lại 1/3
2025-09-16 20:46:16,741 WARNING: Lỗi HTTP 429 - product id: 48989808, thử lại 1/3
2025-09-16 20:46:16,744 WARNING: Lỗi HTTP 429 - product id: 49003408, thử lại 1/3
2025-09-16 20:46:16,821 WARNING: Lỗi HTTP 429 - product id: 49004056, thử lại 1/3
2025-09-16 20:46:16,827 WARNING: Lỗi HTTP 429 - product id: 49004441, thử lại 1/3
2025-09-16 20:46:17,095 WARNING: Lỗi HTTP 429 - product id: 48865631, thử lại 2/3
2025-09-16 20:46:21,194 INFO: Đã commit batch 22 (1000 sản phẩm)
2025-09-16 20:46:21,224 INFO: Đã ghi 1000 sản phẩm vào file crawled_files/products_batch_22_1000_ids.csv
2025-09-16 20:46:21,258 INFO: Bắt đầu crawl batch 23 (1000 sản phẩm)
2025-09-16 20:46:22,672 WARNING: Lỗi HTTP 429 - product id: 49226698, thử lại 1/3
2025-09-16 20:46:22,674 WARNING: Lỗi HTTP 429 - product id: 49226694, thử lại 1/3
2025-09-16 20:46:22,737 WARNING: Lỗi HTTP 429 - product id: 49226716, thử lại 1/3
2025-09-16 20:46:22,747 WARNING: Lỗi HTTP 429 - product id: 49226720, thử lại 1/3
2025-09-16 20:46:22,808 WARNING: Lỗi HTTP 429 - product id: 49227831, thử lại 1/3
2025-09-16 20:46:22,874 WARNING: Lỗi HTTP 429 - product id: 49234521, thử lại 1/3
2025-09-16 20:46:22,966 WARNING: Lỗi HTTP 429 - product id: 49248715, thử lại 1/3
2025-09-16 20:46:22,969 WARNING: Lỗi HTTP 429 - product id: 49249068, thử lại 1/3
2025-09-16 20:46:23,057 WARNING: Lỗi HTTP 429 - product id: 49251823, thử lại 1/3
2025-09-16 20:46:23,068 WARNING: Lỗi HTTP 429 - product id: 49251853, thử lại 1/3
2025-09-16 20:46:23,280 WARNING: Lỗi HTTP 404: Không tim thấy product id - product id: 49250760
2025-09-16 20:46:23,415 WARNING: Lỗi HTTP 429 - product id: 49271717, thử lại 1/3
2025-09-16 20:46:23,478 WARNING: Lỗi HTTP 429 - product id: 49272760, thử lại 1/3
2025-09-16 20:46:23,516 WARNING: Lỗi HTTP 429 - product id: 49287556, thử lại 1/3
2025-09-16 20:46:23,914 WARNING: Lỗi HTTP 429 - product id: 49308326, thử lại 1/3
2025-09-16 20:46:23,921 WARNING: Lỗi HTTP 429 - product id: 49327225, thử lại 1/3
2025-09-16 20:46:24,109 WARNING: Lỗi HTTP 429 - product id: 49347555, thử lại 1/3
2025-09-16 20:46:24,117 WARNING: Lỗi HTTP 429 - product id: 49350617, thử lại 1/3
2025-09-16 20:46:24,406 WARNING: Lỗi HTTP 429 - product id: 49381199, thử lại 1/3
2025-09-16 20:46:24,825 WARNING: Lỗi HTTP 429 - product id: 49447987, thử lại 1/3
2025-09-16 20:46:24,907 WARNING: Lỗi HTTP 429 - product id: 49457747, thử lại 1/3
2025-09-16 20:46:24,937 WARNING: Lỗi HTTP 429 - product id: 49461539, thử lại 1/3
2025-09-16 20:46:25,170 WARNING: Lỗi HTTP 429 - product id: 49482330, thử lại 1/3
2025-09-16 20:46:25,196 WARNING: Lỗi HTTP 429 - product id: 49472667, thử lại 1/3
2025-09-16 20:46:25,807 WARNING: Lỗi HTTP 429 - product id: 49542128, thử lại 1/3
2025-09-16 20:46:25,871 WARNING: Lỗi HTTP 429 - product id: 49549427, thử lại 1/3
2025-09-16 20:46:25,937 WARNING: Lỗi HTTP 429 - product id: 49559490, thử lại 1/3
2025-09-16 20:46:26,076 WARNING: Lỗi HTTP 429 - product id: 49563915, thử lại 1/3
2025-09-16 20:46:26,315 WARNING: Lỗi HTTP 429 - product id: 49591425, thử lại 1/3
2025-09-16 20:46:26,518 WARNING: Lỗi HTTP 429 - product id: 49604935, thử lại 1/3
2025-09-16 20:46:27,111 WARNING: Lỗi HTTP 429 - product id: 49656127, thử lại 1/3
2025-09-16 20:46:27,518 WARNING: Lỗi HTTP 429 - product id: 49722402, thử lại 1/3
2025-09-16 20:46:27,618 WARNING: Lỗi HTTP 429 - product id: 49725201, thử lại 1/3
2025-09-16 20:46:27,704 WARNING: Lỗi HTTP 429 - product id: 49730761, thử lại 1/3
2025-09-16 20:46:27,767 WARNING: Lỗi HTTP 429 - product id: 49730992, thử lại 1/3
2025-09-16 20:46:27,767 WARNING: Lỗi HTTP 429 - product id: 49731000, thử lại 1/3
2025-09-16 20:46:27,768 WARNING: Lỗi HTTP 429 - product id: 49731044, thử lại 1/3
2025-09-16 20:46:27,860 WARNING: Lỗi HTTP 429 - product id: 49732153, thử lại 1/3
2025-09-16 20:46:28,062 WARNING: Lỗi HTTP 429 - product id: 49736304, thử lại 1/3
2025-09-16 20:46:28,163 WARNING: Lỗi HTTP 429 - product id: 49740995, thử lại 1/3
2025-09-16 20:46:28,173 WARNING: Lỗi HTTP 429 - product id: 49741253, thử lại 1/3
2025-09-16 20:46:28,610 WARNING: Lỗi HTTP 429 - product id: 49867288, thử lại 1/3
2025-09-16 20:46:28,666 WARNING: Lỗi HTTP 429 - product id: 49870397, thử lại 1/3
2025-09-16 20:46:30,618 WARNING: Lỗi HTTP 429 - product id: 50192199, thử lại 1/3
2025-09-16 20:46:31,374 WARNING: Lỗi HTTP 429 - product id: 50252560, thử lại 1/3
2025-09-16 20:46:31,563 WARNING: Lỗi HTTP 429 - product id: 50263036, thử lại 1/3
2025-09-16 20:46:32,011 WARNING: Lỗi HTTP 429 - product id: 50300617, thử lại 1/3
2025-09-16 20:46:32,371 WARNING: Lỗi HTTP 429 - product id: 50328615, thử lại 1/3
2025-09-16 20:46:33,761 WARNING: Lỗi HTTP 429 - product id: 50387273, thử lại 1/3
2025-09-16 20:46:38,431 INFO: Đã commit batch 23 (1000 sản phẩm)
2025-09-16 20:46:38,459 INFO: Đã ghi 999 sản phẩm vào file crawled_files/products_batch_23_999_ids.csv
2025-09-16 20:46:38,493 INFO: Bắt đầu crawl batch 24 (1000 sản phẩm)
2025-09-16 20:46:42,848 WARNING: Lỗi HTTP 429 - product id: 51304166, thử lại 1/3
2025-09-16 20:46:42,991 WARNING: Lỗi HTTP 429 - product id: 51328534, thử lại 1/3
2025-09-16 20:46:43,060 WARNING: Lỗi HTTP 429 - product id: 51330544, thử lại 1/3
2025-09-16 20:46:43,159 WARNING: Lỗi HTTP 429 - product id: 51336155, thử lại 1/3
2025-09-16 20:46:43,304 WARNING: Lỗi HTTP 429 - product id: 51349685, thử lại 1/3
2025-09-16 20:46:44,342 WARNING: Lỗi HTTP 429 - product id: 51450257, thử lại 1/3
2025-09-16 20:46:44,405 WARNING: Lỗi HTTP 429 - product id: 51474735, thử lại 1/3
2025-09-16 20:46:44,607 WARNING: Lỗi HTTP 429 - product id: 51498887, thử lại 1/3
2025-09-16 20:46:44,636 WARNING: Lỗi HTTP 429 - product id: 51500178, thử lại 1/3
2025-09-16 20:46:45,145 WARNING: Lỗi HTTP 429 - product id: 51540606, thử lại 1/3
2025-09-16 20:46:46,897 WARNING: Lỗi HTTP 429 - product id: 51667713, thử lại 1/3
2025-09-16 20:46:46,898 WARNING: Lỗi HTTP 429 - product id: 51668503, thử lại 1/3
2025-09-16 20:46:46,968 WARNING: Lỗi HTTP 429 - product id: 51690790, thử lại 1/3
2025-09-16 20:46:46,993 WARNING: Lỗi HTTP 429 - product id: 51693549, thử lại 1/3
2025-09-16 20:46:46,994 WARNING: Lỗi HTTP 429 - product id: 51500178, thử lại 2/3
2025-09-16 20:46:47,056 WARNING: Lỗi HTTP 429 - product id: 51699490, thử lại 1/3
2025-09-16 20:46:47,153 WARNING: Lỗi HTTP 429 - product id: 51703102, thử lại 1/3
2025-09-16 20:46:47,797 WARNING: Lỗi HTTP 429 - product id: 51730076, thử lại 1/3
2025-09-16 20:46:48,387 WARNING: Lỗi HTTP 429 - product id: 51885670, thử lại 1/3
2025-09-16 20:46:48,394 WARNING: Lỗi HTTP 429 - product id: 51889049, thử lại 1/3
2025-09-16 20:46:48,451 WARNING: Lỗi HTTP 429 - product id: 51893305, thử lại 1/3
2025-09-16 20:46:49,439 WARNING: Lỗi HTTP 429 - product id: 51971818, thử lại 1/3
2025-09-16 20:46:52,641 WARNING: Lỗi HTTP 429 - product id: 52127729, thử lại 1/3
2025-09-16 20:46:53,266 WARNING: Lỗi HTTP 404: Không tim thấy product id - product id: 52112865
2025-09-16 20:46:53,683 WARNING: Lỗi HTTP 429 - product id: 52153492, thử lại 1/3
2025-09-16 20:46:54,133 WARNING: Lỗi HTTP 429 - product id: 52182984, thử lại 1/3
2025-09-16 20:46:54,140 WARNING: Lỗi HTTP 429 - product id: 52182997, thử lại 1/3
2025-09-16 20:46:54,526 WARNING: Lỗi HTTP 429 - product id: 52214274, thử lại 1/3
2025-09-16 20:46:54,583 WARNING: Lỗi HTTP 429 - product id: 52216898, thử lại 1/3
2025-09-16 20:46:56,688 INFO: Đã commit batch 24 (1000 sản phẩm)
2025-09-16 20:46:56,714 INFO: Đã ghi 999 sản phẩm vào file crawled_files/products_batch_24_999_ids.csv
2025-09-16 20:46:56,748 INFO: Bắt đầu crawl batch 25 (1000 sản phẩm)
2025-09-16 20:46:57,819 WARNING: Lỗi HTTP 404: Không tim thấy product id - product id: 52277277
2025-09-16 20:47:00,399 WARNING: Lỗi HTTP 429 - product id: 52468484, thử lại 1/3
2025-09-16 20:47:00,804 WARNING: Lỗi HTTP 429 - product id: 52472276, thử lại 1/3
2025-09-16 20:47:01,000 WARNING: Lỗi HTTP 429 - product id: 52483569, thử lại 1/3
2025-09-16 20:47:01,164 WARNING: Lỗi HTTP 429 - product id: 52492236, thử lại 1/3
2025-09-16 20:47:01,170 WARNING: Lỗi HTTP 404: Không tim thấy product id - product id: 52484184
2025-09-16 20:47:01,241 WARNING: Lỗi HTTP 429 - product id: 52508403, thử lại 1/3
2025-09-16 20:47:01,400 WARNING: Lỗi HTTP 429 - product id: 52533923, thử lại 1/3
2025-09-16 20:47:03,052 WARNING: Lỗi HTTP 429 - product id: 52656034, thử lại 1/3
2025-09-16 20:47:03,130 WARNING: Lỗi HTTP 429 - product id: 52657560, thử lại 1/3
2025-09-16 20:47:03,159 WARNING: Lỗi HTTP 429 - product id: 52658055, thử lại 1/3
2025-09-16 20:47:03,524 WARNING: Lỗi HTTP 404: Không tim thấy product id - product id: 52649533
2025-09-16 20:47:03,565 WARNING: Lỗi HTTP 404: Không tim thấy product id - product id: 52649551
2025-09-16 20:47:03,785 WARNING: Lỗi HTTP 404: Không tim thấy product id - product id: 52649547
2025-09-16 20:47:03,816 WARNING: Lỗi HTTP 404: Không tim thấy product id - product id: 52649555
2025-09-16 20:47:03,820 WARNING: Lỗi HTTP 404: Không tim thấy product id - product id: 52659820
2025-09-16 20:47:03,889 WARNING: Lỗi HTTP 404: Không tim thấy product id - product id: 52649564
2025-09-16 20:47:03,891 WARNING: Lỗi HTTP 404: Không tim thấy product id - product id: 52659824
2025-09-16 20:47:04,457 WARNING: Lỗi HTTP 429 - product id: 52724015, thử lại 1/3
2025-09-16 20:47:04,600 WARNING: Lỗi HTTP 429 - product id: 52729069, thử lại 1/3
2025-09-16 20:47:04,604 WARNING: Lỗi HTTP 429 - product id: 52729340, thử lại 1/3
2025-09-16 20:47:05,859 WARNING: Lỗi HTTP 429 - product id: 52878783, thử lại 1/3
2025-09-16 20:47:07,758 WARNING: Lỗi HTTP 429 - product id: 53143383, thử lại 1/3
2025-09-16 20:47:07,935 WARNING: Lỗi HTTP 429 - product id: 53184939, thử lại 1/3
2025-09-16 20:47:08,004 WARNING: Lỗi HTTP 429 - product id: 53185705, thử lại 1/3
2025-09-16 20:47:08,069 WARNING: Lỗi HTTP 429 - product id: 53203366, thử lại 1/3
2025-09-16 20:47:08,105 WARNING: Lỗi HTTP 429 - product id: 53211790, thử lại 1/3
2025-09-16 20:47:08,203 WARNING: Lỗi HTTP 429 - product id: 53226552, thử lại 1/3
2025-09-16 20:47:08,344 WARNING: Lỗi HTTP 429 - product id: 53239209, thử lại 1/3
2025-09-16 20:47:08,546 WARNING: Lỗi HTTP 429 - product id: 53251514, thử lại 1/3
2025-09-16 20:47:08,647 WARNING: Lỗi HTTP 429 - product id: 53257942, thử lại 1/3
2025-09-16 20:47:11,276 WARNING: Lỗi HTTP 404: Không tim thấy product id - product id: 53492237
2025-09-16 20:47:11,769 WARNING: Lỗi HTTP 429 - product id: 53610889, thử lại 1/3
2025-09-16 20:47:13,866 INFO: Đã commit batch 25 (1000 sản phẩm)
2025-09-16 20:47:13,897 INFO: Đã ghi 990 sản phẩm vào file crawled_files/products_batch_25_990_ids.csv
2025-09-16 20:47:13,930 INFO: Bắt đầu crawl batch 26 (1000 sản phẩm)
2025-09-16 20:47:14,657 WARNING: Lỗi HTTP 404: Không tim thấy product id - product id: 53837414
2025-09-16 20:47:14,716 WARNING: Lỗi HTTP 404: Không tim thấy product id - product id: 53838886
2025-09-16 20:47:14,750 WARNING: Lỗi HTTP 404: Không tim thấy product id - product id: 53837553
2025-09-16 20:47:14,759 WARNING: Lỗi HTTP 404: Không tim thấy product id - product id: 53836822
2025-09-16 20:47:14,810 WARNING: Lỗi HTTP 404: Không tim thấy product id - product id: 53839583
2025-09-16 20:47:14,853 WARNING: Lỗi HTTP 404: Không tim thấy product id - product id: 53839813
2025-09-16 20:47:14,901 WARNING: Lỗi HTTP 404: Không tim thấy product id - product id: 53840242
2025-09-16 20:47:17,437 WARNING: Lỗi HTTP 429 - product id: 54101202, thử lại 1/3
2025-09-16 20:47:17,998 WARNING: Lỗi HTTP 429 - product id: 54154644, thử lại 1/3
2025-09-16 20:47:18,083 WARNING: Lỗi HTTP 429 - product id: 54346342, thử lại 1/3
2025-09-16 20:47:18,092 WARNING: Lỗi HTTP 429 - product id: 54346349, thử lại 1/3
2025-09-16 20:47:18,093 WARNING: Lỗi HTTP 429 - product id: 54343068, thử lại 1/3
2025-09-16 20:47:18,160 WARNING: Lỗi HTTP 429 - product id: 54346359, thử lại 1/3
2025-09-16 20:47:18,183 WARNING: Lỗi HTTP 429 - product id: 54346382, thử lại 1/3
2025-09-16 20:47:18,229 WARNING: Lỗi HTTP 429 - product id: 54346398, thử lại 1/3
2025-09-16 20:47:18,284 WARNING: Lỗi HTTP 429 - product id: 54346421, thử lại 1/3
2025-09-16 20:47:18,291 WARNING: Lỗi HTTP 429 - product id: 54346425, thử lại 1/3
2025-09-16 20:47:18,383 WARNING: Lỗi HTTP 429 - product id: 54346462, thử lại 1/3
2025-09-16 20:47:18,646 WARNING: Lỗi HTTP 429 - product id: 54349408, thử lại 1/3
2025-09-16 20:47:19,882 WARNING: Lỗi HTTP 404: Không tim thấy product id - product id: 54368341
2025-09-16 20:47:19,901 WARNING: Lỗi HTTP 404: Không tim thấy product id - product id: 54383631
2025-09-16 20:47:19,988 WARNING: Lỗi HTTP 429 - product id: 54389513, thử lại 1/3
2025-09-16 20:47:20,075 WARNING: Lỗi HTTP 404: Không tim thấy product id - product id: 54383608
2025-09-16 20:47:20,102 WARNING: Lỗi HTTP 429 - product id: 54392417, thử lại 1/3
2025-09-16 20:47:20,561 WARNING: Lỗi HTTP 404: Không tim thấy product id - product id: 54393657
2025-09-16 20:47:20,606 WARNING: Lỗi HTTP 404: Không tim thấy product id - product id: 54393665
2025-09-16 20:47:20,679 WARNING: Lỗi HTTP 404: Không tim thấy product id - product id: 54393674
2025-09-16 20:47:21,128 WARNING: Lỗi HTTP 404: Không tim thấy product id - product id: 54393642
2025-09-16 20:47:21,432 WARNING: Lỗi HTTP 429 - product id: 54440382, thử lại 1/3
2025-09-16 20:47:21,497 WARNING: Lỗi HTTP 429 - product id: 54441580, thử lại 1/3
2025-09-16 20:47:21,654 WARNING: Lỗi HTTP 404: Không tim thấy product id - product id: 54442551
2025-09-16 20:47:21,703 WARNING: Lỗi HTTP 404: Không tim thấy product id - product id: 54442554
2025-09-16 20:47:21,996 WARNING: Lỗi HTTP 429 - product id: 54466015, thử lại 1/3
2025-09-16 20:47:22,090 WARNING: Lỗi HTTP 429 - product id: 54473237, thử lại 1/3
2025-09-16 20:47:22,163 WARNING: Lỗi HTTP 404: Không tim thấy product id - product id: 54442572
2025-09-16 20:47:23,603 WARNING: Lỗi HTTP 404: Không tim thấy product id - product id: 54583105
2025-09-16 20:47:24,625 WARNING: Lỗi HTTP 429 - product id: 54672655, thử lại 1/3
2025-09-16 20:47:24,812 WARNING: Lỗi HTTP 429 - product id: 54679564, thử lại 1/3
2025-09-16 20:47:24,919 WARNING: Lỗi HTTP 404: Không tim thấy product id - product id: 54683588
2025-09-16 20:47:25,332 WARNING: Lỗi HTTP 429 - product id: 54718874, thử lại 1/3
2025-09-16 20:47:25,395 WARNING: Lỗi HTTP 429 - product id: 54726220, thử lại 1/3
2025-09-16 20:47:25,485 WARNING: Lỗi HTTP 429 - product id: 54736372, thử lại 1/3
2025-09-16 20:47:25,487 WARNING: Lỗi HTTP 429 - product id: 54737617, thử lại 1/3
2025-09-16 20:47:26,280 WARNING: Lỗi HTTP 404: Không tim thấy product id - product id: 54745696
2025-09-16 20:47:31,055 INFO: Đã commit batch 26 (1000 sản phẩm)
2025-09-16 20:47:31,085 INFO: Đã ghi 980 sản phẩm vào file crawled_files/products_batch_26_980_ids.csv
2025-09-16 20:47:31,120 INFO: Bắt đầu crawl batch 27 (1000 sản phẩm)
2025-09-16 20:47:33,424 WARNING: Lỗi HTTP 429 - product id: 55410852, thử lại 1/3
2025-09-16 20:47:36,231 WARNING: Lỗi HTTP 429 - product id: 55649493, thử lại 1/3
2025-09-16 20:47:36,370 WARNING: Lỗi HTTP 429 - product id: 55654231, thử lại 1/3
2025-09-16 20:47:36,377 WARNING: Lỗi HTTP 429 - product id: 55657101, thử lại 1/3
2025-09-16 20:47:37,230 WARNING: Lỗi HTTP 429 - product id: 55723457, thử lại 1/3
2025-09-16 20:47:37,232 WARNING: Lỗi HTTP 429 - product id: 55724047, thử lại 1/3
2025-09-16 20:47:37,469 WARNING: Lỗi HTTP 429 - product id: 55765471, thử lại 1/3
2025-09-16 20:47:37,522 WARNING: Lỗi HTTP 429 - product id: 55773206, thử lại 1/3
2025-09-16 20:47:37,534 WARNING: Lỗi HTTP 429 - product id: 55775267, thử lại 1/3
2025-09-16 20:47:37,619 WARNING: Lỗi HTTP 429 - product id: 55782725, thử lại 1/3
2025-09-16 20:47:38,396 WARNING: Lỗi HTTP 404: Không tim thấy product id - product id: 55886475
2025-09-16 20:47:40,434 WARNING: Lỗi HTTP 429 - product id: 56085595, thử lại 1/3
2025-09-16 20:47:40,628 WARNING: Lỗi HTTP 429 - product id: 56091420, thử lại 1/3
2025-09-16 20:47:40,934 WARNING: Lỗi HTTP 429 - product id: 56106447, thử lại 1/3
2025-09-16 20:47:41,185 WARNING: Lỗi HTTP 429 - product id: 56170177, thử lại 1/3
2025-09-16 20:47:41,282 WARNING: Lỗi HTTP 429 - product id: 56197297, thử lại 1/3
2025-09-16 20:47:41,912 WARNING: Lỗi HTTP 429 - product id: 56248982, thử lại 1/3
2025-09-16 20:47:41,975 WARNING: Lỗi HTTP 429 - product id: 56251133, thử lại 1/3
2025-09-16 20:47:42,269 WARNING: Lỗi HTTP 429 - product id: 56266412, thử lại 1/3
2025-09-16 20:47:45,267 WARNING: Lỗi HTTP 429 - product id: 56624278, thử lại 1/3
2025-09-16 20:47:45,317 WARNING: Lỗi HTTP 429 - product id: 56636815, thử lại 1/3
2025-09-16 20:47:45,332 WARNING: Lỗi HTTP 429 - product id: 56636839, thử lại 1/3
2025-09-16 20:47:45,380 WARNING: Lỗi HTTP 429 - product id: 56643089, thử lại 1/3
2025-09-16 20:47:45,543 WARNING: Lỗi HTTP 429 - product id: 56651053, thử lại 1/3
2025-09-16 20:47:48,266 INFO: Đã commit batch 27 (1000 sản phẩm)
2025-09-16 20:47:48,296 INFO: Đã ghi 999 sản phẩm vào file crawled_files/products_batch_27_999_ids.csv
2025-09-16 20:47:48,330 INFO: Bắt đầu crawl batch 28 (1000 sản phẩm)
2025-09-16 20:47:52,014 WARNING: Lỗi HTTP 429 - product id: 57342965, thử lại 1/3
2025-09-16 20:47:54,952 WARNING: Lỗi HTTP 404: Không tim thấy product id - product id: 57522629
2025-09-16 20:47:58,253 WARNING: Lỗi HTTP 404: Không tim thấy product id - product id: 57763788
2025-09-16 20:47:59,288 WARNING: Lỗi HTTP 429 - product id: 57837289, thử lại 1/3
2025-09-16 20:47:59,353 WARNING: Lỗi HTTP 429 - product id: 57839551, thử lại 1/3
2025-09-16 20:47:59,432 WARNING: Lỗi HTTP 429 - product id: 57843966, thử lại 1/3
2025-09-16 20:47:59,501 WARNING: Lỗi HTTP 429 - product id: 57845363, thử lại 1/3
2025-09-16 20:48:05,142 INFO: Đã commit batch 28 (1000 sản phẩm)
2025-09-16 20:48:05,170 INFO: Đã ghi 998 sản phẩm vào file crawled_files/products_batch_28_998_ids.csv
2025-09-16 20:48:05,203 INFO: Bắt đầu crawl batch 29 (1000 sản phẩm)
2025-09-16 20:48:08,510 WARNING: Lỗi HTTP 429 - product id: 58391798, thử lại 1/3
2025-09-16 20:48:09,814 WARNING: Lỗi HTTP 429 - product id: 58454297, thử lại 1/3
2025-09-16 20:48:09,887 WARNING: Lỗi HTTP 429 - product id: 58460113, thử lại 1/3
2025-09-16 20:48:09,899 WARNING: Lỗi HTTP 429 - product id: 58460044, thử lại 1/3
2025-09-16 20:48:09,902 WARNING: Lỗi HTTP 429 - product id: 58477866, thử lại 1/3
2025-09-16 20:48:09,968 WARNING: Lỗi HTTP 429 - product id: 58465894, thử lại 1/3
2025-09-16 20:48:10,061 WARNING: Lỗi HTTP 429 - product id: 58472818, thử lại 1/3
2025-09-16 20:48:10,204 WARNING: Lỗi HTTP 429 - product id: 58485629, thử lại 1/3
2025-09-16 20:48:10,419 WARNING: Lỗi HTTP 429 - product id: 58494229, thử lại 1/3
2025-09-16 20:48:10,505 WARNING: Lỗi HTTP 429 - product id: 58497850, thử lại 1/3
2025-09-16 20:48:10,974 WARNING: Lỗi HTTP 429 - product id: 58544041, thử lại 1/3
2025-09-16 20:48:11,006 WARNING: Lỗi HTTP 429 - product id: 58545635, thử lại 1/3
2025-09-16 20:48:11,049 WARNING: Lỗi HTTP 429 - product id: 58548080, thử lại 1/3
2025-09-16 20:48:11,068 WARNING: Lỗi HTTP 429 - product id: 58554542, thử lại 1/3
2025-09-16 20:48:11,116 WARNING: Lỗi HTTP 429 - product id: 58556244, thử lại 1/3
2025-09-16 20:48:11,117 WARNING: Lỗi HTTP 429 - product id: 58556635, thử lại 1/3
2025-09-16 20:48:11,132 WARNING: Lỗi HTTP 429 - product id: 58558092, thử lại 1/3
2025-09-16 20:48:11,152 WARNING: Lỗi HTTP 429 - product id: 58558883, thử lại 1/3
2025-09-16 20:48:11,220 WARNING: Lỗi HTTP 429 - product id: 58562531, thử lại 1/3
2025-09-16 20:48:11,258 WARNING: Lỗi HTTP 429 - product id: 58562579, thử lại 1/3
2025-09-16 20:48:11,307 WARNING: Lỗi HTTP 429 - product id: 58562798, thử lại 1/3
2025-09-16 20:48:18,082 WARNING: Lỗi HTTP 429 - product id: 59053937, thử lại 1/3
2025-09-16 20:48:18,450 WARNING: Lỗi HTTP 429 - product id: 59077879, thử lại 1/3
2025-09-16 20:48:18,699 WARNING: Lỗi HTTP 429 - product id: 59097639, thử lại 1/3
2025-09-16 20:48:18,716 WARNING: Lỗi HTTP 429 - product id: 59098573, thử lại 1/3
2025-09-16 20:48:18,855 WARNING: Lỗi HTTP 429 - product id: 59114254, thử lại 1/3
2025-09-16 20:48:19,672 WARNING: Lỗi HTTP 429 - product id: 59163993, thử lại 1/3
2025-09-16 20:48:19,677 WARNING: Lỗi HTTP 429 - product id: 59167293, thử lại 1/3
2025-09-16 20:48:19,756 WARNING: Lỗi HTTP 429 - product id: 59169262, thử lại 1/3
2025-09-16 20:48:19,769 WARNING: Lỗi HTTP 429 - product id: 59169883, thử lại 1/3
2025-09-16 20:48:22,212 INFO: Đã commit batch 29 (1000 sản phẩm)
2025-09-16 20:48:22,243 INFO: Đã ghi 1000 sản phẩm vào file crawled_files/products_batch_29_1000_ids.csv
2025-09-16 20:48:22,277 INFO: Bắt đầu crawl batch 30 (1000 sản phẩm)
2025-09-16 20:48:25,705 WARNING: Lỗi HTTP 404: Không tim thấy product id - product id: 59478772
2025-09-16 20:48:28,018 WARNING: Lỗi HTTP 429 - product id: 60690807, thử lại 1/3
2025-09-16 20:48:28,034 WARNING: Lỗi HTTP 429 - product id: 60694379, thử lại 1/3
2025-09-16 20:48:28,478 WARNING: Lỗi HTTP 429 - product id: 60857339, thử lại 1/3
2025-09-16 20:48:32,430 WARNING: Lỗi HTTP 429 - product id: 63499455, thử lại 1/3
2025-09-16 20:48:32,489 WARNING: Lỗi HTTP 429 - product id: 63509863, thử lại 1/3
2025-09-16 20:48:32,493 WARNING: Lỗi HTTP 429 - product id: 63518245, thử lại 1/3
2025-09-16 20:48:32,969 WARNING: Lỗi HTTP 404: Không tim thấy product id - product id: 63548262
2025-09-16 20:48:33,129 WARNING: Lỗi HTTP 429 - product id: 63644292, thử lại 1/3
2025-09-16 20:48:33,224 WARNING: Lỗi HTTP 429 - product id: 63677002, thử lại 1/3
2025-09-16 20:48:33,350 WARNING: Lỗi HTTP 404: Không tim thấy product id - product id: 63595377
2025-09-16 20:48:33,361 WARNING: Lỗi HTTP 404: Không tim thấy product id - product id: 63582317
2025-09-16 20:48:33,454 WARNING: Lỗi HTTP 404: Không tim thấy product id - product id: 63507919
2025-09-16 20:48:33,510 WARNING: Lỗi HTTP 404: Không tim thấy product id - product id: 63600586
2025-09-16 20:48:33,951 WARNING: Lỗi HTTP 404: Không tim thấy product id - product id: 63598759
2025-09-16 20:48:34,043 WARNING: Lỗi HTTP 429 - product id: 63938956, thử lại 1/3
2025-09-16 20:48:34,083 WARNING: Lỗi HTTP 429 - product id: 63942163, thử lại 1/3
2025-09-16 20:48:35,121 WARNING: Lỗi HTTP 429 - product id: 64311375, thử lại 1/3
2025-09-16 20:48:35,185 WARNING: Lỗi HTTP 429 - product id: 64324740, thử lại 1/3
2025-09-16 20:48:35,257 WARNING: Lỗi HTTP 429 - product id: 64332520, thử lại 1/3
2025-09-16 20:48:39,545 INFO: Đã commit batch 30 (1000 sản phẩm)
2025-09-16 20:48:39,571 INFO: Đã ghi 993 sản phẩm vào file crawled_files/products_batch_30_993_ids.csv
2025-09-16 20:48:39,607 INFO: Bắt đầu crawl batch 31 (1000 sản phẩm)
2025-09-16 20:48:50,835 WARNING: Lỗi HTTP 429 - product id: 67687753, thử lại 1/3
2025-09-16 20:48:50,902 WARNING: Lỗi HTTP 429 - product id: 67693069, thử lại 1/3
2025-09-16 20:48:50,907 WARNING: Lỗi HTTP 429 - product id: 67693180, thử lại 1/3
2025-09-16 20:48:51,619 WARNING: Lỗi HTTP 429 - product id: 67831561, thử lại 1/3
2025-09-16 20:48:51,713 WARNING: Lỗi HTTP 429 - product id: 67808241, thử lại 1/3
2025-09-16 20:48:52,074 WARNING: Lỗi HTTP 429 - product id: 67847238, thử lại 1/3
2025-09-16 20:48:54,304 WARNING: Lỗi HTTP 429 - product id: 67983717, thử lại 1/3
2025-09-16 20:48:56,858 WARNING: Lỗi HTTP 404: Không tim thấy product id - product id: 68139092
2025-09-16 20:48:57,885 INFO: Đã commit batch 31 (1000 sản phẩm)
2025-09-16 20:48:57,911 INFO: Đã ghi 999 sản phẩm vào file crawled_files/products_batch_31_999_ids.csv
2025-09-16 20:48:57,947 INFO: Bắt đầu crawl batch 32 (1000 sản phẩm)
2025-09-16 20:49:11,068 WARNING: Lỗi HTTP 404: Không tim thấy product id - product id: 69090355
2025-09-16 20:49:14,853 INFO: Đã commit batch 32 (1000 sản phẩm)
2025-09-16 20:49:14,881 INFO: Đã ghi 999 sản phẩm vào file crawled_files/products_batch_32_999_ids.csv
2025-09-16 20:49:14,920 INFO: Bắt đầu crawl batch 33 (1000 sản phẩm)
2025-09-16 20:49:20,523 WARNING: Lỗi HTTP 429 - product id: 70832183, thử lại 1/3
2025-09-16 20:49:20,570 WARNING: Lỗi HTTP 429 - product id: 70832928, thử lại 1/3
2025-09-16 20:49:20,703 WARNING: Lỗi HTTP 429 - product id: 70839686, thử lại 1/3
2025-09-16 20:49:20,804 WARNING: Lỗi HTTP 429 - product id: 70861351, thử lại 1/3
2025-09-16 20:49:20,872 WARNING: Lỗi HTTP 429 - product id: 70880515, thử lại 1/3
2025-09-16 20:49:20,876 WARNING: Lỗi HTTP 429 - product id: 70882604, thử lại 1/3
2025-09-16 20:49:20,992 WARNING: Lỗi HTTP 429 - product id: 70905857, thử lại 1/3
2025-09-16 20:49:21,072 WARNING: Lỗi HTTP 429 - product id: 70931922, thử lại 1/3
2025-09-16 20:49:21,073 WARNING: Lỗi HTTP 429 - product id: 70932909, thử lại 1/3
2025-09-16 20:49:21,123 WARNING: Lỗi HTTP 429 - product id: 70933947, thử lại 1/3
2025-09-16 20:49:21,367 WARNING: Lỗi HTTP 404: Không tim thấy product id - product id: 70806893
2025-09-16 20:49:21,545 WARNING: Lỗi HTTP 404: Không tim thấy product id - product id: 71011303
2025-09-16 20:49:21,548 WARNING: Lỗi HTTP 429 - product id: 71011700, thử lại 1/3
2025-09-16 20:49:21,672 WARNING: Lỗi HTTP 429 - product id: 71021505, thử lại 1/3
2025-09-16 20:49:21,887 WARNING: Lỗi HTTP 429 - product id: 71043991, thử lại 1/3
2025-09-16 20:49:22,033 WARNING: Lỗi HTTP 429 - product id: 71056693, thử lại 1/3
2025-09-16 20:49:22,149 WARNING: Lỗi HTTP 429 - product id: 71058457, thử lại 1/3
2025-09-16 20:49:22,178 WARNING: Lỗi HTTP 429 - product id: 71060826, thử lại 1/3
2025-09-16 20:49:22,727 WARNING: Lỗi HTTP 429 - product id: 70832928, thử lại 2/3
2025-09-16 20:49:23,189 WARNING: Lỗi HTTP 404: Không tim thấy product id - product id: 71092007
2025-09-16 20:49:23,954 WARNING: Lỗi HTTP 404: Không tim thấy product id - product id: 70880515
2025-09-16 20:49:23,992 WARNING: Lỗi HTTP 429 - product id: 71021505, thử lại 2/3
2025-09-16 20:49:24,029 WARNING: Lỗi HTTP 429 - product id: 71168966, thử lại 1/3
2025-09-16 20:49:24,091 WARNING: Lỗi HTTP 429 - product id: 71173599, thử lại 1/3
2025-09-16 20:49:25,422 WARNING: Lỗi HTTP 429 - product id: 71503186, thử lại 1/3
2025-09-16 20:49:25,441 WARNING: Lỗi HTTP 429 - product id: 71503505, thử lại 1/3
2025-09-16 20:49:27,934 WARNING: Lỗi HTTP 429 - product id: 71887999, thử lại 1/3
2025-09-16 20:49:32,011 INFO: Đã commit batch 33 (1000 sản phẩm)
2025-09-16 20:49:32,037 INFO: Đã ghi 996 sản phẩm vào file crawled_files/products_batch_33_996_ids.csv
2025-09-16 20:49:32,070 INFO: Bắt đầu crawl batch 34 (1000 sản phẩm)
2025-09-16 20:49:34,875 WARNING: Lỗi HTTP 429 - product id: 72187262, thử lại 1/3
2025-09-16 20:49:34,921 WARNING: Lỗi HTTP 429 - product id: 72193528, thử lại 1/3
2025-09-16 20:49:35,248 WARNING: Lỗi HTTP 429 - product id: 72215435, thử lại 1/3
2025-09-16 20:49:38,387 WARNING: Lỗi HTTP 429 - product id: 72516951, thử lại 1/3
2025-09-16 20:49:41,422 WARNING: Lỗi HTTP 429 - product id: 72648804, thử lại 1/3
2025-09-16 20:49:41,542 WARNING: Lỗi HTTP 429 - product id: 72657501, thử lại 1/3
2025-09-16 20:49:41,848 WARNING: Lỗi HTTP 429 - product id: 72670141, thử lại 1/3
2025-09-16 20:49:41,853 WARNING: Lỗi HTTP 429 - product id: 72669794, thử lại 1/3
2025-09-16 20:49:41,877 WARNING: Lỗi HTTP 429 - product id: 72673247, thử lại 1/3
2025-09-16 20:49:41,921 WARNING: Lỗi HTTP 429 - product id: 72680828, thử lại 1/3
2025-09-16 20:49:41,979 WARNING: Lỗi HTTP 429 - product id: 72684721, thử lại 1/3
2025-09-16 20:49:42,176 WARNING: Lỗi HTTP 429 - product id: 72688928, thử lại 1/3
2025-09-16 20:49:42,176 WARNING: Lỗi HTTP 429 - product id: 72688657, thử lại 1/3
2025-09-16 20:49:42,304 WARNING: Lỗi HTTP 429 - product id: 72692641, thử lại 1/3
2025-09-16 20:49:42,826 WARNING: Lỗi HTTP 429 - product id: 72725432, thử lại 1/3
2025-09-16 20:49:42,830 WARNING: Lỗi HTTP 429 - product id: 72725733, thử lại 1/3
2025-09-16 20:49:42,964 WARNING: Lỗi HTTP 429 - product id: 72728396, thử lại 1/3
2025-09-16 20:49:43,063 WARNING: Lỗi HTTP 429 - product id: 72736262, thử lại 1/3
2025-09-16 20:49:43,078 WARNING: Lỗi HTTP 429 - product id: 72737615, thử lại 1/3
2025-09-16 20:49:43,622 WARNING: Lỗi HTTP 429 - product id: 72749782, thử lại 1/3
2025-09-16 20:49:46,325 WARNING: Lỗi HTTP 429 - product id: 72875471, thử lại 1/3
2025-09-16 20:49:46,479 WARNING: Lỗi HTTP 429 - product id: 72887195, thử lại 1/3
2025-09-16 20:49:46,485 WARNING: Lỗi HTTP 429 - product id: 72890023, thử lại 1/3
2025-09-16 20:49:46,488 WARNING: Lỗi HTTP 429 - product id: 72887090, thử lại 1/3
2025-09-16 20:49:46,667 WARNING: Lỗi HTTP 429 - product id: 72900883, thử lại 1/3
2025-09-16 20:49:49,142 INFO: Đã commit batch 34 (1000 sản phẩm)
2025-09-16 20:49:49,171 INFO: Đã ghi 1000 sản phẩm vào file crawled_files/products_batch_34_1000_ids.csv
2025-09-16 20:49:49,204 INFO: Bắt đầu crawl batch 35 (1000 sản phẩm)
2025-09-16 20:49:51,954 WARNING: Lỗi HTTP 429 - product id: 73251529, thử lại 1/3
2025-09-16 20:49:51,967 WARNING: Lỗi HTTP 429 - product id: 73251551, thử lại 1/3
2025-09-16 20:49:52,022 WARNING: Lỗi HTTP 429 - product id: 73252887, thử lại 1/3
2025-09-16 20:49:52,104 WARNING: Lỗi HTTP 429 - product id: 73254137, thử lại 1/3
2025-09-16 20:49:56,703 WARNING: Lỗi HTTP 429 - product id: 73506491, thử lại 1/3
2025-09-16 20:49:56,713 WARNING: Lỗi HTTP 429 - product id: 73506592, thử lại 1/3
2025-09-16 20:49:58,276 WARNING: Lỗi HTTP 404: Không tim thấy product id - product id: 73544502
2025-09-16 20:50:02,007 WARNING: Lỗi HTTP 429 - product id: 73752844, thử lại 1/3
2025-09-16 20:50:02,070 WARNING: Lỗi HTTP 429 - product id: 73758353, thử lại 1/3
2025-09-16 20:50:02,113 WARNING: Lỗi HTTP 429 - product id: 73759501, thử lại 1/3
2025-09-16 20:50:02,137 WARNING: Lỗi HTTP 429 - product id: 73759906, thử lại 1/3
2025-09-16 20:50:02,835 WARNING: Lỗi HTTP 429 - product id: 73797070, thử lại 1/3
2025-09-16 20:50:02,964 WARNING: Lỗi HTTP 429 - product id: 73808612, thử lại 1/3
2025-09-16 20:50:03,274 WARNING: Lỗi HTTP 429 - product id: 73815523, thử lại 1/3
2025-09-16 20:50:03,382 WARNING: Lỗi HTTP 429 - product id: 73821807, thử lại 1/3
2025-09-16 20:50:03,416 WARNING: Lỗi HTTP 429 - product id: 73822394, thử lại 1/3
2025-09-16 20:50:03,612 WARNING: Lỗi HTTP 429 - product id: 73826776, thử lại 1/3
2025-09-16 20:50:04,072 WARNING: Lỗi HTTP 429 - product id: 73832899, thử lại 1/3
2025-09-16 20:50:04,389 WARNING: Lỗi HTTP 429 - product id: 73843579, thử lại 1/3
2025-09-16 20:50:06,486 INFO: Đã commit batch 35 (1000 sản phẩm)
2025-09-16 20:50:06,515 INFO: Đã ghi 999 sản phẩm vào file crawled_files/products_batch_35_999_ids.csv
2025-09-16 20:50:06,549 INFO: Bắt đầu crawl batch 36 (1000 sản phẩm)
2025-09-16 20:50:08,104 WARNING: Lỗi HTTP 429 - product id: 73987355, thử lại 1/3
2025-09-16 20:50:08,163 WARNING: Lỗi HTTP 429 - product id: 73994398, thử lại 1/3
2025-09-16 20:50:13,447 WARNING: Lỗi HTTP 429 - product id: 74387348, thử lại 1/3
2025-09-16 20:50:14,110 WARNING: Lỗi HTTP 429 - product id: 74441253, thử lại 1/3
2025-09-16 20:50:14,121 WARNING: Lỗi HTTP 429 - product id: 74441380, thử lại 1/3
2025-09-16 20:50:14,189 WARNING: Lỗi HTTP 429 - product id: 74443763, thử lại 1/3
2025-09-16 20:50:14,200 WARNING: Lỗi HTTP 429 - product id: 74443873, thử lại 1/3
2025-09-16 20:50:14,257 WARNING: Lỗi HTTP 429 - product id: 74445778, thử lại 1/3
2025-09-16 20:50:14,272 WARNING: Lỗi HTTP 429 - product id: 74446689, thử lại 1/3
2025-09-16 20:50:14,274 WARNING: Lỗi HTTP 404: Không tim thấy product id - product id: 74421745
2025-09-16 20:50:14,323 WARNING: Lỗi HTTP 429 - product id: 74448144, thử lại 1/3
2025-09-16 20:50:14,412 WARNING: Lỗi HTTP 429 - product id: 74457907, thử lại 1/3
2025-09-16 20:50:16,254 WARNING: Lỗi HTTP 404: Không tim thấy product id - product id: 74532664
2025-09-16 20:50:17,407 WARNING: Lỗi HTTP 404: Không tim thấy product id - product id: 74443873
2025-09-16 20:50:17,888 WARNING: Lỗi HTTP 404: Không tim thấy product id - product id: 74571640
2025-09-16 20:50:23,494 INFO: Đã commit batch 36 (1000 sản phẩm)
2025-09-16 20:50:23,525 INFO: Đã ghi 996 sản phẩm vào file crawled_files/products_batch_36_996_ids.csv
2025-09-16 20:50:23,563 INFO: Bắt đầu crawl batch 37 (1000 sản phẩm)
2025-09-16 20:50:28,472 WARNING: Lỗi HTTP 429 - product id: 75438140, thử lại 1/3
2025-09-16 20:50:29,924 WARNING: Lỗi HTTP 429 - product id: 75539044, thử lại 1/3
2025-09-16 20:50:29,988 WARNING: Lỗi HTTP 429 - product id: 75542925, thử lại 1/3
2025-09-16 20:50:30,036 WARNING: Lỗi HTTP 429 - product id: 75548897, thử lại 1/3
2025-09-16 20:50:30,096 WARNING: Lỗi HTTP 429 - product id: 75551858, thử lại 1/3
2025-09-16 20:50:30,321 WARNING: Lỗi HTTP 429 - product id: 75558325, thử lại 1/3
2025-09-16 20:50:31,231 WARNING: Lỗi HTTP 429 - product id: 75618160, thử lại 1/3
2025-09-16 20:50:31,373 WARNING: Lỗi HTTP 429 - product id: 75620679, thử lại 1/3
2025-09-16 20:50:31,403 WARNING: Lỗi HTTP 429 - product id: 75627242, thử lại 1/3
2025-09-16 20:50:31,466 WARNING: Lỗi HTTP 429 - product id: 75629411, thử lại 1/3
2025-09-16 20:50:31,467 WARNING: Lỗi HTTP 429 - product id: 75629537, thử lại 1/3
2025-09-16 20:50:31,533 WARNING: Lỗi HTTP 429 - product id: 75630887, thử lại 1/3
2025-09-16 20:50:31,850 WARNING: Lỗi HTTP 429 - product id: 75635280, thử lại 1/3
2025-09-16 20:50:31,899 WARNING: Lỗi HTTP 429 - product id: 75636340, thử lại 1/3
2025-09-16 20:50:34,932 WARNING: Lỗi HTTP 404: Không tim thấy product id - product id: 75769663
2025-09-16 20:50:36,503 WARNING: Lỗi HTTP 429 - product id: 75987772, thử lại 1/3
2025-09-16 20:50:36,573 WARNING: Lỗi HTTP 429 - product id: 75992645, thử lại 1/3
2025-09-16 20:50:40,625 INFO: Đã commit batch 37 (1000 sản phẩm)
2025-09-16 20:50:40,659 INFO: Đã ghi 999 sản phẩm vào file crawled_files/products_batch_37_999_ids.csv
2025-09-16 20:50:40,704 INFO: Bắt đầu crawl batch 38 (1000 sản phẩm)
2025-09-16 20:50:43,464 WARNING: Lỗi HTTP 429 - product id: 76274225, thử lại 1/3
2025-09-16 20:50:43,574 WARNING: Lỗi HTTP 429 - product id: 76277429, thử lại 1/3
2025-09-16 20:50:43,658 WARNING: Lỗi HTTP 429 - product id: 76278731, thử lại 1/3
2025-09-16 20:50:43,674 WARNING: Lỗi HTTP 429 - product id: 76278300, thử lại 1/3
2025-09-16 20:50:45,736 WARNING: Lỗi HTTP 404: Không tim thấy product id - product id: 76359080
2025-09-16 20:50:47,358 WARNING: Lỗi HTTP 429 - product id: 76477878, thử lại 1/3
2025-09-16 20:50:47,410 WARNING: Lỗi HTTP 429 - product id: 76479072, thử lại 1/3
2025-09-16 20:50:47,808 WARNING: Lỗi HTTP 429 - product id: 76514210, thử lại 1/3
2025-09-16 20:50:47,915 WARNING: Lỗi HTTP 429 - product id: 76517930, thử lại 1/3
2025-09-16 20:50:48,403 WARNING: Lỗi HTTP 429 - product id: 76545460, thử lại 1/3
2025-09-16 20:50:48,448 WARNING: Lỗi HTTP 429 - product id: 76545790, thử lại 1/3
2025-09-16 20:50:48,455 WARNING: Lỗi HTTP 429 - product id: 76546193, thử lại 1/3
2025-09-16 20:50:48,497 WARNING: Lỗi HTTP 429 - product id: 76551511, thử lại 1/3
2025-09-16 20:50:48,502 WARNING: Lỗi HTTP 429 - product id: 76552177, thử lại 1/3
2025-09-16 20:50:48,555 WARNING: Lỗi HTTP 429 - product id: 76562225, thử lại 1/3
2025-09-16 20:50:48,567 WARNING: Lỗi HTTP 429 - product id: 76566751, thử lại 1/3
2025-09-16 20:50:48,612 WARNING: Lỗi HTTP 429 - product id: 76582439, thử lại 1/3
2025-09-16 20:50:48,630 WARNING: Lỗi HTTP 429 - product id: 76582969, thử lại 1/3
2025-09-16 20:50:48,652 WARNING: Lỗi HTTP 429 - product id: 76587366, thử lại 1/3
2025-09-16 20:50:48,744 WARNING: Lỗi HTTP 429 - product id: 76600311, thử lại 1/3
2025-09-16 20:50:52,399 WARNING: Lỗi HTTP 429 - product id: 77038443, thử lại 1/3
2025-09-16 20:50:52,871 WARNING: Lỗi HTTP 429 - product id: 77090561, thử lại 1/3
2025-09-16 20:50:52,907 WARNING: Lỗi HTTP 429 - product id: 77093451, thử lại 1/3
2025-09-16 20:50:52,910 WARNING: Lỗi HTTP 429 - product id: 77093084, thử lại 1/3
2025-09-16 20:50:52,948 WARNING: Lỗi HTTP 429 - product id: 77103958, thử lại 1/3
2025-09-16 20:50:52,965 WARNING: Lỗi HTTP 429 - product id: 77105858, thử lại 1/3
2025-09-16 20:50:52,971 WARNING: Lỗi HTTP 429 - product id: 77106168, thử lại 1/3
2025-09-16 20:50:53,096 WARNING: Lỗi HTTP 429 - product id: 77117298, thử lại 1/3
2025-09-16 20:50:53,560 WARNING: Lỗi HTTP 429 - product id: 77138151, thử lại 1/3
2025-09-16 20:50:53,601 WARNING: Lỗi HTTP 429 - product id: 77149875, thử lại 1/3
2025-09-16 20:50:53,662 WARNING: Lỗi HTTP 429 - product id: 77149279, thử lại 1/3
2025-09-16 20:50:54,007 WARNING: Lỗi HTTP 429 - product id: 77154551, thử lại 1/3
2025-09-16 20:50:54,185 WARNING: Lỗi HTTP 429 - product id: 77156457, thử lại 1/3
2025-09-16 20:50:54,220 WARNING: Lỗi HTTP 429 - product id: 77156463, thử lại 1/3
2025-09-16 20:50:54,249 WARNING: Lỗi HTTP 429 - product id: 77157010, thử lại 1/3
2025-09-16 20:50:54,954 WARNING: Lỗi HTTP 429 - product id: 77232222, thử lại 1/3
2025-09-16 20:50:54,957 WARNING: Lỗi HTTP 429 - product id: 77239171, thử lại 1/3
2025-09-16 20:50:55,003 WARNING: Lỗi HTTP 429 - product id: 77240026, thử lại 1/3
2025-09-16 20:50:56,259 WARNING: Lỗi HTTP 429 - product id: 77445689, thử lại 1/3
2025-09-16 20:50:56,398 WARNING: Lỗi HTTP 429 - product id: 77446293, thử lại 1/3
2025-09-16 20:50:56,462 WARNING: Lỗi HTTP 429 - product id: 77446713, thử lại 1/3
2025-09-16 20:50:58,555 INFO: Đã commit batch 38 (1000 sản phẩm)
2025-09-16 20:50:58,585 INFO: Đã ghi 999 sản phẩm vào file crawled_files/products_batch_38_999_ids.csv
2025-09-16 20:50:58,621 INFO: Bắt đầu crawl batch 39 (1000 sản phẩm)
2025-09-16 20:51:00,474 WARNING: Lỗi HTTP 429 - product id: 77633321, thử lại 1/3
2025-09-16 20:51:00,784 WARNING: Lỗi HTTP 429 - product id: 77656518, thử lại 1/3
2025-09-16 20:51:01,150 WARNING: Lỗi HTTP 429 - product id: 77682330, thử lại 1/3
2025-09-16 20:51:01,307 WARNING: Lỗi HTTP 429 - product id: 77680537, thử lại 1/3
2025-09-16 20:51:02,251 WARNING: Lỗi HTTP 404: Không tim thấy product id - product id: 77718785
2025-09-16 20:51:04,065 WARNING: Lỗi HTTP 404: Không tim thấy product id - product id: 77879001
2025-09-16 20:51:09,038 WARNING: Lỗi HTTP 429 - product id: 78912258, thử lại 1/3
2025-09-16 20:51:09,049 WARNING: Lỗi HTTP 429 - product id: 78912668, thử lại 1/3
2025-09-16 20:51:09,138 WARNING: Lỗi HTTP 429 - product id: 78919954, thử lại 1/3
2025-09-16 20:51:09,327 WARNING: Lỗi HTTP 429 - product id: 78945080, thử lại 1/3
2025-09-16 20:51:09,371 WARNING: Lỗi HTTP 429 - product id: 78945538, thử lại 1/3
2025-09-16 20:51:09,377 WARNING: Lỗi HTTP 429 - product id: 78945599, thử lại 1/3
2025-09-16 20:51:09,561 WARNING: Lỗi HTTP 429 - product id: 78954483, thử lại 1/3
2025-09-16 20:51:09,723 WARNING: Lỗi HTTP 429 - product id: 78960352, thử lại 1/3
2025-09-16 20:51:09,788 WARNING: Lỗi HTTP 429 - product id: 78964059, thử lại 1/3
2025-09-16 20:51:09,850 WARNING: Lỗi HTTP 429 - product id: 78966464, thử lại 1/3
2025-09-16 20:51:09,902 WARNING: Lỗi HTTP 429 - product id: 78956549, thử lại 1/3
2025-09-16 20:51:10,061 WARNING: Lỗi HTTP 429 - product id: 78967590, thử lại 1/3
2025-09-16 20:51:11,826 WARNING: Lỗi HTTP 429 - product id: 79322464, thử lại 1/3
2025-09-16 20:51:13,600 WARNING: Lỗi HTTP 429 - product id: 79628400, thử lại 1/3
2025-09-16 20:51:13,626 WARNING: Lỗi HTTP 429 - product id: 79633959, thử lại 1/3
2025-09-16 20:51:15,737 INFO: Đã commit batch 39 (1000 sản phẩm)
2025-09-16 20:51:15,767 INFO: Đã ghi 998 sản phẩm vào file crawled_files/products_batch_39_998_ids.csv
2025-09-16 20:51:15,800 INFO: Bắt đầu crawl batch 40 (1000 sản phẩm)
2025-09-16 20:51:17,910 WARNING: Lỗi HTTP 429 - product id: 80217466, thử lại 1/3
2025-09-16 20:51:18,013 WARNING: Lỗi HTTP 429 - product id: 80258097, thử lại 1/3
2025-09-16 20:51:18,018 WARNING: Lỗi HTTP 429 - product id: 80252891, thử lại 1/3
2025-09-16 20:51:18,103 WARNING: Lỗi HTTP 429 - product id: 80305133, thử lại 1/3
2025-09-16 20:51:18,225 WARNING: Lỗi HTTP 404: Không tim thấy product id - product id: 80021389
2025-09-16 20:51:18,257 WARNING: Lỗi HTTP 429 - product id: 80370993, thử lại 1/3
2025-09-16 20:51:20,254 WARNING: Lỗi HTTP 429 - product id: 80660235, thử lại 1/3
2025-09-16 20:51:20,355 WARNING: Lỗi HTTP 429 - product id: 80668228, thử lại 1/3
2025-09-16 20:51:20,663 WARNING: Lỗi HTTP 429 - product id: 80698974, thử lại 1/3
2025-09-16 20:51:21,298 WARNING: Lỗi HTTP 429 - product id: 80768650, thử lại 1/3
2025-09-16 20:51:21,354 WARNING: Lỗi HTTP 404: Không tim thấy product id - product id: 80665479
2025-09-16 20:51:22,269 WARNING: Lỗi HTTP 429 - product id: 80935562, thử lại 1/3
2025-09-16 20:51:22,450 WARNING: Lỗi HTTP 429 - product id: 80947522, thử lại 1/3
2025-09-16 20:51:23,108 WARNING: Lỗi HTTP 429 - product id: 80982954, thử lại 1/3
2025-09-16 20:51:23,283 WARNING: Lỗi HTTP 429 - product id: 81074727, thử lại 1/3
2025-09-16 20:51:24,148 WARNING: Lỗi HTTP 429 - product id: 81132356, thử lại 1/3
2025-09-16 20:51:28,187 WARNING: Lỗi HTTP 429 - product id: 81642136, thử lại 1/3
2025-09-16 20:51:28,196 WARNING: Lỗi HTTP 429 - product id: 81643345, thử lại 1/3
2025-09-16 20:51:28,307 WARNING: Lỗi HTTP 429 - product id: 81645020, thử lại 1/3
2025-09-16 20:51:33,143 INFO: Đã commit batch 40 (1000 sản phẩm)
2025-09-16 20:51:33,174 INFO: Đã ghi 998 sản phẩm vào file crawled_files/products_batch_40_998_ids.csv
2025-09-16 20:51:33,208 INFO: Bắt đầu crawl batch 41 (1000 sản phẩm)
2025-09-16 20:51:35,009 WARNING: Lỗi HTTP 429 - product id: 82502661, thử lại 1/3
2025-09-16 20:51:35,070 WARNING: Lỗi HTTP 429 - product id: 82502804, thử lại 1/3
2025-09-16 20:51:35,076 WARNING: Lỗi HTTP 429 - product id: 82502759, thử lại 1/3
2025-09-16 20:51:35,083 WARNING: Lỗi HTTP 429 - product id: 82502792, thử lại 1/3
2025-09-16 20:51:35,221 WARNING: Lỗi HTTP 429 - product id: 82502644, thử lại 1/3
2025-09-16 20:51:35,831 WARNING: Lỗi HTTP 429 - product id: 82503087, thử lại 1/3
2025-09-16 20:51:36,606 WARNING: Lỗi HTTP 429 - product id: 82503569, thử lại 1/3
2025-09-16 20:51:36,613 WARNING: Lỗi HTTP 429 - product id: 82503584, thử lại 1/3
2025-09-16 20:51:36,826 WARNING: Lỗi HTTP 429 - product id: 82503652, thử lại 1/3
2025-09-16 20:51:37,114 WARNING: Lỗi HTTP 429 - product id: 82513809, thử lại 1/3
2025-09-16 20:51:37,152 WARNING: Lỗi HTTP 429 - product id: 82514193, thử lại 1/3
2025-09-16 20:51:38,516 WARNING: Lỗi HTTP 429 - product id: 82702745, thử lại 1/3
2025-09-16 20:51:39,534 WARNING: Lỗi HTTP 429 - product id: 82514193, thử lại 2/3
2025-09-16 20:51:41,672 WARNING: Lỗi HTTP 429 - product id: 82909884, thử lại 1/3
2025-09-16 20:51:41,757 WARNING: Lỗi HTTP 429 - product id: 82910036, thử lại 1/3
2025-09-16 20:51:41,822 WARNING: Lỗi HTTP 429 - product id: 82910083, thử lại 1/3
2025-09-16 20:51:41,823 WARNING: Lỗi HTTP 429 - product id: 82910094, thử lại 1/3
2025-09-16 20:51:41,914 WARNING: Lỗi HTTP 429 - product id: 82910135, thử lại 1/3
2025-09-16 20:51:44,431 WARNING: Lỗi HTTP 404: Không tim thấy product id - product id: 82921009
2025-09-16 20:51:45,861 WARNING: Lỗi HTTP 429 - product id: 83161698, thử lại 1/3
2025-09-16 20:51:45,870 WARNING: Lỗi HTTP 429 - product id: 83162343, thử lại 1/3
2025-09-16 20:51:46,524 WARNING: Lỗi HTTP 429 - product id: 83400905, thử lại 1/3
2025-09-16 20:51:46,889 WARNING: Lỗi HTTP 429 - product id: 83423407, thử lại 1/3
2025-09-16 20:51:48,746 WARNING: Lỗi HTTP 429 - product id: 83605398, thử lại 1/3
2025-09-16 20:51:49,481 WARNING: Lỗi HTTP 429 - product id: 83665733, thử lại 1/3
2025-09-16 20:51:51,593 WARNING: Lỗi HTTP 404: Không tim thấy product id - product id: 83665733
2025-09-16 20:51:51,597 INFO: Đã commit batch 41 (1000 sản phẩm)
2025-09-16 20:51:51,625 INFO: Đã ghi 998 sản phẩm vào file crawled_files/products_batch_41_998_ids.csv
2025-09-16 20:51:51,658 INFO: Bắt đầu crawl batch 42 (1000 sản phẩm)
2025-09-16 20:51:52,935 WARNING: Lỗi HTTP 404: Không tim thấy product id - product id: 83743179
2025-09-16 20:51:53,851 WARNING: Lỗi HTTP 404: Không tim thấy product id - product id: 83788044
2025-09-16 20:51:54,505 WARNING: Lỗi HTTP 404: Không tim thấy product id - product id: 83910574
2025-09-16 20:51:54,830 WARNING: Lỗi HTTP 404: Không tim thấy product id - product id: 83930047
2025-09-16 20:51:56,859 WARNING: Lỗi HTTP 429 - product id: 83939860, thử lại 1/3
2025-09-16 20:51:57,270 WARNING: Lỗi HTTP 429 - product id: 83940535, thử lại 1/3
2025-09-16 20:51:57,507 WARNING: Lỗi HTTP 429 - product id: 83940757, thử lại 1/3
2025-09-16 20:51:57,603 WARNING: Lỗi HTTP 429 - product id: 83940908, thử lại 1/3
2025-09-16 20:51:57,713 WARNING: Lỗi HTTP 429 - product id: 83941345, thử lại 1/3
2025-09-16 20:51:57,954 WARNING: Lỗi HTTP 429 - product id: 83941325, thử lại 1/3
2025-09-16 20:51:57,961 WARNING: Lỗi HTTP 429 - product id: 83941308, thử lại 1/3
2025-09-16 20:51:58,016 WARNING: Lỗi HTTP 429 - product id: 83941432, thử lại 1/3
2025-09-16 20:51:58,111 WARNING: Lỗi HTTP 429 - product id: 83941509, thử lại 1/3
2025-09-16 20:51:58,468 WARNING: Lỗi HTTP 429 - product id: 83941981, thử lại 1/3
2025-09-16 20:51:58,988 WARNING: Lỗi HTTP 429 - product id: 84160381, thử lại 1/3
2025-09-16 20:51:59,066 WARNING: Lỗi HTTP 429 - product id: 83939860, thử lại 2/3
2025-09-16 20:51:59,406 WARNING: Lỗi HTTP 429 - product id: 84211118, thử lại 1/3
2025-09-16 20:51:59,468 WARNING: Lỗi HTTP 429 - product id: 84230144, thử lại 1/3
2025-09-16 20:51:59,576 WARNING: Lỗi HTTP 429 - product id: 84268087, thử lại 1/3
2025-09-16 20:52:01,486 WARNING: Lỗi HTTP 429 - product id: 84466095, thử lại 1/3
2025-09-16 20:52:01,517 WARNING: Lỗi HTTP 429 - product id: 84469920, thử lại 1/3
2025-09-16 20:52:01,527 WARNING: Lỗi HTTP 429 - product id: 84470070, thử lại 1/3
2025-09-16 20:52:01,610 WARNING: Lỗi HTTP 429 - product id: 84471605, thử lại 1/3
2025-09-16 20:52:03,257 WARNING: Lỗi HTTP 404: Không tim thấy product id - product id: 84549047
2025-09-16 20:52:05,813 WARNING: Lỗi HTTP 429 - product id: 84738401, thử lại 1/3
2025-09-16 20:52:05,819 WARNING: Lỗi HTTP 429 - product id: 84738405, thử lại 1/3
2025-09-16 20:52:06,175 WARNING: Lỗi HTTP 429 - product id: 84738491, thử lại 1/3
2025-09-16 20:52:06,429 WARNING: Lỗi HTTP 429 - product id: 84738481, thử lại 1/3
2025-09-16 20:52:07,226 WARNING: Lỗi HTTP 429 - product id: 84762105, thử lại 1/3
2025-09-16 20:52:09,354 INFO: Đã commit batch 42 (1000 sản phẩm)
2025-09-16 20:52:09,376 INFO: Đã ghi 995 sản phẩm vào file crawled_files/products_batch_42_995_ids.csv
2025-09-16 20:52:09,409 INFO: Bắt đầu crawl batch 43 (1000 sản phẩm)
2025-09-16 20:52:14,685 WARNING: Lỗi HTTP 429 - product id: 85305828, thử lại 1/3
2025-09-16 20:52:14,713 WARNING: Lỗi HTTP 429 - product id: 85307831, thử lại 1/3
2025-09-16 20:52:14,735 WARNING: Lỗi HTTP 429 - product id: 85344803, thử lại 1/3
2025-09-16 20:52:15,112 WARNING: Lỗi HTTP 429 - product id: 85373783, thử lại 1/3
2025-09-16 20:52:15,268 WARNING: Lỗi HTTP 429 - product id: 85377195, thử lại 1/3
2025-09-16 20:52:16,020 WARNING: Lỗi HTTP 429 - product id: 85678493, thử lại 1/3
2025-09-16 20:52:21,656 WARNING: Lỗi HTTP 429 - product id: 86397219, thử lại 1/3
2025-09-16 20:52:23,767 WARNING: Lỗi HTTP 429 - product id: 86630316, thử lại 1/3
2025-09-16 20:52:26,623 INFO: Đã commit batch 43 (1000 sản phẩm)
2025-09-16 20:52:26,649 INFO: Đã ghi 1000 sản phẩm vào file crawled_files/products_batch_43_1000_ids.csv
2025-09-16 20:52:26,684 INFO: Bắt đầu crawl batch 44 (1000 sản phẩm)
2025-09-16 20:52:27,934 WARNING: Lỗi HTTP 429 - product id: 87216940, thử lại 1/3
2025-09-16 20:52:27,994 WARNING: Lỗi HTTP 429 - product id: 87217294, thử lại 1/3
2025-09-16 20:52:28,159 WARNING: Lỗi HTTP 429 - product id: 87218080, thử lại 1/3
2025-09-16 20:52:31,183 WARNING: Lỗi HTTP 404: Không tim thấy product id - product id: 87547798
2025-09-16 20:52:31,380 WARNING: Lỗi HTTP 404: Không tim thấy product id - product id: 87550755
2025-09-16 20:52:31,465 WARNING: Lỗi HTTP 404: Không tim thấy product id - product id: 87548184
2025-09-16 20:52:31,479 WARNING: Lỗi HTTP 404: Không tim thấy product id - product id: 87551805
2025-09-16 20:52:31,481 WARNING: Lỗi HTTP 404: Không tim thấy product id - product id: 87549039
2025-09-16 20:52:31,606 WARNING: Lỗi HTTP 404: Không tim thấy product id - product id: 87548845
2025-09-16 20:52:31,618 WARNING: Lỗi HTTP 404: Không tim thấy product id - product id: 87550859
2025-09-16 20:52:31,654 WARNING: Lỗi HTTP 404: Không tim thấy product id - product id: 87549360
2025-09-16 20:52:31,657 WARNING: Lỗi HTTP 404: Không tim thấy product id - product id: 87554029
2025-09-16 20:52:31,756 WARNING: Lỗi HTTP 404: Không tim thấy product id - product id: 87552652
2025-09-16 20:52:31,818 WARNING: Lỗi HTTP 404: Không tim thấy product id - product id: 87553574
2025-09-16 20:52:31,836 WARNING: Lỗi HTTP 404: Không tim thấy product id - product id: 87555421
2025-09-16 20:52:31,919 WARNING: Lỗi HTTP 404: Không tim thấy product id - product id: 87552969
2025-09-16 20:52:31,924 WARNING: Lỗi HTTP 404: Không tim thấy product id - product id: 87556401
2025-09-16 20:52:32,006 WARNING: Lỗi HTTP 404: Không tim thấy product id - product id: 87553797
2025-09-16 20:52:32,007 WARNING: Lỗi HTTP 404: Không tim thấy product id - product id: 87557001
2025-09-16 20:52:32,082 WARNING: Lỗi HTTP 404: Không tim thấy product id - product id: 87558163
2025-09-16 20:52:32,157 WARNING: Lỗi HTTP 404: Không tim thấy product id - product id: 87555783
2025-09-16 20:52:32,157 WARNING: Lỗi HTTP 404: Không tim thấy product id - product id: 87558397
2025-09-16 20:52:32,207 WARNING: Lỗi HTTP 404: Không tim thấy product id - product id: 87557157
2025-09-16 20:52:32,210 WARNING: Lỗi HTTP 404: Không tim thấy product id - product id: 87560124
2025-09-16 20:52:32,306 WARNING: Lỗi HTTP 404: Không tim thấy product id - product id: 87563213
2025-09-16 20:52:32,458 WARNING: Lỗi HTTP 404: Không tim thấy product id - product id: 87564818
2025-09-16 20:52:34,960 WARNING: Lỗi HTTP 404: Không tim thấy product id - product id: 87771852
2025-09-16 20:52:35,810 WARNING: Lỗi HTTP 404: Không tim thấy product id - product id: 87851730
2025-09-16 20:52:35,869 WARNING: Lỗi HTTP 404: Không tim thấy product id - product id: 87851737
2025-09-16 20:52:36,007 WARNING: Lỗi HTTP 404: Không tim thấy product id - product id: 87851659
2025-09-16 20:52:36,064 WARNING: Lỗi HTTP 404: Không tim thấy product id - product id: 87851756
2025-09-16 20:52:36,239 WARNING: Lỗi HTTP 429 - product id: 87932948, thử lại 1/3
2025-09-16 20:52:37,488 WARNING: Lỗi HTTP 429 - product id: 88043507, thử lại 1/3
2025-09-16 20:52:37,488 WARNING: Lỗi HTTP 429 - product id: 88046467, thử lại 1/3
2025-09-16 20:52:37,564 WARNING: Lỗi HTTP 429 - product id: 88048884, thử lại 1/3
2025-09-16 20:52:37,600 WARNING: Lỗi HTTP 429 - product id: 88053296, thử lại 1/3
2025-09-16 20:52:37,644 WARNING: Lỗi HTTP 429 - product id: 88076013, thử lại 1/3
2025-09-16 20:52:37,722 WARNING: Lỗi HTTP 429 - product id: 88081905, thử lại 1/3
2025-09-16 20:52:37,741 WARNING: Lỗi HTTP 429 - product id: 88082764, thử lại 1/3
2025-09-16 20:52:37,774 WARNING: Lỗi HTTP 429 - product id: 88083785, thử lại 1/3
2025-09-16 20:52:37,796 WARNING: Lỗi HTTP 429 - product id: 88084325, thử lại 1/3
2025-09-16 20:52:38,034 WARNING: Lỗi HTTP 429 - product id: 88191600, thử lại 1/3
2025-09-16 20:52:38,251 WARNING: Lỗi HTTP 404: Không tim thấy product id - product id: 88096885
2025-09-16 20:52:43,888 INFO: Đã commit batch 44 (1000 sản phẩm)
2025-09-16 20:52:43,914 INFO: Đã ghi 971 sản phẩm vào file crawled_files/products_batch_44_971_ids.csv
2025-09-16 20:52:43,947 INFO: Bắt đầu crawl batch 45 (1000 sản phẩm)
2025-09-16 20:52:48,822 WARNING: Lỗi HTTP 404: Không tim thấy product id - product id: 89698759
2025-09-16 20:52:53,696 WARNING: Lỗi HTTP 429 - product id: 90065438, thử lại 1/3
2025-09-16 20:52:53,716 WARNING: Lỗi HTTP 429 - product id: 90065491, thử lại 1/3
2025-09-16 20:52:55,713 WARNING: Lỗi HTTP 429 - product id: 90192266, thử lại 1/3
2025-09-16 20:52:55,716 WARNING: Lỗi HTTP 429 - product id: 90193118, thử lại 1/3
2025-09-16 20:52:55,750 WARNING: Lỗi HTTP 429 - product id: 90193304, thử lại 1/3
2025-09-16 20:52:55,785 WARNING: Lỗi HTTP 429 - product id: 90193347, thử lại 1/3
2025-09-16 20:52:55,800 WARNING: Lỗi HTTP 429 - product id: 90193412, thử lại 1/3
2025-09-16 20:52:55,813 WARNING: Lỗi HTTP 429 - product id: 90193424, thử lại 1/3
2025-09-16 20:52:55,898 WARNING: Lỗi HTTP 429 - product id: 90193735, thử lại 1/3
2025-09-16 20:52:55,904 WARNING: Lỗi HTTP 429 - product id: 90193784, thử lại 1/3
2025-09-16 20:52:55,974 WARNING: Lỗi HTTP 429 - product id: 90194713, thử lại 1/3
2025-09-16 20:52:56,036 WARNING: Lỗi HTTP 429 - product id: 90194112, thử lại 1/3
2025-09-16 20:52:56,037 WARNING: Lỗi HTTP 429 - product id: 90194735, thử lại 1/3
2025-09-16 20:52:56,037 WARNING: Lỗi HTTP 429 - product id: 90194178, thử lại 1/3
2025-09-16 20:53:01,019 INFO: Đã commit batch 45 (1000 sản phẩm)
2025-09-16 20:53:01,044 INFO: Đã ghi 999 sản phẩm vào file crawled_files/products_batch_45_999_ids.csv
2025-09-16 20:53:01,077 INFO: Bắt đầu crawl batch 46 (1000 sản phẩm)
2025-09-16 20:53:01,984 WARNING: Lỗi HTTP 429 - product id: 90514315, thử lại 1/3
2025-09-16 20:53:01,987 WARNING: Lỗi HTTP 429 - product id: 90518865, thử lại 1/3
2025-09-16 20:53:02,032 WARNING: Lỗi HTTP 429 - product id: 90520129, thử lại 1/3
2025-09-16 20:53:02,036 WARNING: Lỗi HTTP 429 - product id: 90522898, thử lại 1/3
2025-09-16 20:53:02,132 WARNING: Lỗi HTTP 429 - product id: 90524554, thử lại 1/3
2025-09-16 20:53:02,133 WARNING: Lỗi HTTP 429 - product id: 90524527, thử lại 1/3
2025-09-16 20:53:02,725 WARNING: Lỗi HTTP 429 - product id: 90582042, thử lại 1/3
2025-09-16 20:53:02,839 WARNING: Lỗi HTTP 429 - product id: 90588566, thử lại 1/3
2025-09-16 20:53:02,902 WARNING: Lỗi HTTP 429 - product id: 90589062, thử lại 1/3
2025-09-16 20:53:02,903 WARNING: Lỗi HTTP 429 - product id: 90598062, thử lại 1/3
2025-09-16 20:53:02,927 WARNING: Lỗi HTTP 429 - product id: 90619096, thử lại 1/3
2025-09-16 20:53:03,183 WARNING: Lỗi HTTP 429 - product id: 90660393, thử lại 1/3
2025-09-16 20:53:03,426 WARNING: Lỗi HTTP 429 - product id: 90688842, thử lại 1/3
2025-09-16 20:53:03,472 WARNING: Lỗi HTTP 429 - product id: 90688933, thử lại 1/3
2025-09-16 20:53:03,486 WARNING: Lỗi HTTP 429 - product id: 90689047, thử lại 1/3
2025-09-16 20:53:03,490 WARNING: Lỗi HTTP 429 - product id: 90689121, thử lại 1/3
2025-09-16 20:53:03,732 WARNING: Lỗi HTTP 429 - product id: 90693161, thử lại 1/3
2025-09-16 20:53:03,739 WARNING: Lỗi HTTP 429 - product id: 90693256, thử lại 1/3
2025-09-16 20:53:03,833 WARNING: Lỗi HTTP 429 - product id: 90710405, thử lại 1/3
2025-09-16 20:53:03,984 WARNING: Lỗi HTTP 429 - product id: 90720015, thử lại 1/3
2025-09-16 20:53:04,035 WARNING: Lỗi HTTP 429 - product id: 90722180, thử lại 1/3
2025-09-16 20:53:04,087 WARNING: Lỗi HTTP 429 - product id: 90518865, thử lại 2/3
2025-09-16 20:53:04,090 WARNING: Lỗi HTTP 429 - product id: 90725225, thử lại 1/3
2025-09-16 20:53:04,374 WARNING: Lỗi HTTP 429 - product id: 90744649, thử lại 1/3
2025-09-16 20:53:04,434 WARNING: Lỗi HTTP 429 - product id: 90745134, thử lại 1/3
2025-09-16 20:53:04,440 WARNING: Lỗi HTTP 429 - product id: 90746026, thử lại 1/3
2025-09-16 20:53:04,632 WARNING: Lỗi HTTP 429 - product id: 90761660, thử lại 1/3
2025-09-16 20:53:04,680 WARNING: Lỗi HTTP 429 - product id: 90761771, thử lại 1/3
2025-09-16 20:53:05,124 WARNING: Lỗi HTTP 429 - product id: 90763285, thử lại 1/3
2025-09-16 20:53:05,130 WARNING: Lỗi HTTP 429 - product id: 90763393, thử lại 1/3
2025-09-16 20:53:05,539 WARNING: Lỗi HTTP 429 - product id: 90768796, thử lại 1/3
2025-09-16 20:53:05,545 WARNING: Lỗi HTTP 429 - product id: 90688842, thử lại 2/3
2025-09-16 20:53:05,656 WARNING: Lỗi HTTP 429 - product id: 90769957, thử lại 1/3
2025-09-16 20:53:05,782 WARNING: Lỗi HTTP 429 - product id: 90771918, thử lại 1/3
2025-09-16 20:53:05,953 WARNING: Lỗi HTTP 429 - product id: 90772902, thử lại 1/3
2025-09-16 20:53:08,688 WARNING: Lỗi HTTP 429 - product id: 90873744, thử lại 1/3
2025-09-16 20:53:11,952 WARNING: Lỗi HTTP 404: Không tim thấy product id - product id: 91129745
2025-09-16 20:53:14,739 WARNING: Lỗi HTTP 429 - product id: 91382141, thử lại 1/3
2025-09-16 20:53:14,782 WARNING: Lỗi HTTP 429 - product id: 91383783, thử lại 1/3
2025-09-16 20:53:14,806 WARNING: Lỗi HTTP 429 - product id: 91386801, thử lại 1/3
2025-09-16 20:53:14,953 WARNING: Lỗi HTTP 502 - product id: 90789116, thử lại 1/3
2025-09-16 20:53:14,980 WARNING: Lỗi HTTP 429 - product id: 91387495, thử lại 1/3
2025-09-16 20:53:14,990 WARNING: Lỗi HTTP 429 - product id: 91387671, thử lại 1/3
2025-09-16 20:53:15,188 WARNING: Lỗi HTTP 429 - product id: 91388990, thử lại 1/3
2025-09-16 20:53:15,236 WARNING: Lỗi HTTP 429 - product id: 91390617, thử lại 1/3
2025-09-16 20:53:15,700 WARNING: Lỗi HTTP 404: Không tim thấy product id - product id: 91403505
2025-09-16 20:53:16,413 WARNING: Lỗi HTTP 502 - product id: 90865168, thử lại 1/3
2025-09-16 20:53:19,513 WARNING: Lỗi HTTP 502 - product id: 91160806, thử lại 1/3
2025-09-16 20:53:20,606 WARNING: Lỗi HTTP 502 - product id: 91182775, thử lại 1/3
2025-09-16 20:53:22,347 WARNING: Lỗi HTTP 502 - product id: 91335603, thử lại 1/3
2025-09-16 20:53:22,612 WARNING: Lỗi HTTP 502 - product id: 91375678, thử lại 1/3
2025-09-16 20:53:23,270 WARNING: Lỗi HTTP 502 - product id: 91389171, thử lại 1/3
2025-09-16 20:53:25,465 INFO: Đã commit batch 46 (1000 sản phẩm)
2025-09-16 20:53:25,490 INFO: Đã ghi 998 sản phẩm vào file crawled_files/products_batch_46_998_ids.csv
2025-09-16 20:53:25,524 INFO: Bắt đầu crawl batch 47 (1000 sản phẩm)
2025-09-16 20:53:26,939 WARNING: Lỗi HTTP 429 - product id: 91564529, thử lại 1/3
2025-09-16 20:53:27,072 WARNING: Lỗi HTTP 429 - product id: 91588842, thử lại 1/3
2025-09-16 20:53:27,086 WARNING: Lỗi HTTP 429 - product id: 91590297, thử lại 1/3
2025-09-16 20:53:29,235 WARNING: Lỗi HTTP 429 - product id: 91814082, thử lại 1/3
2025-09-16 20:53:29,281 WARNING: Lỗi HTTP 429 - product id: 91564529, thử lại 2/3
2025-09-16 20:53:29,787 WARNING: Lỗi HTTP 429 - product id: 91853028, thử lại 1/3
2025-09-16 20:53:29,843 WARNING: Lỗi HTTP 429 - product id: 91853326, thử lại 1/3
2025-09-16 20:53:29,922 WARNING: Lỗi HTTP 429 - product id: 91855137, thử lại 1/3
2025-09-16 20:53:30,022 WARNING: Lỗi HTTP 429 - product id: 91855157, thử lại 1/3
2025-09-16 20:53:30,032 WARNING: Lỗi HTTP 429 - product id: 91855165, thử lại 1/3
2025-09-16 20:53:30,741 WARNING: Lỗi HTTP 429 - product id: 91929230, thử lại 1/3
2025-09-16 20:53:30,775 WARNING: Lỗi HTTP 429 - product id: 91931493, thử lại 1/3
2025-09-16 20:53:30,821 WARNING: Lỗi HTTP 429 - product id: 91932638, thử lại 1/3
2025-09-16 20:53:30,830 WARNING: Lỗi HTTP 429 - product id: 91933088, thử lại 1/3
2025-09-16 20:53:31,048 WARNING: Lỗi HTTP 404: Không tim thấy product id - product id: 91937597
2025-09-16 20:53:31,082 WARNING: Lỗi HTTP 429 - product id: 91943680, thử lại 1/3
2025-09-16 20:53:31,596 WARNING: Lỗi HTTP 404: Không tim thấy product id - product id: 91940010
2025-09-16 20:53:31,796 WARNING: Lỗi HTTP 404: Không tim thấy product id - product id: 91932472
2025-09-16 20:53:31,844 WARNING: Lỗi HTTP 404: Không tim thấy product id - product id: 91945133
2025-09-16 20:53:31,919 WARNING: Lỗi HTTP 404: Không tim thấy product id - product id: 91938807
2025-09-16 20:53:32,051 WARNING: Lỗi HTTP 404: Không tim thấy product id - product id: 91950879
2025-09-16 20:53:35,576 WARNING: Lỗi HTTP 429 - product id: 92373390, thử lại 1/3
2025-09-16 20:53:35,674 WARNING: Lỗi HTTP 429 - product id: 92374934, thử lại 1/3
2025-09-16 20:53:38,531 WARNING: Lỗi HTTP 429 - product id: 92555170, thử lại 1/3
2025-09-16 20:53:38,631 WARNING: Lỗi HTTP 429 - product id: 92565433, thử lại 1/3
2025-09-16 20:53:38,996 WARNING: Lỗi HTTP 429 - product id: 92681566, thử lại 1/3
2025-09-16 20:53:39,086 WARNING: Lỗi HTTP 429 - product id: 92628162, thử lại 1/3
2025-09-16 20:53:39,135 WARNING: Lỗi HTTP 429 - product id: 92640902, thử lại 1/3
2025-09-16 20:53:39,247 WARNING: Lỗi HTTP 429 - product id: 92682134, thử lại 1/3
2025-09-16 20:53:40,318 WARNING: Lỗi HTTP 404: Không tim thấy product id - product id: 92744455
2025-09-16 20:53:40,595 WARNING: Lỗi HTTP 404: Không tim thấy product id - product id: 92743919
2025-09-16 20:53:40,822 WARNING: Lỗi HTTP 429 - product id: 92555170, thử lại 2/3
2025-09-16 20:53:44,931 INFO: Đã commit batch 47 (1000 sản phẩm)
2025-09-16 20:53:44,958 INFO: Đã ghi 992 sản phẩm vào file crawled_files/products_batch_47_992_ids.csv
2025-09-16 20:53:44,990 INFO: Bắt đầu crawl batch 48 (1000 sản phẩm)
2025-09-16 20:53:46,376 WARNING: Lỗi HTTP 429 - product id: 93237307, thử lại 1/3
2025-09-16 20:53:46,678 WARNING: Lỗi HTTP 429 - product id: 93246125, thử lại 1/3
2025-09-16 20:53:46,862 WARNING: Lỗi HTTP 429 - product id: 93272247, thử lại 1/3
2025-09-16 20:53:46,963 WARNING: Lỗi HTTP 429 - product id: 93292825, thử lại 1/3
2025-09-16 20:53:46,982 WARNING: Lỗi HTTP 429 - product id: 93294228, thử lại 1/3
2025-09-16 20:53:47,062 WARNING: Lỗi HTTP 429 - product id: 93318001, thử lại 1/3
2025-09-16 20:53:47,066 WARNING: Lỗi HTTP 429 - product id: 93318312, thử lại 1/3
2025-09-16 20:53:47,113 WARNING: Lỗi HTTP 429 - product id: 93321503, thử lại 1/3
2025-09-16 20:53:47,170 WARNING: Lỗi HTTP 429 - product id: 93347454, thử lại 1/3
2025-09-16 20:53:48,218 WARNING: Lỗi HTTP 429 - product id: 93601827, thử lại 1/3
2025-09-16 20:53:49,416 WARNING: Lỗi HTTP 429 - product id: 93318312, thử lại 2/3
2025-09-16 20:53:49,834 WARNING: Lỗi HTTP 404: Không tim thấy product id - product id: 93830430
2025-09-16 20:53:49,933 WARNING: Lỗi HTTP 404: Không tim thấy product id - product id: 93764811
2025-09-16 20:53:52,019 WARNING: Lỗi HTTP 429 - product id: 94198441, thử lại 1/3
2025-09-16 20:53:53,842 WARNING: Lỗi HTTP 404: Không tim thấy product id - product id: 94306870
2025-09-16 20:53:56,975 WARNING: Lỗi HTTP 429 - product id: 94572065, thử lại 1/3
2025-09-16 20:53:59,289 WARNING: Lỗi HTTP 404: Không tim thấy product id - product id: 94674261
2025-09-16 20:54:01,264 WARNING: Lỗi HTTP 429 - product id: 94840401, thử lại 1/3
2025-09-16 20:54:01,280 WARNING: Lỗi HTTP 429 - product id: 94836118, thử lại 1/3
2025-09-16 20:54:01,452 WARNING: Lỗi HTTP 429 - product id: 94857739, thử lại 1/3
2025-09-16 20:54:01,699 WARNING: Lỗi HTTP 429 - product id: 94873557, thử lại 1/3
2025-09-16 20:54:03,794 INFO: Đã commit batch 48 (1000 sản phẩm)
2025-09-16 20:54:03,820 INFO: Đã ghi 996 sản phẩm vào file crawled_files/products_batch_48_996_ids.csv
2025-09-16 20:54:03,853 INFO: Bắt đầu crawl batch 49 (1000 sản phẩm)
2025-09-16 20:54:04,362 WARNING: Lỗi HTTP 429 - product id: 95001852, thử lại 1/3
2025-09-16 20:54:04,367 WARNING: Lỗi HTTP 429 - product id: 95005895, thử lại 1/3
2025-09-16 20:54:04,426 WARNING: Lỗi HTTP 429 - product id: 95011417, thử lại 1/3
2025-09-16 20:54:04,451 WARNING: Lỗi HTTP 429 - product id: 95014343, thử lại 1/3
2025-09-16 20:54:04,461 WARNING: Lỗi HTTP 429 - product id: 95014637, thử lại 1/3
2025-09-16 20:54:04,517 WARNING: Lỗi HTTP 429 - product id: 95015881, thử lại 1/3
2025-09-16 20:54:04,603 WARNING: Lỗi HTTP 429 - product id: 95036200, thử lại 1/3
2025-09-16 20:54:04,739 WARNING: Lỗi HTTP 429 - product id: 95043942, thử lại 1/3
2025-09-16 20:54:05,171 WARNING: Lỗi HTTP 429 - product id: 95059602, thử lại 1/3
2025-09-16 20:54:05,658 WARNING: Lỗi HTTP 429 - product id: 95075089, thử lại 1/3
2025-09-16 20:54:05,686 WARNING: Lỗi HTTP 429 - product id: 95075111, thử lại 1/3
2025-09-16 20:54:06,804 WARNING: Lỗi HTTP 429 - product id: 95165332, thử lại 1/3
2025-09-16 20:54:07,105 WARNING: Lỗi HTTP 429 - product id: 95171137, thử lại 1/3
2025-09-16 20:54:07,161 WARNING: Lỗi HTTP 429 - product id: 95171237, thử lại 1/3
2025-09-16 20:54:07,167 WARNING: Lỗi HTTP 429 - product id: 95171306, thử lại 1/3
2025-09-16 20:54:07,706 WARNING: Lỗi HTTP 429 - product id: 95172699, thử lại 1/3
2025-09-16 20:54:07,857 WARNING: Lỗi HTTP 429 - product id: 95173126, thử lại 1/3
2025-09-16 20:54:08,209 WARNING: Lỗi HTTP 429 - product id: 95174206, thử lại 1/3
2025-09-16 20:54:08,515 WARNING: Lỗi HTTP 429 - product id: 95213387, thử lại 1/3
2025-09-16 20:54:08,554 WARNING: Lỗi HTTP 429 - product id: 95200387, thử lại 1/3
2025-09-16 20:54:08,566 WARNING: Lỗi HTTP 429 - product id: 95204649, thử lại 1/3
2025-09-16 20:54:10,586 WARNING: Lỗi HTTP 404: Không tim thấy product id - product id: 95296908
2025-09-16 20:54:11,163 WARNING: Lỗi HTTP 429 - product id: 95508624, thử lại 1/3
2025-09-16 20:54:11,165 WARNING: Lỗi HTTP 429 - product id: 95508445, thử lại 1/3
2025-09-16 20:54:13,659 WARNING: Lỗi HTTP 429 - product id: 95897640, thử lại 1/3
2025-09-16 20:54:13,757 WARNING: Lỗi HTTP 429 - product id: 95901057, thử lại 1/3
2025-09-16 20:54:13,821 WARNING: Lỗi HTTP 429 - product id: 95910932, thử lại 1/3
2025-09-16 20:54:14,105 WARNING: Lỗi HTTP 429 - product id: 95940589, thử lại 1/3
2025-09-16 20:54:14,149 WARNING: Lỗi HTTP 429 - product id: 95942141, thử lại 1/3
2025-09-16 20:54:14,154 WARNING: Lỗi HTTP 429 - product id: 95942558, thử lại 1/3
2025-09-16 20:54:14,213 WARNING: Lỗi HTTP 429 - product id: 95944691, thử lại 1/3
2025-09-16 20:54:14,214 WARNING: Lỗi HTTP 429 - product id: 95945048, thử lại 1/3
2025-09-16 20:54:14,216 WARNING: Lỗi HTTP 429 - product id: 95945232, thử lại 1/3
2025-09-16 20:54:15,630 WARNING: Lỗi HTTP 429 - product id: 96112752, thử lại 1/3
2025-09-16 20:54:15,711 WARNING: Lỗi HTTP 429 - product id: 96127138, thử lại 1/3
2025-09-16 20:54:15,806 WARNING: Lỗi HTTP 429 - product id: 96132032, thử lại 1/3
2025-09-16 20:54:16,714 WARNING: Lỗi HTTP 429 - product id: 96189455, thử lại 1/3
2025-09-16 20:54:16,992 WARNING: Lỗi HTTP 429 - product id: 96224724, thử lại 1/3
2025-09-16 20:54:17,056 WARNING: Lỗi HTTP 429 - product id: 96225093, thử lại 1/3
2025-09-16 20:54:17,057 WARNING: Lỗi HTTP 429 - product id: 96224824, thử lại 1/3
2025-09-16 20:54:17,140 WARNING: Lỗi HTTP 429 - product id: 96238327, thử lại 1/3
2025-09-16 20:54:17,209 WARNING: Lỗi HTTP 429 - product id: 96238723, thử lại 1/3
2025-09-16 20:54:17,389 WARNING: Lỗi HTTP 429 - product id: 96241939, thử lại 1/3
2025-09-16 20:54:17,552 WARNING: Lỗi HTTP 429 - product id: 96239271, thử lại 1/3
2025-09-16 20:54:18,633 WARNING: Lỗi HTTP 429 - product id: 96311116, thử lại 1/3
2025-09-16 20:54:20,961 INFO: Đã commit batch 49 (1000 sản phẩm)
2025-09-16 20:54:20,987 INFO: Đã ghi 999 sản phẩm vào file crawled_files/products_batch_49_999_ids.csv
2025-09-16 20:54:21,020 INFO: Bắt đầu crawl batch 50 (1000 sản phẩm)
2025-09-16 20:54:24,481 WARNING: Lỗi HTTP 429 - product id: 96745053, thử lại 1/3
2025-09-16 20:54:24,571 WARNING: Lỗi HTTP 429 - product id: 96750055, thử lại 1/3
2025-09-16 20:54:24,617 WARNING: Lỗi HTTP 429 - product id: 96748207, thử lại 1/3
2025-09-16 20:54:24,722 WARNING: Lỗi HTTP 429 - product id: 96748989, thử lại 1/3
2025-09-16 20:54:25,124 WARNING: Lỗi HTTP 429 - product id: 96751321, thử lại 1/3
2025-09-16 20:54:25,268 WARNING: Lỗi HTTP 429 - product id: 96752073, thử lại 1/3
2025-09-16 20:54:28,225 WARNING: Lỗi HTTP 429 - product id: 97064681, thử lại 1/3
2025-09-16 20:54:29,328 WARNING: Lỗi HTTP 429 - product id: 97330743, thử lại 1/3
2025-09-16 20:54:29,586 WARNING: Lỗi HTTP 429 - product id: 97341946, thử lại 1/3
2025-09-16 20:54:33,797 WARNING: Lỗi HTTP 404: Không tim thấy product id - product id: 97708090
2025-09-16 20:54:33,820 WARNING: Lỗi HTTP 429 - product id: 97768621, thử lại 1/3
2025-09-16 20:54:33,822 WARNING: Lỗi HTTP 429 - product id: 97768613, thử lại 1/3
2025-09-16 20:54:33,874 WARNING: Lỗi HTTP 429 - product id: 97768910, thử lại 1/3
2025-09-16 20:54:33,914 WARNING: Lỗi HTTP 429 - product id: 97769120, thử lại 1/3
2025-09-16 20:54:33,922 WARNING: Lỗi HTTP 429 - product id: 97769346, thử lại 1/3
2025-09-16 20:54:33,972 WARNING: Lỗi HTTP 429 - product id: 97769349, thử lại 1/3
2025-09-16 20:54:33,975 WARNING: Lỗi HTTP 429 - product id: 97769352, thử lại 1/3
2025-09-16 20:54:33,987 WARNING: Lỗi HTTP 429 - product id: 97769355, thử lại 1/3
2025-09-16 20:54:34,036 WARNING: Lỗi HTTP 429 - product id: 97769386, thử lại 1/3
2025-09-16 20:54:34,041 WARNING: Lỗi HTTP 429 - product id: 97769382, thử lại 1/3
2025-09-16 20:54:34,129 WARNING: Lỗi HTTP 429 - product id: 97769520, thử lại 1/3
2025-09-16 20:54:35,396 WARNING: Lỗi HTTP 429 - product id: 97770693, thử lại 1/3
2025-09-16 20:54:35,428 WARNING: Lỗi HTTP 429 - product id: 97770740, thử lại 1/3
2025-09-16 20:54:35,510 WARNING: Lỗi HTTP 429 - product id: 97770894, thử lại 1/3
2025-09-16 20:54:38,266 INFO: Đã commit batch 50 (1000 sản phẩm)
2025-09-16 20:54:38,293 INFO: Đã ghi 999 sản phẩm vào file crawled_files/products_batch_50_999_ids.csv
2025-09-16 20:54:38,326 INFO: Bắt đầu crawl batch 51 (1000 sản phẩm)
2025-09-16 20:54:42,358 WARNING: Lỗi HTTP 429 - product id: 98087706, thử lại 1/3
2025-09-16 20:54:44,182 WARNING: Lỗi HTTP 429 - product id: 98156165, thử lại 1/3
2025-09-16 20:54:45,814 WARNING: Lỗi HTTP 429 - product id: 98243099, thử lại 1/3
2025-09-16 20:54:55,282 INFO: Đã commit batch 51 (1000 sản phẩm)
2025-09-16 20:54:55,308 INFO: Đã ghi 1000 sản phẩm vào file crawled_files/products_batch_51_1000_ids.csv
2025-09-16 20:54:55,342 INFO: Bắt đầu crawl batch 52 (1000 sản phẩm)
2025-09-16 20:54:58,967 WARNING: Lỗi HTTP 429 - product id: 99146698, thử lại 1/3
2025-09-16 20:55:02,708 WARNING: Lỗi HTTP 429 - product id: 99483909, thử lại 1/3
2025-09-16 20:55:04,138 WARNING: Lỗi HTTP 429 - product id: 99488452, thử lại 1/3
2025-09-16 20:55:04,165 WARNING: Lỗi HTTP 429 - product id: 99488539, thử lại 1/3
2025-09-16 20:55:04,201 WARNING: Lỗi HTTP 429 - product id: 99489686, thử lại 1/3
2025-09-16 20:55:04,322 WARNING: Lỗi HTTP 429 - product id: 99488939, thử lại 1/3
2025-09-16 20:55:04,446 WARNING: Lỗi HTTP 429 - product id: 99489259, thử lại 1/3
2025-09-16 20:55:04,474 WARNING: Lỗi HTTP 429 - product id: 99489803, thử lại 1/3
2025-09-16 20:55:04,507 WARNING: Lỗi HTTP 429 - product id: 99489815, thử lại 1/3
2025-09-16 20:55:04,602 WARNING: Lỗi HTTP 429 - product id: 99490247, thử lại 1/3
2025-09-16 20:55:04,944 WARNING: Lỗi HTTP 429 - product id: 99483909, thử lại 2/3
2025-09-16 20:55:04,948 WARNING: Lỗi HTTP 429 - product id: 99492460, thử lại 1/3
2025-09-16 20:55:05,118 WARNING: Lỗi HTTP 429 - product id: 99493034, thử lại 1/3
2025-09-16 20:55:05,187 WARNING: Lỗi HTTP 429 - product id: 99493452, thử lại 1/3
2025-09-16 20:55:05,189 WARNING: Lỗi HTTP 429 - product id: 99493454, thử lại 1/3
2025-09-16 20:55:05,277 WARNING: Lỗi HTTP 429 - product id: 99493750, thử lại 1/3
2025-09-16 20:55:05,321 WARNING: Lỗi HTTP 429 - product id: 99493781, thử lại 1/3
2025-09-16 20:55:05,692 WARNING: Lỗi HTTP 429 - product id: 99495403, thử lại 1/3
2025-09-16 20:55:05,707 WARNING: Lỗi HTTP 429 - product id: 99495550, thử lại 1/3
2025-09-16 20:55:07,242 WARNING: Lỗi HTTP 429 - product id: 99614301, thử lại 1/3
2025-09-16 20:55:07,347 WARNING: Lỗi HTTP 429 - product id: 99493034, thử lại 2/3
2025-09-16 20:55:09,058 WARNING: Lỗi HTTP 429 - product id: 99869898, thử lại 1/3
2025-09-16 20:55:09,603 WARNING: Lỗi HTTP 429 - product id: 99924045, thử lại 1/3
2025-09-16 20:55:09,692 WARNING: Lỗi HTTP 429 - product id: 99927234, thử lại 1/3
2025-09-16 20:55:09,692 WARNING: Lỗi HTTP 429 - product id: 99926394, thử lại 1/3
2025-09-16 20:55:09,993 WARNING: Lỗi HTTP 429 - product id: 99955932, thử lại 1/3
2025-09-16 20:55:10,052 WARNING: Lỗi HTTP 429 - product id: 99980105, thử lại 1/3
2025-09-16 20:55:10,146 WARNING: Lỗi HTTP 429 - product id: 100000389, thử lại 1/3
2025-09-16 20:55:10,301 WARNING: Lỗi HTTP 429 - product id: 100029130, thử lại 1/3
2025-09-16 20:55:10,493 WARNING: Lỗi HTTP 429 - product id: 100067261, thử lại 1/3
2025-09-16 20:55:10,606 WARNING: Lỗi HTTP 429 - product id: 100104490, thử lại 1/3
2025-09-16 20:55:10,653 WARNING: Lỗi HTTP 429 - product id: 100087685, thử lại 1/3
2025-09-16 20:55:12,742 INFO: Đã commit batch 52 (1000 sản phẩm)
2025-09-16 20:55:12,767 INFO: Đã ghi 1000 sản phẩm vào file crawled_files/products_batch_52_1000_ids.csv
2025-09-16 20:55:12,802 INFO: Bắt đầu crawl batch 53 (1000 sản phẩm)
2025-09-16 20:55:13,162 WARNING: Lỗi HTTP 429 - product id: 100248457, thử lại 1/3
2025-09-16 20:55:13,264 WARNING: Lỗi HTTP 429 - product id: 100248602, thử lại 1/3
2025-09-16 20:55:13,340 WARNING: Lỗi HTTP 429 - product id: 100248671, thử lại 1/3
2025-09-16 20:55:13,351 WARNING: Lỗi HTTP 429 - product id: 100248707, thử lại 1/3
2025-09-16 20:55:13,355 WARNING: Lỗi HTTP 429 - product id: 100249006, thử lại 1/3
2025-09-16 20:55:13,357 WARNING: Lỗi HTTP 429 - product id: 100249602, thử lại 1/3
2025-09-16 20:55:15,778 WARNING: Lỗi HTTP 429 - product id: 100249006, thử lại 2/3
2025-09-16 20:55:16,063 WARNING: Lỗi HTTP 429 - product id: 100424880, thử lại 1/3
2025-09-16 20:55:16,148 WARNING: Lỗi HTTP 404: Không tim thấy product id - product id: 100319951
2025-09-16 20:55:16,158 WARNING: Lỗi HTTP 429 - product id: 100429002, thử lại 1/3
2025-09-16 20:55:16,263 WARNING: Lỗi HTTP 429 - product id: 100442226, thử lại 1/3
2025-09-16 20:55:17,354 WARNING: Lỗi HTTP 429 - product id: 100464600, thử lại 1/3
2025-09-16 20:55:17,369 WARNING: Lỗi HTTP 429 - product id: 100464621, thử lại 1/3
2025-09-16 20:55:19,158 WARNING: Lỗi HTTP 429 - product id: 100511357, thử lại 1/3
2025-09-16 20:55:19,164 WARNING: Lỗi HTTP 429 - product id: 100511491, thử lại 1/3
2025-09-16 20:55:22,086 WARNING: Lỗi HTTP 429 - product id: 100869159, thử lại 1/3
2025-09-16 20:55:22,156 WARNING: Lỗi HTTP 429 - product id: 100869710, thử lại 1/3
2025-09-16 20:55:22,167 WARNING: Lỗi HTTP 429 - product id: 100870006, thử lại 1/3
2025-09-16 20:55:22,220 WARNING: Lỗi HTTP 429 - product id: 100870249, thử lại 1/3
2025-09-16 20:55:22,316 WARNING: Lỗi HTTP 429 - product id: 100899638, thử lại 1/3
2025-09-16 20:55:25,491 WARNING: Lỗi HTTP 429 - product id: 101189666, thử lại 1/3
2025-09-16 20:55:25,680 WARNING: Lỗi HTTP 429 - product id: 101191482, thử lại 1/3
2025-09-16 20:55:27,212 WARNING: Lỗi HTTP 429 - product id: 101270646, thử lại 1/3
2025-09-16 20:55:27,228 WARNING: Lỗi HTTP 429 - product id: 101270652, thử lại 1/3
2025-09-16 20:55:27,515 WARNING: Lỗi HTTP 429 - product id: 101278927, thử lại 1/3
2025-09-16 20:55:27,539 WARNING: Lỗi HTTP 429 - product id: 101278943, thử lại 1/3
2025-09-16 20:55:27,891 WARNING: Lỗi HTTP 429 - product id: 101280400, thử lại 1/3
2025-09-16 20:55:27,982 WARNING: Lỗi HTTP 429 - product id: 101280807, thử lại 1/3
2025-09-16 20:55:28,134 WARNING: Lỗi HTTP 429 - product id: 101289716, thử lại 1/3
2025-09-16 20:55:28,206 WARNING: Lỗi HTTP 429 - product id: 101292419, thử lại 1/3
2025-09-16 20:55:28,228 WARNING: Lỗi HTTP 429 - product id: 101293618, thử lại 1/3
2025-09-16 20:55:28,281 WARNING: Lỗi HTTP 429 - product id: 101297166, thử lại 1/3
2025-09-16 20:55:28,289 WARNING: Lỗi HTTP 429 - product id: 101297943, thử lại 1/3
2025-09-16 20:55:28,330 WARNING: Lỗi HTTP 429 - product id: 101302183, thử lại 1/3
2025-09-16 20:55:28,355 WARNING: Lỗi HTTP 429 - product id: 101310597, thử lại 1/3
2025-09-16 20:55:28,386 WARNING: Lỗi HTTP 429 - product id: 101316639, thử lại 1/3
2025-09-16 20:55:30,585 INFO: Đã commit batch 53 (1000 sản phẩm)
2025-09-16 20:55:30,613 INFO: Đã ghi 999 sản phẩm vào file crawled_files/products_batch_53_999_ids.csv
2025-09-16 20:55:30,646 INFO: Bắt đầu crawl batch 54 (1000 sản phẩm)
2025-09-16 20:55:36,343 WARNING: Lỗi HTTP 429 - product id: 101949192, thử lại 1/3
2025-09-16 20:55:40,400 WARNING: Lỗi HTTP 429 - product id: 102162960, thử lại 1/3
2025-09-16 20:55:44,470 WARNING: Lỗi HTTP 404: Không tim thấy product id - product id: 102638291
2025-09-16 20:55:45,943 WARNING: Lỗi HTTP 404: Không tim thấy product id - product id: 102797694
2025-09-16 20:55:47,690 INFO: Đã commit batch 54 (1000 sản phẩm)
2025-09-16 20:55:47,719 INFO: Đã ghi 998 sản phẩm vào file crawled_files/products_batch_54_998_ids.csv
2025-09-16 20:55:47,751 INFO: Bắt đầu crawl batch 55 (1000 sản phẩm)
2025-09-16 20:55:50,816 WARNING: Lỗi HTTP 429 - product id: 103104735, thử lại 1/3
2025-09-16 20:55:51,282 WARNING: Lỗi HTTP 429 - product id: 103133127, thử lại 1/3
2025-09-16 20:55:52,507 WARNING: Lỗi HTTP 429 - product id: 103264701, thử lại 1/3
2025-09-16 20:55:52,509 WARNING: Lỗi HTTP 429 - product id: 103264928, thử lại 1/3
2025-09-16 20:55:52,649 WARNING: Lỗi HTTP 429 - product id: 103265678, thử lại 1/3
2025-09-16 20:55:52,656 WARNING: Lỗi HTTP 429 - product id: 103265769, thử lại 1/3
2025-09-16 20:55:52,702 WARNING: Lỗi HTTP 429 - product id: 103266169, thử lại 1/3
2025-09-16 20:55:52,904 WARNING: Lỗi HTTP 429 - product id: 103281977, thử lại 1/3
2025-09-16 20:55:53,010 WARNING: Lỗi HTTP 429 - product id: 103294309, thử lại 1/3
2025-09-16 20:55:53,020 WARNING: Lỗi HTTP 429 - product id: 103294328, thử lại 1/3
2025-09-16 20:55:53,099 WARNING: Lỗi HTTP 429 - product id: 103294766, thử lại 1/3
2025-09-16 20:55:53,107 WARNING: Lỗi HTTP 429 - product id: 103294836, thử lại 1/3
2025-09-16 20:55:53,159 WARNING: Lỗi HTTP 429 - product id: 103294890, thử lại 1/3
2025-09-16 20:55:53,223 WARNING: Lỗi HTTP 429 - product id: 103295512, thử lại 1/3
2025-09-16 20:55:53,252 WARNING: Lỗi HTTP 429 - product id: 103295655, thử lại 1/3
2025-09-16 20:55:54,012 WARNING: Lỗi HTTP 429 - product id: 103347145, thử lại 1/3
2025-09-16 20:55:54,155 WARNING: Lỗi HTTP 429 - product id: 103357556, thử lại 1/3
2025-09-16 20:55:54,202 WARNING: Lỗi HTTP 429 - product id: 103358191, thử lại 1/3
2025-09-16 20:55:54,224 WARNING: Lỗi HTTP 429 - product id: 103358566, thử lại 1/3
2025-09-16 20:55:54,252 WARNING: Lỗi HTTP 429 - product id: 103358752, thử lại 1/3
2025-09-16 20:55:54,317 WARNING: Lỗi HTTP 429 - product id: 103361624, thử lại 1/3
2025-09-16 20:55:54,405 WARNING: Lỗi HTTP 429 - product id: 103369068, thử lại 1/3
2025-09-16 20:55:54,517 WARNING: Lỗi HTTP 429 - product id: 103375330, thử lại 1/3
2025-09-16 20:55:54,602 WARNING: Lỗi HTTP 429 - product id: 103379096, thử lại 1/3
2025-09-16 20:55:54,803 WARNING: Lỗi HTTP 429 - product id: 103266169, thử lại 2/3
2025-09-16 20:55:54,813 WARNING: Lỗi HTTP 429 - product id: 103392298, thử lại 1/3
2025-09-16 20:55:54,913 WARNING: Lỗi HTTP 429 - product id: 103400924, thử lại 1/3
2025-09-16 20:55:54,913 WARNING: Lỗi HTTP 429 - product id: 103404824, thử lại 1/3
2025-09-16 20:55:55,301 WARNING: Lỗi HTTP 429 - product id: 103457913, thử lại 1/3
2025-09-16 20:55:55,365 WARNING: Lỗi HTTP 429 - product id: 103458136, thử lại 1/3
2025-09-16 20:55:55,504 WARNING: Lỗi HTTP 429 - product id: 103458988, thử lại 1/3
2025-09-16 20:55:56,302 WARNING: Lỗi HTTP 429 - product id: 103472627, thử lại 1/3
2025-09-16 20:55:56,458 WARNING: Lỗi HTTP 429 - product id: 103472767, thử lại 1/3
2025-09-16 20:55:56,650 WARNING: Lỗi HTTP 429 - product id: 103473003, thử lại 1/3
2025-09-16 20:55:56,798 WARNING: Lỗi HTTP 429 - product id: 103472981, thử lại 1/3
2025-09-16 20:55:56,902 WARNING: Lỗi HTTP 429 - product id: 103473232, thử lại 1/3
2025-09-16 20:55:56,903 WARNING: Lỗi HTTP 429 - product id: 103473058, thử lại 1/3
2025-09-16 20:55:56,904 WARNING: Lỗi HTTP 429 - product id: 103473057, thử lại 1/3
2025-09-16 20:55:57,559 WARNING: Lỗi HTTP 429 - product id: 103473806, thử lại 1/3
2025-09-16 20:55:57,704 WARNING: Lỗi HTTP 429 - product id: 103474217, thử lại 1/3
2025-09-16 20:55:57,766 WARNING: Lỗi HTTP 429 - product id: 103490012, thử lại 1/3
2025-09-16 20:55:57,768 WARNING: Lỗi HTTP 429 - product id: 103481068, thử lại 1/3
2025-09-16 20:55:57,809 WARNING: Lỗi HTTP 429 - product id: 103492114, thử lại 1/3
2025-09-16 20:55:57,901 WARNING: Lỗi HTTP 429 - product id: 103508708, thử lại 1/3
2025-09-16 20:55:58,451 WARNING: Lỗi HTTP 429 - product id: 103551032, thử lại 1/3
2025-09-16 20:55:58,855 WARNING: Lỗi HTTP 429 - product id: 103473003, thử lại 2/3
2025-09-16 20:55:58,861 WARNING: Lỗi HTTP 429 - product id: 103581300, thử lại 1/3
2025-09-16 20:56:04,760 INFO: Đã commit batch 55 (1000 sản phẩm)
2025-09-16 20:56:04,783 INFO: Đã ghi 1000 sản phẩm vào file crawled_files/products_batch_55_1000_ids.csv
2025-09-16 20:56:04,815 INFO: Bắt đầu crawl batch 56 (1000 sản phẩm)
2025-09-16 20:56:09,653 WARNING: Lỗi HTTP 429 - product id: 104206110, thử lại 1/3
2025-09-16 20:56:09,687 WARNING: Lỗi HTTP 429 - product id: 104211528, thử lại 1/3
2025-09-16 20:56:09,811 WARNING: Lỗi HTTP 429 - product id: 104255500, thử lại 1/3
2025-09-16 20:56:09,868 WARNING: Lỗi HTTP 429 - product id: 104267827, thử lại 1/3
2025-09-16 20:56:09,917 WARNING: Lỗi HTTP 429 - product id: 104272956, thử lại 1/3
2025-09-16 20:56:09,971 WARNING: Lỗi HTTP 429 - product id: 104289205, thử lại 1/3
2025-09-16 20:56:09,980 WARNING: Lỗi HTTP 429 - product id: 104293278, thử lại 1/3
2025-09-16 20:56:10,472 WARNING: Lỗi HTTP 429 - product id: 104375599, thử lại 1/3
2025-09-16 20:56:10,566 WARNING: Lỗi HTTP 429 - product id: 104380231, thử lại 1/3
2025-09-16 20:56:11,620 WARNING: Lỗi HTTP 429 - product id: 104510876, thử lại 1/3
2025-09-16 20:56:12,076 WARNING: Lỗi HTTP 429 - product id: 104515079, thử lại 1/3
2025-09-16 20:56:12,168 WARNING: Lỗi HTTP 429 - product id: 104515590, thử lại 1/3
2025-09-16 20:56:12,266 WARNING: Lỗi HTTP 429 - product id: 104289205, thử lại 2/3
2025-09-16 20:56:12,907 WARNING: Lỗi HTTP 429 - product id: 104527830, thử lại 1/3
2025-09-16 20:56:12,913 WARNING: Lỗi HTTP 429 - product id: 104527924, thử lại 1/3
2025-09-16 20:56:12,923 WARNING: Lỗi HTTP 429 - product id: 104528388, thử lại 1/3
2025-09-16 20:56:13,082 WARNING: Lỗi HTTP 429 - product id: 104530863, thử lại 1/3
2025-09-16 20:56:15,480 WARNING: Lỗi HTTP 429 - product id: 104704533, thử lại 1/3
2025-09-16 20:56:15,533 WARNING: Lỗi HTTP 429 - product id: 104704602, thử lại 1/3
2025-09-16 20:56:15,622 WARNING: Lỗi HTTP 429 - product id: 104705108, thử lại 1/3
2025-09-16 20:56:15,829 WARNING: Lỗi HTTP 429 - product id: 104706434, thử lại 1/3
2025-09-16 20:56:15,958 WARNING: Lỗi HTTP 429 - product id: 104706870, thử lại 1/3
2025-09-16 20:56:15,975 WARNING: Lỗi HTTP 429 - product id: 104707090, thử lại 1/3
2025-09-16 20:56:18,826 WARNING: Lỗi HTTP 429 - product id: 104744165, thử lại 1/3
2025-09-16 20:56:18,830 WARNING: Lỗi HTTP 429 - product id: 104744171, thử lại 1/3
2025-09-16 20:56:18,900 WARNING: Lỗi HTTP 429 - product id: 104754213, thử lại 1/3
2025-09-16 20:56:18,929 WARNING: Lỗi HTTP 429 - product id: 104754339, thử lại 1/3
2025-09-16 20:56:19,579 WARNING: Lỗi HTTP 404: Không tim thấy product id - product id: 104791896
2025-09-16 20:56:19,675 WARNING: Lỗi HTTP 404: Không tim thấy product id - product id: 104792902
2025-09-16 20:56:19,728 WARNING: Lỗi HTTP 404: Không tim thấy product id - product id: 104794757
2025-09-16 20:56:21,764 INFO: Đã commit batch 56 (1000 sản phẩm)
2025-09-16 20:56:21,792 INFO: Đã ghi 997 sản phẩm vào file crawled_files/products_batch_56_997_ids.csv
2025-09-16 20:56:21,826 INFO: Bắt đầu crawl batch 57 (1000 sản phẩm)
2025-09-16 20:56:22,448 WARNING: Lỗi HTTP 404: Không tim thấy product id - product id: 104908913
2025-09-16 20:56:25,532 WARNING: Lỗi HTTP 429 - product id: 105207396, thử lại 1/3
2025-09-16 20:56:27,431 WARNING: Lỗi HTTP 429 - product id: 105327414, thử lại 1/3
2025-09-16 20:56:27,536 WARNING: Lỗi HTTP 429 - product id: 105327560, thử lại 1/3
2025-09-16 20:56:28,437 WARNING: Lỗi HTTP 429 - product id: 105363097, thử lại 1/3
2025-09-16 20:56:38,846 INFO: Đã commit batch 57 (1000 sản phẩm)
2025-09-16 20:56:38,884 INFO: Đã ghi 999 sản phẩm vào file crawled_files/products_batch_57_999_ids.csv
2025-09-16 20:56:38,932 INFO: Bắt đầu crawl batch 58 (1000 sản phẩm)
2025-09-16 20:56:40,054 WARNING: Lỗi HTTP 429 - product id: 106087240, thử lại 1/3
2025-09-16 20:56:40,098 WARNING: Lỗi HTTP 429 - product id: 106087860, thử lại 1/3
2025-09-16 20:56:40,147 WARNING: Lỗi HTTP 429 - product id: 106104967, thử lại 1/3
2025-09-16 20:56:40,195 WARNING: Lỗi HTTP 429 - product id: 106106619, thử lại 1/3
2025-09-16 20:56:40,250 WARNING: Lỗi HTTP 429 - product id: 106112150, thử lại 1/3
2025-09-16 20:56:40,304 WARNING: Lỗi HTTP 429 - product id: 106112449, thử lại 1/3
2025-09-16 20:56:40,350 WARNING: Lỗi HTTP 429 - product id: 106140356, thử lại 1/3
2025-09-16 20:56:40,446 WARNING: Lỗi HTTP 429 - product id: 106174904, thử lại 1/3
2025-09-16 20:56:41,043 WARNING: Lỗi HTTP 429 - product id: 106235566, thử lại 1/3
2025-09-16 20:56:41,113 WARNING: Lỗi HTTP 429 - product id: 106215633, thử lại 1/3
2025-09-16 20:56:41,460 WARNING: Lỗi HTTP 404: Không tim thấy product id - product id: 106242035
2025-09-16 20:56:42,655 WARNING: Lỗi HTTP 429 - product id: 106307164, thử lại 1/3
2025-09-16 20:56:46,107 WARNING: Lỗi HTTP 429 - product id: 106654809, thử lại 1/3
2025-09-16 20:56:46,193 WARNING: Lỗi HTTP 429 - product id: 106654925, thử lại 1/3
2025-09-16 20:56:46,965 WARNING: Lỗi HTTP 429 - product id: 106657504, thử lại 1/3
2025-09-16 20:56:46,989 WARNING: Lỗi HTTP 429 - product id: 106658174, thử lại 1/3
2025-09-16 20:56:48,848 WARNING: Lỗi HTTP 429 - product id: 106793205, thử lại 1/3
2025-09-16 20:56:52,955 WARNING: Lỗi HTTP 429 - product id: 107047877, thử lại 1/3
2025-09-16 20:56:54,116 WARNING: Lỗi HTTP 404: Không tim thấy product id - product id: 107077858
2025-09-16 20:56:55,363 WARNING: Lỗi HTTP 404: Không tim thấy product id - product id: 107278644
2025-09-16 20:56:55,627 WARNING: Lỗi HTTP 404: Không tim thấy product id - product id: 107219238
2025-09-16 20:57:00,135 WARNING: Lỗi HTTP 404: Không tim thấy product id - product id: 107195032
2025-09-16 20:57:01,388 INFO: Đã commit batch 58 (1000 sản phẩm)
2025-09-16 20:57:01,419 INFO: Đã ghi 995 sản phẩm vào file crawled_files/products_batch_58_995_ids.csv
2025-09-16 20:57:01,458 INFO: Bắt đầu crawl batch 59 (1000 sản phẩm)
2025-09-16 20:57:02,625 WARNING: Lỗi HTTP 429 - product id: 107360588, thử lại 1/3
2025-09-16 20:57:02,774 WARNING: Lỗi HTTP 429 - product id: 107364625, thử lại 1/3
2025-09-16 20:57:02,973 WARNING: Lỗi HTTP 429 - product id: 107367883, thử lại 1/3
2025-09-16 20:57:03,169 WARNING: Lỗi HTTP 429 - product id: 107373724, thử lại 1/3
2025-09-16 20:57:03,218 WARNING: Lỗi HTTP 429 - product id: 107375078, thử lại 1/3
2025-09-16 20:57:03,311 WARNING: Lỗi HTTP 429 - product id: 107391655, thử lại 1/3
2025-09-16 20:57:03,712 WARNING: Lỗi HTTP 429 - product id: 107427284, thử lại 1/3
2025-09-16 20:57:03,784 WARNING: Lỗi HTTP 429 - product id: 107427296, thử lại 1/3
2025-09-16 20:57:04,035 WARNING: Lỗi HTTP 404: Không tim thấy product id - product id: 107405220
2025-09-16 20:57:04,105 WARNING: Lỗi HTTP 429 - product id: 107448020, thử lại 1/3
2025-09-16 20:57:04,114 WARNING: Lỗi HTTP 429 - product id: 107448505, thử lại 1/3
2025-09-16 20:57:04,336 WARNING: Lỗi HTTP 429 - product id: 107451444, thử lại 1/3
2025-09-16 20:57:04,802 WARNING: Lỗi HTTP 429 - product id: 107469221, thử lại 1/3
2025-09-16 20:57:10,315 WARNING: Lỗi HTTP 429 - product id: 107804118, thử lại 1/3
2025-09-16 20:57:11,366 WARNING: Lỗi HTTP 429 - product id: 107979697, thử lại 1/3
2025-09-16 20:57:11,367 WARNING: Lỗi HTTP 429 - product id: 107971001, thử lại 1/3
2025-09-16 20:57:11,559 WARNING: Lỗi HTTP 429 - product id: 107974086, thử lại 1/3
2025-09-16 20:57:11,589 WARNING: Lỗi HTTP 429 - product id: 107974126, thử lại 1/3
2025-09-16 20:57:11,779 WARNING: Lỗi HTTP 429 - product id: 107992675, thử lại 1/3
2025-09-16 20:57:12,008 WARNING: Lỗi HTTP 429 - product id: 108020706, thử lại 1/3
2025-09-16 20:57:12,463 WARNING: Lỗi HTTP 429 - product id: 108044221, thử lại 1/3
2025-09-16 20:57:12,518 WARNING: Lỗi HTTP 429 - product id: 108044730, thử lại 1/3
2025-09-16 20:57:12,581 WARNING: Lỗi HTTP 404: Không tim thấy product id - product id: 107975641
2025-09-16 20:57:12,615 WARNING: Lỗi HTTP 429 - product id: 108045493, thử lại 1/3
2025-09-16 20:57:13,489 WARNING: Lỗi HTTP 429 - product id: 108098611, thử lại 1/3
2025-09-16 20:57:13,517 WARNING: Lỗi HTTP 429 - product id: 108088872, thử lại 1/3
2025-09-16 20:57:13,612 WARNING: Lỗi HTTP 429 - product id: 108098815, thử lại 1/3
2025-09-16 20:57:14,031 WARNING: Lỗi HTTP 404: Không tim thấy product id - product id: 108055389
2025-09-16 20:57:14,371 WARNING: Lỗi HTTP 404: Không tim thấy product id - product id: 108102585
2025-09-16 20:57:15,894 WARNING: Lỗi HTTP 429 - product id: 108213213, thử lại 1/3
2025-09-16 20:57:16,717 WARNING: Lỗi HTTP 429 - product id: 108222584, thử lại 1/3
2025-09-16 20:57:17,175 WARNING: Lỗi HTTP 429 - product id: 108246981, thử lại 1/3
2025-09-16 20:57:19,293 INFO: Đã commit batch 59 (1000 sản phẩm)
2025-09-16 20:57:19,325 INFO: Đã ghi 996 sản phẩm vào file crawled_files/products_batch_59_996_ids.csv
2025-09-16 20:57:19,356 INFO: Bắt đầu crawl batch 60 (1000 sản phẩm)
2025-09-16 20:57:23,185 WARNING: Lỗi HTTP 404: Không tim thấy product id - product id: 108324598
2025-09-16 20:57:23,933 WARNING: Lỗi HTTP 404: Không tim thấy product id - product id: 108358268
2025-09-16 20:57:25,655 WARNING: Lỗi HTTP 429 - product id: 108631221, thử lại 1/3
2025-09-16 20:57:25,664 WARNING: Lỗi HTTP 429 - product id: 108634263, thử lại 1/3
2025-09-16 20:57:28,861 WARNING: Lỗi HTTP 429 - product id: 108842466, thử lại 1/3
2025-09-16 20:57:29,212 WARNING: Lỗi HTTP 429 - product id: 108889476, thử lại 1/3
2025-09-16 20:57:29,264 WARNING: Lỗi HTTP 429 - product id: 108890093, thử lại 1/3
2025-09-16 20:57:29,327 WARNING: Lỗi HTTP 429 - product id: 108890987, thử lại 1/3
2025-09-16 20:57:29,429 WARNING: Lỗi HTTP 429 - product id: 108893883, thử lại 1/3
2025-09-16 20:57:29,437 WARNING: Lỗi HTTP 429 - product id: 108896664, thử lại 1/3
2025-09-16 20:57:35,895 WARNING: Lỗi HTTP 404: Không tim thấy product id - product id: 109017703
2025-09-16 20:57:36,306 INFO: Đã commit batch 60 (1000 sản phẩm)
2025-09-16 20:57:36,331 INFO: Đã ghi 997 sản phẩm vào file crawled_files/products_batch_60_997_ids.csv
2025-09-16 20:57:36,369 INFO: Bắt đầu crawl batch 61 (1000 sản phẩm)
2025-09-16 20:57:39,553 WARNING: Lỗi HTTP 404: Không tim thấy product id - product id: 109281355
2025-09-16 20:57:39,892 WARNING: Lỗi HTTP 429 - product id: 109342488, thử lại 1/3
2025-09-16 20:57:40,334 WARNING: Lỗi HTTP 429 - product id: 109358720, thử lại 1/3
2025-09-16 20:57:40,375 WARNING: Lỗi HTTP 429 - product id: 109358815, thử lại 1/3
2025-09-16 20:57:40,430 WARNING: Lỗi HTTP 429 - product id: 109358947, thử lại 1/3
2025-09-16 20:57:40,665 WARNING: Lỗi HTTP 429 - product id: 109359420, thử lại 1/3
2025-09-16 20:57:40,686 WARNING: Lỗi HTTP 429 - product id: 109359443, thử lại 1/3
2025-09-16 20:57:40,771 WARNING: Lỗi HTTP 429 - product id: 109359615, thử lại 1/3
2025-09-16 20:57:40,979 WARNING: Lỗi HTTP 429 - product id: 109372505, thử lại 1/3
2025-09-16 20:57:42,048 WARNING: Lỗi HTTP 429 - product id: 109408421, thử lại 1/3
2025-09-16 20:57:42,122 WARNING: Lỗi HTTP 429 - product id: 109408690, thử lại 1/3
2025-09-16 20:57:42,124 WARNING: Lỗi HTTP 429 - product id: 109408715, thử lại 1/3
2025-09-16 20:57:47,437 WARNING: Lỗi HTTP 429 - product id: 109664371, thử lại 1/3
2025-09-16 20:57:48,224 WARNING: Lỗi HTTP 429 - product id: 109776328, thử lại 1/3
2025-09-16 20:57:48,231 WARNING: Lỗi HTTP 429 - product id: 109776339, thử lại 1/3
2025-09-16 20:57:48,286 WARNING: Lỗi HTTP 429 - product id: 109787036, thử lại 1/3
2025-09-16 20:57:49,185 WARNING: Lỗi HTTP 429 - product id: 109816977, thử lại 1/3
2025-09-16 20:57:49,270 WARNING: Lỗi HTTP 429 - product id: 109817145, thử lại 1/3
2025-09-16 20:57:49,588 WARNING: Lỗi HTTP 429 - product id: 109836195, thử lại 1/3
2025-09-16 20:57:53,400 INFO: Đã commit batch 61 (1000 sản phẩm)
2025-09-16 20:57:53,426 INFO: Đã ghi 999 sản phẩm vào file crawled_files/products_batch_61_999_ids.csv
2025-09-16 20:57:53,457 INFO: Bắt đầu crawl batch 62 (1000 sản phẩm)
2025-09-16 20:57:54,728 WARNING: Lỗi HTTP 404: Không tim thấy product id - product id: 109976728
2025-09-16 20:57:56,118 WARNING: Lỗi HTTP 429 - product id: 110202713, thử lại 1/3
2025-09-16 20:57:56,368 WARNING: Lỗi HTTP 429 - product id: 110252356, thử lại 1/3
2025-09-16 20:57:56,573 WARNING: Lỗi HTTP 429 - product id: 110284933, thử lại 1/3
2025-09-16 20:57:56,614 WARNING: Lỗi HTTP 429 - product id: 110291388, thử lại 1/3
2025-09-16 20:57:56,715 WARNING: Lỗi HTTP 429 - product id: 110309645, thử lại 1/3
2025-09-16 20:57:57,432 WARNING: Lỗi HTTP 404: Không tim thấy product id - product id: 110360088
2025-09-16 20:57:59,251 WARNING: Lỗi HTTP 429 - product id: 110733832, thử lại 1/3
2025-09-16 20:57:59,271 WARNING: Lỗi HTTP 429 - product id: 110736226, thử lại 1/3
2025-09-16 20:57:59,318 WARNING: Lỗi HTTP 429 - product id: 110785282, thử lại 1/3
2025-09-16 20:57:59,333 WARNING: Lỗi HTTP 429 - product id: 110739189, thử lại 1/3
2025-09-16 20:57:59,343 WARNING: Lỗi HTTP 429 - product id: 110739369, thử lại 1/3
2025-09-16 20:57:59,565 WARNING: Lỗi HTTP 429 - product id: 110778565, thử lại 1/3
2025-09-16 20:57:59,905 WARNING: Lỗi HTTP 429 - product id: 110798164, thử lại 1/3
2025-09-16 20:57:59,970 WARNING: Lỗi HTTP 429 - product id: 110798177, thử lại 1/3
2025-09-16 20:58:00,476 WARNING: Lỗi HTTP 429 - product id: 110845394, thử lại 1/3
2025-09-16 20:58:00,512 WARNING: Lỗi HTTP 429 - product id: 110845461, thử lại 1/3
2025-09-16 20:58:00,544 WARNING: Lỗi HTTP 429 - product id: 110845480, thử lại 1/3
2025-09-16 20:58:00,578 WARNING: Lỗi HTTP 429 - product id: 110845556, thử lại 1/3
2025-09-16 20:58:00,638 WARNING: Lỗi HTTP 429 - product id: 110850992, thử lại 1/3
2025-09-16 20:58:00,872 WARNING: Lỗi HTTP 429 - product id: 110885132, thử lại 1/3
2025-09-16 20:58:01,020 WARNING: Lỗi HTTP 429 - product id: 110896894, thử lại 1/3
2025-09-16 20:58:01,058 WARNING: Lỗi HTTP 429 - product id: 110897934, thử lại 1/3
2025-09-16 20:58:01,097 WARNING: Lỗi HTTP 429 - product id: 110898633, thử lại 1/3
2025-09-16 20:58:01,117 WARNING: Lỗi HTTP 429 - product id: 110898699, thử lại 1/3
2025-09-16 20:58:01,118 WARNING: Lỗi HTTP 429 - product id: 110898639, thử lại 1/3
2025-09-16 20:58:01,122 WARNING: Lỗi HTTP 429 - product id: 110899557, thử lại 1/3
2025-09-16 20:58:05,066 WARNING: Lỗi HTTP 404: Không tim thấy product id - product id: 111158140
2025-09-16 20:58:05,216 WARNING: Lỗi HTTP 429 - product id: 111191998, thử lại 1/3
2025-09-16 20:58:05,564 WARNING: Lỗi HTTP 429 - product id: 111198958, thử lại 1/3
2025-09-16 20:58:10,622 INFO: Đã commit batch 62 (1000 sản phẩm)
2025-09-16 20:58:10,649 INFO: Đã ghi 997 sản phẩm vào file crawled_files/products_batch_62_997_ids.csv
2025-09-16 20:58:10,700 INFO: Bắt đầu crawl batch 63 (1000 sản phẩm)
2025-09-16 20:58:11,121 WARNING: Lỗi HTTP 404: Không tim thấy product id - product id: 111521985
2025-09-16 20:58:12,778 WARNING: Lỗi HTTP 429 - product id: 111653019, thử lại 1/3
2025-09-16 20:58:14,273 WARNING: Lỗi HTTP 429 - product id: 111717001, thử lại 1/3
2025-09-16 20:58:14,310 WARNING: Lỗi HTTP 429 - product id: 111717802, thử lại 1/3
2025-09-16 20:58:14,788 WARNING: Lỗi HTTP 404: Không tim thấy product id - product id: 111712435
2025-09-16 20:58:16,604 WARNING: Lỗi HTTP 429 - product id: 111998454, thử lại 1/3
2025-09-16 20:58:18,257 WARNING: Lỗi HTTP 429 - product id: 112193803, thử lại 1/3
2025-09-16 20:58:18,510 WARNING: Lỗi HTTP 429 - product id: 112211014, thử lại 1/3
2025-09-16 20:58:18,608 WARNING: Lỗi HTTP 429 - product id: 112224581, thử lại 1/3
2025-09-16 20:58:18,761 WARNING: Lỗi HTTP 429 - product id: 112247081, thử lại 1/3
2025-09-16 20:58:18,762 WARNING: Lỗi HTTP 429 - product id: 112245978, thử lại 1/3
2025-09-16 20:58:18,828 WARNING: Lỗi HTTP 429 - product id: 112251409, thử lại 1/3
2025-09-16 20:58:18,838 WARNING: Lỗi HTTP 429 - product id: 112251113, thử lại 1/3
2025-09-16 20:58:18,862 WARNING: Lỗi HTTP 429 - product id: 112290603, thử lại 1/3
2025-09-16 20:58:18,900 WARNING: Lỗi HTTP 429 - product id: 111998454, thử lại 2/3
2025-09-16 20:58:18,917 WARNING: Lỗi HTTP 429 - product id: 112251576, thử lại 1/3
2025-09-16 20:58:19,046 WARNING: Lỗi HTTP 429 - product id: 112288948, thử lại 1/3
2025-09-16 20:58:19,057 WARNING: Lỗi HTTP 429 - product id: 112291534, thử lại 1/3
2025-09-16 20:58:19,076 WARNING: Lỗi HTTP 429 - product id: 112301863, thử lại 1/3
2025-09-16 20:58:19,108 WARNING: Lỗi HTTP 429 - product id: 112321690, thử lại 1/3
2025-09-16 20:58:19,562 WARNING: Lỗi HTTP 429 - product id: 112499223, thử lại 1/3
2025-09-16 20:58:19,703 WARNING: Lỗi HTTP 429 - product id: 112499294, thử lại 1/3
2025-09-16 20:58:23,809 WARNING: Lỗi HTTP 429 - product id: 112694981, thử lại 1/3
2025-09-16 20:58:24,012 WARNING: Lỗi HTTP 429 - product id: 112707704, thử lại 1/3
2025-09-16 20:58:27,745 INFO: Đã commit batch 63 (1000 sản phẩm)
2025-09-16 20:58:27,770 INFO: Đã ghi 998 sản phẩm vào file crawled_files/products_batch_63_998_ids.csv
2025-09-16 20:58:27,802 INFO: Bắt đầu crawl batch 64 (1000 sản phẩm)
2025-09-16 20:58:29,158 WARNING: Lỗi HTTP 429 - product id: 112961193, thử lại 1/3
2025-09-16 20:58:29,168 WARNING: Lỗi HTTP 429 - product id: 112959331, thử lại 1/3
2025-09-16 20:58:29,363 WARNING: Lỗi HTTP 429 - product id: 112962171, thử lại 1/3
2025-09-16 20:58:29,364 WARNING: Lỗi HTTP 429 - product id: 112960663, thử lại 1/3
2025-09-16 20:58:29,492 WARNING: Lỗi HTTP 429 - product id: 112961422, thử lại 1/3
2025-09-16 20:58:30,374 WARNING: Lỗi HTTP 429 - product id: 113041216, thử lại 1/3
2025-09-16 20:58:30,518 WARNING: Lỗi HTTP 429 - product id: 113050586, thử lại 1/3
2025-09-16 20:58:30,527 WARNING: Lỗi HTTP 429 - product id: 113046478, thử lại 1/3
2025-09-16 20:58:30,752 WARNING: Lỗi HTTP 429 - product id: 113050819, thử lại 1/3
2025-09-16 20:58:32,958 WARNING: Lỗi HTTP 429 - product id: 113069268, thử lại 1/3
2025-09-16 20:58:33,217 WARNING: Lỗi HTTP 429 - product id: 113095616, thử lại 1/3
2025-09-16 20:58:34,760 WARNING: Lỗi HTTP 429 - product id: 113167082, thử lại 1/3
2025-09-16 20:58:35,066 WARNING: Lỗi HTTP 429 - product id: 113173064, thử lại 1/3
2025-09-16 20:58:35,109 WARNING: Lỗi HTTP 429 - product id: 113173294, thử lại 1/3
2025-09-16 20:58:35,213 WARNING: Lỗi HTTP 429 - product id: 113173928, thử lại 1/3
2025-09-16 20:58:39,283 WARNING: Lỗi HTTP 429 - product id: 113400862, thử lại 1/3
2025-09-16 20:58:39,485 WARNING: Lỗi HTTP 429 - product id: 113409733, thử lại 1/3
2025-09-16 20:58:39,513 WARNING: Lỗi HTTP 429 - product id: 113410204, thử lại 1/3
2025-09-16 20:58:39,569 WARNING: Lỗi HTTP 429 - product id: 113410334, thử lại 1/3
2025-09-16 20:58:39,575 WARNING: Lỗi HTTP 429 - product id: 113410567, thử lại 1/3
2025-09-16 20:58:39,776 WARNING: Lỗi HTTP 429 - product id: 113411415, thử lại 1/3
2025-09-16 20:58:39,828 WARNING: Lỗi HTTP 429 - product id: 113411787, thử lại 1/3
2025-09-16 20:58:41,078 WARNING: Lỗi HTTP 429 - product id: 113418540, thử lại 1/3
2025-09-16 20:58:43,274 WARNING: Lỗi HTTP 429 - product id: 113484899, thử lại 1/3
2025-09-16 20:58:43,344 WARNING: Lỗi HTTP 429 - product id: 113485963, thử lại 1/3
2025-09-16 20:58:45,440 INFO: Đã commit batch 64 (1000 sản phẩm)
2025-09-16 20:58:45,471 INFO: Đã ghi 1000 sản phẩm vào file crawled_files/products_batch_64_1000_ids.csv
2025-09-16 20:58:45,502 INFO: Bắt đầu crawl batch 65 (1000 sản phẩm)
2025-09-16 20:58:47,608 WARNING: Lỗi HTTP 404: Không tim thấy product id - product id: 113709632
2025-09-16 20:58:47,714 WARNING: Lỗi HTTP 404: Không tim thấy product id - product id: 113709617
2025-09-16 20:58:47,747 WARNING: Lỗi HTTP 404: Không tim thấy product id - product id: 113709643
2025-09-16 20:58:47,916 WARNING: Lỗi HTTP 404: Không tim thấy product id - product id: 113709695
2025-09-16 20:58:47,984 WARNING: Lỗi HTTP 429 - product id: 113799227, thử lại 1/3
2025-09-16 20:58:48,000 WARNING: Lỗi HTTP 429 - product id: 113825481, thử lại 1/3
2025-09-16 20:58:48,432 WARNING: Lỗi HTTP 404: Không tim thấy product id - product id: 113887120
2025-09-16 20:58:52,313 WARNING: Lỗi HTTP 429 - product id: 114276827, thử lại 1/3
2025-09-16 20:58:52,536 WARNING: Lỗi HTTP 429 - product id: 114277419, thử lại 1/3
2025-09-16 20:58:52,579 WARNING: Lỗi HTTP 429 - product id: 114277576, thử lại 1/3
2025-09-16 20:58:52,637 WARNING: Lỗi HTTP 429 - product id: 114277924, thử lại 1/3
2025-09-16 20:58:52,641 WARNING: Lỗi HTTP 429 - product id: 114277949, thử lại 1/3
2025-09-16 20:58:52,777 WARNING: Lỗi HTTP 429 - product id: 114288218, thử lại 1/3
2025-09-16 20:58:52,922 WARNING: Lỗi HTTP 429 - product id: 114289100, thử lại 1/3
2025-09-16 20:58:53,017 WARNING: Lỗi HTTP 429 - product id: 114289583, thử lại 1/3
2025-09-16 20:58:53,281 WARNING: Lỗi HTTP 429 - product id: 114290932, thử lại 1/3
2025-09-16 20:58:53,815 WARNING: Lỗi HTTP 429 - product id: 114292324, thử lại 1/3
2025-09-16 20:58:53,857 WARNING: Lỗi HTTP 429 - product id: 114292342, thử lại 1/3
2025-09-16 20:58:53,894 WARNING: Lỗi HTTP 429 - product id: 114293111, thử lại 1/3
2025-09-16 20:58:53,901 WARNING: Lỗi HTTP 429 - product id: 114292492, thử lại 1/3
2025-09-16 20:58:53,922 WARNING: Lỗi HTTP 429 - product id: 114292590, thử lại 1/3
2025-09-16 20:58:53,931 WARNING: Lỗi HTTP 429 - product id: 114292682, thử lại 1/3
2025-09-16 20:58:54,004 WARNING: Lỗi HTTP 429 - product id: 114293007, thử lại 1/3
2025-09-16 20:58:54,025 WARNING: Lỗi HTTP 429 - product id: 114293210, thử lại 1/3
2025-09-16 20:58:54,124 WARNING: Lỗi HTTP 429 - product id: 114294003, thử lại 1/3
2025-09-16 20:58:54,278 WARNING: Lỗi HTTP 429 - product id: 114293192, thử lại 1/3
2025-09-16 20:58:55,138 WARNING: Lỗi HTTP 429 - product id: 114314671, thử lại 1/3
2025-09-16 20:58:55,243 WARNING: Lỗi HTTP 429 - product id: 114314876, thử lại 1/3
2025-09-16 20:58:55,628 WARNING: Lỗi HTTP 429 - product id: 114317252, thử lại 1/3
2025-09-16 20:58:55,724 WARNING: Lỗi HTTP 429 - product id: 114318183, thử lại 1/3
2025-09-16 20:58:55,785 WARNING: Lỗi HTTP 429 - product id: 114318427, thử lại 1/3
2025-09-16 20:58:55,926 WARNING: Lỗi HTTP 429 - product id: 114319692, thử lại 1/3
2025-09-16 20:58:55,953 WARNING: Lỗi HTTP 429 - product id: 114292324, thử lại 2/3
2025-09-16 20:58:56,016 WARNING: Lỗi HTTP 429 - product id: 114320148, thử lại 1/3
2025-09-16 20:58:56,039 WARNING: Lỗi HTTP 429 - product id: 114320249, thử lại 1/3
2025-09-16 20:58:56,181 WARNING: Lỗi HTTP 429 - product id: 114320422, thử lại 1/3
2025-09-16 20:58:56,184 WARNING: Lỗi HTTP 429 - product id: 114293007, thử lại 2/3
2025-09-16 20:58:56,425 WARNING: Lỗi HTTP 429 - product id: 114322275, thử lại 1/3
2025-09-16 20:59:02,575 INFO: Đã commit batch 65 (1000 sản phẩm)
2025-09-16 20:59:02,599 INFO: Đã ghi 995 sản phẩm vào file crawled_files/products_batch_65_995_ids.csv
2025-09-16 20:59:02,631 INFO: Bắt đầu crawl batch 66 (1000 sản phẩm)
2025-09-16 20:59:04,096 WARNING: Lỗi HTTP 404: Không tim thấy product id - product id: 114572652
2025-09-16 20:59:04,351 WARNING: Lỗi HTTP 404: Không tim thấy product id - product id: 114572449
2025-09-16 20:59:04,607 WARNING: Lỗi HTTP 404: Không tim thấy product id - product id: 114572662
2025-09-16 20:59:04,859 WARNING: Lỗi HTTP 404: Không tim thấy product id - product id: 114572377
2025-09-16 20:59:08,338 WARNING: Lỗi HTTP 404: Không tim thấy product id - product id: 114572403
2025-09-16 20:59:09,382 WARNING: Lỗi HTTP 404: Không tim thấy product id - product id: 114876967
2025-09-16 20:59:09,969 WARNING: Lỗi HTTP 404: Không tim thấy product id - product id: 114877982
2025-09-16 20:59:10,319 WARNING: Lỗi HTTP 404: Không tim thấy product id - product id: 114894597
2025-09-16 20:59:11,045 WARNING: Lỗi HTTP 429 - product id: 115016475, thử lại 1/3
2025-09-16 20:59:13,779 WARNING: Lỗi HTTP 404: Không tim thấy product id - product id: 115196180
2025-09-16 20:59:14,603 WARNING: Lỗi HTTP 429 - product id: 115266172, thử lại 1/3
2025-09-16 20:59:16,815 WARNING: Lỗi HTTP 429 - product id: 115519514, thử lại 1/3
2025-09-16 20:59:17,194 WARNING: Lỗi HTTP 429 - product id: 115532725, thử lại 1/3
2025-09-16 20:59:17,260 WARNING: Lỗi HTTP 429 - product id: 115547420, thử lại 1/3
2025-09-16 20:59:18,361 WARNING: Lỗi HTTP 429 - product id: 115650486, thử lại 1/3
2025-09-16 20:59:18,460 WARNING: Lỗi HTTP 429 - product id: 115654320, thử lại 1/3
2025-09-16 20:59:19,180 WARNING: Lỗi HTTP 404: Không tim thấy product id - product id: 115667335
2025-09-16 20:59:20,564 INFO: Đã commit batch 66 (1000 sản phẩm)
2025-09-16 20:59:20,592 INFO: Đã ghi 990 sản phẩm vào file crawled_files/products_batch_66_990_ids.csv
2025-09-16 20:59:20,622 INFO: Bắt đầu crawl batch 67 (1000 sản phẩm)
2025-09-16 20:59:20,738 WARNING: Lỗi HTTP 404: Không tim thấy product id - product id: 115677940
2025-09-16 20:59:21,145 WARNING: Lỗi HTTP 429 - product id: 115737546, thử lại 1/3
2025-09-16 20:59:21,790 WARNING: Lỗi HTTP 429 - product id: 115770805, thử lại 1/3
2025-09-16 20:59:21,901 WARNING: Lỗi HTTP 429 - product id: 115772775, thử lại 1/3
2025-09-16 20:59:22,050 WARNING: Lỗi HTTP 429 - product id: 115778733, thử lại 1/3
2025-09-16 20:59:22,498 WARNING: Lỗi HTTP 429 - product id: 115801853, thử lại 1/3
2025-09-16 20:59:24,910 WARNING: Lỗi HTTP 429 - product id: 115897008, thử lại 1/3
2025-09-16 20:59:25,166 WARNING: Lỗi HTTP 429 - product id: 115902709, thử lại 1/3
2025-09-16 20:59:25,210 WARNING: Lỗi HTTP 429 - product id: 115904661, thử lại 1/3
2025-09-16 20:59:26,257 WARNING: Lỗi HTTP 429 - product id: 115945382, thử lại 1/3
2025-09-16 20:59:29,154 WARNING: Lỗi HTTP 429 - product id: 116042558, thử lại 1/3
2025-09-16 20:59:29,208 WARNING: Lỗi HTTP 429 - product id: 116042765, thử lại 1/3
2025-09-16 20:59:29,305 WARNING: Lỗi HTTP 429 - product id: 116043635, thử lại 1/3
2025-09-16 20:59:29,400 WARNING: Lỗi HTTP 429 - product id: 116044175, thử lại 1/3
2025-09-16 20:59:30,322 WARNING: Lỗi HTTP 404: Không tim thấy product id - product id: 116106183
2025-09-16 20:59:30,623 WARNING: Lỗi HTTP 404: Không tim thấy product id - product id: 116106095
2025-09-16 20:59:34,558 WARNING: Lỗi HTTP 404: Không tim thấy product id - product id: 116470301
2025-09-16 20:59:35,366 WARNING: Lỗi HTTP 404: Không tim thấy product id - product id: 116470590
2025-09-16 20:59:36,650 WARNING: Lỗi HTTP 429 - product id: 116713341, thử lại 1/3
2025-09-16 20:59:36,676 WARNING: Lỗi HTTP 429 - product id: 116714310, thử lại 1/3
2025-09-16 20:59:36,845 WARNING: Lỗi HTTP 429 - product id: 116727743, thử lại 1/3
2025-09-16 20:59:38,935 INFO: Đã commit batch 67 (1000 sản phẩm)
2025-09-16 20:59:38,962 INFO: Đã ghi 995 sản phẩm vào file crawled_files/products_batch_67_995_ids.csv
2025-09-16 20:59:38,993 INFO: Bắt đầu crawl batch 68 (1000 sản phẩm)
2025-09-16 20:59:40,766 WARNING: Lỗi HTTP 404: Không tim thấy product id - product id: 116813643
2025-09-16 20:59:50,408 WARNING: Lỗi HTTP 429 - product id: 117325030, thử lại 1/3
2025-09-16 20:59:56,040 INFO: Đã commit batch 68 (1000 sản phẩm)
2025-09-16 20:59:56,066 INFO: Đã ghi 999 sản phẩm vào file crawled_files/products_batch_68_999_ids.csv
2025-09-16 20:59:56,105 INFO: Bắt đầu crawl batch 69 (1000 sản phẩm)
2025-09-16 21:00:00,031 WARNING: Lỗi HTTP 429 - product id: 118037138, thử lại 1/3
2025-09-16 21:00:00,139 WARNING: Lỗi HTTP 429 - product id: 118038602, thử lại 1/3
2025-09-16 21:00:00,332 WARNING: Lỗi HTTP 429 - product id: 118083659, thử lại 1/3
2025-09-16 21:00:00,586 WARNING: Lỗi HTTP 429 - product id: 118094985, thử lại 1/3
2025-09-16 21:00:00,689 WARNING: Lỗi HTTP 429 - product id: 118097991, thử lại 1/3
2025-09-16 21:00:00,840 WARNING: Lỗi HTTP 429 - product id: 118102500, thử lại 1/3
2025-09-16 21:00:01,738 WARNING: Lỗi HTTP 429 - product id: 118125855, thử lại 1/3
2025-09-16 21:00:01,792 WARNING: Lỗi HTTP 429 - product id: 118125989, thử lại 1/3
2025-09-16 21:00:01,840 WARNING: Lỗi HTTP 429 - product id: 118126758, thử lại 1/3
2025-09-16 21:00:01,928 WARNING: Lỗi HTTP 429 - product id: 118137847, thử lại 1/3
2025-09-16 21:00:01,996 WARNING: Lỗi HTTP 429 - product id: 118139433, thử lại 1/3
2025-09-16 21:00:02,084 WARNING: Lỗi HTTP 429 - product id: 118140010, thử lại 1/3
2025-09-16 21:00:02,088 WARNING: Lỗi HTTP 429 - product id: 118139929, thử lại 1/3
2025-09-16 21:00:02,180 WARNING: Lỗi HTTP 429 - product id: 118140991, thử lại 1/3
2025-09-16 21:00:03,526 WARNING: Lỗi HTTP 429 - product id: 118154039, thử lại 1/3
2025-09-16 21:00:03,536 WARNING: Lỗi HTTP 429 - product id: 118154338, thử lại 1/3
2025-09-16 21:00:03,539 WARNING: Lỗi HTTP 429 - product id: 118154117, thử lại 1/3
2025-09-16 21:00:03,588 WARNING: Lỗi HTTP 429 - product id: 118154883, thử lại 1/3
2025-09-16 21:00:03,655 WARNING: Lỗi HTTP 429 - product id: 118155718, thử lại 1/3
2025-09-16 21:00:03,730 WARNING: Lỗi HTTP 429 - product id: 118156497, thử lại 1/3
2025-09-16 21:00:03,950 WARNING: Lỗi HTTP 429 - product id: 118159294, thử lại 1/3
2025-09-16 21:00:04,082 WARNING: Lỗi HTTP 429 - product id: 118159799, thử lại 1/3
2025-09-16 21:00:04,239 WARNING: Lỗi HTTP 429 - product id: 118139433, thử lại 2/3
2025-09-16 21:00:04,345 WARNING: Lỗi HTTP 429 - product id: 118139929, thử lại 2/3
2025-09-16 21:00:05,428 WARNING: Lỗi HTTP 429 - product id: 118165222, thử lại 1/3
2025-09-16 21:00:05,432 WARNING: Lỗi HTTP 429 - product id: 118165236, thử lại 1/3
2025-09-16 21:00:05,535 WARNING: Lỗi HTTP 429 - product id: 118165731, thử lại 1/3
2025-09-16 21:00:05,633 WARNING: Lỗi HTTP 429 - product id: 118166037, thử lại 1/3
2025-09-16 21:00:05,687 WARNING: Lỗi HTTP 429 - product id: 118175303, thử lại 1/3
2025-09-16 21:00:13,258 INFO: Đã commit batch 69 (1000 sản phẩm)
2025-09-16 21:00:13,283 INFO: Đã ghi 1000 sản phẩm vào file crawled_files/products_batch_69_1000_ids.csv
2025-09-16 21:00:13,316 INFO: Bắt đầu crawl batch 70 (1000 sản phẩm)
2025-09-16 21:00:16,929 WARNING: Lỗi HTTP 429 - product id: 119191745, thử lại 1/3
2025-09-16 21:00:20,569 WARNING: Lỗi HTTP 429 - product id: 119385053, thử lại 1/3
2025-09-16 21:00:20,745 WARNING: Lỗi HTTP 429 - product id: 119410452, thử lại 1/3
2025-09-16 21:00:27,877 WARNING: Lỗi HTTP 429 - product id: 119943154, thử lại 1/3
2025-09-16 21:00:27,930 WARNING: Lỗi HTTP 429 - product id: 119943397, thử lại 1/3
2025-09-16 21:00:29,443 WARNING: Lỗi HTTP 429 - product id: 120033327, thử lại 1/3
2025-09-16 21:00:29,445 WARNING: Lỗi HTTP 429 - product id: 120033446, thử lại 1/3
2025-09-16 21:00:31,597 INFO: Đã commit batch 70 (1000 sản phẩm)
2025-09-16 21:00:31,625 INFO: Đã ghi 1000 sản phẩm vào file crawled_files/products_batch_70_1000_ids.csv
2025-09-16 21:00:31,656 INFO: Bắt đầu crawl batch 71 (1000 sản phẩm)
2025-09-16 21:00:35,186 WARNING: Lỗi HTTP 429 - product id: 120357631, thử lại 1/3
2025-09-16 21:00:35,257 WARNING: Lỗi HTTP 429 - product id: 120372131, thử lại 1/3
2025-09-16 21:00:36,701 WARNING: Lỗi HTTP 404: Không tim thấy product id - product id: 120431463
2025-09-16 21:00:39,852 WARNING: Lỗi HTTP 429 - product id: 120534963, thử lại 1/3
2025-09-16 21:00:42,071 WARNING: Lỗi HTTP 429 - product id: 120760644, thử lại 1/3
2025-09-16 21:00:42,471 WARNING: Lỗi HTTP 429 - product id: 120791654, thử lại 1/3
2025-09-16 21:00:42,736 WARNING: Lỗi HTTP 429 - product id: 120812602, thử lại 1/3
2025-09-16 21:00:42,809 WARNING: Lỗi HTTP 429 - product id: 120856114, thử lại 1/3
2025-09-16 21:00:42,823 WARNING: Lỗi HTTP 429 - product id: 120856367, thử lại 1/3
2025-09-16 21:00:42,871 WARNING: Lỗi HTTP 429 - product id: 120856485, thử lại 1/3
2025-09-16 21:00:43,050 WARNING: Lỗi HTTP 429 - product id: 120859870, thử lại 1/3
2025-09-16 21:00:43,316 WARNING: Lỗi HTTP 429 - product id: 121010035, thử lại 1/3
2025-09-16 21:00:43,342 WARNING: Lỗi HTTP 429 - product id: 121009956, thử lại 1/3
2025-09-16 21:00:44,527 WARNING: Lỗi HTTP 429 - product id: 121087962, thử lại 1/3
2025-09-16 21:00:44,699 WARNING: Lỗi HTTP 429 - product id: 121100239, thử lại 1/3
2025-09-16 21:00:44,707 WARNING: Lỗi HTTP 429 - product id: 121101424, thử lại 1/3
2025-09-16 21:00:45,400 WARNING: Lỗi HTTP 404: Không tim thấy product id - product id: 121106476
2025-09-16 21:00:47,369 WARNING: Lỗi HTTP 429 - product id: 121229286, thử lại 1/3
2025-09-16 21:00:47,435 WARNING: Lỗi HTTP 429 - product id: 121229559, thử lại 1/3
2025-09-16 21:00:47,447 WARNING: Lỗi HTTP 429 - product id: 121229613, thử lại 1/3
2025-09-16 21:00:49,558 INFO: Đã commit batch 71 (1000 sản phẩm)
2025-09-16 21:00:49,599 INFO: Đã ghi 998 sản phẩm vào file crawled_files/products_batch_71_998_ids.csv
2025-09-16 21:00:49,631 INFO: Bắt đầu crawl batch 72 (1000 sản phẩm)
2025-09-16 21:00:52,757 WARNING: Lỗi HTTP 429 - product id: 121263387, thử lại 1/3
2025-09-16 21:00:52,769 WARNING: Lỗi HTTP 429 - product id: 121263321, thử lại 1/3
2025-09-16 21:00:54,919 WARNING: Lỗi HTTP 429 - product id: 121332488, thử lại 1/3
2025-09-16 21:00:55,128 WARNING: Lỗi HTTP 429 - product id: 121332545, thử lại 1/3
2025-09-16 21:00:55,171 WARNING: Lỗi HTTP 429 - product id: 121332557, thử lại 1/3
2025-09-16 21:00:55,185 WARNING: Lỗi HTTP 429 - product id: 121332553, thử lại 1/3
2025-09-16 21:00:55,385 WARNING: Lỗi HTTP 429 - product id: 121332725, thử lại 1/3
2025-09-16 21:00:55,619 WARNING: Lỗi HTTP 429 - product id: 121333071, thử lại 1/3
2025-09-16 21:00:55,752 WARNING: Lỗi HTTP 404: Không tim thấy product id - product id: 121331576
2025-09-16 21:00:56,021 WARNING: Lỗi HTTP 429 - product id: 121333352, thử lại 1/3
2025-09-16 21:01:03,268 WARNING: Lỗi HTTP 429 - product id: 121647916, thử lại 1/3
2025-09-16 21:01:03,969 WARNING: Lỗi HTTP 429 - product id: 121690677, thử lại 1/3
2025-09-16 21:01:06,681 INFO: Đã commit batch 72 (1000 sản phẩm)
2025-09-16 21:01:06,708 INFO: Đã ghi 999 sản phẩm vào file crawled_files/products_batch_72_999_ids.csv
2025-09-16 21:01:06,739 INFO: Bắt đầu crawl batch 73 (1000 sản phẩm)
2025-09-16 21:01:10,192 WARNING: Lỗi HTTP 429 - product id: 122344342, thử lại 1/3
2025-09-16 21:01:10,239 WARNING: Lỗi HTTP 429 - product id: 122344373, thử lại 1/3
2025-09-16 21:01:10,390 WARNING: Lỗi HTTP 429 - product id: 122344619, thử lại 1/3
2025-09-16 21:01:10,481 WARNING: Lỗi HTTP 429 - product id: 122344780, thử lại 1/3
2025-09-16 21:01:10,498 WARNING: Lỗi HTTP 429 - product id: 122344782, thử lại 1/3
2025-09-16 21:01:10,502 WARNING: Lỗi HTTP 429 - product id: 122344783, thử lại 1/3
2025-09-16 21:01:12,557 WARNING: Lỗi HTTP 429 - product id: 122521062, thử lại 1/3
2025-09-16 21:01:12,584 WARNING: Lỗi HTTP 429 - product id: 122344373, thử lại 2/3
2025-09-16 21:01:12,645 WARNING: Lỗi HTTP 429 - product id: 122532174, thử lại 1/3
2025-09-16 21:01:13,936 WARNING: Lỗi HTTP 429 - product id: 122829508, thử lại 1/3
2025-09-16 21:01:13,952 WARNING: Lỗi HTTP 429 - product id: 122829606, thử lại 1/3
2025-09-16 21:01:14,011 WARNING: Lỗi HTTP 429 - product id: 122834582, thử lại 1/3
2025-09-16 21:01:14,089 WARNING: Lỗi HTTP 429 - product id: 122868133, thử lại 1/3
2025-09-16 21:01:17,349 WARNING: Lỗi HTTP 429 - product id: 123233964, thử lại 1/3
2025-09-16 21:01:21,798 WARNING: Lỗi HTTP 429 - product id: 124037418, thử lại 1/3
2025-09-16 21:01:21,811 WARNING: Lỗi HTTP 429 - product id: 124038631, thử lại 1/3
2025-09-16 21:01:22,154 WARNING: Lỗi HTTP 429 - product id: 124066021, thử lại 1/3
2025-09-16 21:01:22,558 WARNING: Lỗi HTTP 429 - product id: 124146831, thử lại 1/3
2025-09-16 21:01:22,742 WARNING: Lỗi HTTP 429 - product id: 124149193, thử lại 1/3
2025-09-16 21:01:22,746 WARNING: Lỗi HTTP 429 - product id: 124149370, thử lại 1/3
2025-09-16 21:01:24,862 INFO: Đã commit batch 73 (1000 sản phẩm)
2025-09-16 21:01:24,894 INFO: Đã ghi 1000 sản phẩm vào file crawled_files/products_batch_73_1000_ids.csv
2025-09-16 21:01:24,928 INFO: Bắt đầu crawl batch 74 (1000 sản phẩm)
2025-09-16 21:01:28,137 WARNING: Lỗi HTTP 429 - product id: 124276417, thử lại 1/3
2025-09-16 21:01:28,141 WARNING: Lỗi HTTP 429 - product id: 124276048, thử lại 1/3
2025-09-16 21:01:28,924 WARNING: Lỗi HTTP 404: Không tim thấy product id - product id: 124275744
2025-09-16 21:01:29,081 WARNING: Lỗi HTTP 429 - product id: 124414050, thử lại 1/3
2025-09-16 21:01:29,498 WARNING: Lỗi HTTP 429 - product id: 124415897, thử lại 1/3
2025-09-16 21:01:31,141 WARNING: Lỗi HTTP 429 - product id: 124491574, thử lại 1/3
2025-09-16 21:01:32,620 WARNING: Lỗi HTTP 429 - product id: 124764907, thử lại 1/3
2025-09-16 21:01:32,634 WARNING: Lỗi HTTP 429 - product id: 124758298, thử lại 1/3
2025-09-16 21:01:32,682 WARNING: Lỗi HTTP 429 - product id: 124766042, thử lại 1/3
2025-09-16 21:01:32,687 WARNING: Lỗi HTTP 429 - product id: 124766282, thử lại 1/3
2025-09-16 21:01:32,691 WARNING: Lỗi HTTP 429 - product id: 124766433, thử lại 1/3
2025-09-16 21:01:32,747 WARNING: Lỗi HTTP 429 - product id: 124771247, thử lại 1/3
2025-09-16 21:01:32,755 WARNING: Lỗi HTTP 429 - product id: 124771312, thử lại 1/3
2025-09-16 21:01:32,783 WARNING: Lỗi HTTP 429 - product id: 124771360, thử lại 1/3
2025-09-16 21:01:34,429 WARNING: Lỗi HTTP 429 - product id: 124863724, thử lại 1/3
2025-09-16 21:01:34,476 WARNING: Lỗi HTTP 429 - product id: 124875329, thử lại 1/3
2025-09-16 21:01:34,513 WARNING: Lỗi HTTP 429 - product id: 124875398, thử lại 1/3
2025-09-16 21:01:40,713 WARNING: Lỗi HTTP 429 - product id: 125280453, thử lại 1/3
2025-09-16 21:01:40,728 WARNING: Lỗi HTTP 429 - product id: 125280341, thử lại 1/3
2025-09-16 21:01:42,880 INFO: Đã commit batch 74 (1000 sản phẩm)
2025-09-16 21:01:42,907 INFO: Đã ghi 999 sản phẩm vào file crawled_files/products_batch_74_999_ids.csv
2025-09-16 21:01:42,937 INFO: Bắt đầu crawl batch 75 (1000 sản phẩm)
2025-09-16 21:01:51,426 WARNING: Lỗi HTTP 429 - product id: 125876209, thử lại 1/3
2025-09-16 21:01:51,623 WARNING: Lỗi HTTP 429 - product id: 125888583, thử lại 1/3
2025-09-16 21:01:51,728 WARNING: Lỗi HTTP 429 - product id: 125888794, thử lại 1/3
2025-09-16 21:01:51,746 WARNING: Lỗi HTTP 429 - product id: 125888836, thử lại 1/3
2025-09-16 21:01:52,837 WARNING: Lỗi HTTP 429 - product id: 125912200, thử lại 1/3
2025-09-16 21:01:52,936 WARNING: Lỗi HTTP 429 - product id: 125912343, thử lại 1/3
2025-09-16 21:01:53,095 WARNING: Lỗi HTTP 429 - product id: 125912847, thử lại 1/3
2025-09-16 21:01:53,175 WARNING: Lỗi HTTP 429 - product id: 125913298, thử lại 1/3
2025-09-16 21:01:53,193 WARNING: Lỗi HTTP 429 - product id: 125913307, thử lại 1/3
2025-09-16 21:01:53,298 WARNING: Lỗi HTTP 429 - product id: 125923407, thử lại 1/3
2025-09-16 21:01:53,598 WARNING: Lỗi HTTP 429 - product id: 125945898, thử lại 1/3
2025-09-16 21:01:53,598 WARNING: Lỗi HTTP 429 - product id: 125926160, thử lại 1/3
2025-09-16 21:01:53,599 WARNING: Lỗi HTTP 429 - product id: 125945899, thử lại 1/3
2025-09-16 21:01:53,673 WARNING: Lỗi HTTP 429 - product id: 125947020, thử lại 1/3
2025-09-16 21:01:54,141 WARNING: Lỗi HTTP 429 - product id: 126009774, thử lại 1/3
2025-09-16 21:01:54,148 WARNING: Lỗi HTTP 429 - product id: 126009776, thử lại 1/3
2025-09-16 21:01:54,164 WARNING: Lỗi HTTP 429 - product id: 126010093, thử lại 1/3
2025-09-16 21:01:54,350 WARNING: Lỗi HTTP 429 - product id: 126022465, thử lại 1/3
2025-09-16 21:01:54,487 WARNING: Lỗi HTTP 429 - product id: 126022544, thử lại 1/3
2025-09-16 21:01:54,490 WARNING: Lỗi HTTP 429 - product id: 126022548, thử lại 1/3
2025-09-16 21:01:54,555 WARNING: Lỗi HTTP 429 - product id: 126022581, thử lại 1/3
2025-09-16 21:01:54,841 WARNING: Lỗi HTTP 429 - product id: 126038154, thử lại 1/3
2025-09-16 21:01:54,937 WARNING: Lỗi HTTP 429 - product id: 125912200, thử lại 2/3
2025-09-16 21:01:54,993 WARNING: Lỗi HTTP 429 - product id: 126040679, thử lại 1/3
2025-09-16 21:01:55,096 WARNING: Lỗi HTTP 429 - product id: 126047570, thử lại 1/3
2025-09-16 21:01:55,186 WARNING: Lỗi HTTP 429 - product id: 126047602, thử lại 1/3
2025-09-16 21:01:57,684 WARNING: Lỗi HTTP 429 - product id: 126049074, thử lại 1/3
2025-09-16 21:01:57,700 WARNING: Lỗi HTTP 429 - product id: 126049095, thử lại 1/3
2025-09-16 21:01:57,728 WARNING: Lỗi HTTP 429 - product id: 126049104, thử lại 1/3
2025-09-16 21:01:57,912 WARNING: Lỗi HTTP 429 - product id: 126049221, thử lại 1/3
2025-09-16 21:01:57,980 WARNING: Lỗi HTTP 429 - product id: 126049272, thử lại 1/3
2025-09-16 21:02:00,075 INFO: Đã commit batch 75 (1000 sản phẩm)
2025-09-16 21:02:00,101 INFO: Đã ghi 1000 sản phẩm vào file crawled_files/products_batch_75_1000_ids.csv
2025-09-16 21:02:00,131 INFO: Bắt đầu crawl batch 76 (1000 sản phẩm)
2025-09-16 21:02:02,057 WARNING: Lỗi HTTP 404: Không tim thấy product id - product id: 126158085
2025-09-16 21:02:05,598 WARNING: Lỗi HTTP 429 - product id: 126478892, thử lại 1/3
2025-09-16 21:02:05,991 WARNING: Lỗi HTTP 429 - product id: 126508142, thử lại 1/3
2025-09-16 21:02:06,148 WARNING: Lỗi HTTP 429 - product id: 126508763, thử lại 1/3
2025-09-16 21:02:06,794 WARNING: Lỗi HTTP 429 - product id: 126516187, thử lại 1/3
2025-09-16 21:02:06,896 WARNING: Lỗi HTTP 429 - product id: 126516987, thử lại 1/3
2025-09-16 21:02:07,023 WARNING: Lỗi HTTP 429 - product id: 126517839, thử lại 1/3
2025-09-16 21:02:07,092 WARNING: Lỗi HTTP 429 - product id: 126518136, thử lại 1/3
2025-09-16 21:02:07,095 WARNING: Lỗi HTTP 429 - product id: 126518140, thử lại 1/3
2025-09-16 21:02:07,097 WARNING: Lỗi HTTP 429 - product id: 126518369, thử lại 1/3
2025-09-16 21:02:07,211 WARNING: Lỗi HTTP 429 - product id: 126521200, thử lại 1/3
2025-09-16 21:02:07,240 WARNING: Lỗi HTTP 429 - product id: 126521612, thử lại 1/3
2025-09-16 21:02:07,331 WARNING: Lỗi HTTP 429 - product id: 126522132, thử lại 1/3
2025-09-16 21:02:07,354 WARNING: Lỗi HTTP 429 - product id: 126522243, thử lại 1/3
2025-09-16 21:02:07,394 WARNING: Lỗi HTTP 429 - product id: 126522911, thử lại 1/3
2025-09-16 21:02:11,653 WARNING: Lỗi HTTP 429 - product id: 126765000, thử lại 1/3
2025-09-16 21:02:11,697 WARNING: Lỗi HTTP 429 - product id: 126765195, thử lại 1/3
2025-09-16 21:02:11,738 WARNING: Lỗi HTTP 429 - product id: 126776504, thử lại 1/3
2025-09-16 21:02:11,747 WARNING: Lỗi HTTP 429 - product id: 126787141, thử lại 1/3
2025-09-16 21:02:11,760 WARNING: Lỗi HTTP 429 - product id: 126795029, thử lại 1/3
2025-09-16 21:02:11,832 WARNING: Lỗi HTTP 429 - product id: 126809858, thử lại 1/3
2025-09-16 21:02:11,873 WARNING: Lỗi HTTP 429 - product id: 126809869, thử lại 1/3
2025-09-16 21:02:15,871 WARNING: Lỗi HTTP 404: Không tim thấy product id - product id: 127097023
2025-09-16 21:02:15,977 WARNING: Lỗi HTTP 404: Không tim thấy product id - product id: 127114141
2025-09-16 21:02:16,485 WARNING: Lỗi HTTP 404: Không tim thấy product id - product id: 127113936
2025-09-16 21:02:17,506 INFO: Đã commit batch 76 (1000 sản phẩm)
2025-09-16 21:02:17,532 INFO: Đã ghi 996 sản phẩm vào file crawled_files/products_batch_76_996_ids.csv
2025-09-16 21:02:17,562 INFO: Bắt đầu crawl batch 77 (1000 sản phẩm)
2025-09-16 21:02:19,587 WARNING: Lỗi HTTP 429 - product id: 127352194, thử lại 1/3
2025-09-16 21:02:19,672 WARNING: Lỗi HTTP 429 - product id: 127352329, thử lại 1/3
2025-09-16 21:02:21,222 WARNING: Lỗi HTTP 429 - product id: 127444451, thử lại 1/3
2025-09-16 21:02:21,379 WARNING: Lỗi HTTP 429 - product id: 127444704, thử lại 1/3
2025-09-16 21:02:21,778 WARNING: Lỗi HTTP 429 - product id: 127485390, thử lại 1/3
2025-09-16 21:02:21,814 WARNING: Lỗi HTTP 429 - product id: 127493060, thử lại 1/3
2025-09-16 21:02:22,512 WARNING: Lỗi HTTP 429 - product id: 127515112, thử lại 1/3
2025-09-16 21:02:22,528 WARNING: Lỗi HTTP 429 - product id: 127515673, thử lại 1/3
2025-09-16 21:02:22,576 WARNING: Lỗi HTTP 429 - product id: 127527298, thử lại 1/3
2025-09-16 21:02:22,627 WARNING: Lỗi HTTP 429 - product id: 127531973, thử lại 1/3
2025-09-16 21:02:22,643 WARNING: Lỗi HTTP 404: Không tim thấy product id - product id: 127537280
2025-09-16 21:02:22,967 WARNING: Lỗi HTTP 429 - product id: 127568301, thử lại 1/3
2025-09-16 21:02:23,160 WARNING: Lỗi HTTP 404: Không tim thấy product id - product id: 127528127
2025-09-16 21:02:23,217 WARNING: Lỗi HTTP 429 - product id: 127584866, thử lại 1/3
2025-09-16 21:02:23,257 WARNING: Lỗi HTTP 404: Không tim thấy product id - product id: 127531945
2025-09-16 21:02:23,345 WARNING: Lỗi HTTP 429 - product id: 127594899, thử lại 1/3
2025-09-16 21:02:23,715 WARNING: Lỗi HTTP 429 - product id: 127634706, thử lại 1/3
2025-09-16 21:02:23,766 WARNING: Lỗi HTTP 429 - product id: 127643656, thử lại 1/3
2025-09-16 21:02:23,776 WARNING: Lỗi HTTP 429 - product id: 127643672, thử lại 1/3
2025-09-16 21:02:23,927 WARNING: Lỗi HTTP 429 - product id: 127661235, thử lại 1/3
2025-09-16 21:02:26,385 WARNING: Lỗi HTTP 429 - product id: 127666187, thử lại 1/3
2025-09-16 21:02:27,187 WARNING: Lỗi HTTP 429 - product id: 127666795, thử lại 1/3
2025-09-16 21:02:27,871 WARNING: Lỗi HTTP 429 - product id: 127667307, thử lại 1/3
2025-09-16 21:02:27,984 WARNING: Lỗi HTTP 429 - product id: 127667401, thử lại 1/3
2025-09-16 21:02:28,024 WARNING: Lỗi HTTP 429 - product id: 127667404, thử lại 1/3
2025-09-16 21:02:28,026 WARNING: Lỗi HTTP 429 - product id: 127667439, thử lại 1/3
2025-09-16 21:02:28,087 WARNING: Lỗi HTTP 429 - product id: 127667487, thử lại 1/3
2025-09-16 21:02:28,109 WARNING: Lỗi HTTP 429 - product id: 127667540, thử lại 1/3
2025-09-16 21:02:28,114 WARNING: Lỗi HTTP 429 - product id: 127667612, thử lại 1/3
2025-09-16 21:02:28,171 WARNING: Lỗi HTTP 429 - product id: 127667812, thử lại 1/3
2025-09-16 21:02:29,068 WARNING: Lỗi HTTP 429 - product id: 127745730, thử lại 1/3
2025-09-16 21:02:29,077 WARNING: Lỗi HTTP 429 - product id: 127744419, thử lại 1/3
2025-09-16 21:02:29,193 WARNING: Lỗi HTTP 429 - product id: 127800261, thử lại 1/3
2025-09-16 21:02:29,224 WARNING: Lỗi HTTP 429 - product id: 127802803, thử lại 1/3
2025-09-16 21:02:29,251 WARNING: Lỗi HTTP 429 - product id: 127802971, thử lại 1/3
2025-09-16 21:02:29,278 WARNING: Lỗi HTTP 429 - product id: 127806593, thử lại 1/3
2025-09-16 21:02:29,593 WARNING: Lỗi HTTP 429 - product id: 127834665, thử lại 1/3
2025-09-16 21:02:29,663 WARNING: Lỗi HTTP 429 - product id: 127856521, thử lại 1/3
2025-09-16 21:02:31,065 WARNING: Lỗi HTTP 429 - product id: 127930314, thử lại 1/3
2025-09-16 21:02:31,191 WARNING: Lỗi HTTP 429 - product id: 127936132, thử lại 1/3
2025-09-16 21:02:31,257 WARNING: Lỗi HTTP 429 - product id: 127936206, thử lại 1/3
2025-09-16 21:02:31,465 WARNING: Lỗi HTTP 429 - product id: 127936255, thử lại 1/3
2025-09-16 21:02:34,910 INFO: Đã commit batch 77 (1000 sản phẩm)
2025-09-16 21:02:34,936 INFO: Đã ghi 997 sản phẩm vào file crawled_files/products_batch_77_997_ids.csv
2025-09-16 21:02:34,965 INFO: Bắt đầu crawl batch 78 (1000 sản phẩm)
2025-09-16 21:02:35,359 WARNING: Lỗi HTTP 429 - product id: 128276510, thử lại 1/3
2025-09-16 21:02:35,711 WARNING: Lỗi HTTP 429 - product id: 128279538, thử lại 1/3
2025-09-16 21:02:35,776 WARNING: Lỗi HTTP 429 - product id: 128279743, thử lại 1/3
2025-09-16 21:02:35,797 WARNING: Lỗi HTTP 429 - product id: 128279752, thử lại 1/3
2025-09-16 21:02:35,983 WARNING: Lỗi HTTP 429 - product id: 128281360, thử lại 1/3
2025-09-16 21:02:35,984 WARNING: Lỗi HTTP 429 - product id: 128281622, thử lại 1/3
2025-09-16 21:02:36,019 WARNING: Lỗi HTTP 429 - product id: 128281924, thử lại 1/3
2025-09-16 21:02:36,065 WARNING: Lỗi HTTP 429 - product id: 128282043, thử lại 1/3
2025-09-16 21:02:36,084 WARNING: Lỗi HTTP 429 - product id: 128282133, thử lại 1/3
2025-09-16 21:02:36,318 WARNING: Lỗi HTTP 429 - product id: 128290705, thử lại 1/3
2025-09-16 21:02:39,672 WARNING: Lỗi HTTP 429 - product id: 128597332, thử lại 1/3
2025-09-16 21:02:39,764 WARNING: Lỗi HTTP 429 - product id: 128590366, thử lại 1/3
2025-09-16 21:02:39,939 WARNING: Lỗi HTTP 429 - product id: 128594161, thử lại 1/3
2025-09-16 21:02:41,112 WARNING: Lỗi HTTP 404: Không tim thấy product id - product id: 128660837
2025-09-16 21:02:41,482 WARNING: Lỗi HTTP 429 - product id: 128732451, thử lại 1/3
2025-09-16 21:02:41,627 WARNING: Lỗi HTTP 429 - product id: 128732853, thử lại 1/3
2025-09-16 21:02:47,148 WARNING: Lỗi HTTP 404: Không tim thấy product id - product id: 129010866
2025-09-16 21:02:47,210 WARNING: Lỗi HTTP 404: Không tim thấy product id - product id: 129172465
2025-09-16 21:02:47,326 WARNING: Lỗi HTTP 429 - product id: 129218173, thử lại 1/3
2025-09-16 21:02:48,826 WARNING: Lỗi HTTP 429 - product id: 129293847, thử lại 1/3
2025-09-16 21:02:49,437 WARNING: Lỗi HTTP 429 - product id: 129347072, thử lại 1/3
2025-09-16 21:02:49,577 WARNING: Lỗi HTTP 429 - product id: 129347366, thử lại 1/3
2025-09-16 21:02:49,774 WARNING: Lỗi HTTP 429 - product id: 129347585, thử lại 1/3
2025-09-16 21:02:49,830 WARNING: Lỗi HTTP 429 - product id: 129374544, thử lại 1/3
2025-09-16 21:02:50,417 WARNING: Lỗi HTTP 429 - product id: 129389543, thử lại 1/3
2025-09-16 21:02:50,626 WARNING: Lỗi HTTP 429 - product id: 129391025, thử lại 1/3
2025-09-16 21:02:50,718 WARNING: Lỗi HTTP 429 - product id: 129391415, thử lại 1/3
2025-09-16 21:02:50,858 WARNING: Lỗi HTTP 429 - product id: 129392140, thử lại 1/3
2025-09-16 21:02:50,936 WARNING: Lỗi HTTP 429 - product id: 129392556, thử lại 1/3
2025-09-16 21:02:50,938 WARNING: Lỗi HTTP 429 - product id: 129392508, thử lại 1/3
2025-09-16 21:02:53,077 INFO: Đã commit batch 78 (1000 sản phẩm)
2025-09-16 21:02:53,106 INFO: Đã ghi 997 sản phẩm vào file crawled_files/products_batch_78_997_ids.csv
2025-09-16 21:02:53,135 INFO: Bắt đầu crawl batch 79 (1000 sản phẩm)
2025-09-16 21:02:56,057 WARNING: Lỗi HTTP 404: Không tim thấy product id - product id: 129416808
2025-09-16 21:03:02,524 WARNING: Lỗi HTTP 404: Không tim thấy product id - product id: 129714951
2025-09-16 21:03:02,807 WARNING: Lỗi HTTP 429 - product id: 129719753, thử lại 1/3
2025-09-16 21:03:02,844 WARNING: Lỗi HTTP 429 - product id: 129719929, thử lại 1/3
2025-09-16 21:03:03,036 WARNING: Lỗi HTTP 429 - product id: 129721740, thử lại 1/3
2025-09-16 21:03:03,039 WARNING: Lỗi HTTP 429 - product id: 129721386, thử lại 1/3
2025-09-16 21:03:03,737 WARNING: Lỗi HTTP 429 - product id: 129750096, thử lại 1/3
2025-09-16 21:03:03,753 WARNING: Lỗi HTTP 429 - product id: 129751161, thử lại 1/3
2025-09-16 21:03:03,874 WARNING: Lỗi HTTP 404: Không tim thấy product id - product id: 129727779
2025-09-16 21:03:09,280 WARNING: Lỗi HTTP 429 - product id: 130029025, thử lại 1/3
2025-09-16 21:03:09,302 WARNING: Lỗi HTTP 429 - product id: 130029251, thử lại 1/3
2025-09-16 21:03:11,441 INFO: Đã commit batch 79 (1000 sản phẩm)
2025-09-16 21:03:11,468 INFO: Đã ghi 997 sản phẩm vào file crawled_files/products_batch_79_997_ids.csv
2025-09-16 21:03:11,497 INFO: Bắt đầu crawl batch 80 (1000 sản phẩm)
2025-09-16 21:03:12,001 WARNING: Lỗi HTTP 429 - product id: 130121265, thử lại 1/3
2025-09-16 21:03:12,024 WARNING: Lỗi HTTP 429 - product id: 130121514, thử lại 1/3
2025-09-16 21:03:14,890 WARNING: Lỗi HTTP 429 - product id: 130423003, thử lại 1/3
2025-09-16 21:03:14,970 WARNING: Lỗi HTTP 429 - product id: 130424801, thử lại 1/3
2025-09-16 21:03:15,591 WARNING: Lỗi HTTP 404: Không tim thấy product id - product id: 130425293
2025-09-16 21:03:16,030 WARNING: Lỗi HTTP 404: Không tim thấy product id - product id: 130422290
2025-09-16 21:03:17,007 WARNING: Lỗi HTTP 429 - product id: 130622579, thử lại 1/3
2025-09-16 21:03:17,071 WARNING: Lỗi HTTP 429 - product id: 130655631, thử lại 1/3
2025-09-16 21:03:17,121 WARNING: Lỗi HTTP 429 - product id: 130623114, thử lại 1/3
2025-09-16 21:03:17,196 WARNING: Lỗi HTTP 429 - product id: 130623853, thử lại 1/3
2025-09-16 21:03:17,199 WARNING: Lỗi HTTP 429 - product id: 130623875, thử lại 1/3
2025-09-16 21:03:17,639 WARNING: Lỗi HTTP 404: Không tim thấy product id - product id: 130423003
2025-09-16 21:03:17,730 WARNING: Lỗi HTTP 429 - product id: 130743499, thử lại 1/3
2025-09-16 21:03:18,619 WARNING: Lỗi HTTP 404: Không tim thấy product id - product id: 130773904
2025-09-16 21:03:25,613 WARNING: Lỗi HTTP 429 - product id: 131255892, thử lại 1/3
2025-09-16 21:03:25,700 WARNING: Lỗi HTTP 429 - product id: 131260632, thử lại 1/3
2025-09-16 21:03:25,901 WARNING: Lỗi HTTP 429 - product id: 131290582, thử lại 1/3
2025-09-16 21:03:25,903 WARNING: Lỗi HTTP 429 - product id: 131290731, thử lại 1/3
2025-09-16 21:03:26,256 WARNING: Lỗi HTTP 429 - product id: 131303645, thử lại 1/3
2025-09-16 21:03:26,846 WARNING: Lỗi HTTP 429 - product id: 131399315, thử lại 1/3
2025-09-16 21:03:26,859 WARNING: Lỗi HTTP 429 - product id: 131405286, thử lại 1/3
2025-09-16 21:03:26,911 WARNING: Lỗi HTTP 429 - product id: 131413353, thử lại 1/3
2025-09-16 21:03:26,915 WARNING: Lỗi HTTP 429 - product id: 131408797, thử lại 1/3
2025-09-16 21:03:27,006 WARNING: Lỗi HTTP 429 - product id: 131416995, thử lại 1/3
2025-09-16 21:03:27,054 WARNING: Lỗi HTTP 429 - product id: 131417834, thử lại 1/3
2025-09-16 21:03:27,059 WARNING: Lỗi HTTP 429 - product id: 131417855, thử lại 1/3
2025-09-16 21:03:27,077 WARNING: Lỗi HTTP 429 - product id: 131417934, thử lại 1/3
2025-09-16 21:03:27,156 WARNING: Lỗi HTTP 429 - product id: 131419426, thử lại 1/3
2025-09-16 21:03:27,168 WARNING: Lỗi HTTP 429 - product id: 131419521, thử lại 1/3
2025-09-16 21:03:27,203 WARNING: Lỗi HTTP 429 - product id: 131473341, thử lại 1/3
2025-09-16 21:03:27,313 WARNING: Lỗi HTTP 429 - product id: 131504604, thử lại 1/3
2025-09-16 21:03:29,426 INFO: Đã commit batch 80 (1000 sản phẩm)
2025-09-16 21:03:29,456 INFO: Đã ghi 996 sản phẩm vào file crawled_files/products_batch_80_996_ids.csv
2025-09-16 21:03:29,486 INFO: Bắt đầu crawl batch 81 (1000 sản phẩm)
2025-09-16 21:03:30,703 WARNING: Lỗi HTTP 429 - product id: 131579656, thử lại 1/3
2025-09-16 21:03:35,885 WARNING: Lỗi HTTP 429 - product id: 132309890, thử lại 1/3
2025-09-16 21:03:35,895 WARNING: Lỗi HTTP 429 - product id: 132309324, thử lại 1/3
2025-09-16 21:03:35,988 WARNING: Lỗi HTTP 429 - product id: 132314267, thử lại 1/3
2025-09-16 21:03:36,100 WARNING: Lỗi HTTP 429 - product id: 132316387, thử lại 1/3
2025-09-16 21:03:36,246 WARNING: Lỗi HTTP 429 - product id: 132319537, thử lại 1/3
2025-09-16 21:03:36,381 WARNING: Lỗi HTTP 429 - product id: 132322815, thử lại 1/3
2025-09-16 21:03:36,392 WARNING: Lỗi HTTP 429 - product id: 132323364, thử lại 1/3
2025-09-16 21:03:36,399 WARNING: Lỗi HTTP 429 - product id: 132323991, thử lại 1/3
2025-09-16 21:03:37,083 WARNING: Lỗi HTTP 429 - product id: 132339759, thử lại 1/3
2025-09-16 21:03:37,229 WARNING: Lỗi HTTP 429 - product id: 132367990, thử lại 1/3
2025-09-16 21:03:40,228 WARNING: Lỗi HTTP 429 - product id: 132922027, thử lại 1/3
2025-09-16 21:03:40,357 WARNING: Lỗi HTTP 429 - product id: 132922795, thử lại 1/3
2025-09-16 21:03:40,466 WARNING: Lỗi HTTP 429 - product id: 132923129, thử lại 1/3
2025-09-16 21:03:40,544 WARNING: Lỗi HTTP 429 - product id: 132923656, thử lại 1/3
2025-09-16 21:03:42,545 WARNING: Lỗi HTTP 429 - product id: 133072768, thử lại 1/3
2025-09-16 21:03:42,632 WARNING: Lỗi HTTP 429 - product id: 133073332, thử lại 1/3
2025-09-16 21:03:42,665 WARNING: Lỗi HTTP 429 - product id: 133073622, thử lại 1/3
2025-09-16 21:03:42,742 WARNING: Lỗi HTTP 429 - product id: 133083116, thử lại 1/3
2025-09-16 21:03:42,900 WARNING: Lỗi HTTP 429 - product id: 133091477, thử lại 1/3
2025-09-16 21:03:45,483 WARNING: Lỗi HTTP 429 - product id: 133490768, thử lại 1/3
2025-09-16 21:03:47,595 INFO: Đã commit batch 81 (1000 sản phẩm)
2025-09-16 21:03:47,630 INFO: Đã ghi 1000 sản phẩm vào file crawled_files/products_batch_81_1000_ids.csv
2025-09-16 21:03:47,660 INFO: Bắt đầu crawl batch 82 (1000 sản phẩm)
2025-09-16 21:03:49,714 WARNING: Lỗi HTTP 429 - product id: 133774209, thử lại 1/3
2025-09-16 21:03:49,916 WARNING: Lỗi HTTP 429 - product id: 133781862, thử lại 1/3
2025-09-16 21:03:50,723 WARNING: Lỗi HTTP 429 - product id: 133811564, thử lại 1/3
2025-09-16 21:03:51,220 WARNING: Lỗi HTTP 429 - product id: 133812463, thử lại 1/3
2025-09-16 21:03:51,309 WARNING: Lỗi HTTP 429 - product id: 133812610, thử lại 1/3
2025-09-16 21:03:51,331 WARNING: Lỗi HTTP 429 - product id: 133812617, thử lại 1/3
2025-09-16 21:03:51,532 WARNING: Lỗi HTTP 429 - product id: 133817386, thử lại 1/3
2025-09-16 21:03:56,383 WARNING: Lỗi HTTP 429 - product id: 134304084, thử lại 1/3
2025-09-16 21:03:56,517 WARNING: Lỗi HTTP 429 - product id: 134304273, thử lại 1/3
2025-09-16 21:04:01,576 WARNING: Lỗi HTTP 429 - product id: 134405916, thử lại 1/3
2025-09-16 21:04:01,730 WARNING: Lỗi HTTP 429 - product id: 134418688, thử lại 1/3
2025-09-16 21:04:01,806 WARNING: Lỗi HTTP 429 - product id: 134438082, thử lại 1/3
2025-09-16 21:04:01,886 WARNING: Lỗi HTTP 429 - product id: 134439774, thử lại 1/3
2025-09-16 21:04:01,908 WARNING: Lỗi HTTP 429 - product id: 134440708, thử lại 1/3
2025-09-16 21:04:01,974 WARNING: Lỗi HTTP 429 - product id: 134465545, thử lại 1/3
2025-09-16 21:04:02,181 WARNING: Lỗi HTTP 404: Không tim thấy product id - product id: 134389899
2025-09-16 21:04:02,358 WARNING: Lỗi HTTP 429 - product id: 134508397, thử lại 1/3
2025-09-16 21:04:02,474 WARNING: Lỗi HTTP 429 - product id: 134516951, thử lại 1/3
2025-09-16 21:04:02,892 WARNING: Lỗi HTTP 429 - product id: 134559547, thử lại 1/3
2025-09-16 21:04:05,001 INFO: Đã commit batch 82 (1000 sản phẩm)
2025-09-16 21:04:05,027 INFO: Đã ghi 999 sản phẩm vào file crawled_files/products_batch_82_999_ids.csv
2025-09-16 21:04:05,056 INFO: Bắt đầu crawl batch 83 (1000 sản phẩm)
2025-09-16 21:04:13,391 WARNING: Lỗi HTTP 404: Không tim thấy product id - product id: 135370586
2025-09-16 21:04:22,248 INFO: Đã commit batch 83 (1000 sản phẩm)
2025-09-16 21:04:22,276 INFO: Đã ghi 999 sản phẩm vào file crawled_files/products_batch_83_999_ids.csv
2025-09-16 21:04:22,305 INFO: Bắt đầu crawl batch 84 (1000 sản phẩm)
2025-09-16 21:04:28,901 WARNING: Lỗi HTTP 429 - product id: 136364113, thử lại 1/3
2025-09-16 21:04:28,929 WARNING: Lỗi HTTP 429 - product id: 136364148, thử lại 1/3
2025-09-16 21:04:29,110 WARNING: Lỗi HTTP 429 - product id: 136367695, thử lại 1/3
2025-09-16 21:04:29,733 WARNING: Lỗi HTTP 429 - product id: 136411438, thử lại 1/3
2025-09-16 21:04:29,782 WARNING: Lỗi HTTP 429 - product id: 136411453, thử lại 1/3
2025-09-16 21:04:29,798 WARNING: Lỗi HTTP 429 - product id: 136412420, thử lại 1/3
2025-09-16 21:04:29,804 WARNING: Lỗi HTTP 429 - product id: 136414600, thử lại 1/3
2025-09-16 21:04:29,962 WARNING: Lỗi HTTP 429 - product id: 136462395, thử lại 1/3
2025-09-16 21:04:31,225 WARNING: Lỗi HTTP 429 - product id: 136364148, thử lại 2/3
2025-09-16 21:04:31,362 WARNING: Lỗi HTTP 429 - product id: 136588950, thử lại 1/3
2025-09-16 21:04:32,412 WARNING: Lỗi HTTP 429 - product id: 136626493, thử lại 1/3
2025-09-16 21:04:32,413 WARNING: Lỗi HTTP 429 - product id: 136626494, thử lại 1/3
2025-09-16 21:04:34,150 WARNING: Lỗi HTTP 404: Không tim thấy product id - product id: 136699272
2025-09-16 21:04:36,356 WARNING: Lỗi HTTP 429 - product id: 136822356, thử lại 1/3
2025-09-16 21:04:39,300 INFO: Đã commit batch 84 (1000 sản phẩm)
2025-09-16 21:04:39,327 INFO: Đã ghi 999 sản phẩm vào file crawled_files/products_batch_84_999_ids.csv
2025-09-16 21:04:39,356 INFO: Bắt đầu crawl batch 85 (1000 sản phẩm)
2025-09-16 21:04:40,630 WARNING: Lỗi HTTP 404: Không tim thấy product id - product id: 136891407
2025-09-16 21:04:41,865 WARNING: Lỗi HTTP 429 - product id: 136996736, thử lại 1/3
2025-09-16 21:04:41,914 WARNING: Lỗi HTTP 429 - product id: 136996878, thử lại 1/3
2025-09-16 21:04:41,950 WARNING: Lỗi HTTP 429 - product id: 136997305, thử lại 1/3
2025-09-16 21:04:42,120 WARNING: Lỗi HTTP 429 - product id: 137006774, thử lại 1/3
2025-09-16 21:04:42,201 WARNING: Lỗi HTTP 429 - product id: 137010625, thử lại 1/3
2025-09-16 21:04:42,282 WARNING: Lỗi HTTP 429 - product id: 137010852, thử lại 1/3
2025-09-16 21:04:42,320 WARNING: Lỗi HTTP 429 - product id: 137010986, thử lại 1/3
2025-09-16 21:04:42,407 WARNING: Lỗi HTTP 429 - product id: 137011712, thử lại 1/3
2025-09-16 21:04:42,777 WARNING: Lỗi HTTP 429 - product id: 137013107, thử lại 1/3
2025-09-16 21:04:42,836 WARNING: Lỗi HTTP 429 - product id: 137013116, thử lại 1/3
2025-09-16 21:04:42,886 WARNING: Lỗi HTTP 429 - product id: 137013264, thử lại 1/3
2025-09-16 21:04:43,156 WARNING: Lỗi HTTP 429 - product id: 137018944, thử lại 1/3
2025-09-16 21:04:43,980 WARNING: Lỗi HTTP 429 - product id: 137136011, thử lại 1/3
2025-09-16 21:04:44,079 WARNING: Lỗi HTTP 429 - product id: 136996736, thử lại 2/3
2025-09-16 21:04:44,095 WARNING: Lỗi HTTP 429 - product id: 137139105, thử lại 1/3
2025-09-16 21:04:44,157 WARNING: Lỗi HTTP 429 - product id: 137140089, thử lại 1/3
2025-09-16 21:04:45,474 WARNING: Lỗi HTTP 429 - product id: 137202994, thử lại 1/3
2025-09-16 21:04:45,983 WARNING: Lỗi HTTP 429 - product id: 137212071, thử lại 1/3
2025-09-16 21:04:46,008 WARNING: Lỗi HTTP 429 - product id: 137212091, thử lại 1/3
2025-09-16 21:04:46,022 WARNING: Lỗi HTTP 429 - product id: 137212100, thử lại 1/3
2025-09-16 21:04:46,121 WARNING: Lỗi HTTP 429 - product id: 137212222, thử lại 1/3
2025-09-16 21:04:46,316 WARNING: Lỗi HTTP 429 - product id: 137212286, thử lại 1/3
2025-09-16 21:04:46,343 WARNING: Lỗi HTTP 429 - product id: 137212310, thử lại 1/3
2025-09-16 21:04:46,445 WARNING: Lỗi HTTP 429 - product id: 137219430, thử lại 1/3
2025-09-16 21:04:46,454 WARNING: Lỗi HTTP 429 - product id: 137219554, thử lại 1/3
2025-09-16 21:04:47,622 WARNING: Lỗi HTTP 429 - product id: 137253572, thử lại 1/3
2025-09-16 21:04:47,656 WARNING: Lỗi HTTP 429 - product id: 137253697, thử lại 1/3
2025-09-16 21:04:49,916 WARNING: Lỗi HTTP 429 - product id: 137430825, thử lại 1/3
2025-09-16 21:04:50,035 WARNING: Lỗi HTTP 429 - product id: 137442408, thử lại 1/3
2025-09-16 21:04:50,219 WARNING: Lỗi HTTP 429 - product id: 137458414, thử lại 1/3
2025-09-16 21:04:51,150 WARNING: Lỗi HTTP 429 - product id: 137498808, thử lại 1/3
2025-09-16 21:04:51,461 WARNING: Lỗi HTTP 429 - product id: 137506977, thử lại 1/3
2025-09-16 21:04:51,613 WARNING: Lỗi HTTP 429 - product id: 137519111, thử lại 1/3
2025-09-16 21:04:52,032 WARNING: Lỗi HTTP 429 - product id: 137551613, thử lại 1/3
2025-09-16 21:04:52,102 WARNING: Lỗi HTTP 429 - product id: 137552577, thử lại 1/3
2025-09-16 21:04:52,102 WARNING: Lỗi HTTP 429 - product id: 137553265, thử lại 1/3
2025-09-16 21:04:52,178 WARNING: Lỗi HTTP 429 - product id: 137560026, thử lại 1/3
2025-09-16 21:04:52,274 WARNING: Lỗi HTTP 429 - product id: 137564267, thử lại 1/3
2025-09-16 21:04:52,316 WARNING: Lỗi HTTP 429 - product id: 137572216, thử lại 1/3
2025-09-16 21:04:52,323 WARNING: Lỗi HTTP 429 - product id: 137458414, thử lại 2/3
2025-09-16 21:04:52,469 WARNING: Lỗi HTTP 429 - product id: 137572948, thử lại 1/3
2025-09-16 21:04:52,489 WARNING: Lỗi HTTP 429 - product id: 137572954, thử lại 1/3
2025-09-16 21:04:55,341 WARNING: Lỗi HTTP 404: Không tim thấy product id - product id: 137675321
2025-09-16 21:04:55,511 WARNING: Lỗi HTTP 404: Không tim thấy product id - product id: 137675537
2025-09-16 21:04:55,647 WARNING: Lỗi HTTP 404: Không tim thấy product id - product id: 137675299
2025-09-16 21:04:55,753 WARNING: Lỗi HTTP 404: Không tim thấy product id - product id: 137675369
2025-09-16 21:04:55,884 WARNING: Lỗi HTTP 404: Không tim thấy product id - product id: 137675541
2025-09-16 21:04:56,431 INFO: Đã commit batch 85 (1000 sản phẩm)
2025-09-16 21:04:56,459 INFO: Đã ghi 994 sản phẩm vào file crawled_files/products_batch_85_994_ids.csv
2025-09-16 21:04:56,489 INFO: Bắt đầu crawl batch 86 (1000 sản phẩm)
2025-09-16 21:04:56,569 WARNING: Lỗi HTTP 404: Không tim thấy product id - product id: 137676419
2025-09-16 21:04:56,609 WARNING: Lỗi HTTP 404: Không tim thấy product id - product id: 137676203
2025-09-16 21:04:56,787 WARNING: Lỗi HTTP 404: Không tim thấy product id - product id: 137676428
2025-09-16 21:04:56,825 WARNING: Lỗi HTTP 404: Không tim thấy product id - product id: 137676504
2025-09-16 21:04:56,929 WARNING: Lỗi HTTP 404: Không tim thấy product id - product id: 137676509
2025-09-16 21:04:56,935 WARNING: Lỗi HTTP 404: Không tim thấy product id - product id: 137676513
2025-09-16 21:04:57,017 WARNING: Lỗi HTTP 404: Không tim thấy product id - product id: 137676921
2025-09-16 21:05:04,650 WARNING: Lỗi HTTP 429 - product id: 138307015, thử lại 1/3
2025-09-16 21:05:04,943 WARNING: Lỗi HTTP 429 - product id: 138317817, thử lại 1/3
2025-09-16 21:05:05,004 WARNING: Lỗi HTTP 429 - product id: 138318202, thử lại 1/3
2025-09-16 21:05:05,049 WARNING: Lỗi HTTP 429 - product id: 138318348, thử lại 1/3
2025-09-16 21:05:05,188 WARNING: Lỗi HTTP 429 - product id: 138323542, thử lại 1/3
2025-09-16 21:05:05,193 WARNING: Lỗi HTTP 429 - product id: 138324519, thử lại 1/3
2025-09-16 21:05:05,279 WARNING: Lỗi HTTP 429 - product id: 138328350, thử lại 1/3
2025-09-16 21:05:05,497 WARNING: Lỗi HTTP 429 - product id: 138342771, thử lại 1/3
2025-09-16 21:05:05,497 WARNING: Lỗi HTTP 429 - product id: 138342662, thử lại 1/3
2025-09-16 21:05:05,514 WARNING: Lỗi HTTP 429 - product id: 138342880, thử lại 1/3
2025-09-16 21:05:05,688 WARNING: Lỗi HTTP 429 - product id: 138359799, thử lại 1/3
2025-09-16 21:05:05,715 WARNING: Lỗi HTTP 429 - product id: 138360835, thử lại 1/3
2025-09-16 21:05:05,803 WARNING: Lỗi HTTP 429 - product id: 138381075, thử lại 1/3
2025-09-16 21:05:05,804 WARNING: Lỗi HTTP 429 - product id: 138380370, thử lại 1/3
2025-09-16 21:05:06,194 WARNING: Lỗi HTTP 429 - product id: 138384342, thử lại 1/3
2025-09-16 21:05:06,208 WARNING: Lỗi HTTP 429 - product id: 138384479, thử lại 1/3
2025-09-16 21:05:06,707 WARNING: Lỗi HTTP 429 - product id: 138386672, thử lại 1/3
2025-09-16 21:05:06,751 WARNING: Lỗi HTTP 429 - product id: 138386852, thử lại 1/3
2025-09-16 21:05:06,789 WARNING: Lỗi HTTP 429 - product id: 138386885, thử lại 1/3
2025-09-16 21:05:07,001 WARNING: Lỗi HTTP 429 - product id: 138409836, thử lại 1/3
2025-09-16 21:05:07,015 WARNING: Lỗi HTTP 429 - product id: 138409893, thử lại 1/3
2025-09-16 21:05:07,096 WARNING: Lỗi HTTP 429 - product id: 138318202, thử lại 2/3
2025-09-16 21:05:07,220 WARNING: Lỗi HTTP 429 - product id: 138419825, thử lại 1/3
2025-09-16 21:05:07,314 WARNING: Lỗi HTTP 429 - product id: 138421500, thử lại 1/3
2025-09-16 21:05:07,333 WARNING: Lỗi HTTP 429 - product id: 138421856, thử lại 1/3
2025-09-16 21:05:07,366 WARNING: Lỗi HTTP 429 - product id: 138421858, thử lại 1/3
2025-09-16 21:05:07,407 WARNING: Lỗi HTTP 429 - product id: 138422841, thử lại 1/3
2025-09-16 21:05:07,420 WARNING: Lỗi HTTP 429 - product id: 138423267, thử lại 1/3
2025-09-16 21:05:11,956 WARNING: Lỗi HTTP 429 - product id: 138767540, thử lại 1/3
2025-09-16 21:05:11,970 WARNING: Lỗi HTTP 429 - product id: 138771951, thử lại 1/3
2025-09-16 21:05:12,022 WARNING: Lỗi HTTP 429 - product id: 138800983, thử lại 1/3
2025-09-16 21:05:12,052 WARNING: Lỗi HTTP 429 - product id: 138801128, thử lại 1/3
2025-09-16 21:05:12,151 WARNING: Lỗi HTTP 429 - product id: 138813917, thử lại 1/3
2025-09-16 21:05:12,531 WARNING: Lỗi HTTP 429 - product id: 138824578, thử lại 1/3
2025-09-16 21:05:12,541 WARNING: Lỗi HTTP 429 - product id: 138824228, thử lại 1/3
2025-09-16 21:05:14,069 WARNING: Lỗi HTTP 404: Không tim thấy product id - product id: 138771951
2025-09-16 21:05:14,713 INFO: Đã commit batch 86 (1000 sản phẩm)
2025-09-16 21:05:14,741 INFO: Đã ghi 992 sản phẩm vào file crawled_files/products_batch_86_992_ids.csv
2025-09-16 21:05:14,770 INFO: Bắt đầu crawl batch 87 (1000 sản phẩm)
2025-09-16 21:05:17,716 WARNING: Lỗi HTTP 404: Không tim thấy product id - product id: 138989666
2025-09-16 21:05:17,918 WARNING: Lỗi HTTP 404: Không tim thấy product id - product id: 139033619
2025-09-16 21:05:20,652 WARNING: Lỗi HTTP 404: Không tim thấy product id - product id: 139196211
2025-09-16 21:05:21,453 WARNING: Lỗi HTTP 404: Không tim thấy product id - product id: 139222915
2025-09-16 21:05:27,718 WARNING: Lỗi HTTP 429 - product id: 139615964, thử lại 1/3
2025-09-16 21:05:29,244 WARNING: Lỗi HTTP 429 - product id: 139619519, thử lại 1/3
2025-09-16 21:05:29,292 WARNING: Lỗi HTTP 429 - product id: 139619611, thử lại 1/3
2025-09-16 21:05:29,613 WARNING: Lỗi HTTP 429 - product id: 139620944, thử lại 1/3
2025-09-16 21:05:31,773 INFO: Đã commit batch 87 (1000 sản phẩm)
2025-09-16 21:05:31,798 INFO: Đã ghi 996 sản phẩm vào file crawled_files/products_batch_87_996_ids.csv
2025-09-16 21:05:31,828 INFO: Bắt đầu crawl batch 88 (1000 sản phẩm)
2025-09-16 21:05:33,134 WARNING: Lỗi HTTP 429 - product id: 139732276, thử lại 1/3
2025-09-16 21:05:33,149 WARNING: Lỗi HTTP 429 - product id: 139742216, thử lại 1/3
2025-09-16 21:05:33,546 WARNING: Lỗi HTTP 429 - product id: 139924961, thử lại 1/3
2025-09-16 21:05:33,644 WARNING: Lỗi HTTP 429 - product id: 139952560, thử lại 1/3
2025-09-16 21:05:38,096 WARNING: Lỗi HTTP 429 - product id: 140212881, thử lại 1/3
2025-09-16 21:05:38,510 WARNING: Lỗi HTTP 429 - product id: 140256550, thử lại 1/3
2025-09-16 21:05:39,748 WARNING: Lỗi HTTP 429 - product id: 140416491, thử lại 1/3
2025-09-16 21:05:40,113 WARNING: Lỗi HTTP 404: Không tim thấy product id - product id: 140331433
2025-09-16 21:05:40,240 WARNING: Lỗi HTTP 429 - product id: 140424768, thử lại 1/3
2025-09-16 21:05:40,331 WARNING: Lỗi HTTP 429 - product id: 140436673, thử lại 1/3
2025-09-16 21:05:40,344 WARNING: Lỗi HTTP 429 - product id: 140436706, thử lại 1/3
2025-09-16 21:05:40,357 WARNING: Lỗi HTTP 429 - product id: 140436757, thử lại 1/3
2025-09-16 21:05:40,413 WARNING: Lỗi HTTP 429 - product id: 140436894, thử lại 1/3
2025-09-16 21:05:40,449 WARNING: Lỗi HTTP 429 - product id: 140437030, thử lại 1/3
2025-09-16 21:05:42,491 WARNING: Lỗi HTTP 429 - product id: 140523345, thử lại 1/3
2025-09-16 21:05:42,602 WARNING: Lỗi HTTP 429 - product id: 140524134, thử lại 1/3
2025-09-16 21:05:42,701 WARNING: Lỗi HTTP 429 - product id: 140436706, thử lại 2/3
2025-09-16 21:05:42,716 WARNING: Lỗi HTTP 429 - product id: 140534992, thử lại 1/3
2025-09-16 21:05:43,813 WARNING: Lỗi HTTP 429 - product id: 140630198, thử lại 1/3
2025-09-16 21:05:43,852 WARNING: Lỗi HTTP 429 - product id: 140630552, thử lại 1/3
2025-09-16 21:05:43,937 WARNING: Lỗi HTTP 429 - product id: 140636071, thử lại 1/3
2025-09-16 21:05:44,335 WARNING: Lỗi HTTP 429 - product id: 140775785, thử lại 1/3
2025-09-16 21:05:46,988 WARNING: Lỗi HTTP 429 - product id: 140823213, thử lại 1/3
2025-09-16 21:05:49,090 INFO: Đã commit batch 88 (1000 sản phẩm)
2025-09-16 21:05:49,117 INFO: Đã ghi 999 sản phẩm vào file crawled_files/products_batch_88_999_ids.csv
2025-09-16 21:05:49,146 INFO: Bắt đầu crawl batch 89 (1000 sản phẩm)
2025-09-16 21:05:52,321 WARNING: Lỗi HTTP 404: Không tim thấy product id - product id: 140987470
2025-09-16 21:05:56,222 WARNING: Lỗi HTTP 429 - product id: 141243254, thử lại 1/3
2025-09-16 21:05:56,248 WARNING: Lỗi HTTP 429 - product id: 141243364, thử lại 1/3
2025-09-16 21:05:56,276 WARNING: Lỗi HTTP 429 - product id: 141243391, thử lại 1/3
2025-09-16 21:05:57,023 WARNING: Lỗi HTTP 429 - product id: 141272029, thử lại 1/3
2025-09-16 21:05:57,123 WARNING: Lỗi HTTP 429 - product id: 141272479, thử lại 1/3
2025-09-16 21:05:57,326 WARNING: Lỗi HTTP 429 - product id: 141273222, thử lại 1/3
2025-09-16 21:06:03,114 WARNING: Lỗi HTTP 429 - product id: 141530527, thử lại 1/3
2025-09-16 21:06:03,127 WARNING: Lỗi HTTP 429 - product id: 141530976, thử lại 1/3
2025-09-16 21:06:06,169 INFO: Đã commit batch 89 (1000 sản phẩm)
2025-09-16 21:06:06,198 INFO: Đã ghi 999 sản phẩm vào file crawled_files/products_batch_89_999_ids.csv
2025-09-16 21:06:06,227 INFO: Bắt đầu crawl batch 90 (1000 sản phẩm)
2025-09-16 21:06:07,437 WARNING: Lỗi HTTP 429 - product id: 141586468, thử lại 1/3
2025-09-16 21:06:07,492 WARNING: Lỗi HTTP 429 - product id: 141586633, thử lại 1/3
2025-09-16 21:06:07,601 WARNING: Lỗi HTTP 429 - product id: 141587017, thử lại 1/3
2025-09-16 21:06:07,620 WARNING: Lỗi HTTP 429 - product id: 141587093, thử lại 1/3
2025-09-16 21:06:07,646 WARNING: Lỗi HTTP 429 - product id: 141587260, thử lại 1/3
2025-09-16 21:06:07,669 WARNING: Lỗi HTTP 429 - product id: 141587446, thử lại 1/3
2025-09-16 21:06:08,148 WARNING: Lỗi HTTP 429 - product id: 141596603, thử lại 1/3
2025-09-16 21:06:11,892 WARNING: Lỗi HTTP 429 - product id: 141840713, thử lại 1/3
2025-09-16 21:06:11,928 WARNING: Lỗi HTTP 429 - product id: 141840792, thử lại 1/3
2025-09-16 21:06:11,966 WARNING: Lỗi HTTP 429 - product id: 141840856, thử lại 1/3
2025-09-16 21:06:12,030 WARNING: Lỗi HTTP 429 - product id: 141840994, thử lại 1/3
2025-09-16 21:06:12,042 WARNING: Lỗi HTTP 429 - product id: 141841196, thử lại 1/3
2025-09-16 21:06:12,127 WARNING: Lỗi HTTP 429 - product id: 141843393, thử lại 1/3
2025-09-16 21:06:12,134 WARNING: Lỗi HTTP 429 - product id: 141843415, thử lại 1/3
2025-09-16 21:06:12,211 WARNING: Lỗi HTTP 429 - product id: 141843502, thử lại 1/3
2025-09-16 21:06:12,344 WARNING: Lỗi HTTP 429 - product id: 141900983, thử lại 1/3
2025-09-16 21:06:16,131 WARNING: Lỗi HTTP 429 - product id: 142316795, thử lại 1/3
2025-09-16 21:06:16,183 WARNING: Lỗi HTTP 429 - product id: 142316799, thử lại 1/3
2025-09-16 21:06:16,196 WARNING: Lỗi HTTP 429 - product id: 142316823, thử lại 1/3
2025-09-16 21:06:16,324 WARNING: Lỗi HTTP 429 - product id: 142317047, thử lại 1/3
2025-09-16 21:06:16,329 WARNING: Lỗi HTTP 429 - product id: 142317061, thử lại 1/3
2025-09-16 21:06:17,547 WARNING: Lỗi HTTP 429 - product id: 142392394, thử lại 1/3
2025-09-16 21:06:17,628 WARNING: Lỗi HTTP 429 - product id: 142449965, thử lại 1/3
2025-09-16 21:06:22,000 WARNING: Lỗi HTTP 429 - product id: 142836682, thử lại 1/3
2025-09-16 21:06:24,190 INFO: Đã commit batch 90 (1000 sản phẩm)
2025-09-16 21:06:24,218 INFO: Đã ghi 1000 sản phẩm vào file crawled_files/products_batch_90_1000_ids.csv
2025-09-16 21:06:24,248 INFO: Bắt đầu crawl batch 91 (1000 sản phẩm)
2025-09-16 21:06:27,068 WARNING: Lỗi HTTP 429 - product id: 143106946, thử lại 1/3
2025-09-16 21:06:28,304 WARNING: Lỗi HTTP 404: Không tim thấy product id - product id: 143144978
2025-09-16 21:06:35,166 WARNING: Lỗi HTTP 404: Không tim thấy product id - product id: 143406068
2025-09-16 21:06:36,487 WARNING: Lỗi HTTP 404: Không tim thấy product id - product id: 143468129
2025-09-16 21:06:36,538 WARNING: Lỗi HTTP 404: Không tim thấy product id - product id: 143468298
2025-09-16 21:06:41,165 INFO: Đã commit batch 91 (1000 sản phẩm)
2025-09-16 21:06:41,193 INFO: Đã ghi 996 sản phẩm vào file crawled_files/products_batch_91_996_ids.csv
2025-09-16 21:06:41,221 INFO: Bắt đầu crawl batch 92 (1000 sản phẩm)
2025-09-16 21:06:47,611 WARNING: Lỗi HTTP 404: Không tim thấy product id - product id: 144045034
2025-09-16 21:06:47,808 WARNING: Lỗi HTTP 404: Không tim thấy product id - product id: 144046174
2025-09-16 21:06:54,668 WARNING: Lỗi HTTP 404: Không tim thấy product id - product id: 144197460
2025-09-16 21:06:54,909 WARNING: Lỗi HTTP 404: Không tim thấy product id - product id: 144198306
2025-09-16 21:06:55,109 WARNING: Lỗi HTTP 404: Không tim thấy product id - product id: 144199447
2025-09-16 21:06:56,252 WARNING: Lỗi HTTP 404: Không tim thấy product id - product id: 144230422
2025-09-16 21:06:58,337 INFO: Đã commit batch 92 (1000 sản phẩm)
2025-09-16 21:06:58,364 INFO: Đã ghi 994 sản phẩm vào file crawled_files/products_batch_92_994_ids.csv
2025-09-16 21:06:58,393 INFO: Bắt đầu crawl batch 93 (1000 sản phẩm)
2025-09-16 21:07:00,366 WARNING: Lỗi HTTP 429 - product id: 144368650, thử lại 1/3
2025-09-16 21:07:02,453 WARNING: Lỗi HTTP 429 - product id: 144469997, thử lại 1/3
2025-09-16 21:07:06,697 WARNING: Lỗi HTTP 429 - product id: 144637509, thử lại 1/3
2025-09-16 21:07:07,590 WARNING: Lỗi HTTP 404: Không tim thấy product id - product id: 144631305
2025-09-16 21:07:07,709 WARNING: Lỗi HTTP 429 - product id: 144692207, thử lại 1/3
2025-09-16 21:07:07,725 WARNING: Lỗi HTTP 429 - product id: 144692201, thử lại 1/3
2025-09-16 21:07:10,891 WARNING: Lỗi HTTP 404: Không tim thấy product id - product id: 144763130
2025-09-16 21:07:11,812 WARNING: Lỗi HTTP 429 - product id: 145029018, thử lại 1/3
2025-09-16 21:07:12,014 WARNING: Lỗi HTTP 429 - product id: 145029215, thử lại 1/3
2025-09-16 21:07:12,031 WARNING: Lỗi HTTP 429 - product id: 145029242, thử lại 1/3
2025-09-16 21:07:12,099 WARNING: Lỗi HTTP 429 - product id: 145029362, thử lại 1/3
2025-09-16 21:07:12,150 WARNING: Lỗi HTTP 429 - product id: 145029089, thử lại 1/3
2025-09-16 21:07:12,160 WARNING: Lỗi HTTP 429 - product id: 145029065, thử lại 1/3
2025-09-16 21:07:12,498 WARNING: Lỗi HTTP 429 - product id: 145029950, thử lại 1/3
2025-09-16 21:07:12,616 WARNING: Lỗi HTTP 429 - product id: 145030129, thử lại 1/3
2025-09-16 21:07:12,874 WARNING: Lỗi HTTP 429 - product id: 145030455, thử lại 1/3
2025-09-16 21:07:13,658 WARNING: Lỗi HTTP 429 - product id: 145093694, thử lại 1/3
2025-09-16 21:07:14,090 WARNING: Lỗi HTTP 429 - product id: 145102054, thử lại 1/3
2025-09-16 21:07:14,220 WARNING: Lỗi HTTP 429 - product id: 145108594, thử lại 1/3
2025-09-16 21:07:16,335 INFO: Đã commit batch 93 (1000 sản phẩm)
2025-09-16 21:07:16,364 INFO: Đã ghi 998 sản phẩm vào file crawled_files/products_batch_93_998_ids.csv
2025-09-16 21:07:16,393 INFO: Bắt đầu crawl batch 94 (1000 sản phẩm)
2025-09-16 21:07:17,690 WARNING: Lỗi HTTP 429 - product id: 145182765, thử lại 1/3
2025-09-16 21:07:17,932 WARNING: Lỗi HTTP 429 - product id: 145207864, thử lại 1/3
2025-09-16 21:07:17,932 WARNING: Lỗi HTTP 429 - product id: 145208668, thử lại 1/3
2025-09-16 21:07:18,199 WARNING: Lỗi HTTP 429 - product id: 145220872, thử lại 1/3
2025-09-16 21:07:19,909 WARNING: Lỗi HTTP 429 - product id: 145278817, thử lại 1/3
2025-09-16 21:07:19,947 WARNING: Lỗi HTTP 429 - product id: 145275885, thử lại 1/3
2025-09-16 21:07:19,981 WARNING: Lỗi HTTP 429 - product id: 145277509, thử lại 1/3
2025-09-16 21:07:20,486 WARNING: Lỗi HTTP 429 - product id: 145290120, thử lại 1/3
2025-09-16 21:07:25,373 WARNING: Lỗi HTTP 429 - product id: 145620609, thử lại 1/3
2025-09-16 21:07:25,444 WARNING: Lỗi HTTP 429 - product id: 145620645, thử lại 1/3
2025-09-16 21:07:25,445 WARNING: Lỗi HTTP 429 - product id: 145620728, thử lại 1/3
2025-09-16 21:07:25,463 WARNING: Lỗi HTTP 429 - product id: 145620754, thử lại 1/3
2025-09-16 21:07:25,936 WARNING: Lỗi HTTP 429 - product id: 145642546, thử lại 1/3
2025-09-16 21:07:33,478 INFO: Đã commit batch 94 (1000 sản phẩm)
2025-09-16 21:07:33,505 INFO: Đã ghi 1000 sản phẩm vào file crawled_files/products_batch_94_1000_ids.csv
2025-09-16 21:07:33,534 INFO: Bắt đầu crawl batch 95 (1000 sản phẩm)
2025-09-16 21:07:34,333 WARNING: Lỗi HTTP 404: Không tim thấy product id - product id: 146232045
2025-09-16 21:07:34,557 WARNING: Lỗi HTTP 404: Không tim thấy product id - product id: 146250691
2025-09-16 21:07:37,996 WARNING: Lỗi HTTP 429 - product id: 146485097, thử lại 1/3
2025-09-16 21:07:38,112 WARNING: Lỗi HTTP 429 - product id: 146485537, thử lại 1/3
2025-09-16 21:07:38,264 WARNING: Lỗi HTTP 429 - product id: 146487073, thử lại 1/3
2025-09-16 21:07:40,090 WARNING: Lỗi HTTP 429 - product id: 146510522, thử lại 1/3
2025-09-16 21:07:41,595 WARNING: Lỗi HTTP 429 - product id: 146553324, thử lại 1/3
2025-09-16 21:07:41,659 WARNING: Lỗi HTTP 429 - product id: 146554707, thử lại 1/3
2025-09-16 21:07:44,736 WARNING: Lỗi HTTP 429 - product id: 146630151, thử lại 1/3
2025-09-16 21:07:48,392 WARNING: Lỗi HTTP 429 - product id: 146943949, thử lại 1/3
2025-09-16 21:07:48,397 WARNING: Lỗi HTTP 429 - product id: 146943994, thử lại 1/3
2025-09-16 21:07:49,465 WARNING: Lỗi HTTP 429 - product id: 146955496, thử lại 1/3
2025-09-16 21:07:49,484 WARNING: Lỗi HTTP 429 - product id: 146965753, thử lại 1/3
2025-09-16 21:07:49,514 WARNING: Lỗi HTTP 429 - product id: 146965754, thử lại 1/3
2025-09-16 21:07:51,659 INFO: Đã commit batch 95 (1000 sản phẩm)
2025-09-16 21:07:51,688 INFO: Đã ghi 998 sản phẩm vào file crawled_files/products_batch_95_998_ids.csv
2025-09-16 21:07:51,716 INFO: Bắt đầu crawl batch 96 (1000 sản phẩm)
2025-09-16 21:07:56,617 WARNING: Lỗi HTTP 429 - product id: 147441796, thử lại 1/3
2025-09-16 21:07:57,296 WARNING: Lỗi HTTP 429 - product id: 147444723, thử lại 1/3
2025-09-16 21:07:57,327 WARNING: Lỗi HTTP 429 - product id: 147444724, thử lại 1/3
2025-09-16 21:07:57,441 WARNING: Lỗi HTTP 429 - product id: 147445070, thử lại 1/3
2025-09-16 21:07:57,551 WARNING: Lỗi HTTP 429 - product id: 147445586, thử lại 1/3
2025-09-16 21:08:00,044 WARNING: Lỗi HTTP 429 - product id: 147703388, thử lại 1/3
2025-09-16 21:08:00,070 WARNING: Lỗi HTTP 429 - product id: 147709044, thử lại 1/3
2025-09-16 21:08:00,537 WARNING: Lỗi HTTP 429 - product id: 147725310, thử lại 1/3
2025-09-16 21:08:00,728 WARNING: Lỗi HTTP 429 - product id: 147729078, thử lại 1/3
2025-09-16 21:08:00,731 WARNING: Lỗi HTTP 429 - product id: 147726533, thử lại 1/3
2025-09-16 21:08:05,464 WARNING: Lỗi HTTP 404: Không tim thấy product id - product id: 147873300
2025-09-16 21:08:05,758 WARNING: Lỗi HTTP 404: Không tim thấy product id - product id: 147873788
2025-09-16 21:08:07,500 WARNING: Lỗi HTTP 429 - product id: 147948229, thử lại 1/3
2025-09-16 21:08:09,624 INFO: Đã commit batch 96 (1000 sản phẩm)
2025-09-16 21:08:09,654 INFO: Đã ghi 998 sản phẩm vào file crawled_files/products_batch_96_998_ids.csv
2025-09-16 21:08:09,704 INFO: Bắt đầu crawl batch 97 (1000 sản phẩm)
2025-09-16 21:08:11,883 WARNING: Lỗi HTTP 429 - product id: 148074818, thử lại 1/3
2025-09-16 21:08:15,414 WARNING: Lỗi HTTP 429 - product id: 148699672, thử lại 1/3
2025-09-16 21:08:15,861 WARNING: Lỗi HTTP 429 - product id: 148703204, thử lại 1/3
2025-09-16 21:08:16,878 WARNING: Lỗi HTTP 429 - product id: 148762202, thử lại 1/3
2025-09-16 21:08:17,321 WARNING: Lỗi HTTP 429 - product id: 148812553, thử lại 1/3
2025-09-16 21:08:17,536 WARNING: Lỗi HTTP 429 - product id: 148823011, thử lại 1/3
2025-09-16 21:08:19,226 WARNING: Lỗi HTTP 429 - product id: 148911035, thử lại 1/3
2025-09-16 21:08:19,310 WARNING: Lỗi HTTP 429 - product id: 148909746, thử lại 1/3
2025-09-16 21:08:19,358 WARNING: Lỗi HTTP 429 - product id: 148910150, thử lại 1/3
2025-09-16 21:08:19,410 WARNING: Lỗi HTTP 429 - product id: 148910226, thử lại 1/3
2025-09-16 21:08:19,459 WARNING: Lỗi HTTP 429 - product id: 148910639, thử lại 1/3
2025-09-16 21:08:19,638 WARNING: Lỗi HTTP 429 - product id: 148926686, thử lại 1/3
2025-09-16 21:08:20,824 WARNING: Lỗi HTTP 429 - product id: 149068464, thử lại 1/3
2025-09-16 21:08:21,486 WARNING: Lỗi HTTP 404: Không tim thấy product id - product id: 149128429
2025-09-16 21:08:22,454 WARNING: Lỗi HTTP 429 - product id: 149175515, thử lại 1/3
2025-09-16 21:08:22,575 WARNING: Lỗi HTTP 429 - product id: 149175630, thử lại 1/3
2025-09-16 21:08:22,728 WARNING: Lỗi HTTP 429 - product id: 149175678, thử lại 1/3
2025-09-16 21:08:22,775 WARNING: Lỗi HTTP 429 - product id: 149175716, thử lại 1/3
2025-09-16 21:08:23,909 WARNING: Lỗi HTTP 429 - product id: 149195003, thử lại 1/3
2025-09-16 21:08:23,973 WARNING: Lỗi HTTP 429 - product id: 149195159, thử lại 1/3
2025-09-16 21:08:24,206 WARNING: Lỗi HTTP 429 - product id: 149198582, thử lại 1/3
2025-09-16 21:08:24,833 WARNING: Lỗi HTTP 429 - product id: 149243873, thử lại 1/3
2025-09-16 21:08:25,360 WARNING: Lỗi HTTP 429 - product id: 149351307, thử lại 1/3
2025-09-16 21:08:25,386 WARNING: Lỗi HTTP 429 - product id: 149351744, thử lại 1/3
2025-09-16 21:08:25,447 WARNING: Lỗi HTTP 429 - product id: 149355176, thử lại 1/3
2025-09-16 21:08:25,496 WARNING: Lỗi HTTP 429 - product id: 149380094, thử lại 1/3
2025-09-16 21:08:25,507 WARNING: Lỗi HTTP 429 - product id: 149381881, thử lại 1/3
2025-09-16 21:08:25,588 WARNING: Lỗi HTTP 429 - product id: 149390589, thử lại 1/3
2025-09-16 21:08:29,947 INFO: Đã commit batch 97 (1000 sản phẩm)
2025-09-16 21:08:29,976 INFO: Đã ghi 999 sản phẩm vào file crawled_files/products_batch_97_999_ids.csv
2025-09-16 21:08:30,009 INFO: Bắt đầu crawl batch 98 (1000 sản phẩm)
2025-09-16 21:08:33,554 WARNING: Lỗi HTTP 429 - product id: 149567871, thử lại 1/3
2025-09-16 21:08:33,568 WARNING: Lỗi HTTP 429 - product id: 149567941, thử lại 1/3
2025-09-16 21:08:33,771 WARNING: Lỗi HTTP 429 - product id: 149568831, thử lại 1/3
2025-09-16 21:08:34,033 WARNING: Lỗi HTTP 429 - product id: 149619888, thử lại 1/3
2025-09-16 21:08:34,035 WARNING: Lỗi HTTP 429 - product id: 149627776, thử lại 1/3
2025-09-16 21:08:34,113 WARNING: Lỗi HTTP 429 - product id: 149642723, thử lại 1/3
2025-09-16 21:08:34,231 WARNING: Lỗi HTTP 429 - product id: 149653786, thử lại 1/3
2025-09-16 21:08:34,515 WARNING: Lỗi HTTP 429 - product id: 149662359, thử lại 1/3
2025-09-16 21:08:34,593 WARNING: Lỗi HTTP 404: Không tim thấy product id - product id: 149655340
2025-09-16 21:08:34,610 WARNING: Lỗi HTTP 429 - product id: 149661993, thử lại 1/3
2025-09-16 21:08:34,732 WARNING: Lỗi HTTP 429 - product id: 149664391, thử lại 1/3
2025-09-16 21:08:35,734 WARNING: Lỗi HTTP 404: Không tim thấy product id - product id: 149688054
2025-09-16 21:08:36,177 WARNING: Lỗi HTTP 429 - product id: 149779899, thử lại 1/3
2025-09-16 21:08:36,185 WARNING: Lỗi HTTP 429 - product id: 149779886, thử lại 1/3
2025-09-16 21:08:42,194 WARNING: Lỗi HTTP 404: Không tim thấy product id - product id: 150247761
2025-09-16 21:08:42,698 WARNING: Lỗi HTTP 404: Không tim thấy product id - product id: 150252282
2025-09-16 21:08:43,777 WARNING: Lỗi HTTP 429 - product id: 150377028, thử lại 1/3
2025-09-16 21:08:43,863 WARNING: Lỗi HTTP 429 - product id: 150385855, thử lại 1/3
2025-09-16 21:08:43,864 WARNING: Lỗi HTTP 429 - product id: 150385827, thử lại 1/3
2025-09-16 21:08:43,948 WARNING: Lỗi HTTP 429 - product id: 150494238, thử lại 1/3
2025-09-16 21:08:44,084 WARNING: Lỗi HTTP 429 - product id: 150509449, thử lại 1/3
2025-09-16 21:08:44,203 WARNING: Lỗi HTTP 429 - product id: 150529388, thử lại 1/3
2025-09-16 21:08:44,237 WARNING: Lỗi HTTP 429 - product id: 150529666, thử lại 1/3
2025-09-16 21:08:45,483 WARNING: Lỗi HTTP 429 - product id: 150539920, thử lại 1/3
2025-09-16 21:08:45,485 WARNING: Lỗi HTTP 429 - product id: 150539820, thử lại 1/3
2025-09-16 21:08:45,559 WARNING: Lỗi HTTP 429 - product id: 150542641, thử lại 1/3
2025-09-16 21:08:45,632 WARNING: Lỗi HTTP 429 - product id: 150550115, thử lại 1/3
2025-09-16 21:08:45,640 WARNING: Lỗi HTTP 429 - product id: 150547213, thử lại 1/3
2025-09-16 21:08:45,773 WARNING: Lỗi HTTP 429 - product id: 150560909, thử lại 1/3
2025-09-16 21:08:45,872 WARNING: Lỗi HTTP 429 - product id: 150565474, thử lại 1/3
2025-09-16 21:08:45,887 WARNING: Lỗi HTTP 429 - product id: 150565387, thử lại 1/3
2025-09-16 21:08:46,014 WARNING: Lỗi HTTP 429 - product id: 150567223, thử lại 1/3
2025-09-16 21:08:46,024 WARNING: Lỗi HTTP 429 - product id: 150568040, thử lại 1/3
2025-09-16 21:08:46,028 WARNING: Lỗi HTTP 429 - product id: 150385827, thử lại 2/3
2025-09-16 21:08:50,150 INFO: Đã commit batch 98 (1000 sản phẩm)
2025-09-16 21:08:50,177 INFO: Đã ghi 996 sản phẩm vào file crawled_files/products_batch_98_996_ids.csv
2025-09-16 21:08:50,204 INFO: Bắt đầu crawl batch 99 (1000 sản phẩm)
2025-09-16 21:08:50,295 WARNING: Lỗi HTTP 429 - product id: 150700565, thử lại 1/3
2025-09-16 21:08:52,473 WARNING: Lỗi HTTP 429 - product id: 150842701, thử lại 1/3
2025-09-16 21:08:52,724 WARNING: Lỗi HTTP 429 - product id: 150855652, thử lại 1/3
2025-09-16 21:08:52,808 WARNING: Lỗi HTTP 429 - product id: 150861808, thử lại 1/3
2025-09-16 21:08:52,906 WARNING: Lỗi HTTP 429 - product id: 150862253, thử lại 1/3
2025-09-16 21:08:52,983 WARNING: Lỗi HTTP 429 - product id: 150863698, thử lại 1/3
2025-09-16 21:08:53,027 WARNING: Lỗi HTTP 429 - product id: 150864567, thử lại 1/3
2025-09-16 21:08:53,291 WARNING: Lỗi HTTP 429 - product id: 150881786, thử lại 1/3
2025-09-16 21:08:53,736 WARNING: Lỗi HTTP 404: Không tim thấy product id - product id: 150857577
2025-09-16 21:08:53,802 WARNING: Lỗi HTTP 404: Không tim thấy product id - product id: 150857989
2025-09-16 21:08:54,184 WARNING: Lỗi HTTP 429 - product id: 150936407, thử lại 1/3
2025-09-16 21:08:54,433 WARNING: Lỗi HTTP 429 - product id: 150939315, thử lại 1/3
2025-09-16 21:08:54,571 WARNING: Lỗi HTTP 429 - product id: 150947006, thử lại 1/3
2025-09-16 21:08:54,574 WARNING: Lỗi HTTP 429 - product id: 150947066, thử lại 1/3
2025-09-16 21:08:55,000 WARNING: Lỗi HTTP 404: Không tim thấy product id - product id: 150946988
2025-09-16 21:08:57,194 WARNING: Lỗi HTTP 404: Không tim thấy product id - product id: 150947006
2025-09-16 21:08:57,287 WARNING: Lỗi HTTP 429 - product id: 151426272, thử lại 1/3
2025-09-16 21:08:57,804 WARNING: Lỗi HTTP 429 - product id: 151454959, thử lại 1/3
2025-09-16 21:08:57,879 WARNING: Lỗi HTTP 429 - product id: 151463810, thử lại 1/3
2025-09-16 21:08:58,294 WARNING: Lỗi HTTP 429 - product id: 151491194, thử lại 1/3
2025-09-16 21:08:58,378 WARNING: Lỗi HTTP 429 - product id: 151495606, thử lại 1/3
2025-09-16 21:08:58,536 WARNING: Lỗi HTTP 429 - product id: 151501616, thử lại 1/3
2025-09-16 21:08:58,717 WARNING: Lỗi HTTP 429 - product id: 151524969, thử lại 1/3
2025-09-16 21:08:58,718 WARNING: Lỗi HTTP 429 - product id: 151525438, thử lại 1/3
2025-09-16 21:08:58,724 WARNING: Lỗi HTTP 429 - product id: 151523018, thử lại 1/3
2025-09-16 21:08:59,004 WARNING: Lỗi HTTP 429 - product id: 151536541, thử lại 1/3
2025-09-16 21:08:59,019 WARNING: Lỗi HTTP 429 - product id: 151536547, thử lại 1/3
2025-09-16 21:08:59,194 WARNING: Lỗi HTTP 429 - product id: 151546157, thử lại 1/3
2025-09-16 21:08:59,279 WARNING: Lỗi HTTP 429 - product id: 151556374, thử lại 1/3
2025-09-16 21:08:59,320 WARNING: Lỗi HTTP 429 - product id: 151555988, thử lại 1/3
2025-09-16 21:08:59,683 WARNING: Lỗi HTTP 429 - product id: 151585811, thử lại 1/3
2025-09-16 21:09:00,090 WARNING: Lỗi HTTP 429 - product id: 151463810, thử lại 2/3
2025-09-16 21:09:00,505 WARNING: Lỗi HTTP 429 - product id: 151610951, thử lại 1/3
2025-09-16 21:09:00,577 WARNING: Lỗi HTTP 429 - product id: 151610908, thử lại 1/3
2025-09-16 21:09:00,634 WARNING: Lỗi HTTP 429 - product id: 151610944, thử lại 1/3
2025-09-16 21:09:00,640 WARNING: Lỗi HTTP 429 - product id: 151610953, thử lại 1/3
2025-09-16 21:09:00,662 WARNING: Lỗi HTTP 429 - product id: 151610986, thử lại 1/3
2025-09-16 21:09:00,722 WARNING: Lỗi HTTP 429 - product id: 151611188, thử lại 1/3
2025-09-16 21:09:00,765 WARNING: Lỗi HTTP 429 - product id: 151611207, thử lại 1/3
2025-09-16 21:09:00,787 WARNING: Lỗi HTTP 429 - product id: 151611209, thử lại 1/3
2025-09-16 21:09:00,911 WARNING: Lỗi HTTP 429 - product id: 151611240, thử lại 1/3
2025-09-16 21:09:00,930 WARNING: Lỗi HTTP 429 - product id: 151611250, thử lại 1/3
2025-09-16 21:09:01,001 WARNING: Lỗi HTTP 429 - product id: 151611562, thử lại 1/3
2025-09-16 21:09:01,020 WARNING: Lỗi HTTP 429 - product id: 151611570, thử lại 1/3
2025-09-16 21:09:01,096 WARNING: Lỗi HTTP 429 - product id: 151536541, thử lại 2/3
2025-09-16 21:09:01,097 WARNING: Lỗi HTTP 429 - product id: 151611792, thử lại 1/3
2025-09-16 21:09:01,139 WARNING: Lỗi HTTP 429 - product id: 151611805, thử lại 1/3
2025-09-16 21:09:02,407 WARNING: Lỗi HTTP 429 - product id: 151763849, thử lại 1/3
2025-09-16 21:09:02,466 WARNING: Lỗi HTTP 429 - product id: 151763896, thử lại 1/3
2025-09-16 21:09:03,506 WARNING: Lỗi HTTP 429 - product id: 151611805, thử lại 2/3
2025-09-16 21:09:03,586 WARNING: Lỗi HTTP 429 - product id: 151803736, thử lại 1/3
2025-09-16 21:09:03,623 WARNING: Lỗi HTTP 429 - product id: 151804263, thử lại 1/3
2025-09-16 21:09:03,759 WARNING: Lỗi HTTP 429 - product id: 151816589, thử lại 1/3
2025-09-16 21:09:03,840 WARNING: Lỗi HTTP 429 - product id: 151816776, thử lại 1/3
2025-09-16 21:09:04,767 WARNING: Lỗi HTTP 429 - product id: 151818478, thử lại 1/3
2025-09-16 21:09:07,617 INFO: Đã commit batch 99 (1000 sản phẩm)
2025-09-16 21:09:07,674 INFO: Đã ghi 996 sản phẩm vào file crawled_files/products_batch_99_996_ids.csv
2025-09-16 21:09:07,728 INFO: Bắt đầu crawl batch 100 (1000 sản phẩm)
2025-09-16 21:09:11,562 WARNING: Lỗi HTTP 429 - product id: 152098230, thử lại 1/3
2025-09-16 21:09:20,533 WARNING: Lỗi HTTP 429 - product id: 152892655, thử lại 1/3
2025-09-16 21:09:20,534 WARNING: Lỗi HTTP 429 - product id: 152893125, thử lại 1/3
2025-09-16 21:09:20,749 WARNING: Lỗi HTTP 429 - product id: 152897903, thử lại 1/3
2025-09-16 21:09:20,857 WARNING: Lỗi HTTP 429 - product id: 152896330, thử lại 1/3
2025-09-16 21:09:25,395 INFO: Đã commit batch 100 (1000 sản phẩm)
2025-09-16 21:09:25,425 INFO: Đã ghi 1000 sản phẩm vào file crawled_files/products_batch_100_1000_ids.csv
2025-09-16 21:09:25,453 INFO: Bắt đầu crawl batch 101 (1000 sản phẩm)
2025-09-16 21:09:27,506 WARNING: Lỗi HTTP 404: Không tim thấy product id - product id: 153530111
2025-09-16 21:09:29,357 WARNING: Lỗi HTTP 404: Không tim thấy product id - product id: 153612232
2025-09-16 21:09:30,438 WARNING: Lỗi HTTP 404: Không tim thấy product id - product id: 153770931
2025-09-16 21:09:31,056 WARNING: Lỗi HTTP 429 - product id: 153835884, thử lại 1/3
2025-09-16 21:09:31,161 WARNING: Lỗi HTTP 429 - product id: 153836919, thử lại 1/3
2025-09-16 21:09:31,195 WARNING: Lỗi HTTP 429 - product id: 153838018, thử lại 1/3
2025-09-16 21:09:31,207 WARNING: Lỗi HTTP 429 - product id: 153837251, thử lại 1/3
2025-09-16 21:09:31,267 WARNING: Lỗi HTTP 429 - product id: 153844565, thử lại 1/3
2025-09-16 21:09:31,297 WARNING: Lỗi HTTP 429 - product id: 153849944, thử lại 1/3
2025-09-16 21:09:31,322 WARNING: Lỗi HTTP 429 - product id: 153854581, thử lại 1/3
2025-09-16 21:09:31,322 WARNING: Lỗi HTTP 429 - product id: 153857813, thử lại 1/3
2025-09-16 21:09:31,482 WARNING: Lỗi HTTP 429 - product id: 153876082, thử lại 1/3
2025-09-16 21:09:32,809 WARNING: Lỗi HTTP 429 - product id: 153981766, thử lại 1/3
2025-09-16 21:09:32,820 WARNING: Lỗi HTTP 429 - product id: 153981712, thử lại 1/3
2025-09-16 21:09:32,925 WARNING: Lỗi HTTP 429 - product id: 153987177, thử lại 1/3
2025-09-16 21:09:35,793 WARNING: Lỗi HTTP 429 - product id: 154155414, thử lại 1/3
2025-09-16 21:09:36,335 WARNING: Lỗi HTTP 429 - product id: 154173067, thử lại 1/3
2025-09-16 21:09:36,459 WARNING: Lỗi HTTP 429 - product id: 154174132, thử lại 1/3
2025-09-16 21:09:39,424 WARNING: Lỗi HTTP 429 - product id: 154404715, thử lại 1/3
2025-09-16 21:09:40,503 WARNING: Lỗi HTTP 404: Không tim thấy product id - product id: 154532108
2025-09-16 21:09:40,549 WARNING: Lỗi HTTP 404: Không tim thấy product id - product id: 154532335
2025-09-16 21:09:41,074 WARNING: Lỗi HTTP 429 - product id: 154696118, thử lại 1/3
2025-09-16 21:09:41,202 WARNING: Lỗi HTTP 404: Không tim thấy product id - product id: 154530131
2025-09-16 21:09:41,221 WARNING: Lỗi HTTP 429 - product id: 154696918, thử lại 1/3
2025-09-16 21:09:41,249 WARNING: Lỗi HTTP 404: Không tim thấy product id - product id: 154532215
2025-09-16 21:09:41,332 WARNING: Lỗi HTTP 429 - product id: 154707464, thử lại 1/3
2025-09-16 21:09:41,383 WARNING: Lỗi HTTP 429 - product id: 154711624, thử lại 1/3
2025-09-16 21:09:43,490 INFO: Đã commit batch 101 (1000 sản phẩm)
2025-09-16 21:09:43,520 INFO: Đã ghi 993 sản phẩm vào file crawled_files/products_batch_101_993_ids.csv
2025-09-16 21:09:43,548 INFO: Bắt đầu crawl batch 102 (1000 sản phẩm)
2025-09-16 21:09:49,617 WARNING: Lỗi HTTP 429 - product id: 154906936, thử lại 1/3
2025-09-16 21:09:49,958 WARNING: Lỗi HTTP 429 - product id: 154909161, thử lại 1/3
2025-09-16 21:09:50,049 WARNING: Lỗi HTTP 429 - product id: 154909513, thử lại 1/3
2025-09-16 21:09:55,710 WARNING: Lỗi HTTP 429 - product id: 155179902, thử lại 1/3
2025-09-16 21:09:58,808 WARNING: Lỗi HTTP 404: Không tim thấy product id - product id: 155199093
2025-09-16 21:09:59,852 WARNING: Lỗi HTTP 429 - product id: 155238140, thử lại 1/3
2025-09-16 21:09:59,890 WARNING: Lỗi HTTP 429 - product id: 155238594, thử lại 1/3
2025-09-16 21:10:01,997 INFO: Đã commit batch 102 (1000 sản phẩm)
2025-09-16 21:10:02,023 INFO: Đã ghi 999 sản phẩm vào file crawled_files/products_batch_102_999_ids.csv
2025-09-16 21:10:02,050 INFO: Bắt đầu crawl batch 103 (1000 sản phẩm)
2025-09-16 21:10:10,823 WARNING: Lỗi HTTP 429 - product id: 155637487, thử lại 1/3
2025-09-16 21:10:10,880 WARNING: Lỗi HTTP 429 - product id: 155638833, thử lại 1/3
2025-09-16 21:10:10,908 WARNING: Lỗi HTTP 429 - product id: 155639159, thử lại 1/3
2025-09-16 21:10:10,914 WARNING: Lỗi HTTP 429 - product id: 155639012, thử lại 1/3
2025-09-16 21:10:10,960 WARNING: Lỗi HTTP 429 - product id: 155639497, thử lại 1/3
2025-09-16 21:10:11,041 WARNING: Lỗi HTTP 429 - product id: 155642931, thử lại 1/3
2025-09-16 21:10:11,215 WARNING: Lỗi HTTP 429 - product id: 155678692, thử lại 1/3
2025-09-16 21:10:11,453 WARNING: Lỗi HTTP 429 - product id: 155703573, thử lại 1/3
2025-09-16 21:10:11,470 WARNING: Lỗi HTTP 429 - product id: 155691888, thử lại 1/3
2025-09-16 21:10:11,481 WARNING: Lỗi HTTP 429 - product id: 155693874, thử lại 1/3
2025-09-16 21:10:11,532 WARNING: Lỗi HTTP 429 - product id: 155699094, thử lại 1/3
2025-09-16 21:10:11,578 WARNING: Lỗi HTTP 429 - product id: 155703523, thử lại 1/3
2025-09-16 21:10:11,636 WARNING: Lỗi HTTP 429 - product id: 155703714, thử lại 1/3
2025-09-16 21:10:15,246 WARNING: Lỗi HTTP 404: Không tim thấy product id - product id: 155778757
2025-09-16 21:10:19,148 INFO: Đã commit batch 103 (1000 sản phẩm)
2025-09-16 21:10:19,200 INFO: Đã ghi 999 sản phẩm vào file crawled_files/products_batch_103_999_ids.csv
2025-09-16 21:10:19,334 INFO: Bắt đầu crawl batch 104 (1000 sản phẩm)
2025-09-16 21:10:20,501 WARNING: Lỗi HTTP 429 - product id: 156205001, thử lại 1/3
2025-09-16 21:10:20,503 WARNING: Lỗi HTTP 429 - product id: 156206459, thử lại 1/3
2025-09-16 21:10:20,898 WARNING: Lỗi HTTP 429 - product id: 156217059, thử lại 1/3
2025-09-16 21:10:27,005 WARNING: Lỗi HTTP 429 - product id: 157079270, thử lại 1/3
2025-09-16 21:10:28,989 WARNING: Lỗi HTTP 429 - product id: 157198662, thử lại 1/3
2025-09-16 21:10:29,027 WARNING: Lỗi HTTP 429 - product id: 157198686, thử lại 1/3
2025-09-16 21:10:30,796 WARNING: Lỗi HTTP 429 - product id: 157406032, thử lại 1/3
2025-09-16 21:10:30,848 WARNING: Lỗi HTTP 429 - product id: 157412749, thử lại 1/3
2025-09-16 21:10:31,055 WARNING: Lỗi HTTP 429 - product id: 157413372, thử lại 1/3
2025-09-16 21:10:31,214 WARNING: Lỗi HTTP 429 - product id: 157414282, thử lại 1/3
2025-09-16 21:10:31,384 WARNING: Lỗi HTTP 429 - product id: 157414526, thử lại 1/3
2025-09-16 21:10:31,413 WARNING: Lỗi HTTP 429 - product id: 157414581, thử lại 1/3
2025-09-16 21:10:31,413 WARNING: Lỗi HTTP 429 - product id: 157414597, thử lại 1/3
2025-09-16 21:10:31,665 WARNING: Lỗi HTTP 429 - product id: 157424577, thử lại 1/3
2025-09-16 21:10:31,792 WARNING: Lỗi HTTP 429 - product id: 157425424, thử lại 1/3
2025-09-16 21:10:31,814 WARNING: Lỗi HTTP 429 - product id: 157425782, thử lại 1/3
2025-09-16 21:10:31,934 WARNING: Lỗi HTTP 429 - product id: 157449337, thử lại 1/3
2025-09-16 21:10:32,957 WARNING: Lỗi HTTP 429 - product id: 157498039, thử lại 1/3
2025-09-16 21:10:34,748 WARNING: Lỗi HTTP 429 - product id: 157551610, thử lại 1/3
2025-09-16 21:10:34,757 WARNING: Lỗi HTTP 429 - product id: 157553868, thử lại 1/3
2025-09-16 21:10:34,801 WARNING: Lỗi HTTP 429 - product id: 157553879, thử lại 1/3
2025-09-16 21:10:34,961 WARNING: Lỗi HTTP 429 - product id: 157567965, thử lại 1/3
2025-09-16 21:10:35,193 WARNING: Lỗi HTTP 429 - product id: 157568473, thử lại 1/3
2025-09-16 21:10:37,304 INFO: Đã commit batch 104 (1000 sản phẩm)
2025-09-16 21:10:37,332 INFO: Đã ghi 1000 sản phẩm vào file crawled_files/products_batch_104_1000_ids.csv
2025-09-16 21:10:37,360 INFO: Bắt đầu crawl batch 105 (1000 sản phẩm)
2025-09-16 21:10:50,140 WARNING: Lỗi HTTP 429 - product id: 158594764, thử lại 1/3
2025-09-16 21:10:54,264 INFO: Đã commit batch 105 (1000 sản phẩm)
2025-09-16 21:10:54,291 INFO: Đã ghi 1000 sản phẩm vào file crawled_files/products_batch_105_1000_ids.csv
2025-09-16 21:10:54,319 INFO: Bắt đầu crawl batch 106 (1000 sản phẩm)
2025-09-16 21:10:55,311 WARNING: Lỗi HTTP 429 - product id: 158669687, thử lại 1/3
2025-09-16 21:10:55,336 WARNING: Lỗi HTTP 429 - product id: 158668114, thử lại 1/3
2025-09-16 21:10:55,390 WARNING: Lỗi HTTP 429 - product id: 158668532, thử lại 1/3
2025-09-16 21:10:55,409 WARNING: Lỗi HTTP 429 - product id: 158668654, thử lại 1/3
2025-09-16 21:10:55,427 WARNING: Lỗi HTTP 429 - product id: 158668714, thử lại 1/3
2025-09-16 21:10:55,643 WARNING: Lỗi HTTP 429 - product id: 158670095, thử lại 1/3
2025-09-16 21:10:55,788 WARNING: Lỗi HTTP 429 - product id: 158671077, thử lại 1/3
2025-09-16 21:10:55,825 WARNING: Lỗi HTTP 429 - product id: 158671257, thử lại 1/3
2025-09-16 21:10:55,921 WARNING: Lỗi HTTP 429 - product id: 158671812, thử lại 1/3
2025-09-16 21:10:56,098 WARNING: Lỗi HTTP 429 - product id: 158672803, thử lại 1/3
2025-09-16 21:10:56,135 WARNING: Lỗi HTTP 429 - product id: 158672920, thử lại 1/3
2025-09-16 21:10:56,158 WARNING: Lỗi HTTP 429 - product id: 158672981, thử lại 1/3
2025-09-16 21:10:56,228 WARNING: Lỗi HTTP 429 - product id: 158673583, thử lại 1/3
2025-09-16 21:10:56,239 WARNING: Lỗi HTTP 429 - product id: 158673927, thử lại 1/3
2025-09-16 21:10:57,589 WARNING: Lỗi HTTP 429 - product id: 158706535, thử lại 1/3
2025-09-16 21:10:57,723 WARNING: Lỗi HTTP 429 - product id: 158708445, thử lại 1/3
2025-09-16 21:10:58,289 WARNING: Lỗi HTTP 429 - product id: 158671812, thử lại 2/3
2025-09-16 21:10:59,906 WARNING: Lỗi HTTP 429 - product id: 158773915, thử lại 1/3
2025-09-16 21:10:59,943 WARNING: Lỗi HTTP 429 - product id: 158775168, thử lại 1/3
2025-09-16 21:10:59,944 WARNING: Lỗi HTTP 429 - product id: 158774693, thử lại 1/3
2025-09-16 21:11:00,002 WARNING: Lỗi HTTP 429 - product id: 158790564, thử lại 1/3
2025-09-16 21:11:02,015 WARNING: Lỗi HTTP 429 - product id: 159012033, thử lại 1/3
2025-09-16 21:11:02,050 WARNING: Lỗi HTTP 429 - product id: 159012893, thử lại 1/3
2025-09-16 21:11:03,133 WARNING: Lỗi HTTP 429 - product id: 159055571, thử lại 1/3
2025-09-16 21:11:03,183 WARNING: Lỗi HTTP 429 - product id: 159058107, thử lại 1/3
2025-09-16 21:11:03,288 WARNING: Lỗi HTTP 429 - product id: 159060343, thử lại 1/3
2025-09-16 21:11:03,362 WARNING: Lỗi HTTP 429 - product id: 159060638, thử lại 1/3
2025-09-16 21:11:04,239 WARNING: Lỗi HTTP 429 - product id: 159241818, thử lại 1/3
2025-09-16 21:11:04,282 WARNING: Lỗi HTTP 429 - product id: 159242057, thử lại 1/3
2025-09-16 21:11:04,866 WARNING: Lỗi HTTP 429 - product id: 159263394, thử lại 1/3
2025-09-16 21:11:04,922 WARNING: Lỗi HTTP 429 - product id: 159263610, thử lại 1/3
2025-09-16 21:11:04,931 WARNING: Lỗi HTTP 429 - product id: 159263984, thử lại 1/3
2025-09-16 21:11:04,996 WARNING: Lỗi HTTP 429 - product id: 159264594, thử lại 1/3
2025-09-16 21:11:05,003 WARNING: Lỗi HTTP 429 - product id: 159270569, thử lại 1/3
2025-09-16 21:11:05,072 WARNING: Lỗi HTTP 429 - product id: 159270819, thử lại 1/3
2025-09-16 21:11:05,196 WARNING: Lỗi HTTP 429 - product id: 159275539, thử lại 1/3
2025-09-16 21:11:05,263 WARNING: Lỗi HTTP 429 - product id: 159275582, thử lại 1/3
2025-09-16 21:11:05,334 WARNING: Lỗi HTTP 429 - product id: 159275636, thử lại 1/3
2025-09-16 21:11:05,585 WARNING: Lỗi HTTP 429 - product id: 159275962, thử lại 1/3
2025-09-16 21:11:07,368 WARNING: Lỗi HTTP 429 - product id: 159484738, thử lại 1/3
2025-09-16 21:11:11,643 INFO: Đã commit batch 106 (1000 sản phẩm)
2025-09-16 21:11:11,677 INFO: Đã ghi 1000 sản phẩm vào file crawled_files/products_batch_106_1000_ids.csv
2025-09-16 21:11:11,707 INFO: Bắt đầu crawl batch 107 (1000 sản phẩm)
2025-09-16 21:11:16,101 WARNING: Lỗi HTTP 429 - product id: 160402726, thử lại 1/3
2025-09-16 21:11:18,623 WARNING: Lỗi HTTP 429 - product id: 160682570, thử lại 1/3
2025-09-16 21:11:18,636 WARNING: Lỗi HTTP 429 - product id: 160705658, thử lại 1/3
2025-09-16 21:11:18,714 WARNING: Lỗi HTTP 429 - product id: 160684958, thử lại 1/3
2025-09-16 21:11:19,968 WARNING: Lỗi HTTP 429 - product id: 160824982, thử lại 1/3
2025-09-16 21:11:24,508 WARNING: Lỗi HTTP 429 - product id: 161033161, thử lại 1/3
2025-09-16 21:11:24,510 WARNING: Lỗi HTTP 429 - product id: 161030632, thử lại 1/3
2025-09-16 21:11:28,708 INFO: Đã commit batch 107 (1000 sản phẩm)
2025-09-16 21:11:28,738 INFO: Đã ghi 1000 sản phẩm vào file crawled_files/products_batch_107_1000_ids.csv
2025-09-16 21:11:28,766 INFO: Bắt đầu crawl batch 108 (1000 sản phẩm)
2025-09-16 21:11:32,882 WARNING: Lỗi HTTP 429 - product id: 161559814, thử lại 1/3
2025-09-16 21:11:32,886 WARNING: Lỗi HTTP 429 - product id: 161559866, thử lại 1/3
2025-09-16 21:11:32,975 WARNING: Lỗi HTTP 429 - product id: 161562419, thử lại 1/3
2025-09-16 21:11:34,567 WARNING: Lỗi HTTP 404: Không tim thấy product id - product id: 161869519
2025-09-16 21:11:34,650 WARNING: Lỗi HTTP 404: Không tim thấy product id - product id: 161894761
2025-09-16 21:11:34,703 WARNING: Lỗi HTTP 404: Không tim thấy product id - product id: 161874320
2025-09-16 21:11:37,176 WARNING: Lỗi HTTP 429 - product id: 162054507, thử lại 1/3
2025-09-16 21:11:37,229 WARNING: Lỗi HTTP 429 - product id: 162054641, thử lại 1/3
2025-09-16 21:11:37,239 WARNING: Lỗi HTTP 429 - product id: 162054664, thử lại 1/3
2025-09-16 21:11:37,287 WARNING: Lỗi HTTP 429 - product id: 162054772, thử lại 1/3
2025-09-16 21:11:37,314 WARNING: Lỗi HTTP 429 - product id: 162054863, thử lại 1/3
2025-09-16 21:11:37,388 WARNING: Lỗi HTTP 429 - product id: 162054918, thử lại 1/3
2025-09-16 21:11:37,426 WARNING: Lỗi HTTP 429 - product id: 162054956, thử lại 1/3
2025-09-16 21:11:37,491 WARNING: Lỗi HTTP 429 - product id: 162055209, thử lại 1/3
2025-09-16 21:11:37,525 WARNING: Lỗi HTTP 429 - product id: 162055396, thử lại 1/3
2025-09-16 21:11:37,988 WARNING: Lỗi HTTP 429 - product id: 162087421, thử lại 1/3
2025-09-16 21:11:38,191 WARNING: Lỗi HTTP 404: Không tim thấy product id - product id: 162087391
2025-09-16 21:11:38,897 WARNING: Lỗi HTTP 429 - product id: 162124984, thử lại 1/3
2025-09-16 21:11:41,467 WARNING: Lỗi HTTP 404: Không tim thấy product id - product id: 162163898
2025-09-16 21:11:43,065 WARNING: Lỗi HTTP 404: Không tim thấy product id - product id: 162197629
2025-09-16 21:11:43,852 WARNING: Lỗi HTTP 404: Không tim thấy product id - product id: 162217485
2025-09-16 21:11:45,672 INFO: Đã commit batch 108 (1000 sản phẩm)
2025-09-16 21:11:45,702 INFO: Đã ghi 993 sản phẩm vào file crawled_files/products_batch_108_993_ids.csv
2025-09-16 21:11:45,729 INFO: Bắt đầu crawl batch 109 (1000 sản phẩm)
2025-09-16 21:11:48,041 WARNING: Lỗi HTTP 429 - product id: 162541542, thử lại 1/3
2025-09-16 21:11:48,474 WARNING: Lỗi HTTP 429 - product id: 162574675, thử lại 1/3
2025-09-16 21:11:48,554 WARNING: Lỗi HTTP 429 - product id: 162587190, thử lại 1/3
2025-09-16 21:11:48,561 WARNING: Lỗi HTTP 429 - product id: 162577575, thử lại 1/3
2025-09-16 21:11:48,632 WARNING: Lỗi HTTP 429 - product id: 162583094, thử lại 1/3
2025-09-16 21:11:48,715 WARNING: Lỗi HTTP 429 - product id: 162585005, thử lại 1/3
2025-09-16 21:11:48,780 WARNING: Lỗi HTTP 429 - product id: 162587055, thử lại 1/3
2025-09-16 21:11:48,886 WARNING: Lỗi HTTP 429 - product id: 162590074, thử lại 1/3
2025-09-16 21:11:48,888 WARNING: Lỗi HTTP 429 - product id: 162590755, thử lại 1/3
2025-09-16 21:11:48,983 WARNING: Lỗi HTTP 429 - product id: 162595798, thử lại 1/3
2025-09-16 21:11:48,984 WARNING: Lỗi HTTP 429 - product id: 162594922, thử lại 1/3
2025-09-16 21:11:49,089 WARNING: Lỗi HTTP 429 - product id: 162598548, thử lại 1/3
2025-09-16 21:11:49,483 WARNING: Lỗi HTTP 429 - product id: 162613889, thử lại 1/3
2025-09-16 21:11:49,484 WARNING: Lỗi HTTP 429 - product id: 162601731, thử lại 1/3
2025-09-16 21:11:52,264 WARNING: Lỗi HTTP 429 - product id: 162973573, thử lại 1/3
2025-09-16 21:11:52,312 WARNING: Lỗi HTTP 429 - product id: 162973649, thử lại 1/3
2025-09-16 21:11:52,328 WARNING: Lỗi HTTP 429 - product id: 162973662, thử lại 1/3
2025-09-16 21:11:52,338 WARNING: Lỗi HTTP 429 - product id: 162973717, thử lại 1/3
2025-09-16 21:11:52,763 WARNING: Lỗi HTTP 404: Không tim thấy product id - product id: 162966789
2025-09-16 21:11:52,766 WARNING: Lỗi HTTP 404: Không tim thấy product id - product id: 162976249
2025-09-16 21:11:52,957 WARNING: Lỗi HTTP 429 - product id: 162978710, thử lại 1/3
2025-09-16 21:11:53,035 WARNING: Lỗi HTTP 429 - product id: 162979447, thử lại 1/3
2025-09-16 21:11:53,041 WARNING: Lỗi HTTP 429 - product id: 162996993, thử lại 1/3
2025-09-16 21:11:53,305 WARNING: Lỗi HTTP 404: Không tim thấy product id - product id: 162973658
2025-09-16 21:11:53,831 WARNING: Lỗi HTTP 429 - product id: 163143053, thử lại 1/3
2025-09-16 21:11:53,846 WARNING: Lỗi HTTP 429 - product id: 163034238, thử lại 1/3
2025-09-16 21:11:53,924 WARNING: Lỗi HTTP 429 - product id: 163120634, thử lại 1/3
2025-09-16 21:11:54,002 WARNING: Lỗi HTTP 429 - product id: 163148910, thử lại 1/3
2025-09-16 21:11:54,068 WARNING: Lỗi HTTP 429 - product id: 163165274, thử lại 1/3
2025-09-16 21:11:57,187 WARNING: Lỗi HTTP 404: Không tim thấy product id - product id: 163570467
2025-09-16 21:11:57,237 WARNING: Lỗi HTTP 404: Không tim thấy product id - product id: 163570490
2025-09-16 21:11:57,414 WARNING: Lỗi HTTP 429 - product id: 163572527, thử lại 1/3
2025-09-16 21:11:57,485 WARNING: Lỗi HTTP 429 - product id: 163573098, thử lại 1/3
2025-09-16 21:11:57,520 WARNING: Lỗi HTTP 429 - product id: 163574068, thử lại 1/3
2025-09-16 21:11:57,531 WARNING: Lỗi HTTP 429 - product id: 163577969, thử lại 1/3
2025-09-16 21:11:57,665 WARNING: Lỗi HTTP 404: Không tim thấy product id - product id: 163569552
2025-09-16 21:11:57,955 WARNING: Lỗi HTTP 404: Không tim thấy product id - product id: 163569558
2025-09-16 21:11:58,035 WARNING: Lỗi HTTP 404: Không tim thấy product id - product id: 163570578
2025-09-16 21:11:58,060 WARNING: Lỗi HTTP 404: Không tim thấy product id - product id: 163570619
2025-09-16 21:11:58,070 WARNING: Lỗi HTTP 429 - product id: 163661110, thử lại 1/3
2025-09-16 21:11:58,109 WARNING: Lỗi HTTP 404: Không tim thấy product id - product id: 163570657
2025-09-16 21:11:58,167 WARNING: Lỗi HTTP 404: Không tim thấy product id - product id: 163570579
2025-09-16 21:11:58,916 WARNING: Lỗi HTTP 429 - product id: 163714857, thử lại 1/3
2025-09-16 21:12:02,745 INFO: Đã commit batch 109 (1000 sản phẩm)
2025-09-16 21:12:02,773 INFO: Đã ghi 989 sản phẩm vào file crawled_files/products_batch_109_989_ids.csv
2025-09-16 21:12:02,801 INFO: Bắt đầu crawl batch 110 (1000 sản phẩm)
2025-09-16 21:12:05,102 WARNING: Lỗi HTTP 429 - product id: 164061541, thử lại 1/3
2025-09-16 21:12:05,149 WARNING: Lỗi HTTP 429 - product id: 164061799, thử lại 1/3
2025-09-16 21:12:05,411 WARNING: Lỗi HTTP 429 - product id: 164074991, thử lại 1/3
2025-09-16 21:12:09,652 WARNING: Lỗi HTTP 429 - product id: 164502032, thử lại 1/3
2025-09-16 21:12:09,770 WARNING: Lỗi HTTP 429 - product id: 164530960, thử lại 1/3
2025-09-16 21:12:10,780 WARNING: Lỗi HTTP 404: Không tim thấy product id - product id: 164536069
2025-09-16 21:12:11,101 WARNING: Lỗi HTTP 404: Không tim thấy product id - product id: 164552469
2025-09-16 21:12:12,909 WARNING: Lỗi HTTP 429 - product id: 164785610, thử lại 1/3
2025-09-16 21:12:13,096 WARNING: Lỗi HTTP 429 - product id: 164792851, thử lại 1/3
2025-09-16 21:12:13,097 WARNING: Lỗi HTTP 429 - product id: 164792186, thử lại 1/3
2025-09-16 21:12:13,131 WARNING: Lỗi HTTP 429 - product id: 164793447, thử lại 1/3
2025-09-16 21:12:13,207 WARNING: Lỗi HTTP 429 - product id: 164796005, thử lại 1/3
2025-09-16 21:12:13,361 WARNING: Lỗi HTTP 429 - product id: 164808296, thử lại 1/3
2025-09-16 21:12:13,372 WARNING: Lỗi HTTP 429 - product id: 164803960, thử lại 1/3
2025-09-16 21:12:15,838 WARNING: Lỗi HTTP 404: Không tim thấy product id - product id: 164965404
2025-09-16 21:12:15,995 WARNING: Lỗi HTTP 404: Không tim thấy product id - product id: 164968515
2025-09-16 21:12:16,248 WARNING: Lỗi HTTP 404: Không tim thấy product id - product id: 164968086
2025-09-16 21:12:16,425 WARNING: Lỗi HTTP 404: Không tim thấy product id - product id: 164972793
2025-09-16 21:12:17,086 WARNING: Lỗi HTTP 404: Không tim thấy product id - product id: 165015382
2025-09-16 21:12:19,603 INFO: Đã commit batch 110 (1000 sản phẩm)
2025-09-16 21:12:19,632 INFO: Đã ghi 993 sản phẩm vào file crawled_files/products_batch_110_993_ids.csv
2025-09-16 21:12:19,659 INFO: Bắt đầu crawl batch 111 (1000 sản phẩm)
2025-09-16 21:12:22,376 WARNING: Lỗi HTTP 429 - product id: 165710939, thử lại 1/3
2025-09-16 21:12:22,499 WARNING: Lỗi HTTP 429 - product id: 165718279, thử lại 1/3
2025-09-16 21:12:22,566 WARNING: Lỗi HTTP 429 - product id: 165747220, thử lại 1/3
2025-09-16 21:12:22,581 WARNING: Lỗi HTTP 429 - product id: 165737931, thử lại 1/3
2025-09-16 21:12:22,663 WARNING: Lỗi HTTP 429 - product id: 165756017, thử lại 1/3
2025-09-16 21:12:22,877 WARNING: Lỗi HTTP 429 - product id: 165758722, thử lại 1/3
2025-09-16 21:12:22,986 WARNING: Lỗi HTTP 429 - product id: 165759067, thử lại 1/3
2025-09-16 21:12:23,022 WARNING: Lỗi HTTP 429 - product id: 165769200, thử lại 1/3
2025-09-16 21:12:23,085 WARNING: Lỗi HTTP 429 - product id: 165778734, thử lại 1/3
2025-09-16 21:12:23,239 WARNING: Lỗi HTTP 429 - product id: 165758948, thử lại 1/3
2025-09-16 21:12:23,589 WARNING: Lỗi HTTP 429 - product id: 165807386, thử lại 1/3
2025-09-16 21:12:23,822 WARNING: Lỗi HTTP 429 - product id: 165818581, thử lại 1/3
2025-09-16 21:12:24,349 WARNING: Lỗi HTTP 429 - product id: 165865803, thử lại 1/3
2025-09-16 21:12:24,475 WARNING: Lỗi HTTP 429 - product id: 165867908, thử lại 1/3
2025-09-16 21:12:24,477 WARNING: Lỗi HTTP 429 - product id: 165868039, thử lại 1/3
2025-09-16 21:12:24,586 WARNING: Lỗi HTTP 429 - product id: 165883028, thử lại 1/3
2025-09-16 21:12:24,913 WARNING: Lỗi HTTP 429 - product id: 165884195, thử lại 1/3
2025-09-16 21:12:25,080 WARNING: Lỗi HTTP 429 - product id: 165885528, thử lại 1/3
2025-09-16 21:12:26,581 WARNING: Lỗi HTTP 429 - product id: 165896588, thử lại 1/3
2025-09-16 21:12:26,655 WARNING: Lỗi HTTP 429 - product id: 165897369, thử lại 1/3
2025-09-16 21:12:31,242 WARNING: Lỗi HTTP 429 - product id: 166035386, thử lại 1/3
2025-09-16 21:12:31,818 WARNING: Lỗi HTTP 429 - product id: 166055822, thử lại 1/3
2025-09-16 21:12:31,839 WARNING: Lỗi HTTP 429 - product id: 166056501, thử lại 1/3
2025-09-16 21:12:33,770 WARNING: Lỗi HTTP 404: Không tim thấy product id - product id: 166208944
2025-09-16 21:12:34,059 WARNING: Lỗi HTTP 429 - product id: 166321057, thử lại 1/3
2025-09-16 21:12:34,068 WARNING: Lỗi HTTP 429 - product id: 166321024, thử lại 1/3
2025-09-16 21:12:34,108 WARNING: Lỗi HTTP 404: Không tim thấy product id - product id: 166233431
2025-09-16 21:12:34,141 WARNING: Lỗi HTTP 404: Không tim thấy product id - product id: 166209502
2025-09-16 21:12:34,455 WARNING: Lỗi HTTP 429 - product id: 166391908, thử lại 1/3
2025-09-16 21:12:35,777 WARNING: Lỗi HTTP 429 - product id: 166411431, thử lại 1/3
2025-09-16 21:12:37,904 INFO: Đã commit batch 111 (1000 sản phẩm)
2025-09-16 21:12:37,931 INFO: Đã ghi 997 sản phẩm vào file crawled_files/products_batch_111_997_ids.csv
2025-09-16 21:12:37,959 INFO: Bắt đầu crawl batch 112 (1000 sản phẩm)
2025-09-16 21:12:38,433 WARNING: Lỗi HTTP 404: Không tim thấy product id - product id: 166412645
2025-09-16 21:12:42,024 WARNING: Lỗi HTTP 429 - product id: 166649848, thử lại 1/3
2025-09-16 21:12:42,757 WARNING: Lỗi HTTP 429 - product id: 167012223, thử lại 1/3
2025-09-16 21:12:42,826 WARNING: Lỗi HTTP 429 - product id: 167021586, thử lại 1/3
2025-09-16 21:12:43,084 WARNING: Lỗi HTTP 429 - product id: 167041456, thử lại 1/3
2025-09-16 21:12:43,162 WARNING: Lỗi HTTP 429 - product id: 167047606, thử lại 1/3
2025-09-16 21:12:43,460 WARNING: Lỗi HTTP 429 - product id: 167050332, thử lại 1/3
2025-09-16 21:12:43,495 WARNING: Lỗi HTTP 429 - product id: 167050484, thử lại 1/3
2025-09-16 21:12:43,514 WARNING: Lỗi HTTP 429 - product id: 167050788, thử lại 1/3
2025-09-16 21:12:43,522 WARNING: Lỗi HTTP 429 - product id: 167050888, thử lại 1/3
2025-09-16 21:12:43,570 WARNING: Lỗi HTTP 429 - product id: 167051432, thử lại 1/3
2025-09-16 21:12:43,661 WARNING: Lỗi HTTP 429 - product id: 167057717, thử lại 1/3
2025-09-16 21:12:45,130 WARNING: Lỗi HTTP 429 - product id: 167146638, thử lại 1/3
2025-09-16 21:12:47,410 WARNING: Lỗi HTTP 429 - product id: 167269186, thử lại 1/3
2025-09-16 21:12:47,533 WARNING: Lỗi HTTP 429 - product id: 167146638, thử lại 2/3
2025-09-16 21:12:49,162 WARNING: Lỗi HTTP 429 - product id: 167434877, thử lại 1/3
2025-09-16 21:12:49,217 WARNING: Lỗi HTTP 429 - product id: 167441344, thử lại 1/3
2025-09-16 21:12:49,228 WARNING: Lỗi HTTP 429 - product id: 167442057, thử lại 1/3
2025-09-16 21:12:49,243 WARNING: Lỗi HTTP 429 - product id: 167441913, thử lại 1/3
2025-09-16 21:12:50,200 WARNING: Lỗi HTTP 404: Không tim thấy product id - product id: 167473816
2025-09-16 21:12:50,647 WARNING: Lỗi HTTP 404: Không tim thấy product id - product id: 167475454
2025-09-16 21:12:50,683 WARNING: Lỗi HTTP 404: Không tim thấy product id - product id: 167477772
2025-09-16 21:12:50,801 WARNING: Lỗi HTTP 404: Không tim thấy product id - product id: 167478124
2025-09-16 21:12:50,850 WARNING: Lỗi HTTP 404: Không tim thấy product id - product id: 167477366
2025-09-16 21:12:50,887 WARNING: Lỗi HTTP 404: Không tim thấy product id - product id: 167481417
2025-09-16 21:12:51,384 WARNING: Lỗi HTTP 404: Không tim thấy product id - product id: 167483500
2025-09-16 21:12:53,970 WARNING: Lỗi HTTP 429 - product id: 167618689, thử lại 1/3
2025-09-16 21:12:56,101 INFO: Đã commit batch 112 (1000 sản phẩm)
2025-09-16 21:12:56,142 INFO: Đã ghi 992 sản phẩm vào file crawled_files/products_batch_112_992_ids.csv
2025-09-16 21:12:56,171 INFO: Bắt đầu crawl batch 113 (1000 sản phẩm)
2025-09-16 21:12:56,835 WARNING: Lỗi HTTP 429 - product id: 167655131, thử lại 1/3
2025-09-16 21:12:56,968 WARNING: Lỗi HTTP 429 - product id: 167655493, thử lại 1/3
2025-09-16 21:12:57,554 WARNING: Lỗi HTTP 429 - product id: 167656944, thử lại 1/3
2025-09-16 21:12:58,464 WARNING: Lỗi HTTP 429 - product id: 167767816, thử lại 1/3
2025-09-16 21:13:05,395 WARNING: Lỗi HTTP 429 - product id: 167965436, thử lại 1/3
2025-09-16 21:13:05,415 WARNING: Lỗi HTTP 429 - product id: 167965538, thử lại 1/3
2025-09-16 21:13:05,471 WARNING: Lỗi HTTP 429 - product id: 167965914, thử lại 1/3
2025-09-16 21:13:06,566 WARNING: Lỗi HTTP 429 - product id: 168074103, thử lại 1/3
2025-09-16 21:13:06,780 WARNING: Lỗi HTTP 429 - product id: 168073449, thử lại 1/3
2025-09-16 21:13:06,783 WARNING: Lỗi HTTP 429 - product id: 168073316, thử lại 1/3
2025-09-16 21:13:06,883 WARNING: Lỗi HTTP 429 - product id: 168074565, thử lại 1/3
2025-09-16 21:13:06,967 WARNING: Lỗi HTTP 429 - product id: 168077715, thử lại 1/3
2025-09-16 21:13:10,422 WARNING: Lỗi HTTP 429 - product id: 168268045, thử lại 1/3
2025-09-16 21:13:13,065 INFO: Đã commit batch 113 (1000 sản phẩm)
2025-09-16 21:13:13,088 INFO: Đã ghi 1000 sản phẩm vào file crawled_files/products_batch_113_1000_ids.csv
2025-09-16 21:13:13,116 INFO: Bắt đầu crawl batch 114 (1000 sản phẩm)
2025-09-16 21:13:15,777 WARNING: Lỗi HTTP 429 - product id: 168356308, thử lại 1/3
2025-09-16 21:13:15,782 WARNING: Lỗi HTTP 429 - product id: 168356328, thử lại 1/3
2025-09-16 21:13:15,852 WARNING: Lỗi HTTP 429 - product id: 168356842, thử lại 1/3
2025-09-16 21:13:15,914 WARNING: Lỗi HTTP 429 - product id: 168357034, thử lại 1/3
2025-09-16 21:13:15,917 WARNING: Lỗi HTTP 429 - product id: 168357090, thử lại 1/3
2025-09-16 21:13:16,290 WARNING: Lỗi HTTP 429 - product id: 168358140, thử lại 1/3
2025-09-16 21:13:18,077 WARNING: Lỗi HTTP 429 - product id: 168368739, thử lại 1/3
2025-09-16 21:13:20,130 WARNING: Lỗi HTTP 429 - product id: 168495910, thử lại 1/3
2025-09-16 21:13:20,250 WARNING: Lỗi HTTP 404: Không tim thấy product id - product id: 168404037
2025-09-16 21:13:20,621 WARNING: Lỗi HTTP 429 - product id: 168499001, thử lại 1/3
2025-09-16 21:13:20,973 WARNING: Lỗi HTTP 429 - product id: 168514332, thử lại 1/3
2025-09-16 21:13:20,976 WARNING: Lỗi HTTP 429 - product id: 168514386, thử lại 1/3
2025-09-16 21:13:21,086 WARNING: Lỗi HTTP 429 - product id: 168514675, thử lại 1/3
2025-09-16 21:13:21,587 WARNING: Lỗi HTTP 429 - product id: 168532070, thử lại 1/3
2025-09-16 21:13:21,637 WARNING: Lỗi HTTP 429 - product id: 168532155, thử lại 1/3
2025-09-16 21:13:21,779 WARNING: Lỗi HTTP 429 - product id: 168546114, thử lại 1/3
2025-09-16 21:13:21,783 WARNING: Lỗi HTTP 429 - product id: 168546206, thử lại 1/3
2025-09-16 21:13:21,881 WARNING: Lỗi HTTP 429 - product id: 168552095, thử lại 1/3
2025-09-16 21:13:24,158 WARNING: Lỗi HTTP 429 - product id: 168546114, thử lại 2/3
2025-09-16 21:13:24,175 WARNING: Lỗi HTTP 429 - product id: 168546206, thử lại 2/3
2025-09-16 21:13:24,290 WARNING: Lỗi HTTP 429 - product id: 168711662, thử lại 1/3
2025-09-16 21:13:24,592 WARNING: Lỗi HTTP 429 - product id: 168766894, thử lại 1/3
2025-09-16 21:13:24,832 WARNING: Lỗi HTTP 429 - product id: 168775865, thử lại 1/3
2025-09-16 21:13:26,272 WARNING: Lỗi HTTP 429 - product id: 168812078, thử lại 1/3
2025-09-16 21:13:26,355 WARNING: Lỗi HTTP 429 - product id: 168812478, thử lại 1/3
2025-09-16 21:13:26,598 WARNING: Lỗi HTTP 429 - product id: 168711662, thử lại 2/3
2025-09-16 21:13:26,612 WARNING: Lỗi HTTP 429 - product id: 168813892, thử lại 1/3
2025-09-16 21:13:28,067 WARNING: Lỗi HTTP 429 - product id: 168820426, thử lại 1/3
2025-09-16 21:13:28,170 WARNING: Lỗi HTTP 429 - product id: 168820781, thử lại 1/3
2025-09-16 21:13:28,179 WARNING: Lỗi HTTP 429 - product id: 168820735, thử lại 1/3
2025-09-16 21:13:28,253 WARNING: Lỗi HTTP 429 - product id: 168821486, thử lại 1/3
2025-09-16 21:13:28,572 WARNING: Lỗi HTTP 429 - product id: 168823031, thử lại 1/3
2025-09-16 21:13:30,754 INFO: Đã commit batch 114 (1000 sản phẩm)
2025-09-16 21:13:30,776 INFO: Đã ghi 999 sản phẩm vào file crawled_files/products_batch_114_999_ids.csv
2025-09-16 21:13:30,802 INFO: Bắt đầu crawl batch 115 (1000 sản phẩm)
2025-09-16 21:13:33,307 WARNING: Lỗi HTTP 429 - product id: 168934156, thử lại 1/3
2025-09-16 21:13:36,911 WARNING: Lỗi HTTP 429 - product id: 169114561, thử lại 1/3
2025-09-16 21:13:37,106 WARNING: Lỗi HTTP 429 - product id: 169115454, thử lại 1/3
2025-09-16 21:13:37,107 WARNING: Lỗi HTTP 429 - product id: 169115495, thử lại 1/3
2025-09-16 21:13:37,209 WARNING: Lỗi HTTP 429 - product id: 169116330, thử lại 1/3
2025-09-16 21:13:37,215 WARNING: Lỗi HTTP 429 - product id: 169118199, thử lại 1/3
2025-09-16 21:13:37,217 WARNING: Lỗi HTTP 429 - product id: 169116335, thử lại 1/3
2025-09-16 21:13:37,906 WARNING: Lỗi HTTP 429 - product id: 169128456, thử lại 1/3
2025-09-16 21:13:39,558 WARNING: Lỗi HTTP 429 - product id: 169276479, thử lại 1/3
2025-09-16 21:13:39,562 WARNING: Lỗi HTTP 429 - product id: 169269978, thử lại 1/3
2025-09-16 21:13:42,809 WARNING: Lỗi HTTP 429 - product id: 169380528, thử lại 1/3
2025-09-16 21:13:42,810 WARNING: Lỗi HTTP 429 - product id: 169382318, thử lại 1/3
2025-09-16 21:13:42,900 WARNING: Lỗi HTTP 429 - product id: 169391539, thử lại 1/3
2025-09-16 21:13:42,917 WARNING: Lỗi HTTP 429 - product id: 169392356, thử lại 1/3
2025-09-16 21:13:43,168 WARNING: Lỗi HTTP 429 - product id: 169412188, thử lại 1/3
2025-09-16 21:13:43,206 WARNING: Lỗi HTTP 429 - product id: 169413267, thử lại 1/3
2025-09-16 21:13:43,230 WARNING: Lỗi HTTP 429 - product id: 169413411, thử lại 1/3
2025-09-16 21:13:43,266 WARNING: Lỗi HTTP 429 - product id: 169415416, thử lại 1/3
2025-09-16 21:13:43,292 WARNING: Lỗi HTTP 429 - product id: 169415765, thử lại 1/3
2025-09-16 21:13:43,297 WARNING: Lỗi HTTP 429 - product id: 169415747, thử lại 1/3
2025-09-16 21:13:43,355 WARNING: Lỗi HTTP 429 - product id: 169434402, thử lại 1/3
2025-09-16 21:13:43,371 WARNING: Lỗi HTTP 429 - product id: 169436804, thử lại 1/3
2025-09-16 21:13:43,398 WARNING: Lỗi HTTP 429 - product id: 169438837, thử lại 1/3
2025-09-16 21:13:43,508 WARNING: Lỗi HTTP 429 - product id: 169451157, thử lại 1/3
2025-09-16 21:13:43,511 WARNING: Lỗi HTTP 429 - product id: 169451700, thử lại 1/3
2025-09-16 21:13:43,512 WARNING: Lỗi HTTP 429 - product id: 169451724, thử lại 1/3
2025-09-16 21:13:47,851 INFO: Đã commit batch 115 (1000 sản phẩm)
2025-09-16 21:13:47,879 INFO: Đã ghi 1000 sản phẩm vào file crawled_files/products_batch_115_1000_ids.csv
2025-09-16 21:13:47,904 INFO: Bắt đầu crawl batch 116 (1000 sản phẩm)
2025-09-16 21:13:51,999 WARNING: Lỗi HTTP 429 - product id: 169775480, thử lại 1/3
2025-09-16 21:13:52,171 WARNING: Lỗi HTTP 429 - product id: 169775997, thử lại 1/3
2025-09-16 21:13:52,366 WARNING: Lỗi HTTP 429 - product id: 169793907, thử lại 1/3
2025-09-16 21:13:52,410 WARNING: Lỗi HTTP 429 - product id: 169803075, thử lại 1/3
2025-09-16 21:13:53,718 WARNING: Lỗi HTTP 429 - product id: 169844681, thử lại 1/3
2025-09-16 21:13:53,765 WARNING: Lỗi HTTP 429 - product id: 169844704, thử lại 1/3
2025-09-16 21:13:53,769 WARNING: Lỗi HTTP 429 - product id: 169844694, thử lại 1/3
2025-09-16 21:13:53,834 WARNING: Lỗi HTTP 429 - product id: 169844792, thử lại 1/3
2025-09-16 21:13:53,844 WARNING: Lỗi HTTP 429 - product id: 169844791, thử lại 1/3
2025-09-16 21:13:53,896 WARNING: Lỗi HTTP 429 - product id: 169844824, thử lại 1/3
2025-09-16 21:13:53,921 WARNING: Lỗi HTTP 429 - product id: 169844945, thử lại 1/3
2025-09-16 21:13:53,923 WARNING: Lỗi HTTP 429 - product id: 169849047, thử lại 1/3
2025-09-16 21:13:53,926 WARNING: Lỗi HTTP 429 - product id: 169844981, thử lại 1/3
2025-09-16 21:13:54,279 WARNING: Lỗi HTTP 429 - product id: 169868874, thử lại 1/3
2025-09-16 21:13:55,314 WARNING: Lỗi HTTP 429 - product id: 169935806, thử lại 1/3
2025-09-16 21:13:55,318 WARNING: Lỗi HTTP 429 - product id: 169935846, thử lại 1/3
2025-09-16 21:13:55,420 WARNING: Lỗi HTTP 429 - product id: 169936095, thử lại 1/3
2025-09-16 21:13:55,759 WARNING: Lỗi HTTP 429 - product id: 169936422, thử lại 1/3
2025-09-16 21:13:55,866 WARNING: Lỗi HTTP 429 - product id: 169844681, thử lại 2/3
2025-09-16 21:13:55,981 WARNING: Lỗi HTTP 429 - product id: 169966621, thử lại 1/3
2025-09-16 21:13:56,169 WARNING: Lỗi HTTP 429 - product id: 169844945, thử lại 2/3
2025-09-16 21:13:56,215 WARNING: Lỗi HTTP 429 - product id: 169966691, thử lại 1/3
2025-09-16 21:13:56,280 WARNING: Lỗi HTTP 429 - product id: 169978823, thử lại 1/3
2025-09-16 21:13:56,405 WARNING: Lỗi HTTP 429 - product id: 169987458, thử lại 1/3
2025-09-16 21:13:56,407 WARNING: Lỗi HTTP 429 - product id: 169987389, thử lại 1/3
2025-09-16 21:13:56,520 WARNING: Lỗi HTTP 429 - product id: 169988540, thử lại 1/3
2025-09-16 21:13:56,932 WARNING: Lỗi HTTP 429 - product id: 170105884, thử lại 1/3
2025-09-16 21:13:57,247 WARNING: Lỗi HTTP 429 - product id: 170125499, thử lại 1/3
2025-09-16 21:13:57,521 WARNING: Lỗi HTTP 429 - product id: 170130213, thử lại 1/3
2025-09-16 21:13:59,511 WARNING: Lỗi HTTP 429 - product id: 170146170, thử lại 1/3
2025-09-16 21:13:59,714 WARNING: Lỗi HTTP 429 - product id: 170146804, thử lại 1/3
2025-09-16 21:13:59,726 WARNING: Lỗi HTTP 429 - product id: 170146870, thử lại 1/3
2025-09-16 21:14:00,714 WARNING: Lỗi HTTP 429 - product id: 170154933, thử lại 1/3
2025-09-16 21:14:00,781 WARNING: Lỗi HTTP 429 - product id: 170160305, thử lại 1/3
2025-09-16 21:14:00,806 WARNING: Lỗi HTTP 429 - product id: 170165287, thử lại 1/3
2025-09-16 21:14:01,905 WARNING: Lỗi HTTP 429 - product id: 170262388, thử lại 1/3
2025-09-16 21:14:01,926 WARNING: Lỗi HTTP 429 - product id: 170262456, thử lại 1/3
2025-09-16 21:14:02,022 WARNING: Lỗi HTTP 429 - product id: 170265659, thử lại 1/3
2025-09-16 21:14:02,033 WARNING: Lỗi HTTP 429 - product id: 170146870, thử lại 2/3
2025-09-16 21:14:02,119 WARNING: Lỗi HTTP 429 - product id: 170270625, thử lại 1/3
2025-09-16 21:14:02,176 WARNING: Lỗi HTTP 429 - product id: 170274091, thử lại 1/3
2025-09-16 21:14:02,268 WARNING: Lỗi HTTP 429 - product id: 170275396, thử lại 1/3
2025-09-16 21:14:02,711 WARNING: Lỗi HTTP 429 - product id: 170276900, thử lại 1/3
2025-09-16 21:14:02,808 WARNING: Lỗi HTTP 429 - product id: 170277052, thử lại 1/3
2025-09-16 21:14:06,151 INFO: Đã commit batch 116 (1000 sản phẩm)
2025-09-16 21:14:06,179 INFO: Đã ghi 1000 sản phẩm vào file crawled_files/products_batch_116_1000_ids.csv
2025-09-16 21:14:06,205 INFO: Bắt đầu crawl batch 117 (1000 sản phẩm)
2025-09-16 21:14:08,927 WARNING: Lỗi HTTP 429 - product id: 170438016, thử lại 1/3
2025-09-16 21:14:09,425 WARNING: Lỗi HTTP 429 - product id: 170480705, thử lại 1/3
2025-09-16 21:14:09,588 WARNING: Lỗi HTTP 429 - product id: 170482165, thử lại 1/3
2025-09-16 21:14:09,716 WARNING: Lỗi HTTP 429 - product id: 170490325, thử lại 1/3
2025-09-16 21:14:14,314 WARNING: Lỗi HTTP 429 - product id: 170727547, thử lại 1/3
2025-09-16 21:14:15,064 WARNING: Lỗi HTTP 429 - product id: 170748441, thử lại 1/3
2025-09-16 21:14:15,810 WARNING: Lỗi HTTP 429 - product id: 170762840, thử lại 1/3
2025-09-16 21:14:15,829 WARNING: Lỗi HTTP 429 - product id: 170762843, thử lại 1/3
2025-09-16 21:14:16,403 WARNING: Lỗi HTTP 429 - product id: 170779608, thử lại 1/3
2025-09-16 21:14:16,408 WARNING: Lỗi HTTP 429 - product id: 170779686, thử lại 1/3
2025-09-16 21:14:16,418 WARNING: Lỗi HTTP 429 - product id: 170779723, thử lại 1/3
2025-09-16 21:14:17,205 WARNING: Lỗi HTTP 429 - product id: 170847941, thử lại 1/3
2025-09-16 21:14:17,208 WARNING: Lỗi HTTP 429 - product id: 170843106, thử lại 1/3
2025-09-16 21:14:17,272 WARNING: Lỗi HTTP 429 - product id: 170850517, thử lại 1/3
2025-09-16 21:14:17,355 WARNING: Lỗi HTTP 429 - product id: 170858472, thử lại 1/3
2025-09-16 21:14:18,055 WARNING: Lỗi HTTP 429 - product id: 170870722, thử lại 1/3
2025-09-16 21:14:22,599 WARNING: Lỗi HTTP 404: Không tim thấy product id - product id: 171104261
2025-09-16 21:14:26,130 INFO: Đã commit batch 117 (1000 sản phẩm)
2025-09-16 21:14:26,160 INFO: Đã ghi 999 sản phẩm vào file crawled_files/products_batch_117_999_ids.csv
2025-09-16 21:14:26,185 INFO: Bắt đầu crawl batch 118 (1000 sản phẩm)
2025-09-16 21:14:29,038 WARNING: Lỗi HTTP 429 - product id: 171292768, thử lại 1/3
2025-09-16 21:14:29,039 WARNING: Lỗi HTTP 429 - product id: 171292929, thử lại 1/3
2025-09-16 21:14:29,046 WARNING: Lỗi HTTP 429 - product id: 171293504, thử lại 1/3
2025-09-16 21:14:29,086 WARNING: Lỗi HTTP 429 - product id: 171308390, thử lại 1/3
2025-09-16 21:14:29,111 WARNING: Lỗi HTTP 429 - product id: 171320411, thử lại 1/3
2025-09-16 21:14:29,131 WARNING: Lỗi HTTP 429 - product id: 171320501, thử lại 1/3
2025-09-16 21:14:29,203 WARNING: Lỗi HTTP 429 - product id: 171321442, thử lại 1/3
2025-09-16 21:14:29,216 WARNING: Lỗi HTTP 429 - product id: 171321365, thử lại 1/3
2025-09-16 21:14:32,948 WARNING: Lỗi HTTP 429 - product id: 171554104, thử lại 1/3
2025-09-16 21:14:32,949 WARNING: Lỗi HTTP 429 - product id: 171554039, thử lại 1/3
2025-09-16 21:14:33,438 WARNING: Lỗi HTTP 429 - product id: 171572741, thử lại 1/3
2025-09-16 21:14:35,595 WARNING: Lỗi HTTP 429 - product id: 171659330, thử lại 1/3
2025-09-16 21:14:35,682 WARNING: Lỗi HTTP 429 - product id: 171659525, thử lại 1/3
2025-09-16 21:14:35,749 WARNING: Lỗi HTTP 429 - product id: 171659697, thử lại 1/3
2025-09-16 21:14:35,759 WARNING: Lỗi HTTP 429 - product id: 171660079, thử lại 1/3
2025-09-16 21:14:35,779 WARNING: Lỗi HTTP 429 - product id: 171572741, thử lại 2/3
2025-09-16 21:14:35,780 WARNING: Lỗi HTTP 429 - product id: 171660110, thử lại 1/3
2025-09-16 21:14:35,846 WARNING: Lỗi HTTP 429 - product id: 171660178, thử lại 1/3
2025-09-16 21:14:35,858 WARNING: Lỗi HTTP 429 - product id: 171661126, thử lại 1/3
2025-09-16 21:14:35,862 WARNING: Lỗi HTTP 429 - product id: 171661190, thử lại 1/3
2025-09-16 21:14:35,942 WARNING: Lỗi HTTP 429 - product id: 171662356, thử lại 1/3
2025-09-16 21:14:35,969 WARNING: Lỗi HTTP 429 - product id: 171662257, thử lại 1/3
2025-09-16 21:14:36,291 WARNING: Lỗi HTTP 429 - product id: 171666715, thử lại 1/3
2025-09-16 21:14:36,374 WARNING: Lỗi HTTP 429 - product id: 171667774, thử lại 1/3
2025-09-16 21:14:36,475 WARNING: Lỗi HTTP 429 - product id: 171668276, thử lại 1/3
2025-09-16 21:14:38,975 WARNING: Lỗi HTTP 429 - product id: 171733998, thử lại 1/3
2025-09-16 21:14:39,002 WARNING: Lỗi HTTP 429 - product id: 171734323, thử lại 1/3
2025-09-16 21:14:40,345 WARNING: Lỗi HTTP 429 - product id: 171813471, thử lại 1/3
2025-09-16 21:14:40,362 WARNING: Lỗi HTTP 429 - product id: 171808897, thử lại 1/3
2025-09-16 21:14:43,428 INFO: Đã commit batch 118 (1000 sản phẩm)
2025-09-16 21:14:43,458 INFO: Đã ghi 1000 sản phẩm vào file crawled_files/products_batch_118_1000_ids.csv
2025-09-16 21:14:43,483 INFO: Bắt đầu crawl batch 119 (1000 sản phẩm)
2025-09-16 21:14:48,133 WARNING: Lỗi HTTP 404: Không tim thấy product id - product id: 172069313
2025-09-16 21:14:48,190 WARNING: Lỗi HTTP 404: Không tim thấy product id - product id: 172067531
2025-09-16 21:14:49,432 WARNING: Lỗi HTTP 429 - product id: 172192861, thử lại 1/3
2025-09-16 21:14:51,996 WARNING: Lỗi HTTP 429 - product id: 172316472, thử lại 1/3
2025-09-16 21:14:52,131 WARNING: Lỗi HTTP 429 - product id: 172317560, thử lại 1/3
2025-09-16 21:14:54,813 WARNING: Lỗi HTTP 429 - product id: 172406188, thử lại 1/3
2025-09-16 21:14:57,245 WARNING: Lỗi HTTP 429 - product id: 172529300, thử lại 1/3
2025-09-16 21:14:57,356 WARNING: Lỗi HTTP 429 - product id: 172534744, thử lại 1/3
2025-09-16 21:14:57,392 WARNING: Lỗi HTTP 429 - product id: 172535110, thử lại 1/3
2025-09-16 21:14:57,433 WARNING: Lỗi HTTP 429 - product id: 172535616, thử lại 1/3
2025-09-16 21:14:57,483 WARNING: Lỗi HTTP 429 - product id: 172536005, thử lại 1/3
2025-09-16 21:14:57,571 WARNING: Lỗi HTTP 429 - product id: 172542272, thử lại 1/3
2025-09-16 21:14:57,657 WARNING: Lỗi HTTP 429 - product id: 172545418, thử lại 1/3
2025-09-16 21:14:57,817 WARNING: Lỗi HTTP 429 - product id: 172572306, thử lại 1/3
2025-09-16 21:14:57,895 WARNING: Lỗi HTTP 429 - product id: 172543752, thử lại 1/3
2025-09-16 21:15:00,561 INFO: Đã commit batch 119 (1000 sản phẩm)
2025-09-16 21:15:00,590 INFO: Đã ghi 998 sản phẩm vào file crawled_files/products_batch_119_998_ids.csv
2025-09-16 21:15:00,615 INFO: Bắt đầu crawl batch 120 (1000 sản phẩm)
2025-09-16 21:15:04,667 WARNING: Lỗi HTTP 429 - product id: 173003842, thử lại 1/3
2025-09-16 21:15:09,264 WARNING: Lỗi HTTP 404: Không tim thấy product id - product id: 173238278
2025-09-16 21:15:09,660 WARNING: Lỗi HTTP 404: Không tim thấy product id - product id: 173237581
2025-09-16 21:15:10,538 WARNING: Lỗi HTTP 404: Không tim thấy product id - product id: 173276282
2025-09-16 21:15:10,609 WARNING: Lỗi HTTP 404: Không tim thấy product id - product id: 173281156
2025-09-16 21:15:10,713 WARNING: Lỗi HTTP 429 - product id: 173327313, thử lại 1/3
2025-09-16 21:15:10,784 WARNING: Lỗi HTTP 429 - product id: 173347036, thử lại 1/3
2025-09-16 21:15:11,738 WARNING: Lỗi HTTP 429 - product id: 173356607, thử lại 1/3
2025-09-16 21:15:11,770 WARNING: Lỗi HTTP 429 - product id: 173359643, thử lại 1/3
2025-09-16 21:15:11,827 WARNING: Lỗi HTTP 429 - product id: 173359876, thử lại 1/3
2025-09-16 21:15:11,927 WARNING: Lỗi HTTP 429 - product id: 173372321, thử lại 1/3
2025-09-16 21:15:11,958 WARNING: Lỗi HTTP 429 - product id: 173378089, thử lại 1/3
2025-09-16 21:15:11,980 WARNING: Lỗi HTTP 429 - product id: 173378164, thử lại 1/3
2025-09-16 21:15:12,010 WARNING: Lỗi HTTP 429 - product id: 173379473, thử lại 1/3
2025-09-16 21:15:12,043 WARNING: Lỗi HTTP 429 - product id: 173358903, thử lại 1/3
2025-09-16 21:15:12,045 WARNING: Lỗi HTTP 429 - product id: 173380362, thử lại 1/3
2025-09-16 21:15:12,050 WARNING: Lỗi HTTP 429 - product id: 173381700, thử lại 1/3
2025-09-16 21:15:12,139 WARNING: Lỗi HTTP 429 - product id: 173383437, thử lại 1/3
2025-09-16 21:15:12,227 WARNING: Lỗi HTTP 429 - product id: 173377054, thử lại 1/3
2025-09-16 21:15:12,417 WARNING: Lỗi HTTP 429 - product id: 173393082, thử lại 1/3
2025-09-16 21:15:13,563 WARNING: Lỗi HTTP 429 - product id: 173406761, thử lại 1/3
2025-09-16 21:15:13,635 WARNING: Lỗi HTTP 429 - product id: 173409418, thử lại 1/3
2025-09-16 21:15:13,689 WARNING: Lỗi HTTP 429 - product id: 173409603, thử lại 1/3
2025-09-16 21:15:13,713 WARNING: Lỗi HTTP 429 - product id: 173413668, thử lại 1/3
2025-09-16 21:15:13,713 WARNING: Lỗi HTTP 429 - product id: 173410519, thử lại 1/3
2025-09-16 21:15:13,818 WARNING: Lỗi HTTP 429 - product id: 173416456, thử lại 1/3
2025-09-16 21:15:14,688 WARNING: Lỗi HTTP 404: Không tim thấy product id - product id: 173380362
2025-09-16 21:15:14,834 WARNING: Lỗi HTTP 429 - product id: 173421335, thử lại 1/3
2025-09-16 21:15:14,915 WARNING: Lỗi HTTP 429 - product id: 173421697, thử lại 1/3
2025-09-16 21:15:15,036 WARNING: Lỗi HTTP 429 - product id: 173424769, thử lại 1/3
2025-09-16 21:15:15,084 WARNING: Lỗi HTTP 429 - product id: 173424934, thử lại 1/3
2025-09-16 21:15:17,564 INFO: Đã commit batch 120 (1000 sản phẩm)
2025-09-16 21:15:17,595 INFO: Đã ghi 995 sản phẩm vào file crawled_files/products_batch_120_995_ids.csv
2025-09-16 21:15:17,620 INFO: Bắt đầu crawl batch 121 (1000 sản phẩm)
2025-09-16 21:15:25,835 WARNING: Lỗi HTTP 429 - product id: 173815470, thử lại 1/3
2025-09-16 21:15:25,924 WARNING: Lỗi HTTP 429 - product id: 173815865, thử lại 1/3
2025-09-16 21:15:25,925 WARNING: Lỗi HTTP 429 - product id: 173815717, thử lại 1/3
2025-09-16 21:15:25,927 WARNING: Lỗi HTTP 429 - product id: 173815885, thử lại 1/3
2025-09-16 21:15:30,629 WARNING: Lỗi HTTP 429 - product id: 173997710, thử lại 1/3
2025-09-16 21:15:32,975 WARNING: Lỗi HTTP 429 - product id: 174055640, thử lại 1/3
2025-09-16 21:15:33,789 WARNING: Lỗi HTTP 429 - product id: 174071872, thử lại 1/3
2025-09-16 21:15:33,818 WARNING: Lỗi HTTP 429 - product id: 174071912, thử lại 1/3
2025-09-16 21:15:33,906 WARNING: Lỗi HTTP 429 - product id: 174071979, thử lại 1/3
2025-09-16 21:15:36,026 INFO: Đã commit batch 121 (1000 sản phẩm)
2025-09-16 21:15:36,058 INFO: Đã ghi 1000 sản phẩm vào file crawled_files/products_batch_121_1000_ids.csv
2025-09-16 21:15:36,083 INFO: Bắt đầu crawl batch 122 (1000 sản phẩm)
2025-09-16 21:15:38,867 WARNING: Lỗi HTTP 404: Không tim thấy product id - product id: 174113468
2025-09-16 21:15:49,537 WARNING: Lỗi HTTP 429 - product id: 174450835, thử lại 1/3
2025-09-16 21:15:52,958 INFO: Đã commit batch 122 (1000 sản phẩm)
2025-09-16 21:15:52,987 INFO: Đã ghi 999 sản phẩm vào file crawled_files/products_batch_122_999_ids.csv
2025-09-16 21:15:53,012 INFO: Bắt đầu crawl batch 123 (1000 sản phẩm)
2025-09-16 21:15:54,593 WARNING: Lỗi HTTP 429 - product id: 174551811, thử lại 1/3
2025-09-16 21:15:55,240 WARNING: Lỗi HTTP 429 - product id: 174596534, thử lại 1/3
2025-09-16 21:15:55,313 WARNING: Lỗi HTTP 429 - product id: 174600225, thử lại 1/3
2025-09-16 21:15:55,722 WARNING: Lỗi HTTP 429 - product id: 174609775, thử lại 1/3
2025-09-16 21:15:55,745 WARNING: Lỗi HTTP 429 - product id: 174610005, thử lại 1/3
2025-09-16 21:15:55,815 WARNING: Lỗi HTTP 429 - product id: 174612563, thử lại 1/3
2025-09-16 21:15:55,819 WARNING: Lỗi HTTP 429 - product id: 174612572, thử lại 1/3
2025-09-16 21:15:57,815 WARNING: Lỗi HTTP 429 - product id: 174651095, thử lại 1/3
2025-09-16 21:15:57,832 WARNING: Lỗi HTTP 429 - product id: 174651117, thử lại 1/3
2025-09-16 21:15:59,568 WARNING: Lỗi HTTP 429 - product id: 174826996, thử lại 1/3
2025-09-16 21:15:59,682 WARNING: Lỗi HTTP 429 - product id: 174829966, thử lại 1/3
2025-09-16 21:16:00,229 WARNING: Lỗi HTTP 429 - product id: 174842793, thử lại 1/3
2025-09-16 21:16:00,245 WARNING: Lỗi HTTP 429 - product id: 174842797, thử lại 1/3
2025-09-16 21:16:00,673 WARNING: Lỗi HTTP 429 - product id: 174856983, thử lại 1/3
2025-09-16 21:16:01,774 WARNING: Lỗi HTTP 429 - product id: 174913572, thử lại 1/3
2025-09-16 21:16:01,989 WARNING: Lỗi HTTP 429 - product id: 174921918, thử lại 1/3
2025-09-16 21:16:02,428 WARNING: Lỗi HTTP 429 - product id: 174933317, thử lại 1/3
2025-09-16 21:16:03,158 WARNING: Lỗi HTTP 404: Không tim thấy product id - product id: 174932071
2025-09-16 21:16:04,025 WARNING: Lỗi HTTP 404: Không tim thấy product id - product id: 175150254
2025-09-16 21:16:04,035 WARNING: Lỗi HTTP 429 - product id: 175151506, thử lại 1/3
2025-09-16 21:16:04,158 WARNING: Lỗi HTTP 429 - product id: 175155746, thử lại 1/3
2025-09-16 21:16:04,223 WARNING: Lỗi HTTP 429 - product id: 175161473, thử lại 1/3
2025-09-16 21:16:04,320 WARNING: Lỗi HTTP 429 - product id: 175164090, thử lại 1/3
2025-09-16 21:16:04,940 WARNING: Lỗi HTTP 404: Không tim thấy product id - product id: 175150267
2025-09-16 21:16:06,453 WARNING: Lỗi HTTP 429 - product id: 175466257, thử lại 1/3
2025-09-16 21:16:07,929 WARNING: Lỗi HTTP 429 - product id: 175653195, thử lại 1/3
2025-09-16 21:16:08,623 WARNING: Lỗi HTTP 429 - product id: 175683649, thử lại 1/3
2025-09-16 21:16:08,692 WARNING: Lỗi HTTP 429 - product id: 175686300, thử lại 1/3
2025-09-16 21:16:08,913 WARNING: Lỗi HTTP 429 - product id: 175781004, thử lại 1/3
2025-09-16 21:16:08,950 WARNING: Lỗi HTTP 429 - product id: 175781299, thử lại 1/3
2025-09-16 21:16:08,980 WARNING: Lỗi HTTP 429 - product id: 175781862, thử lại 1/3
2025-09-16 21:16:09,029 WARNING: Lỗi HTTP 429 - product id: 175782002, thử lại 1/3
2025-09-16 21:16:09,431 WARNING: Lỗi HTTP 429 - product id: 175786939, thử lại 1/3
2025-09-16 21:16:11,543 INFO: Đã commit batch 123 (1000 sản phẩm)
2025-09-16 21:16:11,571 INFO: Đã ghi 997 sản phẩm vào file crawled_files/products_batch_123_997_ids.csv
2025-09-16 21:16:11,598 INFO: Bắt đầu crawl batch 124 (1000 sản phẩm)
2025-09-16 21:16:13,250 WARNING: Lỗi HTTP 429 - product id: 175812463, thử lại 1/3
2025-09-16 21:16:13,253 WARNING: Lỗi HTTP 429 - product id: 175812723, thử lại 1/3
2025-09-16 21:16:13,296 WARNING: Lỗi HTTP 429 - product id: 175812933, thử lại 1/3
2025-09-16 21:16:13,322 WARNING: Lỗi HTTP 429 - product id: 175812966, thử lại 1/3
2025-09-16 21:16:13,327 WARNING: Lỗi HTTP 429 - product id: 175813084, thử lại 1/3
2025-09-16 21:16:13,404 WARNING: Lỗi HTTP 429 - product id: 175815658, thử lại 1/3
2025-09-16 21:16:13,411 WARNING: Lỗi HTTP 429 - product id: 175815685, thử lại 1/3
2025-09-16 21:16:13,426 WARNING: Lỗi HTTP 429 - product id: 175815721, thử lại 1/3
2025-09-16 21:16:13,470 WARNING: Lỗi HTTP 429 - product id: 175815750, thử lại 1/3
2025-09-16 21:16:13,525 WARNING: Lỗi HTTP 429 - product id: 175815864, thử lại 1/3
2025-09-16 21:16:13,565 WARNING: Lỗi HTTP 429 - product id: 175815911, thử lại 1/3
2025-09-16 21:16:13,721 WARNING: Lỗi HTTP 429 - product id: 175822021, thử lại 1/3
2025-09-16 21:16:13,968 WARNING: Lỗi HTTP 429 - product id: 175836293, thử lại 1/3
2025-09-16 21:16:14,856 WARNING: Lỗi HTTP 429 - product id: 175876323, thử lại 1/3
2025-09-16 21:16:14,942 WARNING: Lỗi HTTP 429 - product id: 175878530, thử lại 1/3
2025-09-16 21:16:14,960 WARNING: Lỗi HTTP 429 - product id: 175885158, thử lại 1/3
2025-09-16 21:16:15,016 WARNING: Lỗi HTTP 429 - product id: 175885847, thử lại 1/3
2025-09-16 21:16:15,178 WARNING: Lỗi HTTP 429 - product id: 175903371, thử lại 1/3
2025-09-16 21:16:15,261 WARNING: Lỗi HTTP 429 - product id: 175905116, thử lại 1/3
2025-09-16 21:16:15,273 WARNING: Lỗi HTTP 429 - product id: 175904645, thử lại 1/3
2025-09-16 21:16:15,959 WARNING: Lỗi HTTP 429 - product id: 175977724, thử lại 1/3
2025-09-16 21:16:16,006 WARNING: Lỗi HTTP 429 - product id: 175986292, thử lại 1/3
2025-09-16 21:16:16,131 WARNING: Lỗi HTTP 429 - product id: 175990148, thử lại 1/3
2025-09-16 21:16:16,188 WARNING: Lỗi HTTP 429 - product id: 175990423, thử lại 1/3
2025-09-16 21:16:16,961 WARNING: Lỗi HTTP 429 - product id: 175998560, thử lại 1/3
2025-09-16 21:16:17,352 WARNING: Lỗi HTTP 429 - product id: 176008691, thử lại 1/3
2025-09-16 21:16:17,560 WARNING: Lỗi HTTP 429 - product id: 175905116, thử lại 2/3
2025-09-16 21:16:18,048 WARNING: Lỗi HTTP 429 - product id: 176047071, thử lại 1/3
2025-09-16 21:16:18,918 WARNING: Lỗi HTTP 429 - product id: 176057058, thử lại 1/3
2025-09-16 21:16:18,918 WARNING: Lỗi HTTP 429 - product id: 176056999, thử lại 1/3
2025-09-16 21:16:19,003 WARNING: Lỗi HTTP 429 - product id: 176057583, thử lại 1/3
2025-09-16 21:16:19,263 WARNING: Lỗi HTTP 429 - product id: 176063218, thử lại 1/3
2025-09-16 21:16:19,398 WARNING: Lỗi HTTP 429 - product id: 176067874, thử lại 1/3
2025-09-16 21:16:19,623 WARNING: Lỗi HTTP 429 - product id: 176008691, thử lại 2/3
2025-09-16 21:16:19,679 WARNING: Lỗi HTTP 429 - product id: 176076238, thử lại 1/3
2025-09-16 21:16:19,702 WARNING: Lỗi HTTP 429 - product id: 176081029, thử lại 1/3
2025-09-16 21:16:23,251 WARNING: Lỗi HTTP 429 - product id: 176183964, thử lại 1/3
2025-09-16 21:16:23,555 WARNING: Lỗi HTTP 404: Không tim thấy product id - product id: 176150593
2025-09-16 21:16:27,174 WARNING: Lỗi HTTP 429 - product id: 176304529, thử lại 1/3
2025-09-16 21:16:27,609 WARNING: Lỗi HTTP 429 - product id: 176307754, thử lại 1/3
2025-09-16 21:16:27,637 WARNING: Lỗi HTTP 429 - product id: 176309123, thử lại 1/3
2025-09-16 21:16:27,818 WARNING: Lỗi HTTP 429 - product id: 176313082, thử lại 1/3
2025-09-16 21:16:29,915 INFO: Đã commit batch 124 (1000 sản phẩm)
2025-09-16 21:16:29,946 INFO: Đã ghi 999 sản phẩm vào file crawled_files/products_batch_124_999_ids.csv
2025-09-16 21:16:29,972 INFO: Bắt đầu crawl batch 125 (1000 sản phẩm)
2025-09-16 21:16:30,621 WARNING: Lỗi HTTP 429 - product id: 176405619, thử lại 1/3
2025-09-16 21:16:30,625 WARNING: Lỗi HTTP 429 - product id: 176405656, thử lại 1/3
2025-09-16 21:16:30,627 WARNING: Lỗi HTTP 429 - product id: 176405678, thử lại 1/3
2025-09-16 21:16:34,322 WARNING: Lỗi HTTP 429 - product id: 176474673, thử lại 1/3
2025-09-16 21:16:35,216 WARNING: Lỗi HTTP 404: Không tim thấy product id - product id: 176488082
2025-09-16 21:16:35,933 WARNING: Lỗi HTTP 429 - product id: 176534651, thử lại 1/3
2025-09-16 21:16:36,248 WARNING: Lỗi HTTP 404: Không tim thấy product id - product id: 176508941
2025-09-16 21:16:38,405 WARNING: Lỗi HTTP 429 - product id: 176634942, thử lại 1/3
2025-09-16 21:16:38,425 WARNING: Lỗi HTTP 429 - product id: 176635005, thử lại 1/3
2025-09-16 21:16:38,465 WARNING: Lỗi HTTP 429 - product id: 176635012, thử lại 1/3
2025-09-16 21:16:39,614 WARNING: Lỗi HTTP 429 - product id: 176693071, thử lại 1/3
2025-09-16 21:16:39,624 WARNING: Lỗi HTTP 429 - product id: 176694675, thử lại 1/3
2025-09-16 21:16:39,687 WARNING: Lỗi HTTP 429 - product id: 176696128, thử lại 1/3
2025-09-16 21:16:40,171 WARNING: Lỗi HTTP 429 - product id: 176711828, thử lại 1/3
2025-09-16 21:16:40,487 WARNING: Lỗi HTTP 429 - product id: 176725050, thử lại 1/3
2025-09-16 21:16:40,601 WARNING: Lỗi HTTP 429 - product id: 176729314, thử lại 1/3
2025-09-16 21:16:40,698 WARNING: Lỗi HTTP 429 - product id: 176634942, thử lại 2/3
2025-09-16 21:16:40,729 WARNING: Lỗi HTTP 429 - product id: 176729904, thử lại 1/3
2025-09-16 21:16:40,784 WARNING: Lỗi HTTP 429 - product id: 176730038, thử lại 1/3
2025-09-16 21:16:40,856 WARNING: Lỗi HTTP 429 - product id: 176731675, thử lại 1/3
2025-09-16 21:16:41,507 WARNING: Lỗi HTTP 429 - product id: 176785042, thử lại 1/3
2025-09-16 21:16:41,522 WARNING: Lỗi HTTP 429 - product id: 176789615, thử lại 1/3
2025-09-16 21:16:41,676 WARNING: Lỗi HTTP 429 - product id: 176793473, thử lại 1/3
2025-09-16 21:16:42,046 WARNING: Lỗi HTTP 429 - product id: 176802393, thử lại 1/3
2025-09-16 21:16:42,047 WARNING: Lỗi HTTP 429 - product id: 176802212, thử lại 1/3
2025-09-16 21:16:42,146 WARNING: Lỗi HTTP 429 - product id: 176811383, thử lại 1/3
2025-09-16 21:16:42,179 WARNING: Lỗi HTTP 429 - product id: 176812950, thử lại 1/3
2025-09-16 21:16:42,179 WARNING: Lỗi HTTP 429 - product id: 176813265, thử lại 1/3
2025-09-16 21:16:42,527 WARNING: Lỗi HTTP 429 - product id: 176835214, thử lại 1/3
2025-09-16 21:16:43,099 WARNING: Lỗi HTTP 429 - product id: 176731675, thử lại 2/3
2025-09-16 21:16:43,683 WARNING: Lỗi HTTP 429 - product id: 176907488, thử lại 1/3
2025-09-16 21:16:45,748 WARNING: Lỗi HTTP 429 - product id: 177054604, thử lại 1/3
2025-09-16 21:16:45,816 WARNING: Lỗi HTTP 429 - product id: 177056082, thử lại 1/3
2025-09-16 21:16:45,825 WARNING: Lỗi HTTP 429 - product id: 177058511, thử lại 1/3
2025-09-16 21:16:47,977 INFO: Đã commit batch 125 (1000 sản phẩm)
2025-09-16 21:16:48,009 INFO: Đã ghi 998 sản phẩm vào file crawled_files/products_batch_125_998_ids.csv
2025-09-16 21:16:48,035 INFO: Bắt đầu crawl batch 126 (1000 sản phẩm)
2025-09-16 21:16:48,406 WARNING: Lỗi HTTP 429 - product id: 177164875, thử lại 1/3
2025-09-16 21:16:48,796 WARNING: Lỗi HTTP 429 - product id: 177165813, thử lại 1/3
2025-09-16 21:16:48,802 WARNING: Lỗi HTTP 429 - product id: 177165847, thử lại 1/3
2025-09-16 21:16:48,845 WARNING: Lỗi HTTP 429 - product id: 177169107, thử lại 1/3
2025-09-16 21:16:48,863 WARNING: Lỗi HTTP 429 - product id: 177169522, thử lại 1/3
2025-09-16 21:16:51,602 WARNING: Lỗi HTTP 429 - product id: 177268633, thử lại 1/3
2025-09-16 21:16:51,950 WARNING: Lỗi HTTP 429 - product id: 177273666, thử lại 1/3
2025-09-16 21:16:52,762 WARNING: Lỗi HTTP 429 - product id: 177315236, thử lại 1/3
2025-09-16 21:16:59,301 WARNING: Lỗi HTTP 429 - product id: 177595049, thử lại 1/3
2025-09-16 21:17:01,038 WARNING: Lỗi HTTP 429 - product id: 177703004, thử lại 1/3
2025-09-16 21:17:01,054 WARNING: Lỗi HTTP 429 - product id: 177703051, thử lại 1/3
2025-09-16 21:17:01,080 WARNING: Lỗi HTTP 429 - product id: 177703218, thử lại 1/3
2025-09-16 21:17:01,116 WARNING: Lỗi HTTP 429 - product id: 177703256, thử lại 1/3
2025-09-16 21:17:01,328 WARNING: Lỗi HTTP 404: Không tim thấy product id - product id: 177703021
2025-09-16 21:17:01,383 WARNING: Lỗi HTTP 404: Không tim thấy product id - product id: 177703395
2025-09-16 21:17:01,441 WARNING: Lỗi HTTP 404: Không tim thấy product id - product id: 177703356
2025-09-16 21:17:01,572 WARNING: Lỗi HTTP 404: Không tim thấy product id - product id: 177703412
2025-09-16 21:17:01,618 WARNING: Lỗi HTTP 429 - product id: 177712293, thử lại 1/3
2025-09-16 21:17:01,620 WARNING: Lỗi HTTP 404: Không tim thấy product id - product id: 177703463
2025-09-16 21:17:01,637 WARNING: Lỗi HTTP 429 - product id: 177595049, thử lại 2/3
2025-09-16 21:17:02,012 WARNING: Lỗi HTTP 429 - product id: 177714140, thử lại 1/3
2025-09-16 21:17:02,040 WARNING: Lỗi HTTP 429 - product id: 177714402, thử lại 1/3
2025-09-16 21:17:02,059 WARNING: Lỗi HTTP 429 - product id: 177714454, thử lại 1/3
2025-09-16 21:17:02,066 WARNING: Lỗi HTTP 404: Không tim thấy product id - product id: 177703093
2025-09-16 21:17:02,973 WARNING: Lỗi HTTP 429 - product id: 177735775, thử lại 1/3
2025-09-16 21:17:03,074 WARNING: Lỗi HTTP 429 - product id: 177737178, thử lại 1/3
2025-09-16 21:17:03,472 WARNING: Lỗi HTTP 429 - product id: 177744843, thử lại 1/3
2025-09-16 21:17:03,488 WARNING: Lỗi HTTP 429 - product id: 177751243, thử lại 1/3
2025-09-16 21:17:03,492 WARNING: Lỗi HTTP 429 - product id: 177751587, thử lại 1/3
2025-09-16 21:17:03,586 WARNING: Lỗi HTTP 429 - product id: 177755094, thử lại 1/3
2025-09-16 21:17:03,720 WARNING: Lỗi HTTP 404: Không tim thấy product id - product id: 177703051
2025-09-16 21:17:03,728 WARNING: Lỗi HTTP 429 - product id: 177757812, thử lại 1/3
2025-09-16 21:17:03,790 WARNING: Lỗi HTTP 404: Không tim thấy product id - product id: 177703218
2025-09-16 21:17:03,819 WARNING: Lỗi HTTP 429 - product id: 177763412, thử lại 1/3
2025-09-16 21:17:03,823 WARNING: Lỗi HTTP 429 - product id: 177712293, thử lại 2/3
2025-09-16 21:17:03,879 WARNING: Lỗi HTTP 429 - product id: 177771216, thử lại 1/3
2025-09-16 21:17:03,886 WARNING: Lỗi HTTP 429 - product id: 177771455, thử lại 1/3
2025-09-16 21:17:03,887 WARNING: Lỗi HTTP 404: Không tim thấy product id - product id: 177703256
2025-09-16 21:17:03,950 WARNING: Lỗi HTTP 429 - product id: 177772962, thử lại 1/3
2025-09-16 21:17:08,032 INFO: Đã commit batch 126 (1000 sản phẩm)
2025-09-16 21:17:08,058 INFO: Đã ghi 991 sản phẩm vào file crawled_files/products_batch_126_991_ids.csv
2025-09-16 21:17:08,083 INFO: Bắt đầu crawl batch 127 (1000 sản phẩm)
2025-09-16 21:17:09,067 WARNING: Lỗi HTTP 404: Không tim thấy product id - product id: 177813776
2025-09-16 21:17:12,785 WARNING: Lỗi HTTP 429 - product id: 178012705, thử lại 1/3
2025-09-16 21:17:13,326 WARNING: Lỗi HTTP 404: Không tim thấy product id - product id: 178041921
2025-09-16 21:17:13,354 WARNING: Lỗi HTTP 404: Không tim thấy product id - product id: 178042194
2025-09-16 21:17:13,430 WARNING: Lỗi HTTP 404: Không tim thấy product id - product id: 178042439
2025-09-16 21:17:13,480 WARNING: Lỗi HTTP 404: Không tim thấy product id - product id: 178042482
2025-09-16 21:17:13,713 WARNING: Lỗi HTTP 404: Không tim thấy product id - product id: 178041627
2025-09-16 21:17:13,786 WARNING: Lỗi HTTP 404: Không tim thấy product id - product id: 178041869
2025-09-16 21:17:13,802 WARNING: Lỗi HTTP 404: Không tim thấy product id - product id: 178042421
2025-09-16 21:17:14,184 WARNING: Lỗi HTTP 404: Không tim thấy product id - product id: 178042430
2025-09-16 21:17:14,226 WARNING: Lỗi HTTP 404: Không tim thấy product id - product id: 178042489
2025-09-16 21:17:16,308 WARNING: Lỗi HTTP 404: Không tim thấy product id - product id: 178088896
2025-09-16 21:17:16,868 WARNING: Lỗi HTTP 404: Không tim thấy product id - product id: 178111489
2025-09-16 21:17:20,174 WARNING: Lỗi HTTP 404: Không tim thấy product id - product id: 178297848
2025-09-16 21:17:20,190 WARNING: Lỗi HTTP 429 - product id: 178319075, thử lại 1/3
2025-09-16 21:17:20,954 WARNING: Lỗi HTTP 429 - product id: 178338901, thử lại 1/3
2025-09-16 21:17:24,937 INFO: Đã commit batch 127 (1000 sản phẩm)
2025-09-16 21:17:24,965 INFO: Đã ghi 987 sản phẩm vào file crawled_files/products_batch_127_987_ids.csv
2025-09-16 21:17:24,990 INFO: Bắt đầu crawl batch 128 (1000 sản phẩm)
2025-09-16 21:17:25,751 WARNING: Lỗi HTTP 429 - product id: 178585553, thử lại 1/3
2025-09-16 21:17:25,800 WARNING: Lỗi HTTP 429 - product id: 178588104, thử lại 1/3
2025-09-16 21:17:27,279 WARNING: Lỗi HTTP 404: Không tim thấy product id - product id: 178606776
2025-09-16 21:17:27,911 WARNING: Lỗi HTTP 404: Không tim thấy product id - product id: 178745135
2025-09-16 21:17:31,325 WARNING: Lỗi HTTP 404: Không tim thấy product id - product id: 179142316
2025-09-16 21:17:31,518 WARNING: Lỗi HTTP 404: Không tim thấy product id - product id: 179142419
2025-09-16 21:17:31,923 WARNING: Lỗi HTTP 429 - product id: 179151604, thử lại 1/3
2025-09-16 21:17:32,320 WARNING: Lỗi HTTP 429 - product id: 179152009, thử lại 1/3
2025-09-16 21:17:33,791 WARNING: Lỗi HTTP 429 - product id: 179175415, thử lại 1/3
2025-09-16 21:17:33,845 WARNING: Lỗi HTTP 429 - product id: 179175468, thử lại 1/3
2025-09-16 21:17:33,849 WARNING: Lỗi HTTP 429 - product id: 179175568, thử lại 1/3
2025-09-16 21:17:33,966 WARNING: Lỗi HTTP 429 - product id: 179196322, thử lại 1/3
2025-09-16 21:17:36,587 WARNING: Lỗi HTTP 429 - product id: 179439146, thử lại 1/3
2025-09-16 21:17:36,599 WARNING: Lỗi HTTP 429 - product id: 179439167, thử lại 1/3
2025-09-16 21:17:36,889 WARNING: Lỗi HTTP 429 - product id: 179493237, thử lại 1/3
2025-09-16 21:17:36,917 WARNING: Lỗi HTTP 429 - product id: 179493250, thử lại 1/3
2025-09-16 21:17:36,931 WARNING: Lỗi HTTP 429 - product id: 179493270, thử lại 1/3
2025-09-16 21:17:36,952 WARNING: Lỗi HTTP 429 - product id: 179499765, thử lại 1/3
2025-09-16 21:17:36,965 WARNING: Lỗi HTTP 429 - product id: 179499614, thử lại 1/3
2025-09-16 21:17:37,025 WARNING: Lỗi HTTP 429 - product id: 179500438, thử lại 1/3
2025-09-16 21:17:37,067 WARNING: Lỗi HTTP 429 - product id: 179501986, thử lại 1/3
2025-09-16 21:17:39,650 WARNING: Lỗi HTTP 429 - product id: 179547431, thử lại 1/3
2025-09-16 21:17:39,804 WARNING: Lỗi HTTP 429 - product id: 179547249, thử lại 1/3
2025-09-16 21:17:40,062 WARNING: Lỗi HTTP 429 - product id: 179549242, thử lại 1/3
2025-09-16 21:17:40,154 WARNING: Lỗi HTTP 429 - product id: 179549481, thử lại 1/3
2025-09-16 21:17:40,245 WARNING: Lỗi HTTP 429 - product id: 179549690, thử lại 1/3
2025-09-16 21:17:40,308 WARNING: Lỗi HTTP 429 - product id: 179549776, thử lại 1/3
2025-09-16 21:17:40,399 WARNING: Lỗi HTTP 429 - product id: 179553373, thử lại 1/3
2025-09-16 21:17:40,402 WARNING: Lỗi HTTP 429 - product id: 179554906, thử lại 1/3
2025-09-16 21:17:40,458 WARNING: Lỗi HTTP 429 - product id: 179555272, thử lại 1/3
2025-09-16 21:17:40,493 WARNING: Lỗi HTTP 429 - product id: 179555703, thử lại 1/3
2025-09-16 21:17:40,553 WARNING: Lỗi HTTP 429 - product id: 179562640, thử lại 1/3
2025-09-16 21:17:40,566 WARNING: Lỗi HTTP 429 - product id: 179562845, thử lại 1/3
2025-09-16 21:17:40,657 WARNING: Lỗi HTTP 429 - product id: 179565173, thử lại 1/3
2025-09-16 21:17:42,792 INFO: Đã commit batch 128 (1000 sản phẩm)
2025-09-16 21:17:42,821 INFO: Đã ghi 996 sản phẩm vào file crawled_files/products_batch_128_996_ids.csv
2025-09-16 21:17:42,846 INFO: Bắt đầu crawl batch 129 (1000 sản phẩm)
2025-09-16 21:17:44,220 WARNING: Lỗi HTTP 429 - product id: 179745846, thử lại 1/3
2025-09-16 21:17:50,370 WARNING: Lỗi HTTP 429 - product id: 179970663, thử lại 1/3
2025-09-16 21:17:50,612 WARNING: Lỗi HTTP 429 - product id: 179981959, thử lại 1/3
2025-09-16 21:17:54,123 WARNING: Lỗi HTTP 429 - product id: 180313200, thử lại 1/3
2025-09-16 21:17:54,215 WARNING: Lỗi HTTP 429 - product id: 180317806, thử lại 1/3
2025-09-16 21:17:54,550 WARNING: Lỗi HTTP 429 - product id: 180322610, thử lại 1/3
2025-09-16 21:17:54,578 WARNING: Lỗi HTTP 429 - product id: 180322887, thử lại 1/3
2025-09-16 21:17:54,711 WARNING: Lỗi HTTP 429 - product id: 180324392, thử lại 1/3
2025-09-16 21:17:57,299 WARNING: Lỗi HTTP 429 - product id: 180396962, thử lại 1/3
2025-09-16 21:17:57,362 WARNING: Lỗi HTTP 429 - product id: 180397028, thử lại 1/3
2025-09-16 21:17:57,428 WARNING: Lỗi HTTP 429 - product id: 180397283, thử lại 1/3
2025-09-16 21:17:57,723 WARNING: Lỗi HTTP 429 - product id: 180398271, thử lại 1/3
2025-09-16 21:17:57,810 WARNING: Lỗi HTTP 429 - product id: 180398500, thử lại 1/3
2025-09-16 21:17:57,856 WARNING: Lỗi HTTP 429 - product id: 180400414, thử lại 1/3
2025-09-16 21:17:57,876 WARNING: Lỗi HTTP 429 - product id: 180400445, thử lại 1/3
2025-09-16 21:17:57,919 WARNING: Lỗi HTTP 429 - product id: 180402268, thử lại 1/3
2025-09-16 21:17:58,008 WARNING: Lỗi HTTP 429 - product id: 180402680, thử lại 1/3
2025-09-16 21:17:58,012 WARNING: Lỗi HTTP 429 - product id: 180402722, thử lại 1/3
2025-09-16 21:17:58,018 WARNING: Lỗi HTTP 429 - product id: 180402688, thử lại 1/3
2025-09-16 21:17:58,071 WARNING: Lỗi HTTP 429 - product id: 180402927, thử lại 1/3
2025-09-16 21:17:58,574 WARNING: Lỗi HTTP 429 - product id: 180567401, thử lại 1/3
2025-09-16 21:17:58,658 WARNING: Lỗi HTTP 429 - product id: 180567447, thử lại 1/3
2025-09-16 21:17:58,749 WARNING: Lỗi HTTP 429 - product id: 180567495, thử lại 1/3
2025-09-16 21:17:58,859 WARNING: Lỗi HTTP 429 - product id: 180567522, thử lại 1/3
2025-09-16 21:17:59,008 WARNING: Lỗi HTTP 429 - product id: 180567866, thử lại 1/3
2025-09-16 21:17:59,012 WARNING: Lỗi HTTP 429 - product id: 180567868, thử lại 1/3
2025-09-16 21:17:59,082 WARNING: Lỗi HTTP 429 - product id: 180567906, thử lại 1/3
2025-09-16 21:17:59,153 WARNING: Lỗi HTTP 429 - product id: 180567919, thử lại 1/3
2025-09-16 21:18:01,259 INFO: Đã commit batch 129 (1000 sản phẩm)
2025-09-16 21:18:01,286 INFO: Đã ghi 1000 sản phẩm vào file crawled_files/products_batch_129_1000_ids.csv
2025-09-16 21:18:01,310 INFO: Bắt đầu crawl batch 130 (1000 sản phẩm)
2025-09-16 21:18:02,006 WARNING: Lỗi HTTP 404: Không tim thấy product id - product id: 180576324
2025-09-16 21:18:02,286 WARNING: Lỗi HTTP 404: Không tim thấy product id - product id: 180585865
2025-09-16 21:18:02,312 WARNING: Lỗi HTTP 404: Không tim thấy product id - product id: 180585063
2025-09-16 21:18:02,487 WARNING: Lỗi HTTP 404: Không tim thấy product id - product id: 180592620
2025-09-16 21:18:09,219 WARNING: Lỗi HTTP 429 - product id: 180914225, thử lại 1/3
2025-09-16 21:18:09,286 WARNING: Lỗi HTTP 429 - product id: 180914389, thử lại 1/3
2025-09-16 21:18:09,423 WARNING: Lỗi HTTP 429 - product id: 180914592, thử lại 1/3
2025-09-16 21:18:09,838 WARNING: Lỗi HTTP 429 - product id: 180915220, thử lại 1/3
2025-09-16 21:18:09,917 WARNING: Lỗi HTTP 429 - product id: 180915344, thử lại 1/3
2025-09-16 21:18:09,918 WARNING: Lỗi HTTP 429 - product id: 180915330, thử lại 1/3
2025-09-16 21:18:09,970 WARNING: Lỗi HTTP 429 - product id: 180915375, thử lại 1/3
2025-09-16 21:18:10,006 WARNING: Lỗi HTTP 429 - product id: 180915480, thử lại 1/3
2025-09-16 21:18:10,556 WARNING: Lỗi HTTP 429 - product id: 180916384, thử lại 1/3
2025-09-16 21:18:10,613 WARNING: Lỗi HTTP 429 - product id: 180916438, thử lại 1/3
2025-09-16 21:18:10,621 WARNING: Lỗi HTTP 429 - product id: 180916458, thử lại 1/3
2025-09-16 21:18:10,674 WARNING: Lỗi HTTP 429 - product id: 180916622, thử lại 1/3
2025-09-16 21:18:10,821 WARNING: Lỗi HTTP 429 - product id: 180917014, thử lại 1/3
2025-09-16 21:18:11,378 WARNING: Lỗi HTTP 429 - product id: 180917791, thử lại 1/3
2025-09-16 21:18:14,824 WARNING: Lỗi HTTP 429 - product id: 180925299, thử lại 1/3
2025-09-16 21:18:15,217 WARNING: Lỗi HTTP 429 - product id: 180934935, thử lại 1/3
2025-09-16 21:18:15,314 WARNING: Lỗi HTTP 429 - product id: 180935467, thử lại 1/3
2025-09-16 21:18:15,328 WARNING: Lỗi HTTP 429 - product id: 180935482, thử lại 1/3
2025-09-16 21:18:15,406 WARNING: Lỗi HTTP 429 - product id: 180936231, thử lại 1/3
2025-09-16 21:18:15,633 WARNING: Lỗi HTTP 429 - product id: 180937627, thử lại 1/3
2025-09-16 21:18:15,727 WARNING: Lỗi HTTP 429 - product id: 180938395, thử lại 1/3
2025-09-16 21:18:16,158 WARNING: Lỗi HTTP 429 - product id: 180940324, thử lại 1/3
2025-09-16 21:18:16,162 WARNING: Lỗi HTTP 429 - product id: 180940383, thử lại 1/3
2025-09-16 21:18:16,245 WARNING: Lỗi HTTP 429 - product id: 180940480, thử lại 1/3
2025-09-16 21:18:16,249 WARNING: Lỗi HTTP 429 - product id: 180939714, thử lại 1/3
2025-09-16 21:18:16,363 WARNING: Lỗi HTTP 429 - product id: 180941526, thử lại 1/3
2025-09-16 21:18:16,932 WARNING: Lỗi HTTP 429 - product id: 180944031, thử lại 1/3
2025-09-16 21:18:17,049 WARNING: Lỗi HTTP 429 - product id: 180944758, thử lại 1/3
2025-09-16 21:18:17,070 WARNING: Lỗi HTTP 429 - product id: 180944765, thử lại 1/3
2025-09-16 21:18:19,178 INFO: Đã commit batch 130 (1000 sản phẩm)
2025-09-16 21:18:19,200 INFO: Đã ghi 996 sản phẩm vào file crawled_files/products_batch_130_996_ids.csv
2025-09-16 21:18:19,231 INFO: Bắt đầu crawl batch 131 (1000 sản phẩm)
2025-09-16 21:18:22,568 WARNING: Lỗi HTTP 429 - product id: 180992859, thử lại 1/3
2025-09-16 21:18:24,768 WARNING: Lỗi HTTP 429 - product id: 181153992, thử lại 1/3
2025-09-16 21:18:24,878 WARNING: Lỗi HTTP 429 - product id: 181170855, thử lại 1/3
2025-09-16 21:18:24,971 WARNING: Lỗi HTTP 429 - product id: 180992859, thử lại 2/3
2025-09-16 21:18:25,063 WARNING: Lỗi HTTP 429 - product id: 181184053, thử lại 1/3
2025-09-16 21:18:25,164 WARNING: Lỗi HTTP 429 - product id: 181185204, thử lại 1/3
2025-09-16 21:18:25,169 WARNING: Lỗi HTTP 429 - product id: 181186106, thử lại 1/3
2025-09-16 21:18:26,127 WARNING: Lỗi HTTP 429 - product id: 181219289, thử lại 1/3
2025-09-16 21:18:26,145 WARNING: Lỗi HTTP 429 - product id: 181219344, thử lại 1/3
2025-09-16 21:18:26,226 WARNING: Lỗi HTTP 429 - product id: 181219988, thử lại 1/3
2025-09-16 21:18:26,264 WARNING: Lỗi HTTP 429 - product id: 181220065, thử lại 1/3
2025-09-16 21:18:26,367 WARNING: Lỗi HTTP 429 - product id: 181232965, thử lại 1/3
2025-09-16 21:18:27,633 WARNING: Lỗi HTTP 429 - product id: 181413147, thử lại 1/3
2025-09-16 21:18:31,612 WARNING: Lỗi HTTP 429 - product id: 181713690, thử lại 1/3
2025-09-16 21:18:36,350 INFO: Đã commit batch 131 (1000 sản phẩm)
2025-09-16 21:18:36,380 INFO: Đã ghi 1000 sản phẩm vào file crawled_files/products_batch_131_1000_ids.csv
2025-09-16 21:18:36,406 INFO: Bắt đầu crawl batch 132 (1000 sản phẩm)
2025-09-16 21:18:36,790 WARNING: Lỗi HTTP 404: Không tim thấy product id - product id: 181940296
2025-09-16 21:18:36,924 WARNING: Lỗi HTTP 429 - product id: 181971952, thử lại 1/3
2025-09-16 21:18:37,218 WARNING: Lỗi HTTP 429 - product id: 181980381, thử lại 1/3
2025-09-16 21:18:37,311 WARNING: Lỗi HTTP 429 - product id: 181983898, thử lại 1/3
2025-09-16 21:18:37,419 WARNING: Lỗi HTTP 429 - product id: 181986841, thử lại 1/3
2025-09-16 21:18:37,489 WARNING: Lỗi HTTP 429 - product id: 181991779, thử lại 1/3
2025-09-16 21:18:37,513 WARNING: Lỗi HTTP 429 - product id: 181993394, thử lại 1/3
2025-09-16 21:18:37,515 WARNING: Lỗi HTTP 429 - product id: 181993578, thử lại 1/3
2025-09-16 21:18:37,524 WARNING: Lỗi HTTP 429 - product id: 181992467, thử lại 1/3
2025-09-16 21:18:37,580 WARNING: Lỗi HTTP 429 - product id: 181994076, thử lại 1/3
2025-09-16 21:18:37,704 WARNING: Lỗi HTTP 429 - product id: 181994985, thử lại 1/3
2025-09-16 21:18:37,773 WARNING: Lỗi HTTP 429 - product id: 181995256, thử lại 1/3
2025-09-16 21:18:43,614 WARNING: Lỗi HTTP 429 - product id: 182558654, thử lại 1/3
2025-09-16 21:18:45,030 WARNING: Lỗi HTTP 429 - product id: 182604725, thử lại 1/3
2025-09-16 21:18:45,553 WARNING: Lỗi HTTP 429 - product id: 182712998, thử lại 1/3
2025-09-16 21:18:45,579 WARNING: Lỗi HTTP 429 - product id: 182727188, thử lại 1/3
2025-09-16 21:18:45,618 WARNING: Lỗi HTTP 429 - product id: 182729631, thử lại 1/3
2025-09-16 21:18:45,660 WARNING: Lỗi HTTP 429 - product id: 182735546, thử lại 1/3
2025-09-16 21:18:45,660 WARNING: Lỗi HTTP 429 - product id: 182736710, thử lại 1/3
2025-09-16 21:18:46,159 WARNING: Lỗi HTTP 429 - product id: 182744175, thử lại 1/3
2025-09-16 21:18:46,324 WARNING: Lỗi HTTP 429 - product id: 182744653, thử lại 1/3
2025-09-16 21:18:46,327 WARNING: Lỗi HTTP 429 - product id: 182744681, thử lại 1/3
2025-09-16 21:18:46,369 WARNING: Lỗi HTTP 429 - product id: 182747079, thử lại 1/3
2025-09-16 21:18:46,389 WARNING: Lỗi HTTP 429 - product id: 182748398, thử lại 1/3
2025-09-16 21:18:46,462 WARNING: Lỗi HTTP 429 - product id: 182750731, thử lại 1/3
2025-09-16 21:18:47,977 WARNING: Lỗi HTTP 429 - product id: 182827069, thử lại 1/3
2025-09-16 21:18:48,062 WARNING: Lỗi HTTP 429 - product id: 182842733, thử lại 1/3
2025-09-16 21:18:48,621 WARNING: Lỗi HTTP 429 - product id: 182969525, thử lại 1/3
2025-09-16 21:18:48,659 WARNING: Lỗi HTTP 429 - product id: 182744681, thử lại 2/3
2025-09-16 21:18:48,662 WARNING: Lỗi HTTP 429 - product id: 182969636, thử lại 1/3
2025-09-16 21:18:49,918 WARNING: Lỗi HTTP 429 - product id: 183031236, thử lại 1/3
2025-09-16 21:18:49,960 WARNING: Lỗi HTTP 429 - product id: 183031754, thử lại 1/3
2025-09-16 21:18:49,962 WARNING: Lỗi HTTP 429 - product id: 183031640, thử lại 1/3
2025-09-16 21:18:50,081 WARNING: Lỗi HTTP 429 - product id: 183035555, thử lại 1/3
2025-09-16 21:18:50,341 WARNING: Lỗi HTTP 404: Không tim thấy product id - product id: 183034117
2025-09-16 21:18:50,381 WARNING: Lỗi HTTP 429 - product id: 183036428, thử lại 1/3
2025-09-16 21:18:50,644 WARNING: Lỗi HTTP 429 - product id: 183039001, thử lại 1/3
2025-09-16 21:18:50,711 WARNING: Lỗi HTTP 429 - product id: 183039152, thử lại 1/3
2025-09-16 21:18:50,837 WARNING: Lỗi HTTP 429 - product id: 183039472, thử lại 1/3
2025-09-16 21:18:50,870 WARNING: Lỗi HTTP 429 - product id: 183039601, thử lại 1/3
2025-09-16 21:18:50,875 WARNING: Lỗi HTTP 429 - product id: 182969525, thử lại 2/3
2025-09-16 21:18:50,940 WARNING: Lỗi HTTP 429 - product id: 183039768, thử lại 1/3
2025-09-16 21:18:50,962 WARNING: Lỗi HTTP 429 - product id: 183040092, thử lại 1/3
2025-09-16 21:18:50,964 WARNING: Lỗi HTTP 429 - product id: 183039984, thử lại 1/3
2025-09-16 21:18:51,433 WARNING: Lỗi HTTP 429 - product id: 183041534, thử lại 1/3
2025-09-16 21:18:51,458 WARNING: Lỗi HTTP 429 - product id: 183041667, thử lại 1/3
2025-09-16 21:18:54,999 INFO: Đã commit batch 132 (1000 sản phẩm)
2025-09-16 21:18:55,027 INFO: Đã ghi 998 sản phẩm vào file crawled_files/products_batch_132_998_ids.csv
2025-09-16 21:18:55,051 INFO: Bắt đầu crawl batch 133 (1000 sản phẩm)
2025-09-16 21:18:55,994 WARNING: Lỗi HTTP 429 - product id: 183290563, thử lại 1/3
2025-09-16 21:18:56,039 WARNING: Lỗi HTTP 429 - product id: 183282815, thử lại 1/3
2025-09-16 21:18:56,091 WARNING: Lỗi HTTP 429 - product id: 183282830, thử lại 1/3
2025-09-16 21:18:56,095 WARNING: Lỗi HTTP 429 - product id: 183282835, thử lại 1/3
2025-09-16 21:18:56,682 WARNING: Lỗi HTTP 429 - product id: 183315370, thử lại 1/3
2025-09-16 21:18:56,747 WARNING: Lỗi HTTP 429 - product id: 183319621, thử lại 1/3
2025-09-16 21:18:56,793 WARNING: Lỗi HTTP 429 - product id: 183319635, thử lại 1/3
2025-09-16 21:18:57,288 WARNING: Lỗi HTTP 429 - product id: 183348658, thử lại 1/3
2025-09-16 21:19:00,057 WARNING: Lỗi HTTP 404: Không tim thấy product id - product id: 183491790
2025-09-16 21:19:12,095 INFO: Đã commit batch 133 (1000 sản phẩm)
2025-09-16 21:19:12,125 INFO: Đã ghi 999 sản phẩm vào file crawled_files/products_batch_133_999_ids.csv
2025-09-16 21:19:12,150 INFO: Bắt đầu crawl batch 134 (1000 sản phẩm)
2025-09-16 21:19:18,934 WARNING: Lỗi HTTP 429 - product id: 184611044, thử lại 1/3
2025-09-16 21:19:19,021 WARNING: Lỗi HTTP 429 - product id: 184616989, thử lại 1/3
2025-09-16 21:19:19,106 WARNING: Lỗi HTTP 429 - product id: 184628115, thử lại 1/3
2025-09-16 21:19:19,176 WARNING: Lỗi HTTP 429 - product id: 184628872, thử lại 1/3
2025-09-16 21:19:19,222 WARNING: Lỗi HTTP 429 - product id: 184629126, thử lại 1/3
2025-09-16 21:19:20,799 WARNING: Lỗi HTTP 404: Không tim thấy product id - product id: 184698105
2025-09-16 21:19:22,699 WARNING: Lỗi HTTP 429 - product id: 184772987, thử lại 1/3
2025-09-16 21:19:22,955 WARNING: Lỗi HTTP 429 - product id: 184776776, thử lại 1/3
2025-09-16 21:19:23,210 WARNING: Lỗi HTTP 429 - product id: 184781210, thử lại 1/3
2025-09-16 21:19:23,464 WARNING: Lỗi HTTP 429 - product id: 184802098, thử lại 1/3
2025-09-16 21:19:23,719 WARNING: Lỗi HTTP 429 - product id: 184801368, thử lại 1/3
2025-09-16 21:19:23,982 WARNING: Lỗi HTTP 429 - product id: 184823634, thử lại 1/3
2025-09-16 21:19:24,227 WARNING: Lỗi HTTP 429 - product id: 184815701, thử lại 1/3
2025-09-16 21:19:28,011 WARNING: Lỗi HTTP 429 - product id: 185068517, thử lại 1/3
2025-09-16 21:19:28,017 WARNING: Lỗi HTTP 429 - product id: 185077771, thử lại 1/3
2025-09-16 21:19:28,073 WARNING: Lỗi HTTP 429 - product id: 185088493, thử lại 1/3
2025-09-16 21:19:28,100 WARNING: Lỗi HTTP 429 - product id: 185088613, thử lại 1/3
2025-09-16 21:19:28,117 WARNING: Lỗi HTTP 429 - product id: 185089167, thử lại 1/3
2025-09-16 21:19:28,381 WARNING: Lỗi HTTP 429 - product id: 185110697, thử lại 1/3
2025-09-16 21:19:31,761 INFO: Đã commit batch 134 (1000 sản phẩm)
2025-09-16 21:19:31,788 INFO: Đã ghi 999 sản phẩm vào file crawled_files/products_batch_134_999_ids.csv
2025-09-16 21:19:31,813 INFO: Bắt đầu crawl batch 135 (1000 sản phẩm)
2025-09-16 21:19:32,813 WARNING: Lỗi HTTP 404: Không tim thấy product id - product id: 185235526
2025-09-16 21:19:33,116 WARNING: Lỗi HTTP 429 - product id: 185276042, thử lại 1/3
2025-09-16 21:19:33,119 WARNING: Lỗi HTTP 429 - product id: 185276148, thử lại 1/3
2025-09-16 21:19:33,127 WARNING: Lỗi HTTP 429 - product id: 185276095, thử lại 1/3
2025-09-16 21:19:33,431 WARNING: Lỗi HTTP 429 - product id: 185288062, thử lại 1/3
2025-09-16 21:19:33,475 WARNING: Lỗi HTTP 429 - product id: 185310493, thử lại 1/3
2025-09-16 21:19:33,501 WARNING: Lỗi HTTP 429 - product id: 185310535, thử lại 1/3
2025-09-16 21:19:34,416 WARNING: Lỗi HTTP 429 - product id: 185349203, thử lại 1/3
2025-09-16 21:19:34,486 WARNING: Lỗi HTTP 429 - product id: 185349451, thử lại 1/3
2025-09-16 21:19:37,977 WARNING: Lỗi HTTP 429 - product id: 185655540, thử lại 1/3
2025-09-16 21:19:38,043 WARNING: Lỗi HTTP 429 - product id: 185656792, thử lại 1/3
2025-09-16 21:19:38,123 WARNING: Lỗi HTTP 429 - product id: 185673860, thử lại 1/3
2025-09-16 21:19:38,427 WARNING: Lỗi HTTP 429 - product id: 185706677, thử lại 1/3
2025-09-16 21:19:39,286 WARNING: Lỗi HTTP 429 - product id: 185743997, thử lại 1/3
2025-09-16 21:19:39,427 WARNING: Lỗi HTTP 429 - product id: 185751354, thử lại 1/3
2025-09-16 21:19:39,477 WARNING: Lỗi HTTP 429 - product id: 185752484, thử lại 1/3
2025-09-16 21:19:39,569 WARNING: Lỗi HTTP 429 - product id: 185756435, thử lại 1/3
2025-09-16 21:19:39,582 WARNING: Lỗi HTTP 429 - product id: 185756436, thử lại 1/3
2025-09-16 21:19:39,675 WARNING: Lỗi HTTP 429 - product id: 185757476, thử lại 1/3
2025-09-16 21:19:39,794 WARNING: Lỗi HTTP 429 - product id: 185759409, thử lại 1/3
2025-09-16 21:19:40,716 WARNING: Lỗi HTTP 429 - product id: 185838135, thử lại 1/3
2025-09-16 21:19:41,040 WARNING: Lỗi HTTP 429 - product id: 185843672, thử lại 1/3
2025-09-16 21:19:41,045 WARNING: Lỗi HTTP 429 - product id: 185843698, thử lại 1/3
2025-09-16 21:19:41,455 WARNING: Lỗi HTTP 404: Không tim thấy product id - product id: 185851073
2025-09-16 21:19:46,338 WARNING: Lỗi HTTP 429 - product id: 185992531, thử lại 1/3
2025-09-16 21:19:47,079 WARNING: Lỗi HTTP 429 - product id: 186063902, thử lại 1/3
2025-09-16 21:19:47,156 WARNING: Lỗi HTTP 429 - product id: 186064316, thử lại 1/3
2025-09-16 21:19:47,417 WARNING: Lỗi HTTP 429 - product id: 186069360, thử lại 1/3
2025-09-16 21:19:47,418 WARNING: Lỗi HTTP 429 - product id: 186069463, thử lại 1/3
2025-09-16 21:19:47,550 WARNING: Lỗi HTTP 429 - product id: 186071774, thử lại 1/3
2025-09-16 21:19:49,639 INFO: Đã commit batch 135 (1000 sản phẩm)
2025-09-16 21:19:49,669 INFO: Đã ghi 998 sản phẩm vào file crawled_files/products_batch_135_998_ids.csv
2025-09-16 21:19:49,693 INFO: Bắt đầu crawl batch 136 (1000 sản phẩm)
2025-09-16 21:19:51,848 WARNING: Lỗi HTTP 429 - product id: 186204468, thử lại 1/3
2025-09-16 21:19:51,899 WARNING: Lỗi HTTP 429 - product id: 186208167, thử lại 1/3
2025-09-16 21:19:51,948 WARNING: Lỗi HTTP 429 - product id: 186208437, thử lại 1/3
2025-09-16 21:19:52,015 WARNING: Lỗi HTTP 429 - product id: 186208866, thử lại 1/3
2025-09-16 21:19:52,025 WARNING: Lỗi HTTP 429 - product id: 186208946, thử lại 1/3
2025-09-16 21:19:52,084 WARNING: Lỗi HTTP 429 - product id: 186210534, thử lại 1/3
2025-09-16 21:19:52,397 WARNING: Lỗi HTTP 429 - product id: 186214892, thử lại 1/3
2025-09-16 21:19:54,598 WARNING: Lỗi HTTP 429 - product id: 186267943, thử lại 1/3
2025-09-16 21:19:54,820 WARNING: Lỗi HTTP 429 - product id: 186214892, thử lại 2/3
2025-09-16 21:19:54,961 WARNING: Lỗi HTTP 429 - product id: 186268810, thử lại 1/3
2025-09-16 21:19:55,307 WARNING: Lỗi HTTP 429 - product id: 186277470, thử lại 1/3
2025-09-16 21:19:55,608 WARNING: Lỗi HTTP 429 - product id: 186285472, thử lại 1/3
2025-09-16 21:19:58,087 WARNING: Lỗi HTTP 429 - product id: 186389541, thử lại 1/3
2025-09-16 21:20:01,177 WARNING: Lỗi HTTP 404: Không tim thấy product id - product id: 186552167
2025-09-16 21:20:04,088 WARNING: Lỗi HTTP 404: Không tim thấy product id - product id: 186676376
2025-09-16 21:20:05,768 WARNING: Lỗi HTTP 429 - product id: 186814420, thử lại 1/3
2025-09-16 21:20:05,809 WARNING: Lỗi HTTP 429 - product id: 186816159, thử lại 1/3
2025-09-16 21:20:05,856 WARNING: Lỗi HTTP 429 - product id: 186816240, thử lại 1/3
2025-09-16 21:20:07,949 INFO: Đã commit batch 136 (1000 sản phẩm)
2025-09-16 21:20:07,981 INFO: Đã ghi 998 sản phẩm vào file crawled_files/products_batch_136_998_ids.csv
2025-09-16 21:20:08,005 INFO: Bắt đầu crawl batch 137 (1000 sản phẩm)
2025-09-16 21:20:09,724 WARNING: Lỗi HTTP 429 - product id: 186907121, thử lại 1/3
2025-09-16 21:20:09,729 WARNING: Lỗi HTTP 429 - product id: 186907167, thử lại 1/3
2025-09-16 21:20:10,701 WARNING: Lỗi HTTP 404: Không tim thấy product id - product id: 186909064
2025-09-16 21:20:11,619 WARNING: Lỗi HTTP 429 - product id: 187052860, thử lại 1/3
2025-09-16 21:20:11,823 WARNING: Lỗi HTTP 429 - product id: 187057714, thử lại 1/3
2025-09-16 21:20:11,859 WARNING: Lỗi HTTP 429 - product id: 187057817, thử lại 1/3
2025-09-16 21:20:12,060 WARNING: Lỗi HTTP 429 - product id: 186907121, thử lại 2/3
2025-09-16 21:20:14,162 WARNING: Lỗi HTTP 429 - product id: 187354132, thử lại 1/3
2025-09-16 21:20:14,268 WARNING: Lỗi HTTP 429 - product id: 187354186, thử lại 1/3
2025-09-16 21:20:14,408 WARNING: Lỗi HTTP 429 - product id: 187362939, thử lại 1/3
2025-09-16 21:20:14,479 WARNING: Lỗi HTTP 429 - product id: 187364876, thử lại 1/3
2025-09-16 21:20:14,659 WARNING: Lỗi HTTP 429 - product id: 187375288, thử lại 1/3
2025-09-16 21:20:14,680 WARNING: Lỗi HTTP 429 - product id: 187378079, thử lại 1/3
2025-09-16 21:20:14,724 WARNING: Lỗi HTTP 429 - product id: 187381009, thử lại 1/3
2025-09-16 21:20:15,025 WARNING: Lỗi HTTP 429 - product id: 187382993, thử lại 1/3
2025-09-16 21:20:15,034 WARNING: Lỗi HTTP 429 - product id: 187382978, thử lại 1/3
2025-09-16 21:20:15,606 WARNING: Lỗi HTTP 429 - product id: 187488995, thử lại 1/3
2025-09-16 21:20:15,610 WARNING: Lỗi HTTP 429 - product id: 187503927, thử lại 1/3
2025-09-16 21:20:15,911 WARNING: Lỗi HTTP 429 - product id: 187550346, thử lại 1/3
2025-09-16 21:20:15,918 WARNING: Lỗi HTTP 429 - product id: 187515767, thử lại 1/3
2025-09-16 21:20:15,919 WARNING: Lỗi HTTP 429 - product id: 187515848, thử lại 1/3
2025-09-16 21:20:16,356 WARNING: Lỗi HTTP 429 - product id: 187590488, thử lại 1/3
2025-09-16 21:20:16,409 WARNING: Lỗi HTTP 429 - product id: 187590903, thử lại 1/3
2025-09-16 21:20:16,431 WARNING: Lỗi HTTP 429 - product id: 187591021, thử lại 1/3
2025-09-16 21:20:16,477 WARNING: Lỗi HTTP 429 - product id: 187354186, thử lại 2/3
2025-09-16 21:20:16,530 WARNING: Lỗi HTTP 429 - product id: 187591525, thử lại 1/3
2025-09-16 21:20:17,277 WARNING: Lỗi HTTP 404: Không tim thấy product id - product id: 187598558
2025-09-16 21:20:22,560 WARNING: Lỗi HTTP 429 - product id: 187862930, thử lại 1/3
2025-09-16 21:20:22,956 WARNING: Lỗi HTTP 429 - product id: 187863410, thử lại 1/3
2025-09-16 21:20:23,012 WARNING: Lỗi HTTP 429 - product id: 187863613, thử lại 1/3
2025-09-16 21:20:23,112 WARNING: Lỗi HTTP 429 - product id: 187863887, thử lại 1/3
2025-09-16 21:20:23,118 WARNING: Lỗi HTTP 429 - product id: 187863952, thử lại 1/3
2025-09-16 21:20:23,120 WARNING: Lỗi HTTP 429 - product id: 187863980, thử lại 1/3
2025-09-16 21:20:23,227 WARNING: Lỗi HTTP 429 - product id: 187864111, thử lại 1/3
2025-09-16 21:20:23,311 WARNING: Lỗi HTTP 429 - product id: 187864245, thử lại 1/3
2025-09-16 21:20:23,311 WARNING: Lỗi HTTP 429 - product id: 187864303, thử lại 1/3
2025-09-16 21:20:23,386 WARNING: Lỗi HTTP 429 - product id: 187864395, thử lại 1/3
2025-09-16 21:20:23,386 WARNING: Lỗi HTTP 429 - product id: 187864350, thử lại 1/3
2025-09-16 21:20:23,523 WARNING: Lỗi HTTP 429 - product id: 187865104, thử lại 1/3
2025-09-16 21:20:23,559 WARNING: Lỗi HTTP 429 - product id: 187865202, thử lại 1/3
2025-09-16 21:20:23,665 WARNING: Lỗi HTTP 429 - product id: 187865584, thử lại 1/3
2025-09-16 21:20:23,809 WARNING: Lỗi HTTP 429 - product id: 187902471, thử lại 1/3
2025-09-16 21:20:25,923 INFO: Đã commit batch 137 (1000 sản phẩm)
2025-09-16 21:20:25,952 INFO: Đã ghi 998 sản phẩm vào file crawled_files/products_batch_137_998_ids.csv
2025-09-16 21:20:25,976 INFO: Bắt đầu crawl batch 138 (1000 sản phẩm)
2025-09-16 21:20:26,192 WARNING: Lỗi HTTP 404: Không tim thấy product id - product id: 187946670
2025-09-16 21:20:28,460 WARNING: Lỗi HTTP 429 - product id: 188173313, thử lại 1/3
2025-09-16 21:20:28,498 WARNING: Lỗi HTTP 429 - product id: 188175871, thử lại 1/3
2025-09-16 21:20:28,500 WARNING: Lỗi HTTP 429 - product id: 188175886, thử lại 1/3
2025-09-16 21:20:28,564 WARNING: Lỗi HTTP 429 - product id: 188188684, thử lại 1/3
2025-09-16 21:20:28,592 WARNING: Lỗi HTTP 429 - product id: 188189063, thử lại 1/3
2025-09-16 21:20:28,629 WARNING: Lỗi HTTP 429 - product id: 188189589, thử lại 1/3
2025-09-16 21:20:28,659 WARNING: Lỗi HTTP 429 - product id: 188189668, thử lại 1/3
2025-09-16 21:20:28,858 WARNING: Lỗi HTTP 429 - product id: 188189758, thử lại 1/3
2025-09-16 21:20:30,301 WARNING: Lỗi HTTP 429 - product id: 188386716, thử lại 1/3
2025-09-16 21:20:30,501 WARNING: Lỗi HTTP 429 - product id: 188408318, thử lại 1/3
2025-09-16 21:20:30,547 WARNING: Lỗi HTTP 429 - product id: 188409170, thử lại 1/3
2025-09-16 21:20:31,277 WARNING: Lỗi HTTP 429 - product id: 188471619, thử lại 1/3
2025-09-16 21:20:31,342 WARNING: Lỗi HTTP 429 - product id: 188474189, thử lại 1/3
2025-09-16 21:20:31,449 WARNING: Lỗi HTTP 429 - product id: 188486037, thử lại 1/3
2025-09-16 21:20:31,451 WARNING: Lỗi HTTP 429 - product id: 188485275, thử lại 1/3
2025-09-16 21:20:31,990 WARNING: Lỗi HTTP 429 - product id: 188526148, thử lại 1/3
2025-09-16 21:20:32,262 WARNING: Lỗi HTTP 429 - product id: 188544647, thử lại 1/3
2025-09-16 21:20:33,352 WARNING: Lỗi HTTP 429 - product id: 188564243, thử lại 1/3
2025-09-16 21:20:33,499 WARNING: Lỗi HTTP 429 - product id: 188576380, thử lại 1/3
2025-09-16 21:20:33,500 WARNING: Lỗi HTTP 429 - product id: 188576470, thử lại 1/3
2025-09-16 21:20:33,513 WARNING: Lỗi HTTP 429 - product id: 188576519, thử lại 1/3
2025-09-16 21:20:33,605 WARNING: Lỗi HTTP 429 - product id: 188584888, thử lại 1/3
2025-09-16 21:20:33,617 WARNING: Lỗi HTTP 429 - product id: 188584890, thử lại 1/3
2025-09-16 21:20:33,660 WARNING: Lỗi HTTP 429 - product id: 188610191, thử lại 1/3
2025-09-16 21:20:33,689 WARNING: Lỗi HTTP 429 - product id: 188585774, thử lại 1/3
2025-09-16 21:20:33,721 WARNING: Lỗi HTTP 429 - product id: 188585848, thử lại 1/3
2025-09-16 21:20:33,763 WARNING: Lỗi HTTP 429 - product id: 188590178, thử lại 1/3
2025-09-16 21:20:33,807 WARNING: Lỗi HTTP 429 - product id: 188599244, thử lại 1/3
2025-09-16 21:20:33,819 WARNING: Lỗi HTTP 429 - product id: 188605677, thử lại 1/3
2025-09-16 21:20:33,858 WARNING: Lỗi HTTP 429 - product id: 188620674, thử lại 1/3
2025-09-16 21:20:36,799 WARNING: Lỗi HTTP 429 - product id: 188846969, thử lại 1/3
2025-09-16 21:20:37,620 WARNING: Lỗi HTTP 429 - product id: 188914286, thử lại 1/3
2025-09-16 21:20:37,633 WARNING: Lỗi HTTP 429 - product id: 188914289, thử lại 1/3
2025-09-16 21:20:37,754 WARNING: Lỗi HTTP 429 - product id: 188919473, thử lại 1/3
2025-09-16 21:20:37,762 WARNING: Lỗi HTTP 429 - product id: 188919273, thử lại 1/3
2025-09-16 21:20:38,971 WARNING: Lỗi HTTP 429 - product id: 188996158, thử lại 1/3
2025-09-16 21:20:39,077 WARNING: Lỗi HTTP 429 - product id: 188996484, thử lại 1/3
2025-09-16 21:20:39,209 WARNING: Lỗi HTTP 429 - product id: 188997219, thử lại 1/3
2025-09-16 21:20:39,529 WARNING: Lỗi HTTP 429 - product id: 189061566, thử lại 1/3
2025-09-16 21:20:39,592 WARNING: Lỗi HTTP 429 - product id: 189080850, thử lại 1/3
2025-09-16 21:20:39,656 WARNING: Lỗi HTTP 429 - product id: 189099534, thử lại 1/3
2025-09-16 21:20:40,098 WARNING: Lỗi HTTP 429 - product id: 189151902, thử lại 1/3
2025-09-16 21:20:40,171 WARNING: Lỗi HTTP 429 - product id: 189153447, thử lại 1/3
2025-09-16 21:20:40,446 WARNING: Lỗi HTTP 429 - product id: 189162148, thử lại 1/3
2025-09-16 21:20:41,104 WARNING: Lỗi HTTP 429 - product id: 189180270, thử lại 1/3
2025-09-16 21:20:41,126 WARNING: Lỗi HTTP 429 - product id: 189180426, thử lại 1/3
2025-09-16 21:20:41,501 WARNING: Lỗi HTTP 429 - product id: 189192723, thử lại 1/3
2025-09-16 21:20:41,573 WARNING: Lỗi HTTP 429 - product id: 189194137, thử lại 1/3
2025-09-16 21:20:41,582 WARNING: Lỗi HTTP 429 - product id: 189194284, thử lại 1/3
2025-09-16 21:20:41,650 WARNING: Lỗi HTTP 429 - product id: 189200928, thử lại 1/3
2025-09-16 21:20:41,650 WARNING: Lỗi HTTP 429 - product id: 189201235, thử lại 1/3
2025-09-16 21:20:41,663 WARNING: Lỗi HTTP 429 - product id: 189200977, thử lại 1/3
2025-09-16 21:20:41,718 WARNING: Lỗi HTTP 429 - product id: 189201394, thử lại 1/3
2025-09-16 21:20:41,753 WARNING: Lỗi HTTP 429 - product id: 189203548, thử lại 1/3
2025-09-16 21:20:41,770 WARNING: Lỗi HTTP 429 - product id: 189203773, thử lại 1/3
2025-09-16 21:20:43,923 INFO: Đã commit batch 138 (1000 sản phẩm)
2025-09-16 21:20:43,951 INFO: Đã ghi 999 sản phẩm vào file crawled_files/products_batch_138_999_ids.csv
2025-09-16 21:20:43,974 INFO: Bắt đầu crawl batch 139 (1000 sản phẩm)
2025-09-16 21:20:44,121 WARNING: Lỗi HTTP 404: Không tim thấy product id - product id: 189235633
2025-09-16 21:20:45,445 WARNING: Lỗi HTTP 404: Không tim thấy product id - product id: 189420388
2025-09-16 21:20:47,387 WARNING: Lỗi HTTP 429 - product id: 189592065, thử lại 1/3
2025-09-16 21:20:47,475 WARNING: Lỗi HTTP 429 - product id: 189595300, thử lại 1/3
2025-09-16 21:20:49,447 WARNING: Lỗi HTTP 429 - product id: 189657132, thử lại 1/3
2025-09-16 21:20:49,487 WARNING: Lỗi HTTP 429 - product id: 189658336, thử lại 1/3
2025-09-16 21:20:49,538 WARNING: Lỗi HTTP 429 - product id: 189659190, thử lại 1/3
2025-09-16 21:20:49,621 WARNING: Lỗi HTTP 429 - product id: 189671621, thử lại 1/3
2025-09-16 21:20:50,420 WARNING: Lỗi HTTP 429 - product id: 189700990, thử lại 1/3
2025-09-16 21:20:50,433 WARNING: Lỗi HTTP 429 - product id: 189701104, thử lại 1/3
2025-09-16 21:20:50,624 WARNING: Lỗi HTTP 429 - product id: 189760993, thử lại 1/3
2025-09-16 21:20:50,630 WARNING: Lỗi HTTP 429 - product id: 189763261, thử lại 1/3
2025-09-16 21:20:50,687 WARNING: Lỗi HTTP 429 - product id: 189787437, thử lại 1/3
2025-09-16 21:20:51,026 WARNING: Lỗi HTTP 429 - product id: 189896791, thử lại 1/3
2025-09-16 21:20:51,059 WARNING: Lỗi HTTP 429 - product id: 189896837, thử lại 1/3
2025-09-16 21:20:51,140 WARNING: Lỗi HTTP 429 - product id: 189897281, thử lại 1/3
2025-09-16 21:20:51,232 WARNING: Lỗi HTTP 429 - product id: 189924438, thử lại 1/3
2025-09-16 21:20:51,274 WARNING: Lỗi HTTP 429 - product id: 189934984, thử lại 1/3
2025-09-16 21:20:52,625 WARNING: Lỗi HTTP 429 - product id: 189944382, thử lại 1/3
2025-09-16 21:20:52,641 WARNING: Lỗi HTTP 429 - product id: 189944654, thử lại 1/3
2025-09-16 21:20:52,718 WARNING: Lỗi HTTP 429 - product id: 189701104, thử lại 2/3
2025-09-16 21:20:52,791 WARNING: Lỗi HTTP 429 - product id: 189944628, thử lại 1/3
2025-09-16 21:20:57,876 WARNING: Lỗi HTTP 429 - product id: 190320671, thử lại 1/3
2025-09-16 21:20:57,949 WARNING: Lỗi HTTP 429 - product id: 190320701, thử lại 1/3
2025-09-16 21:20:58,038 WARNING: Lỗi HTTP 429 - product id: 190320923, thử lại 1/3
2025-09-16 21:20:58,728 WARNING: Lỗi HTTP 429 - product id: 190371294, thử lại 1/3
2025-09-16 21:20:58,826 WARNING: Lỗi HTTP 429 - product id: 190405564, thử lại 1/3
2025-09-16 21:20:58,986 WARNING: Lỗi HTTP 429 - product id: 190434110, thử lại 1/3
2025-09-16 21:20:59,390 WARNING: Lỗi HTTP 404: Không tim thấy product id - product id: 190367084
2025-09-16 21:20:59,894 WARNING: Lỗi HTTP 429 - product id: 190469587, thử lại 1/3
2025-09-16 21:20:59,973 WARNING: Lỗi HTTP 429 - product id: 190482206, thử lại 1/3
2025-09-16 21:21:02,063 INFO: Đã commit batch 139 (1000 sản phẩm)
2025-09-16 21:21:02,090 INFO: Đã ghi 997 sản phẩm vào file crawled_files/products_batch_139_997_ids.csv
2025-09-16 21:21:02,114 INFO: Bắt đầu crawl batch 140 (1000 sản phẩm)
2025-09-16 21:21:06,651 WARNING: Lỗi HTTP 404: Không tim thấy product id - product id: 190695872
2025-09-16 21:21:06,742 WARNING: Lỗi HTTP 404: Không tim thấy product id - product id: 190702979
2025-09-16 21:21:06,816 WARNING: Lỗi HTTP 404: Không tim thấy product id - product id: 190703156
2025-09-16 21:21:06,890 WARNING: Lỗi HTTP 404: Không tim thấy product id - product id: 190703501
2025-09-16 21:21:07,053 WARNING: Lỗi HTTP 404: Không tim thấy product id - product id: 190702768
2025-09-16 21:21:07,921 WARNING: Lỗi HTTP 429 - product id: 190794605, thử lại 1/3
2025-09-16 21:21:08,083 WARNING: Lỗi HTTP 429 - product id: 190808096, thử lại 1/3
2025-09-16 21:21:08,165 WARNING: Lỗi HTTP 429 - product id: 190808337, thử lại 1/3
2025-09-16 21:21:08,453 WARNING: Lỗi HTTP 429 - product id: 190809291, thử lại 1/3
2025-09-16 21:21:08,914 WARNING: Lỗi HTTP 429 - product id: 190841996, thử lại 1/3
2025-09-16 21:21:08,944 WARNING: Lỗi HTTP 429 - product id: 190842737, thử lại 1/3
2025-09-16 21:21:09,190 WARNING: Lỗi HTTP 404: Không tim thấy product id - product id: 190824033
2025-09-16 21:21:09,263 WARNING: Lỗi HTTP 404: Không tim thấy product id - product id: 190826135
2025-09-16 21:21:11,866 WARNING: Lỗi HTTP 404: Không tim thấy product id - product id: 191123281
2025-09-16 21:21:11,956 WARNING: Lỗi HTTP 429 - product id: 191143298, thử lại 1/3
2025-09-16 21:21:12,232 WARNING: Lỗi HTTP 429 - product id: 191142472, thử lại 1/3
2025-09-16 21:21:12,425 WARNING: Lỗi HTTP 429 - product id: 191144277, thử lại 1/3
2025-09-16 21:21:12,493 WARNING: Lỗi HTTP 429 - product id: 191149987, thử lại 1/3
2025-09-16 21:21:12,495 WARNING: Lỗi HTTP 429 - product id: 191144733, thử lại 1/3
2025-09-16 21:21:12,526 WARNING: Lỗi HTTP 429 - product id: 191144923, thử lại 1/3
2025-09-16 21:21:12,564 WARNING: Lỗi HTTP 429 - product id: 191148702, thử lại 1/3
2025-09-16 21:21:14,621 WARNING: Lỗi HTTP 429 - product id: 191314459, thử lại 1/3
2025-09-16 21:21:14,869 WARNING: Lỗi HTTP 429 - product id: 191320344, thử lại 1/3
2025-09-16 21:21:14,933 WARNING: Lỗi HTTP 429 - product id: 191320876, thử lại 1/3
2025-09-16 21:21:14,964 WARNING: Lỗi HTTP 429 - product id: 191321022, thử lại 1/3
2025-09-16 21:21:14,977 WARNING: Lỗi HTTP 429 - product id: 191328867, thử lại 1/3
2025-09-16 21:21:15,137 WARNING: Lỗi HTTP 429 - product id: 191352352, thử lại 1/3
2025-09-16 21:21:15,169 WARNING: Lỗi HTTP 429 - product id: 191366458, thử lại 1/3
2025-09-16 21:21:15,300 WARNING: Lỗi HTTP 429 - product id: 191332093, thử lại 1/3
2025-09-16 21:21:15,601 WARNING: Lỗi HTTP 429 - product id: 191373440, thử lại 1/3
2025-09-16 21:21:19,360 INFO: Đã commit batch 140 (1000 sản phẩm)
2025-09-16 21:21:19,391 INFO: Đã ghi 992 sản phẩm vào file crawled_files/products_batch_140_992_ids.csv
2025-09-16 21:21:19,416 INFO: Bắt đầu crawl batch 141 (1000 sản phẩm)
2025-09-16 21:21:20,384 WARNING: Lỗi HTTP 429 - product id: 191515153, thử lại 1/3
2025-09-16 21:21:20,419 WARNING: Lỗi HTTP 429 - product id: 191515346, thử lại 1/3
2025-09-16 21:21:20,455 WARNING: Lỗi HTTP 429 - product id: 191516439, thử lại 1/3
2025-09-16 21:21:20,519 WARNING: Lỗi HTTP 429 - product id: 191516688, thử lại 1/3
2025-09-16 21:21:20,519 WARNING: Lỗi HTTP 429 - product id: 191516495, thử lại 1/3
2025-09-16 21:21:20,575 WARNING: Lỗi HTTP 429 - product id: 191516954, thử lại 1/3
2025-09-16 21:21:21,084 WARNING: Lỗi HTTP 429 - product id: 191545252, thử lại 1/3
2025-09-16 21:21:22,185 WARNING: Lỗi HTTP 429 - product id: 191572793, thử lại 1/3
2025-09-16 21:21:22,468 WARNING: Lỗi HTTP 429 - product id: 191576905, thử lại 1/3
2025-09-16 21:21:22,588 WARNING: Lỗi HTTP 429 - product id: 191579971, thử lại 1/3
2025-09-16 21:21:22,768 WARNING: Lỗi HTTP 429 - product id: 191516439, thử lại 2/3
2025-09-16 21:21:22,817 WARNING: Lỗi HTTP 429 - product id: 191584923, thử lại 1/3
2025-09-16 21:21:22,879 WARNING: Lỗi HTTP 429 - product id: 191586562, thử lại 1/3
2025-09-16 21:21:23,324 WARNING: Lỗi HTTP 429 - product id: 191629354, thử lại 1/3
2025-09-16 21:21:23,715 WARNING: Lỗi HTTP 429 - product id: 191638996, thử lại 1/3
2025-09-16 21:21:23,895 WARNING: Lỗi HTTP 429 - product id: 191639275, thử lại 1/3
2025-09-16 21:21:24,047 WARNING: Lỗi HTTP 429 - product id: 191639564, thử lại 1/3
2025-09-16 21:21:29,336 WARNING: Lỗi HTTP 429 - product id: 191659563, thử lại 1/3
2025-09-16 21:21:36,589 INFO: Đã commit batch 141 (1000 sản phẩm)
2025-09-16 21:21:36,611 INFO: Đã ghi 1000 sản phẩm vào file crawled_files/products_batch_141_1000_ids.csv
2025-09-16 21:21:36,634 INFO: Bắt đầu crawl batch 142 (1000 sản phẩm)
2025-09-16 21:21:39,888 WARNING: Lỗi HTTP 429 - product id: 191819083, thử lại 1/3
2025-09-16 21:21:43,345 WARNING: Lỗi HTTP 429 - product id: 191982101, thử lại 1/3
2025-09-16 21:21:43,838 WARNING: Lỗi HTTP 429 - product id: 192013470, thử lại 1/3
2025-09-16 21:21:45,180 WARNING: Lỗi HTTP 429 - product id: 192074308, thử lại 1/3
2025-09-16 21:21:45,236 WARNING: Lỗi HTTP 429 - product id: 192092202, thử lại 1/3
2025-09-16 21:21:45,335 WARNING: Lỗi HTTP 429 - product id: 192105926, thử lại 1/3
2025-09-16 21:21:48,687 WARNING: Lỗi HTTP 429 - product id: 192210061, thử lại 1/3
2025-09-16 21:21:48,688 WARNING: Lỗi HTTP 429 - product id: 192210051, thử lại 1/3
2025-09-16 21:21:48,779 WARNING: Lỗi HTTP 429 - product id: 192210101, thử lại 1/3
2025-09-16 21:21:48,789 WARNING: Lỗi HTTP 429 - product id: 192210116, thử lại 1/3
2025-09-16 21:21:48,794 WARNING: Lỗi HTTP 429 - product id: 192211242, thử lại 1/3
2025-09-16 21:21:48,871 WARNING: Lỗi HTTP 429 - product id: 192217099, thử lại 1/3
2025-09-16 21:21:48,881 WARNING: Lỗi HTTP 429 - product id: 192217543, thử lại 1/3
2025-09-16 21:21:48,913 WARNING: Lỗi HTTP 429 - product id: 192218094, thử lại 1/3
2025-09-16 21:21:48,997 WARNING: Lỗi HTTP 429 - product id: 192219109, thử lại 1/3
2025-09-16 21:21:49,794 WARNING: Lỗi HTTP 429 - product id: 192230143, thử lại 1/3
2025-09-16 21:21:49,857 WARNING: Lỗi HTTP 429 - product id: 192230219, thử lại 1/3
2025-09-16 21:21:49,858 WARNING: Lỗi HTTP 429 - product id: 192230337, thử lại 1/3
2025-09-16 21:21:49,894 WARNING: Lỗi HTTP 429 - product id: 192230455, thử lại 1/3
2025-09-16 21:21:49,922 WARNING: Lỗi HTTP 429 - product id: 192246039, thử lại 1/3
2025-09-16 21:21:49,934 WARNING: Lỗi HTTP 429 - product id: 192245635, thử lại 1/3
2025-09-16 21:21:49,983 WARNING: Lỗi HTTP 429 - product id: 192246073, thử lại 1/3
2025-09-16 21:21:50,095 WARNING: Lỗi HTTP 429 - product id: 192259317, thử lại 1/3
2025-09-16 21:21:50,096 WARNING: Lỗi HTTP 429 - product id: 192259000, thử lại 1/3
2025-09-16 21:21:50,564 WARNING: Lỗi HTTP 404: Không tim thấy product id - product id: 192259825
2025-09-16 21:21:50,595 WARNING: Lỗi HTTP 429 - product id: 192260182, thử lại 1/3
2025-09-16 21:21:50,601 WARNING: Lỗi HTTP 429 - product id: 192260133, thử lại 1/3
2025-09-16 21:21:50,697 WARNING: Lỗi HTTP 429 - product id: 192262059, thử lại 1/3
2025-09-16 21:21:50,910 WARNING: Lỗi HTTP 429 - product id: 192288032, thử lại 1/3
2025-09-16 21:21:50,935 WARNING: Lỗi HTTP 429 - product id: 192211242, thử lại 2/3
2025-09-16 21:21:50,946 WARNING: Lỗi HTTP 429 - product id: 192287405, thử lại 1/3
2025-09-16 21:21:55,041 INFO: Đã commit batch 142 (1000 sản phẩm)
2025-09-16 21:21:55,071 INFO: Đã ghi 999 sản phẩm vào file crawled_files/products_batch_142_999_ids.csv
2025-09-16 21:21:55,095 INFO: Bắt đầu crawl batch 143 (1000 sản phẩm)
2025-09-16 21:21:58,492 WARNING: Lỗi HTTP 429 - product id: 192385624, thử lại 1/3
2025-09-16 21:21:58,498 WARNING: Lỗi HTTP 429 - product id: 192385638, thử lại 1/3
2025-09-16 21:21:58,573 WARNING: Lỗi HTTP 429 - product id: 192385701, thử lại 1/3
2025-09-16 21:22:02,558 WARNING: Lỗi HTTP 429 - product id: 192461122, thử lại 1/3
2025-09-16 21:22:02,561 WARNING: Lỗi HTTP 429 - product id: 192461129, thử lại 1/3
2025-09-16 21:22:02,796 WARNING: Lỗi HTTP 429 - product id: 192462006, thử lại 1/3
2025-09-16 21:22:02,858 WARNING: Lỗi HTTP 429 - product id: 192462496, thử lại 1/3
2025-09-16 21:22:03,243 WARNING: Lỗi HTTP 429 - product id: 192531596, thử lại 1/3
2025-09-16 21:22:03,246 WARNING: Lỗi HTTP 429 - product id: 192530273, thử lại 1/3
2025-09-16 21:22:03,337 WARNING: Lỗi HTTP 429 - product id: 192537602, thử lại 1/3
2025-09-16 21:22:03,355 WARNING: Lỗi HTTP 429 - product id: 192539048, thử lại 1/3
2025-09-16 21:22:03,423 WARNING: Lỗi HTTP 429 - product id: 192542252, thử lại 1/3
2025-09-16 21:22:03,438 WARNING: Lỗi HTTP 429 - product id: 192545401, thử lại 1/3
2025-09-16 21:22:03,451 WARNING: Lỗi HTTP 429 - product id: 192545647, thử lại 1/3
2025-09-16 21:22:03,551 WARNING: Lỗi HTTP 429 - product id: 192547634, thử lại 1/3
2025-09-16 21:22:03,673 WARNING: Lỗi HTTP 429 - product id: 192546962, thử lại 1/3
2025-09-16 21:22:06,011 WARNING: Lỗi HTTP 429 - product id: 192665934, thử lại 1/3
2025-09-16 21:22:06,011 WARNING: Lỗi HTTP 429 - product id: 192666840, thử lại 1/3
2025-09-16 21:22:06,056 WARNING: Lỗi HTTP 429 - product id: 192669626, thử lại 1/3
2025-09-16 21:22:07,100 WARNING: Lỗi HTTP 429 - product id: 192699288, thử lại 1/3
2025-09-16 21:22:07,112 WARNING: Lỗi HTTP 429 - product id: 192699547, thử lại 1/3
2025-09-16 21:22:08,813 WARNING: Lỗi HTTP 429 - product id: 192741453, thử lại 1/3
2025-09-16 21:22:09,182 WARNING: Lỗi HTTP 404: Không tim thấy product id - product id: 192754653
2025-09-16 21:22:09,235 WARNING: Lỗi HTTP 404: Không tim thấy product id - product id: 192757872
2025-09-16 21:22:09,482 WARNING: Lỗi HTTP 404: Không tim thấy product id - product id: 192786153
2025-09-16 21:22:09,482 WARNING: Lỗi HTTP 404: Không tim thấy product id - product id: 192784272
2025-09-16 21:22:09,815 WARNING: Lỗi HTTP 404: Không tim thấy product id - product id: 192761524
2025-09-16 21:22:12,102 INFO: Đã commit batch 143 (1000 sản phẩm)
2025-09-16 21:22:12,131 INFO: Đã ghi 995 sản phẩm vào file crawled_files/products_batch_143_995_ids.csv
2025-09-16 21:22:12,156 INFO: Bắt đầu crawl batch 144 (1000 sản phẩm)
2025-09-16 21:22:14,879 WARNING: Lỗi HTTP 404: Không tim thấy product id - product id: 192970180
2025-09-16 21:22:18,152 WARNING: Lỗi HTTP 429 - product id: 193010980, thử lại 1/3
2025-09-16 21:22:18,313 WARNING: Lỗi HTTP 429 - product id: 193011168, thử lại 1/3
2025-09-16 21:22:18,361 WARNING: Lỗi HTTP 429 - product id: 193011248, thử lại 1/3
2025-09-16 21:22:18,428 WARNING: Lỗi HTTP 429 - product id: 193011361, thử lại 1/3
2025-09-16 21:22:19,471 WARNING: Lỗi HTTP 429 - product id: 193056823, thử lại 1/3
2025-09-16 21:22:19,762 WARNING: Lỗi HTTP 429 - product id: 193080757, thử lại 1/3
2025-09-16 21:22:21,347 WARNING: Lỗi HTTP 429 - product id: 193086124, thử lại 1/3
2025-09-16 21:22:21,347 WARNING: Lỗi HTTP 429 - product id: 193091682, thử lại 1/3
2025-09-16 21:22:21,448 WARNING: Lỗi HTTP 429 - product id: 193086269, thử lại 1/3
2025-09-16 21:22:21,516 WARNING: Lỗi HTTP 429 - product id: 193086404, thử lại 1/3
2025-09-16 21:22:21,537 WARNING: Lỗi HTTP 429 - product id: 193086418, thử lại 1/3
2025-09-16 21:22:22,121 WARNING: Lỗi HTTP 429 - product id: 193092498, thử lại 1/3
2025-09-16 21:22:22,218 WARNING: Lỗi HTTP 429 - product id: 193092301, thử lại 1/3
2025-09-16 21:22:22,231 WARNING: Lỗi HTTP 429 - product id: 193092305, thử lại 1/3
2025-09-16 21:22:24,411 WARNING: Lỗi HTTP 429 - product id: 193124249, thử lại 1/3
2025-09-16 21:22:24,714 WARNING: Lỗi HTTP 429 - product id: 193128534, thử lại 1/3
2025-09-16 21:22:24,715 WARNING: Lỗi HTTP 429 - product id: 193128515, thử lại 1/3
2025-09-16 21:22:25,842 WARNING: Lỗi HTTP 404: Không tim thấy product id - product id: 193155919
2025-09-16 21:22:27,315 WARNING: Lỗi HTTP 429 - product id: 193216888, thử lại 1/3
2025-09-16 21:22:27,369 WARNING: Lỗi HTTP 429 - product id: 193217406, thử lại 1/3
2025-09-16 21:22:27,505 WARNING: Lỗi HTTP 429 - product id: 193232738, thử lại 1/3
2025-09-16 21:22:29,610 INFO: Đã commit batch 144 (1000 sản phẩm)
2025-09-16 21:22:29,639 INFO: Đã ghi 998 sản phẩm vào file crawled_files/products_batch_144_998_ids.csv
2025-09-16 21:22:29,683 INFO: Bắt đầu crawl batch 145 (1000 sản phẩm)
2025-09-16 21:22:32,546 WARNING: Lỗi HTTP 429 - product id: 193421335, thử lại 1/3
2025-09-16 21:22:32,553 WARNING: Lỗi HTTP 429 - product id: 193421427, thử lại 1/3
2025-09-16 21:22:32,592 WARNING: Lỗi HTTP 429 - product id: 193421580, thử lại 1/3
2025-09-16 21:22:32,605 WARNING: Lỗi HTTP 429 - product id: 193421599, thử lại 1/3
2025-09-16 21:22:32,619 WARNING: Lỗi HTTP 429 - product id: 193421745, thử lại 1/3
2025-09-16 21:22:32,743 WARNING: Lỗi HTTP 429 - product id: 193422778, thử lại 1/3
2025-09-16 21:22:33,086 WARNING: Lỗi HTTP 429 - product id: 193424965, thử lại 1/3
2025-09-16 21:22:33,137 WARNING: Lỗi HTTP 429 - product id: 193425177, thử lại 1/3
2025-09-16 21:22:33,142 WARNING: Lỗi HTTP 429 - product id: 193425105, thử lại 1/3
2025-09-16 21:22:33,832 WARNING: Lỗi HTTP 429 - product id: 193428940, thử lại 1/3
2025-09-16 21:22:33,848 WARNING: Lỗi HTTP 429 - product id: 193428976, thử lại 1/3
2025-09-16 21:22:33,985 WARNING: Lỗi HTTP 429 - product id: 193430352, thử lại 1/3
2025-09-16 21:22:33,987 WARNING: Lỗi HTTP 429 - product id: 193430299, thử lại 1/3
2025-09-16 21:22:33,988 WARNING: Lỗi HTTP 429 - product id: 193430704, thử lại 1/3
2025-09-16 21:22:33,998 WARNING: Lỗi HTTP 429 - product id: 193430785, thử lại 1/3
2025-09-16 21:22:37,563 WARNING: Lỗi HTTP 429 - product id: 193563186, thử lại 1/3
2025-09-16 21:22:37,687 WARNING: Lỗi HTTP 429 - product id: 193565215, thử lại 1/3
2025-09-16 21:22:37,989 WARNING: Lỗi HTTP 429 - product id: 193577850, thử lại 1/3
2025-09-16 21:22:38,035 WARNING: Lỗi HTTP 429 - product id: 193578156, thử lại 1/3
2025-09-16 21:22:38,484 WARNING: Lỗi HTTP 429 - product id: 193579907, thử lại 1/3
2025-09-16 21:22:38,537 WARNING: Lỗi HTTP 429 - product id: 193579989, thử lại 1/3
2025-09-16 21:22:39,632 WARNING: Lỗi HTTP 429 - product id: 193605876, thử lại 1/3
2025-09-16 21:22:40,046 WARNING: Lỗi HTTP 429 - product id: 193617716, thử lại 1/3
2025-09-16 21:22:42,518 WARNING: Lỗi HTTP 404: Không tim thấy product id - product id: 193647601
2025-09-16 21:22:45,527 WARNING: Lỗi HTTP 429 - product id: 193763118, thử lại 1/3
2025-09-16 21:22:45,966 WARNING: Lỗi HTTP 404: Không tim thấy product id - product id: 193767656
2025-09-16 21:22:47,650 INFO: Đã commit batch 145 (1000 sản phẩm)
2025-09-16 21:22:47,684 INFO: Đã ghi 998 sản phẩm vào file crawled_files/products_batch_145_998_ids.csv
2025-09-16 21:22:47,707 INFO: Bắt đầu crawl batch 146 (1000 sản phẩm)
2025-09-16 21:22:48,057 WARNING: Lỗi HTTP 429 - product id: 193789939, thử lại 1/3
2025-09-16 21:22:48,073 WARNING: Lỗi HTTP 429 - product id: 193840248, thử lại 1/3
2025-09-16 21:22:48,110 WARNING: Lỗi HTTP 429 - product id: 193856796, thử lại 1/3
2025-09-16 21:22:48,120 WARNING: Lỗi HTTP 429 - product id: 193857156, thử lại 1/3
2025-09-16 21:22:48,209 WARNING: Lỗi HTTP 429 - product id: 193858454, thử lại 1/3
2025-09-16 21:22:48,209 WARNING: Lỗi HTTP 429 - product id: 193858452, thử lại 1/3
2025-09-16 21:22:48,955 WARNING: Lỗi HTTP 429 - product id: 193883344, thử lại 1/3
2025-09-16 21:22:48,980 WARNING: Lỗi HTTP 429 - product id: 193886657, thử lại 1/3
2025-09-16 21:22:49,230 WARNING: Lỗi HTTP 429 - product id: 193889158, thử lại 1/3
2025-09-16 21:22:49,424 WARNING: Lỗi HTTP 429 - product id: 193890245, thử lại 1/3
2025-09-16 21:22:49,762 WARNING: Lỗi HTTP 429 - product id: 193894217, thử lại 1/3
2025-09-16 21:22:49,766 WARNING: Lỗi HTTP 429 - product id: 193894367, thử lại 1/3
2025-09-16 21:22:49,855 WARNING: Lỗi HTTP 429 - product id: 193896361, thử lại 1/3
2025-09-16 21:22:49,862 WARNING: Lỗi HTTP 429 - product id: 193896719, thử lại 1/3
2025-09-16 21:22:51,662 WARNING: Lỗi HTTP 429 - product id: 193999522, thử lại 1/3
2025-09-16 21:22:56,526 WARNING: Lỗi HTTP 429 - product id: 194131872, thử lại 1/3
2025-09-16 21:22:56,969 WARNING: Lỗi HTTP 429 - product id: 194147959, thử lại 1/3
2025-09-16 21:22:57,041 WARNING: Lỗi HTTP 429 - product id: 194155081, thử lại 1/3
2025-09-16 21:22:57,123 WARNING: Lỗi HTTP 429 - product id: 194161355, thử lại 1/3
2025-09-16 21:23:02,969 WARNING: Lỗi HTTP 429 - product id: 194446465, thử lại 1/3
2025-09-16 21:23:03,065 WARNING: Lỗi HTTP 429 - product id: 194446793, thử lại 1/3
2025-09-16 21:23:03,102 WARNING: Lỗi HTTP 429 - product id: 194446906, thử lại 1/3
2025-09-16 21:23:03,775 WARNING: Lỗi HTTP 429 - product id: 194462936, thử lại 1/3
2025-09-16 21:23:05,864 INFO: Đã commit batch 146 (1000 sản phẩm)
2025-09-16 21:23:05,894 INFO: Đã ghi 1000 sản phẩm vào file crawled_files/products_batch_146_1000_ids.csv
2025-09-16 21:23:05,917 INFO: Bắt đầu crawl batch 147 (1000 sản phẩm)
2025-09-16 21:23:08,136 WARNING: Lỗi HTTP 429 - product id: 194796111, thử lại 1/3
2025-09-16 21:23:08,269 WARNING: Lỗi HTTP 429 - product id: 194808722, thử lại 1/3
2025-09-16 21:23:08,287 WARNING: Lỗi HTTP 429 - product id: 194808764, thử lại 1/3
2025-09-16 21:23:08,358 WARNING: Lỗi HTTP 429 - product id: 194809324, thử lại 1/3
2025-09-16 21:23:08,388 WARNING: Lỗi HTTP 429 - product id: 194809382, thử lại 1/3
2025-09-16 21:23:08,422 WARNING: Lỗi HTTP 429 - product id: 194809416, thử lại 1/3
2025-09-16 21:23:08,446 WARNING: Lỗi HTTP 429 - product id: 194810083, thử lại 1/3
2025-09-16 21:23:08,518 WARNING: Lỗi HTTP 429 - product id: 194810219, thử lại 1/3
2025-09-16 21:23:08,519 WARNING: Lỗi HTTP 429 - product id: 194809771, thử lại 1/3
2025-09-16 21:23:08,633 WARNING: Lỗi HTTP 429 - product id: 194810030, thử lại 1/3
2025-09-16 21:23:08,879 WARNING: Lỗi HTTP 429 - product id: 194810797, thử lại 1/3
2025-09-16 21:23:09,272 WARNING: Lỗi HTTP 429 - product id: 194818607, thử lại 1/3
2025-09-16 21:23:10,889 WARNING: Lỗi HTTP 429 - product id: 194809771, thử lại 2/3
2025-09-16 21:23:11,342 WARNING: Lỗi HTTP 429 - product id: 194954187, thử lại 1/3
2025-09-16 21:23:11,993 WARNING: Lỗi HTTP 429 - product id: 194957690, thử lại 1/3
2025-09-16 21:23:12,964 WARNING: Lỗi HTTP 429 - product id: 195027334, thử lại 1/3
2025-09-16 21:23:13,028 WARNING: Lỗi HTTP 429 - product id: 195091125, thử lại 1/3
2025-09-16 21:23:13,104 WARNING: Lỗi HTTP 429 - product id: 195091274, thử lại 1/3
2025-09-16 21:23:13,133 WARNING: Lỗi HTTP 429 - product id: 195109118, thử lại 1/3
2025-09-16 21:23:16,836 WARNING: Lỗi HTTP 404: Không tim thấy product id - product id: 195238171
2025-09-16 21:23:22,977 INFO: Đã commit batch 147 (1000 sản phẩm)
2025-09-16 21:23:23,008 INFO: Đã ghi 999 sản phẩm vào file crawled_files/products_batch_147_999_ids.csv
2025-09-16 21:23:23,034 INFO: Bắt đầu crawl batch 148 (1000 sản phẩm)
2025-09-16 21:23:28,803 WARNING: Lỗi HTTP 404: Không tim thấy product id - product id: 195548070
2025-09-16 21:23:30,940 WARNING: Lỗi HTTP 429 - product id: 195739809, thử lại 1/3
2025-09-16 21:23:30,959 WARNING: Lỗi HTTP 429 - product id: 195739850, thử lại 1/3
2025-09-16 21:23:30,996 WARNING: Lỗi HTTP 429 - product id: 195744320, thử lại 1/3
2025-09-16 21:23:31,054 WARNING: Lỗi HTTP 429 - product id: 195745879, thử lại 1/3
2025-09-16 21:23:31,340 WARNING: Lỗi HTTP 429 - product id: 195759915, thử lại 1/3
2025-09-16 21:23:31,360 WARNING: Lỗi HTTP 404: Không tim thấy product id - product id: 195745514
2025-09-16 21:23:31,443 WARNING: Lỗi HTTP 429 - product id: 195767340, thử lại 1/3
2025-09-16 21:23:31,495 WARNING: Lỗi HTTP 429 - product id: 195767524, thử lại 1/3
2025-09-16 21:23:31,551 WARNING: Lỗi HTTP 429 - product id: 195769427, thử lại 1/3
2025-09-16 21:23:31,739 WARNING: Lỗi HTTP 429 - product id: 195772702, thử lại 1/3
2025-09-16 21:23:31,749 WARNING: Lỗi HTTP 429 - product id: 195772814, thử lại 1/3
2025-09-16 21:23:32,292 WARNING: Lỗi HTTP 429 - product id: 195798007, thử lại 1/3
2025-09-16 21:23:32,941 WARNING: Lỗi HTTP 429 - product id: 195813274, thử lại 1/3
2025-09-16 21:23:32,986 WARNING: Lỗi HTTP 429 - product id: 195814306, thử lại 1/3
2025-09-16 21:23:33,384 WARNING: Lỗi HTTP 429 - product id: 195844979, thử lại 1/3
2025-09-16 21:23:33,480 WARNING: Lỗi HTTP 429 - product id: 195849607, thử lại 1/3
2025-09-16 21:23:33,481 WARNING: Lỗi HTTP 429 - product id: 195851164, thử lại 1/3
2025-09-16 21:23:33,484 WARNING: Lỗi HTTP 429 - product id: 195851246, thử lại 1/3
2025-09-16 21:23:33,548 WARNING: Lỗi HTTP 429 - product id: 195759915, thử lại 2/3
2025-09-16 21:23:33,565 WARNING: Lỗi HTTP 429 - product id: 195853945, thử lại 1/3
2025-09-16 21:23:36,179 WARNING: Lỗi HTTP 429 - product id: 195891070, thử lại 1/3
2025-09-16 21:23:36,548 WARNING: Lỗi HTTP 429 - product id: 195897238, thử lại 1/3
2025-09-16 21:23:37,797 WARNING: Lỗi HTTP 429 - product id: 195946585, thử lại 1/3
2025-09-16 21:23:37,855 WARNING: Lỗi HTTP 404: Không tim thấy product id - product id: 195940874
2025-09-16 21:23:38,042 WARNING: Lỗi HTTP 429 - product id: 195951206, thử lại 1/3
2025-09-16 21:23:38,234 WARNING: Lỗi HTTP 429 - product id: 195960182, thử lại 1/3
2025-09-16 21:23:38,304 WARNING: Lỗi HTTP 429 - product id: 195961094, thử lại 1/3
2025-09-16 21:23:38,587 WARNING: Lỗi HTTP 429 - product id: 195968626, thử lại 1/3
2025-09-16 21:23:40,678 INFO: Đã commit batch 148 (1000 sản phẩm)
2025-09-16 21:23:40,711 INFO: Đã ghi 997 sản phẩm vào file crawled_files/products_batch_148_997_ids.csv
2025-09-16 21:23:40,735 INFO: Bắt đầu crawl batch 149 (1000 sản phẩm)
2025-09-16 21:23:42,855 WARNING: Lỗi HTTP 429 - product id: 196047374, thử lại 1/3
2025-09-16 21:23:42,931 WARNING: Lỗi HTTP 429 - product id: 196048056, thử lại 1/3
2025-09-16 21:23:42,943 WARNING: Lỗi HTTP 429 - product id: 196048258, thử lại 1/3
2025-09-16 21:23:42,944 WARNING: Lỗi HTTP 429 - product id: 196048212, thử lại 1/3
2025-09-16 21:23:42,956 WARNING: Lỗi HTTP 429 - product id: 196048475, thử lại 1/3
2025-09-16 21:23:43,041 WARNING: Lỗi HTTP 429 - product id: 196049826, thử lại 1/3
2025-09-16 21:23:43,049 WARNING: Lỗi HTTP 429 - product id: 196049859, thử lại 1/3
2025-09-16 21:23:43,761 WARNING: Lỗi HTTP 429 - product id: 196059925, thử lại 1/3
2025-09-16 21:23:43,796 WARNING: Lỗi HTTP 429 - product id: 196068283, thử lại 1/3
2025-09-16 21:23:46,876 WARNING: Lỗi HTTP 404: Không tim thấy product id - product id: 196175015
2025-09-16 21:23:48,892 WARNING: Lỗi HTTP 429 - product id: 196272268, thử lại 1/3
2025-09-16 21:23:54,847 WARNING: Lỗi HTTP 429 - product id: 196373970, thử lại 1/3
2025-09-16 21:23:56,960 WARNING: Lỗi HTTP 404: Không tim thấy product id - product id: 196469884
2025-09-16 21:23:57,742 INFO: Đã commit batch 149 (1000 sản phẩm)
2025-09-16 21:23:57,775 INFO: Đã ghi 998 sản phẩm vào file crawled_files/products_batch_149_998_ids.csv
2025-09-16 21:23:57,799 INFO: Bắt đầu crawl batch 150 (1000 sản phẩm)
2025-09-16 21:24:00,498 WARNING: Lỗi HTTP 429 - product id: 196758118, thử lại 1/3
2025-09-16 21:24:03,524 WARNING: Lỗi HTTP 404: Không tim thấy product id - product id: 196800922
2025-09-16 21:24:07,095 WARNING: Lỗi HTTP 429 - product id: 196899522, thử lại 1/3
2025-09-16 21:24:07,261 WARNING: Lỗi HTTP 429 - product id: 196904729, thử lại 1/3
2025-09-16 21:24:07,442 WARNING: Lỗi HTTP 429 - product id: 196905122, thử lại 1/3
2025-09-16 21:24:07,497 WARNING: Lỗi HTTP 429 - product id: 196905185, thử lại 1/3
2025-09-16 21:24:07,623 WARNING: Lỗi HTTP 429 - product id: 196905370, thử lại 1/3
2025-09-16 21:24:07,637 WARNING: Lỗi HTTP 429 - product id: 196905465, thử lại 1/3
2025-09-16 21:24:07,704 WARNING: Lỗi HTTP 429 - product id: 196905715, thử lại 1/3
2025-09-16 21:24:07,729 WARNING: Lỗi HTTP 429 - product id: 196906090, thử lại 1/3
2025-09-16 21:24:07,742 WARNING: Lỗi HTTP 429 - product id: 196906538, thử lại 1/3
2025-09-16 21:24:07,742 WARNING: Lỗi HTTP 429 - product id: 196906557, thử lại 1/3
2025-09-16 21:24:11,327 WARNING: Lỗi HTTP 429 - product id: 197134226, thử lại 1/3
2025-09-16 21:24:12,001 WARNING: Lỗi HTTP 429 - product id: 197164269, thử lại 1/3
2025-09-16 21:24:13,053 WARNING: Lỗi HTTP 429 - product id: 197171229, thử lại 1/3
2025-09-16 21:24:13,240 WARNING: Lỗi HTTP 429 - product id: 197172023, thử lại 1/3
2025-09-16 21:24:13,367 WARNING: Lỗi HTTP 429 - product id: 197172071, thử lại 1/3
2025-09-16 21:24:13,376 WARNING: Lỗi HTTP 429 - product id: 197172433, thử lại 1/3
2025-09-16 21:24:13,391 WARNING: Lỗi HTTP 429 - product id: 197172493, thử lại 1/3
2025-09-16 21:24:13,896 WARNING: Lỗi HTTP 429 - product id: 197192620, thử lại 1/3
2025-09-16 21:24:15,982 INFO: Đã commit batch 150 (1000 sản phẩm)
2025-09-16 21:24:16,011 INFO: Đã ghi 999 sản phẩm vào file crawled_files/products_batch_150_999_ids.csv
2025-09-16 21:24:16,037 INFO: Bắt đầu crawl batch 151 (1000 sản phẩm)
2025-09-16 21:24:18,067 WARNING: Lỗi HTTP 404: Không tim thấy product id - product id: 197329296
2025-09-16 21:24:18,463 WARNING: Lỗi HTTP 404: Không tim thấy product id - product id: 197366896
2025-09-16 21:24:19,314 WARNING: Lỗi HTTP 404: Không tim thấy product id - product id: 197379419
2025-09-16 21:24:21,434 WARNING: Lỗi HTTP 429 - product id: 197518450, thử lại 1/3
2025-09-16 21:24:21,495 WARNING: Lỗi HTTP 429 - product id: 197525760, thử lại 1/3
2025-09-16 21:24:21,497 WARNING: Lỗi HTTP 429 - product id: 197528120, thử lại 1/3
2025-09-16 21:24:21,629 WARNING: Lỗi HTTP 429 - product id: 197529787, thử lại 1/3
2025-09-16 21:24:21,841 WARNING: Lỗi HTTP 429 - product id: 197535632, thử lại 1/3
2025-09-16 21:24:22,098 WARNING: Lỗi HTTP 429 - product id: 197541624, thử lại 1/3
2025-09-16 21:24:22,554 WARNING: Lỗi HTTP 429 - product id: 197551400, thử lại 1/3
2025-09-16 21:24:22,840 WARNING: Lỗi HTTP 429 - product id: 197560488, thử lại 1/3
2025-09-16 21:24:23,195 WARNING: Lỗi HTTP 429 - product id: 197581042, thử lại 1/3
2025-09-16 21:24:23,317 WARNING: Lỗi HTTP 429 - product id: 197588037, thử lại 1/3
2025-09-16 21:24:23,675 WARNING: Lỗi HTTP 429 - product id: 197596440, thử lại 1/3
2025-09-16 21:24:25,601 WARNING: Lỗi HTTP 429 - product id: 197628258, thử lại 1/3
2025-09-16 21:24:30,642 WARNING: Lỗi HTTP 404: Không tim thấy product id - product id: 197729017
2025-09-16 21:24:31,102 WARNING: Lỗi HTTP 404: Không tim thấy product id - product id: 197730935
2025-09-16 21:24:35,897 INFO: Đã commit batch 151 (1000 sản phẩm)
2025-09-16 21:24:35,929 INFO: Đã ghi 995 sản phẩm vào file crawled_files/products_batch_151_995_ids.csv
2025-09-16 21:24:35,954 INFO: Bắt đầu crawl batch 152 (1000 sản phẩm)
2025-09-16 21:24:37,018 WARNING: Lỗi HTTP 429 - product id: 197856162, thử lại 1/3
2025-09-16 21:24:37,048 WARNING: Lỗi HTTP 429 - product id: 197856347, thử lại 1/3
2025-09-16 21:24:37,143 WARNING: Lỗi HTTP 429 - product id: 197856950, thử lại 1/3
2025-09-16 21:24:37,186 WARNING: Lỗi HTTP 429 - product id: 197857823, thử lại 1/3
2025-09-16 21:24:37,260 WARNING: Lỗi HTTP 429 - product id: 197859030, thử lại 1/3
2025-09-16 21:24:37,281 WARNING: Lỗi HTTP 404: Không tim thấy product id - product id: 197856522
2025-09-16 21:24:37,298 WARNING: Lỗi HTTP 429 - product id: 197861819, thử lại 1/3
2025-09-16 21:24:37,331 WARNING: Lỗi HTTP 429 - product id: 197863184, thử lại 1/3
2025-09-16 21:24:37,372 WARNING: Lỗi HTTP 429 - product id: 197864247, thử lại 1/3
2025-09-16 21:24:37,424 WARNING: Lỗi HTTP 404: Không tim thấy product id - product id: 197856197
2025-09-16 21:24:37,931 WARNING: Lỗi HTTP 429 - product id: 197891782, thử lại 1/3
2025-09-16 21:24:41,602 WARNING: Lỗi HTTP 429 - product id: 198025168, thử lại 1/3
2025-09-16 21:24:41,967 WARNING: Lỗi HTTP 429 - product id: 198026284, thử lại 1/3
2025-09-16 21:24:41,985 WARNING: Lỗi HTTP 429 - product id: 198026341, thử lại 1/3
2025-09-16 21:24:42,330 WARNING: Lỗi HTTP 429 - product id: 198027455, thử lại 1/3
2025-09-16 21:24:42,333 WARNING: Lỗi HTTP 429 - product id: 198027281, thử lại 1/3
2025-09-16 21:24:42,391 WARNING: Lỗi HTTP 429 - product id: 198027706, thử lại 1/3
2025-09-16 21:24:42,434 WARNING: Lỗi HTTP 429 - product id: 198029425, thử lại 1/3
2025-09-16 21:24:42,438 WARNING: Lỗi HTTP 429 - product id: 198029585, thử lại 1/3
2025-09-16 21:24:42,485 WARNING: Lỗi HTTP 429 - product id: 198031144, thử lại 1/3
2025-09-16 21:24:42,767 WARNING: Lỗi HTTP 429 - product id: 198043981, thử lại 1/3
2025-09-16 21:24:43,022 WARNING: Lỗi HTTP 429 - product id: 198072591, thử lại 1/3
2025-09-16 21:24:43,253 WARNING: Lỗi HTTP 429 - product id: 198076494, thử lại 1/3
2025-09-16 21:24:43,260 WARNING: Lỗi HTTP 404: Không tim thấy product id - product id: 198074821
2025-09-16 21:24:43,284 WARNING: Lỗi HTTP 429 - product id: 198076812, thử lại 1/3
2025-09-16 21:24:43,349 WARNING: Lỗi HTTP 429 - product id: 198077499, thử lại 1/3
2025-09-16 21:24:43,601 WARNING: Lỗi HTTP 404: Không tim thấy product id - product id: 198079078
2025-09-16 21:24:49,442 WARNING: Lỗi HTTP 404: Không tim thấy product id - product id: 198289547
2025-09-16 21:24:50,171 WARNING: Lỗi HTTP 429 - product id: 198326925, thử lại 1/3
2025-09-16 21:24:50,172 WARNING: Lỗi HTTP 429 - product id: 198326939, thử lại 1/3
2025-09-16 21:24:50,214 WARNING: Lỗi HTTP 429 - product id: 198326960, thử lại 1/3
2025-09-16 21:24:50,236 WARNING: Lỗi HTTP 429 - product id: 198327070, thử lại 1/3
2025-09-16 21:24:50,241 WARNING: Lỗi HTTP 429 - product id: 198327079, thử lại 1/3
2025-09-16 21:24:50,265 WARNING: Lỗi HTTP 429 - product id: 198327154, thử lại 1/3
2025-09-16 21:24:50,280 WARNING: Lỗi HTTP 429 - product id: 198327271, thử lại 1/3
2025-09-16 21:24:50,344 WARNING: Lỗi HTTP 429 - product id: 198327329, thử lại 1/3
2025-09-16 21:24:50,352 WARNING: Lỗi HTTP 429 - product id: 198327351, thử lại 1/3
2025-09-16 21:24:50,380 WARNING: Lỗi HTTP 429 - product id: 198327587, thử lại 1/3
2025-09-16 21:24:50,439 WARNING: Lỗi HTTP 429 - product id: 198334206, thử lại 1/3
2025-09-16 21:24:50,472 WARNING: Lỗi HTTP 429 - product id: 198334758, thử lại 1/3
2025-09-16 21:24:50,484 WARNING: Lỗi HTTP 429 - product id: 198334840, thử lại 1/3
2025-09-16 21:24:50,905 WARNING: Lỗi HTTP 429 - product id: 198340606, thử lại 1/3
2025-09-16 21:24:50,917 WARNING: Lỗi HTTP 429 - product id: 198340610, thử lại 1/3
2025-09-16 21:24:51,338 WARNING: Lỗi HTTP 429 - product id: 198351154, thử lại 1/3
2025-09-16 21:24:51,339 WARNING: Lỗi HTTP 429 - product id: 198351000, thử lại 1/3
2025-09-16 21:24:52,431 WARNING: Lỗi HTTP 429 - product id: 198383090, thử lại 1/3
2025-09-16 21:24:52,508 WARNING: Lỗi HTTP 404: Không tim thấy product id - product id: 198364422
2025-09-16 21:24:52,548 WARNING: Lỗi HTTP 429 - product id: 198396382, thử lại 1/3
2025-09-16 21:24:54,648 INFO: Đã commit batch 152 (1000 sản phẩm)
2025-09-16 21:24:54,681 INFO: Đã ghi 994 sản phẩm vào file crawled_files/products_batch_152_994_ids.csv
2025-09-16 21:24:54,705 INFO: Bắt đầu crawl batch 153 (1000 sản phẩm)
2025-09-16 21:24:55,994 WARNING: Lỗi HTTP 404: Không tim thấy product id - product id: 198414835
2025-09-16 21:24:56,854 WARNING: Lỗi HTTP 429 - product id: 198463724, thử lại 1/3
2025-09-16 21:24:57,250 WARNING: Lỗi HTTP 404: Không tim thấy product id - product id: 198465853
2025-09-16 21:25:01,359 WARNING: Lỗi HTTP 429 - product id: 198587692, thử lại 1/3
2025-09-16 21:25:05,688 WARNING: Lỗi HTTP 429 - product id: 198793938, thử lại 1/3
2025-09-16 21:25:05,759 WARNING: Lỗi HTTP 429 - product id: 198799246, thử lại 1/3
2025-09-16 21:25:06,008 WARNING: Lỗi HTTP 429 - product id: 198815230, thử lại 1/3
2025-09-16 21:25:06,022 WARNING: Lỗi HTTP 429 - product id: 198817174, thử lại 1/3
2025-09-16 21:25:06,108 WARNING: Lỗi HTTP 429 - product id: 198822257, thử lại 1/3
2025-09-16 21:25:06,134 WARNING: Lỗi HTTP 429 - product id: 198821363, thử lại 1/3
2025-09-16 21:25:06,752 WARNING: Lỗi HTTP 404: Không tim thấy product id - product id: 198817566
2025-09-16 21:25:08,000 WARNING: Lỗi HTTP 429 - product id: 198915675, thử lại 1/3
2025-09-16 21:25:08,242 WARNING: Lỗi HTTP 429 - product id: 198922329, thử lại 1/3
2025-09-16 21:25:08,262 WARNING: Lỗi HTTP 429 - product id: 198932086, thử lại 1/3
2025-09-16 21:25:08,271 WARNING: Lỗi HTTP 429 - product id: 198922698, thử lại 1/3
2025-09-16 21:25:08,319 WARNING: Lỗi HTTP 429 - product id: 198926572, thử lại 1/3
2025-09-16 21:25:08,502 WARNING: Lỗi HTTP 429 - product id: 198930099, thử lại 1/3
2025-09-16 21:25:11,974 INFO: Đã commit batch 153 (1000 sản phẩm)
2025-09-16 21:25:12,006 INFO: Đã ghi 997 sản phẩm vào file crawled_files/products_batch_153_997_ids.csv
2025-09-16 21:25:12,030 INFO: Bắt đầu crawl batch 154 (1000 sản phẩm)
2025-09-16 21:25:16,010 WARNING: Lỗi HTTP 404: Không tim thấy product id - product id: 199108529
2025-09-16 21:25:16,099 WARNING: Lỗi HTTP 429 - product id: 199123456, thử lại 1/3
2025-09-16 21:25:17,016 WARNING: Lỗi HTTP 404: Không tim thấy product id - product id: 199144320
2025-09-16 21:25:17,619 WARNING: Lỗi HTTP 404: Không tim thấy product id - product id: 199144679
2025-09-16 21:25:17,938 WARNING: Lỗi HTTP 429 - product id: 199198329, thử lại 1/3
2025-09-16 21:25:17,942 WARNING: Lỗi HTTP 429 - product id: 199198384, thử lại 1/3
2025-09-16 21:25:18,290 WARNING: Lỗi HTTP 429 - product id: 199222259, thử lại 1/3
2025-09-16 21:25:19,050 WARNING: Lỗi HTTP 429 - product id: 199244199, thử lại 1/3
2025-09-16 21:25:19,744 WARNING: Lỗi HTTP 429 - product id: 199268991, thử lại 1/3
2025-09-16 21:25:19,980 WARNING: Lỗi HTTP 429 - product id: 199494382, thử lại 1/3
2025-09-16 21:25:22,077 WARNING: Lỗi HTTP 429 - product id: 199568405, thử lại 1/3
2025-09-16 21:25:22,085 WARNING: Lỗi HTTP 429 - product id: 199268991, thử lại 2/3
2025-09-16 21:25:22,174 WARNING: Lỗi HTTP 429 - product id: 199569181, thử lại 1/3
2025-09-16 21:25:22,177 WARNING: Lỗi HTTP 429 - product id: 199568970, thử lại 1/3
2025-09-16 21:25:22,178 WARNING: Lỗi HTTP 429 - product id: 199568904, thử lại 1/3
2025-09-16 21:25:23,440 WARNING: Lỗi HTTP 429 - product id: 199619335, thử lại 1/3
2025-09-16 21:25:23,451 WARNING: Lỗi HTTP 429 - product id: 199619308, thử lại 1/3
2025-09-16 21:25:23,492 WARNING: Lỗi HTTP 429 - product id: 199619358, thử lại 1/3
2025-09-16 21:25:23,679 WARNING: Lỗi HTTP 429 - product id: 199628759, thử lại 1/3
2025-09-16 21:25:23,758 WARNING: Lỗi HTTP 429 - product id: 199628825, thử lại 1/3
2025-09-16 21:25:23,977 WARNING: Lỗi HTTP 404: Không tim thấy product id - product id: 199607003
2025-09-16 21:25:25,807 WARNING: Lỗi HTTP 404: Không tim thấy product id - product id: 199638230
2025-09-16 21:25:28,851 WARNING: Lỗi HTTP 404: Không tim thấy product id - product id: 199684298
2025-09-16 21:25:28,908 WARNING: Lỗi HTTP 404: Không tim thấy product id - product id: 199684319
2025-09-16 21:25:29,216 INFO: Đã commit batch 154 (1000 sản phẩm)
2025-09-16 21:25:29,248 INFO: Đã ghi 993 sản phẩm vào file crawled_files/products_batch_154_993_ids.csv
2025-09-16 21:25:29,272 INFO: Bắt đầu crawl batch 155 (1000 sản phẩm)
2025-09-16 21:25:31,268 WARNING: Lỗi HTTP 429 - product id: 199899029, thử lại 1/3
2025-09-16 21:25:31,323 WARNING: Lỗi HTTP 429 - product id: 199899635, thử lại 1/3
2025-09-16 21:25:31,332 WARNING: Lỗi HTTP 429 - product id: 199899513, thử lại 1/3
2025-09-16 21:25:31,473 WARNING: Lỗi HTTP 429 - product id: 199900497, thử lại 1/3
2025-09-16 21:25:31,576 WARNING: Lỗi HTTP 429 - product id: 199902261, thử lại 1/3
2025-09-16 21:25:31,587 WARNING: Lỗi HTTP 429 - product id: 199903943, thử lại 1/3
2025-09-16 21:25:31,660 WARNING: Lỗi HTTP 429 - product id: 199904134, thử lại 1/3
2025-09-16 21:25:31,711 WARNING: Lỗi HTTP 429 - product id: 199910127, thử lại 1/3
2025-09-16 21:25:32,126 WARNING: Lỗi HTTP 429 - product id: 199934479, thử lại 1/3
2025-09-16 21:25:33,174 WARNING: Lỗi HTTP 429 - product id: 199965240, thử lại 1/3
2025-09-16 21:25:33,221 WARNING: Lỗi HTTP 429 - product id: 199965514, thử lại 1/3
2025-09-16 21:25:33,327 WARNING: Lỗi HTTP 429 - product id: 199974236, thử lại 1/3
2025-09-16 21:25:33,338 WARNING: Lỗi HTTP 429 - product id: 199975399, thử lại 1/3
2025-09-16 21:25:33,684 WARNING: Lỗi HTTP 429 - product id: 199993833, thử lại 1/3
2025-09-16 21:25:33,775 WARNING: Lỗi HTTP 429 - product id: 199994477, thử lại 1/3
2025-09-16 21:25:33,816 WARNING: Lỗi HTTP 429 - product id: 199902261, thử lại 2/3
2025-09-16 21:25:33,859 WARNING: Lỗi HTTP 429 - product id: 199903943, thử lại 2/3
2025-09-16 21:25:34,190 WARNING: Lỗi HTTP 429 - product id: 200001800, thử lại 1/3
2025-09-16 21:25:34,775 WARNING: Lỗi HTTP 429 - product id: 200005681, thử lại 1/3
2025-09-16 21:25:35,278 WARNING: Lỗi HTTP 429 - product id: 200039571, thử lại 1/3
2025-09-16 21:25:35,399 WARNING: Lỗi HTTP 429 - product id: 200520334, thử lại 1/3
2025-09-16 21:25:35,484 WARNING: Lỗi HTTP 429 - product id: 200521073, thử lại 1/3
2025-09-16 21:25:35,601 WARNING: Lỗi HTTP 404: Không tim thấy product id - product id: 200551129
2025-09-16 21:25:35,829 WARNING: Lỗi HTTP 404: Không tim thấy product id - product id: 200546939
2025-09-16 21:25:36,252 WARNING: Lỗi HTTP 404: Không tim thấy product id - product id: 200539150
2025-09-16 21:25:36,290 WARNING: Lỗi HTTP 404: Không tim thấy product id - product id: 200550020
2025-09-16 21:25:36,472 WARNING: Lỗi HTTP 429 - product id: 200623667, thử lại 1/3
2025-09-16 21:25:36,562 WARNING: Lỗi HTTP 404: Không tim thấy product id - product id: 200528988
2025-09-16 21:25:36,619 WARNING: Lỗi HTTP 404: Không tim thấy product id - product id: 200548604
2025-09-16 21:25:40,258 WARNING: Lỗi HTTP 429 - product id: 200761490, thử lại 1/3
2025-09-16 21:25:40,392 WARNING: Lỗi HTTP 429 - product id: 200762481, thử lại 1/3
2025-09-16 21:25:40,397 WARNING: Lỗi HTTP 429 - product id: 200762478, thử lại 1/3
2025-09-16 21:25:40,732 WARNING: Lỗi HTTP 429 - product id: 200767354, thử lại 1/3
2025-09-16 21:25:40,778 WARNING: Lỗi HTTP 429 - product id: 200767400, thử lại 1/3
2025-09-16 21:25:41,465 WARNING: Lỗi HTTP 429 - product id: 200788065, thử lại 1/3
2025-09-16 21:25:41,679 WARNING: Lỗi HTTP 429 - product id: 200791932, thử lại 1/3
2025-09-16 21:25:41,731 WARNING: Lỗi HTTP 429 - product id: 200793328, thử lại 1/3
2025-09-16 21:25:41,828 WARNING: Lỗi HTTP 429 - product id: 200794321, thử lại 1/3
2025-09-16 21:25:41,875 WARNING: Lỗi HTTP 429 - product id: 200795439, thử lại 1/3
2025-09-16 21:25:41,944 WARNING: Lỗi HTTP 404: Không tim thấy product id - product id: 200795801
2025-09-16 21:25:42,005 WARNING: Lỗi HTTP 404: Không tim thấy product id - product id: 200797882
2025-09-16 21:25:42,049 WARNING: Lỗi HTTP 404: Không tim thấy product id - product id: 200797942
2025-09-16 21:25:42,093 WARNING: Lỗi HTTP 404: Không tim thấy product id - product id: 200798618
2025-09-16 21:25:42,168 WARNING: Lỗi HTTP 429 - product id: 200803869, thử lại 1/3
2025-09-16 21:25:42,543 WARNING: Lỗi HTTP 404: Không tim thấy product id - product id: 200798638
2025-09-16 21:25:42,593 WARNING: Lỗi HTTP 404: Không tim thấy product id - product id: 200799084
2025-09-16 21:25:42,693 WARNING: Lỗi HTTP 404: Không tim thấy product id - product id: 200799123
2025-09-16 21:25:42,760 WARNING: Lỗi HTTP 404: Không tim thấy product id - product id: 200799409
2025-09-16 21:25:42,815 WARNING: Lỗi HTTP 404: Không tim thấy product id - product id: 200800067
2025-09-16 21:25:42,864 WARNING: Lỗi HTTP 429 - product id: 200841174, thử lại 1/3
2025-09-16 21:25:42,894 WARNING: Lỗi HTTP 404: Không tim thấy product id - product id: 200798555
2025-09-16 21:25:42,958 WARNING: Lỗi HTTP 404: Không tim thấy product id - product id: 200798631
2025-09-16 21:25:43,019 WARNING: Lỗi HTTP 404: Không tim thấy product id - product id: 200800257
2025-09-16 21:25:43,035 WARNING: Lỗi HTTP 429 - product id: 200841389, thử lại 1/3
2025-09-16 21:25:43,039 WARNING: Lỗi HTTP 429 - product id: 200841519, thử lại 1/3
2025-09-16 21:25:43,321 WARNING: Lỗi HTTP 404: Không tim thấy product id - product id: 200800397
2025-09-16 21:25:43,423 WARNING: Lỗi HTTP 429 - product id: 200846874, thử lại 1/3
2025-09-16 21:25:43,429 WARNING: Lỗi HTTP 429 - product id: 200847523, thử lại 1/3
2025-09-16 21:25:43,446 WARNING: Lỗi HTTP 429 - product id: 200847777, thử lại 1/3
2025-09-16 21:25:43,523 WARNING: Lỗi HTTP 429 - product id: 200850326, thử lại 1/3
2025-09-16 21:25:46,521 WARNING: Lỗi HTTP 404: Không tim thấy product id - product id: 200935495
2025-09-16 21:25:46,617 INFO: Đã commit batch 155 (1000 sản phẩm)
2025-09-16 21:25:46,649 INFO: Đã ghi 980 sản phẩm vào file crawled_files/products_batch_155_980_ids.csv
2025-09-16 21:25:46,673 INFO: Bắt đầu crawl batch 156 (1000 sản phẩm)
2025-09-16 21:25:49,672 WARNING: Lỗi HTTP 429 - product id: 201039182, thử lại 1/3
2025-09-16 21:25:49,689 WARNING: Lỗi HTTP 429 - product id: 201039188, thử lại 1/3
2025-09-16 21:25:50,211 WARNING: Lỗi HTTP 429 - product id: 201041382, thử lại 1/3
2025-09-16 21:25:51,279 WARNING: Lỗi HTTP 429 - product id: 201062357, thử lại 1/3
2025-09-16 21:25:51,330 WARNING: Lỗi HTTP 429 - product id: 201067576, thử lại 1/3
2025-09-16 21:25:51,332 WARNING: Lỗi HTTP 429 - product id: 201067569, thử lại 1/3
2025-09-16 21:25:51,388 WARNING: Lỗi HTTP 429 - product id: 201071295, thử lại 1/3
2025-09-16 21:25:51,401 WARNING: Lỗi HTTP 429 - product id: 201071433, thử lại 1/3
2025-09-16 21:25:51,454 WARNING: Lỗi HTTP 429 - product id: 201072502, thử lại 1/3
2025-09-16 21:25:51,474 WARNING: Lỗi HTTP 429 - product id: 201090450, thử lại 1/3
2025-09-16 21:25:52,047 WARNING: Lỗi HTTP 429 - product id: 201104950, thử lại 1/3
2025-09-16 21:25:53,227 WARNING: Lỗi HTTP 404: Không tim thấy product id - product id: 201121651
2025-09-16 21:25:54,853 WARNING: Lỗi HTTP 429 - product id: 201153007, thử lại 1/3
2025-09-16 21:25:54,966 WARNING: Lỗi HTTP 429 - product id: 201155117, thử lại 1/3
2025-09-16 21:25:55,003 WARNING: Lỗi HTTP 429 - product id: 201155810, thử lại 1/3
2025-09-16 21:25:55,108 WARNING: Lỗi HTTP 429 - product id: 201160879, thử lại 1/3
2025-09-16 21:25:55,125 WARNING: Lỗi HTTP 429 - product id: 201161754, thử lại 1/3
2025-09-16 21:25:55,178 WARNING: Lỗi HTTP 429 - product id: 201161808, thử lại 1/3
2025-09-16 21:25:55,188 WARNING: Lỗi HTTP 429 - product id: 201163395, thử lại 1/3
2025-09-16 21:25:55,201 WARNING: Lỗi HTTP 429 - product id: 201163367, thử lại 1/3
2025-09-16 21:25:55,207 WARNING: Lỗi HTTP 429 - product id: 201163399, thử lại 1/3
2025-09-16 21:25:55,250 WARNING: Lỗi HTTP 429 - product id: 201164113, thử lại 1/3
2025-09-16 21:25:55,283 WARNING: Lỗi HTTP 429 - product id: 201164239, thử lại 1/3
2025-09-16 21:25:55,290 WARNING: Lỗi HTTP 429 - product id: 201164236, thử lại 1/3
2025-09-16 21:25:55,518 WARNING: Lỗi HTTP 429 - product id: 201176075, thử lại 1/3
2025-09-16 21:25:56,560 WARNING: Lỗi HTTP 429 - product id: 201307578, thử lại 1/3
2025-09-16 21:25:56,563 WARNING: Lỗi HTTP 429 - product id: 201307593, thử lại 1/3
2025-09-16 21:25:56,853 WARNING: Lỗi HTTP 429 - product id: 201354723, thử lại 1/3
2025-09-16 21:25:56,917 WARNING: Lỗi HTTP 429 - product id: 201356077, thử lại 1/3
2025-09-16 21:25:58,991 WARNING: Lỗi HTTP 429 - product id: 201477856, thử lại 1/3
2025-09-16 21:26:00,582 WARNING: Lỗi HTTP 429 - product id: 201515702, thử lại 1/3
2025-09-16 21:26:00,801 WARNING: Lỗi HTTP 429 - product id: 201515753, thử lại 1/3
2025-09-16 21:26:00,822 WARNING: Lỗi HTTP 429 - product id: 201515763, thử lại 1/3
2025-09-16 21:26:01,014 WARNING: Lỗi HTTP 429 - product id: 201515860, thử lại 1/3
2025-09-16 21:26:01,073 WARNING: Lỗi HTTP 429 - product id: 201515878, thử lại 1/3
2025-09-16 21:26:01,223 WARNING: Lỗi HTTP 429 - product id: 201515982, thử lại 1/3
2025-09-16 21:26:01,224 WARNING: Lỗi HTTP 429 - product id: 201515992, thử lại 1/3
2025-09-16 21:26:01,426 WARNING: Lỗi HTTP 429 - product id: 201516059, thử lại 1/3
2025-09-16 21:26:01,510 WARNING: Lỗi HTTP 429 - product id: 201516106, thử lại 1/3
2025-09-16 21:26:01,511 WARNING: Lỗi HTTP 429 - product id: 201516129, thử lại 1/3
2025-09-16 21:26:01,558 WARNING: Lỗi HTTP 429 - product id: 201516138, thử lại 1/3
2025-09-16 21:26:02,412 WARNING: Lỗi HTTP 429 - product id: 201516460, thử lại 1/3
2025-09-16 21:26:02,443 WARNING: Lỗi HTTP 429 - product id: 201516487, thử lại 1/3
2025-09-16 21:26:04,549 INFO: Đã commit batch 156 (1000 sản phẩm)
2025-09-16 21:26:04,581 INFO: Đã ghi 999 sản phẩm vào file crawled_files/products_batch_156_999_ids.csv
2025-09-16 21:26:04,605 INFO: Bắt đầu crawl batch 157 (1000 sản phẩm)
2025-09-16 21:26:07,454 WARNING: Lỗi HTTP 429 - product id: 201517881, thử lại 1/3
2025-09-16 21:26:07,561 WARNING: Lỗi HTTP 429 - product id: 201517915, thử lại 1/3
2025-09-16 21:26:07,607 WARNING: Lỗi HTTP 429 - product id: 201517919, thử lại 1/3
2025-09-16 21:26:07,757 WARNING: Lỗi HTTP 429 - product id: 201518055, thử lại 1/3
2025-09-16 21:26:07,874 WARNING: Lỗi HTTP 429 - product id: 201518183, thử lại 1/3
2025-09-16 21:26:08,857 WARNING: Lỗi HTTP 429 - product id: 201576782, thử lại 1/3
2025-09-16 21:26:10,822 WARNING: Lỗi HTTP 429 - product id: 201628640, thử lại 1/3
2025-09-16 21:26:11,029 WARNING: Lỗi HTTP 404: Không tim thấy product id - product id: 201610324
2025-09-16 21:26:11,078 WARNING: Lỗi HTTP 404: Không tim thấy product id - product id: 201610378
2025-09-16 21:26:11,259 WARNING: Lỗi HTTP 429 - product id: 201648175, thử lại 1/3
2025-09-16 21:26:11,347 WARNING: Lỗi HTTP 429 - product id: 201648766, thử lại 1/3
2025-09-16 21:26:11,568 WARNING: Lỗi HTTP 429 - product id: 201670142, thử lại 1/3
2025-09-16 21:26:11,709 WARNING: Lỗi HTTP 429 - product id: 201677302, thử lại 1/3
2025-09-16 21:26:11,852 WARNING: Lỗi HTTP 429 - product id: 201678583, thử lại 1/3
2025-09-16 21:26:12,258 WARNING: Lỗi HTTP 429 - product id: 201701496, thử lại 1/3
2025-09-16 21:26:12,557 WARNING: Lỗi HTTP 429 - product id: 201767349, thử lại 1/3
2025-09-16 21:26:12,664 WARNING: Lỗi HTTP 429 - product id: 201770286, thử lại 1/3
2025-09-16 21:26:13,019 WARNING: Lỗi HTTP 429 - product id: 201795310, thử lại 1/3
2025-09-16 21:26:13,525 WARNING: Lỗi HTTP 429 - product id: 201803690, thử lại 1/3
2025-09-16 21:26:17,112 WARNING: Lỗi HTTP 429 - product id: 201881141, thử lại 1/3
2025-09-16 21:26:17,219 WARNING: Lỗi HTTP 429 - product id: 201882047, thử lại 1/3
2025-09-16 21:26:17,220 WARNING: Lỗi HTTP 429 - product id: 201881922, thử lại 1/3
2025-09-16 21:26:17,323 WARNING: Lỗi HTTP 429 - product id: 201882898, thử lại 1/3
2025-09-16 21:26:19,455 WARNING: Lỗi HTTP 429 - product id: 201881141, thử lại 2/3
2025-09-16 21:26:19,575 WARNING: Lỗi HTTP 429 - product id: 201910067, thử lại 1/3
2025-09-16 21:26:19,658 WARNING: Lỗi HTTP 429 - product id: 201882898, thử lại 2/3
2025-09-16 21:26:19,853 WARNING: Lỗi HTTP 429 - product id: 201917170, thử lại 1/3
2025-09-16 21:26:19,858 WARNING: Lỗi HTTP 429 - product id: 201917398, thử lại 1/3
2025-09-16 21:26:23,765 INFO: Đã commit batch 157 (1000 sản phẩm)
2025-09-16 21:26:23,792 INFO: Đã ghi 998 sản phẩm vào file crawled_files/products_batch_157_998_ids.csv
2025-09-16 21:26:23,815 INFO: Bắt đầu crawl batch 158 (1000 sản phẩm)
2025-09-16 21:26:24,036 WARNING: Lỗi HTTP 404: Không tim thấy product id - product id: 202012916
2025-09-16 21:26:27,869 WARNING: Lỗi HTTP 429 - product id: 202329647, thử lại 1/3
2025-09-16 21:26:30,040 WARNING: Lỗi HTTP 429 - product id: 202412946, thử lại 1/3
2025-09-16 21:26:30,119 WARNING: Lỗi HTTP 429 - product id: 202413459, thử lại 1/3
2025-09-16 21:26:30,268 WARNING: Lỗi HTTP 429 - product id: 202414229, thử lại 1/3
2025-09-16 21:26:30,370 WARNING: Lỗi HTTP 429 - product id: 202421267, thử lại 1/3
2025-09-16 21:26:30,470 WARNING: Lỗi HTTP 429 - product id: 202428625, thử lại 1/3
2025-09-16 21:26:30,618 WARNING: Lỗi HTTP 429 - product id: 202439065, thử lại 1/3
2025-09-16 21:26:30,618 WARNING: Lỗi HTTP 429 - product id: 202447829, thử lại 1/3
2025-09-16 21:26:30,726 WARNING: Lỗi HTTP 429 - product id: 202465602, thử lại 1/3
2025-09-16 21:26:30,820 WARNING: Lỗi HTTP 429 - product id: 202483890, thử lại 1/3
2025-09-16 21:26:31,114 WARNING: Lỗi HTTP 429 - product id: 202492223, thử lại 1/3
2025-09-16 21:26:32,824 WARNING: Lỗi HTTP 429 - product id: 202559393, thử lại 1/3
2025-09-16 21:26:33,028 WARNING: Lỗi HTTP 429 - product id: 202596064, thử lại 1/3
2025-09-16 21:26:33,396 WARNING: Lỗi HTTP 429 - product id: 202605210, thử lại 1/3
2025-09-16 21:26:33,397 WARNING: Lỗi HTTP 429 - product id: 202605142, thử lại 1/3
2025-09-16 21:26:33,471 WARNING: Lỗi HTTP 429 - product id: 202612172, thử lại 1/3
2025-09-16 21:26:34,913 WARNING: Lỗi HTTP 429 - product id: 202658965, thử lại 1/3
2025-09-16 21:26:36,175 WARNING: Lỗi HTTP 404: Không tim thấy product id - product id: 202719601
2025-09-16 21:26:36,447 WARNING: Lỗi HTTP 404: Không tim thấy product id - product id: 202715453
2025-09-16 21:26:36,593 WARNING: Lỗi HTTP 404: Không tim thấy product id - product id: 202724634
2025-09-16 21:26:37,877 WARNING: Lỗi HTTP 404: Không tim thấy product id - product id: 202784141
2025-09-16 21:26:37,947 WARNING: Lỗi HTTP 404: Không tim thấy product id - product id: 202784196
2025-09-16 21:26:38,047 WARNING: Lỗi HTTP 404: Không tim thấy product id - product id: 202784240
2025-09-16 21:26:38,090 WARNING: Lỗi HTTP 404: Không tim thấy product id - product id: 202784158
2025-09-16 21:26:38,144 WARNING: Lỗi HTTP 404: Không tim thấy product id - product id: 202787474
2025-09-16 21:26:38,189 WARNING: Lỗi HTTP 404: Không tim thấy product id - product id: 202784229
2025-09-16 21:26:38,204 WARNING: Lỗi HTTP 404: Không tim thấy product id - product id: 202784251
2025-09-16 21:26:38,322 WARNING: Lỗi HTTP 404: Không tim thấy product id - product id: 202786108
2025-09-16 21:26:38,551 WARNING: Lỗi HTTP 404: Không tim thấy product id - product id: 202798804
2025-09-16 21:26:38,591 WARNING: Lỗi HTTP 404: Không tim thấy product id - product id: 202788159
2025-09-16 21:26:38,599 WARNING: Lỗi HTTP 404: Không tim thấy product id - product id: 202785989
2025-09-16 21:26:38,626 WARNING: Lỗi HTTP 404: Không tim thấy product id - product id: 202799211
2025-09-16 21:26:38,664 WARNING: Lỗi HTTP 404: Không tim thấy product id - product id: 202788110
2025-09-16 21:26:40,737 INFO: Đã commit batch 158 (1000 sản phẩm)
2025-09-16 21:26:40,769 INFO: Đã ghi 983 sản phẩm vào file crawled_files/products_batch_158_983_ids.csv
2025-09-16 21:26:40,794 INFO: Bắt đầu crawl batch 159 (1000 sản phẩm)
2025-09-16 21:26:41,764 WARNING: Lỗi HTTP 404: Không tim thấy product id - product id: 202957538
2025-09-16 21:26:45,479 WARNING: Lỗi HTTP 404: Không tim thấy product id - product id: 203200763
2025-09-16 21:26:49,712 WARNING: Lỗi HTTP 429 - product id: 203517005, thử lại 1/3
2025-09-16 21:26:49,840 WARNING: Lỗi HTTP 429 - product id: 203553777, thử lại 1/3
2025-09-16 21:26:49,843 WARNING: Lỗi HTTP 429 - product id: 203557473, thử lại 1/3
2025-09-16 21:26:50,155 WARNING: Lỗi HTTP 429 - product id: 203588039, thử lại 1/3
2025-09-16 21:26:50,240 WARNING: Lỗi HTTP 429 - product id: 203703327, thử lại 1/3
2025-09-16 21:26:50,265 WARNING: Lỗi HTTP 404: Không tim thấy product id - product id: 203730958
2025-09-16 21:26:50,301 WARNING: Lỗi HTTP 429 - product id: 203703583, thử lại 1/3
2025-09-16 21:26:50,306 WARNING: Lỗi HTTP 429 - product id: 203704047, thử lại 1/3
2025-09-16 21:26:50,346 WARNING: Lỗi HTTP 429 - product id: 203723888, thử lại 1/3
2025-09-16 21:26:50,716 WARNING: Lỗi HTTP 404: Không tim thấy product id - product id: 203703280
2025-09-16 21:26:51,015 WARNING: Lỗi HTTP 404: Không tim thấy product id - product id: 203730972
2025-09-16 21:26:51,068 WARNING: Lỗi HTTP 404: Không tim thấy product id - product id: 203731026
2025-09-16 21:26:51,701 WARNING: Lỗi HTTP 429 - product id: 203834311, thử lại 1/3
2025-09-16 21:26:51,797 WARNING: Lỗi HTTP 429 - product id: 203834647, thử lại 1/3
2025-09-16 21:26:51,877 WARNING: Lỗi HTTP 429 - product id: 203841732, thử lại 1/3
2025-09-16 21:26:51,936 WARNING: Lỗi HTTP 429 - product id: 203842568, thử lại 1/3
2025-09-16 21:26:53,115 WARNING: Lỗi HTTP 404: Không tim thấy product id - product id: 203703583
2025-09-16 21:26:53,585 WARNING: Lỗi HTTP 404: Không tim thấy product id - product id: 203704047
2025-09-16 21:26:56,011 WARNING: Lỗi HTTP 429 - product id: 203960596, thử lại 1/3
2025-09-16 21:26:56,168 WARNING: Lỗi HTTP 404: Không tim thấy product id - product id: 203960697
2025-09-16 21:26:56,216 WARNING: Lỗi HTTP 404: Không tim thấy product id - product id: 203960841
2025-09-16 21:26:56,294 WARNING: Lỗi HTTP 404: Không tim thấy product id - product id: 203960840
2025-09-16 21:26:56,373 WARNING: Lỗi HTTP 404: Không tim thấy product id - product id: 203958134
2025-09-16 21:26:56,375 WARNING: Lỗi HTTP 404: Không tim thấy product id - product id: 203960855
2025-09-16 21:26:56,417 WARNING: Lỗi HTTP 404: Không tim thấy product id - product id: 203960975
2025-09-16 21:26:56,465 WARNING: Lỗi HTTP 404: Không tim thấy product id - product id: 203961169
2025-09-16 21:26:56,590 WARNING: Lỗi HTTP 404: Không tim thấy product id - product id: 203960707
2025-09-16 21:26:56,644 WARNING: Lỗi HTTP 404: Không tim thấy product id - product id: 203960851
2025-09-16 21:26:56,670 WARNING: Lỗi HTTP 404: Không tim thấy product id - product id: 203960914
2025-09-16 21:26:56,719 WARNING: Lỗi HTTP 404: Không tim thấy product id - product id: 203960916
2025-09-16 21:26:56,786 WARNING: Lỗi HTTP 404: Không tim thấy product id - product id: 203960964
2025-09-16 21:26:56,817 WARNING: Lỗi HTTP 404: Không tim thấy product id - product id: 203961026
2025-09-16 21:26:56,865 WARNING: Lỗi HTTP 404: Không tim thấy product id - product id: 203961125
2025-09-16 21:26:56,980 WARNING: Lỗi HTTP 404: Không tim thấy product id - product id: 203982877
2025-09-16 21:26:57,016 WARNING: Lỗi HTTP 404: Không tim thấy product id - product id: 203960672
2025-09-16 21:26:57,065 WARNING: Lỗi HTTP 404: Không tim thấy product id - product id: 203960845
2025-09-16 21:26:57,119 WARNING: Lỗi HTTP 404: Không tim thấy product id - product id: 203960862
2025-09-16 21:26:57,166 WARNING: Lỗi HTTP 404: Không tim thấy product id - product id: 203960952
2025-09-16 21:26:57,214 WARNING: Lỗi HTTP 404: Không tim thấy product id - product id: 203961052
2025-09-16 21:26:57,266 WARNING: Lỗi HTTP 404: Không tim thấy product id - product id: 203961147
2025-09-16 21:26:58,118 INFO: Đã commit batch 159 (1000 sản phẩm)
2025-09-16 21:26:58,150 INFO: Đã ghi 971 sản phẩm vào file crawled_files/products_batch_159_971_ids.csv
2025-09-16 21:26:58,174 INFO: Bắt đầu crawl batch 160 (1000 sản phẩm)
2025-09-16 21:26:58,449 WARNING: Lỗi HTTP 404: Không tim thấy product id - product id: 203992149
2025-09-16 21:26:58,646 WARNING: Lỗi HTTP 404: Không tim thấy product id - product id: 203992243
2025-09-16 21:26:58,651 WARNING: Lỗi HTTP 404: Không tim thấy product id - product id: 203992328
2025-09-16 21:26:58,697 WARNING: Lỗi HTTP 404: Không tim thấy product id - product id: 203992378
2025-09-16 21:26:58,797 WARNING: Lỗi HTTP 404: Không tim thấy product id - product id: 203998899
2025-09-16 21:26:59,066 WARNING: Lỗi HTTP 404: Không tim thấy product id - product id: 203998915
2025-09-16 21:26:59,095 WARNING: Lỗi HTTP 404: Không tim thấy product id - product id: 203999080
2025-09-16 21:26:59,149 WARNING: Lỗi HTTP 404: Không tim thấy product id - product id: 203999042
2025-09-16 21:26:59,248 WARNING: Lỗi HTTP 404: Không tim thấy product id - product id: 203999095
2025-09-16 21:27:01,143 WARNING: Lỗi HTTP 404: Không tim thấy product id - product id: 204044482
2025-09-16 21:27:01,147 WARNING: Lỗi HTTP 404: Không tim thấy product id - product id: 204064320
2025-09-16 21:27:01,198 WARNING: Lỗi HTTP 404: Không tim thấy product id - product id: 204065506
2025-09-16 21:27:01,245 WARNING: Lỗi HTTP 404: Không tim thấy product id - product id: 204049817
2025-09-16 21:27:01,259 WARNING: Lỗi HTTP 404: Không tim thấy product id - product id: 204064369
2025-09-16 21:27:01,346 WARNING: Lỗi HTTP 404: Không tim thấy product id - product id: 204064746
2025-09-16 21:27:01,449 WARNING: Lỗi HTTP 404: Không tim thấy product id - product id: 204064755
2025-09-16 21:27:01,515 WARNING: Lỗi HTTP 404: Không tim thấy product id - product id: 204065053
2025-09-16 21:27:01,564 WARNING: Lỗi HTTP 404: Không tim thấy product id - product id: 204065101
2025-09-16 21:27:01,776 WARNING: Lỗi HTTP 429 - product id: 204066989, thử lại 1/3
2025-09-16 21:27:01,803 WARNING: Lỗi HTTP 404: Không tim thấy product id - product id: 204064371
2025-09-16 21:27:01,826 WARNING: Lỗi HTTP 429 - product id: 204067081, thử lại 1/3
2025-09-16 21:27:01,832 WARNING: Lỗi HTTP 429 - product id: 204067038, thử lại 1/3
2025-09-16 21:27:01,902 WARNING: Lỗi HTTP 404: Không tim thấy product id - product id: 204064846
2025-09-16 21:27:01,903 WARNING: Lỗi HTTP 429 - product id: 204067261, thử lại 1/3
2025-09-16 21:27:01,944 WARNING: Lỗi HTTP 404: Không tim thấy product id - product id: 204064409
2025-09-16 21:27:01,970 WARNING: Lỗi HTTP 404: Không tim thấy product id - product id: 204064868
2025-09-16 21:27:02,004 WARNING: Lỗi HTTP 404: Không tim thấy product id - product id: 204064908
2025-09-16 21:27:02,023 WARNING: Lỗi HTTP 404: Không tim thấy product id - product id: 204064447
2025-09-16 21:27:02,057 WARNING: Lỗi HTTP 404: Không tim thấy product id - product id: 204064916
2025-09-16 21:27:02,070 WARNING: Lỗi HTTP 404: Không tim thấy product id - product id: 204064488
2025-09-16 21:27:02,095 WARNING: Lỗi HTTP 404: Không tim thấy product id - product id: 204064542
2025-09-16 21:27:02,096 WARNING: Lỗi HTTP 404: Không tim thấy product id - product id: 204065056
2025-09-16 21:27:02,133 WARNING: Lỗi HTTP 429 - product id: 204076937, thử lại 1/3
2025-09-16 21:27:02,146 WARNING: Lỗi HTTP 404: Không tim thấy product id - product id: 204065025
2025-09-16 21:27:02,162 WARNING: Lỗi HTTP 429 - product id: 204077220, thử lại 1/3
2025-09-16 21:27:02,211 WARNING: Lỗi HTTP 429 - product id: 204081418, thử lại 1/3
2025-09-16 21:27:02,231 WARNING: Lỗi HTTP 429 - product id: 204081620, thử lại 1/3
2025-09-16 21:27:02,521 WARNING: Lỗi HTTP 429 - product id: 204127941, thử lại 1/3
2025-09-16 21:27:03,073 WARNING: Lỗi HTTP 429 - product id: 204212316, thử lại 1/3
2025-09-16 21:27:03,075 WARNING: Lỗi HTTP 429 - product id: 204213348, thử lại 1/3
2025-09-16 21:27:03,093 WARNING: Lỗi HTTP 429 - product id: 204213780, thử lại 1/3
2025-09-16 21:27:03,137 WARNING: Lỗi HTTP 429 - product id: 204216874, thử lại 1/3
2025-09-16 21:27:03,383 WARNING: Lỗi HTTP 429 - product id: 204252303, thử lại 1/3
2025-09-16 21:27:04,383 WARNING: Lỗi HTTP 429 - product id: 204309405, thử lại 1/3
2025-09-16 21:27:04,406 WARNING: Lỗi HTTP 429 - product id: 204309406, thử lại 1/3
2025-09-16 21:27:04,487 WARNING: Lỗi HTTP 429 - product id: 204081418, thử lại 2/3
2025-09-16 21:27:04,647 WARNING: Lỗi HTTP 429 - product id: 204315708, thử lại 1/3
2025-09-16 21:27:06,246 WARNING: Lỗi HTTP 429 - product id: 204367044, thử lại 1/3
2025-09-16 21:27:06,639 WARNING: Lỗi HTTP 429 - product id: 204387665, thử lại 1/3
2025-09-16 21:27:06,825 WARNING: Lỗi HTTP 429 - product id: 204392722, thử lại 1/3
2025-09-16 21:27:06,891 WARNING: Lỗi HTTP 429 - product id: 204399066, thử lại 1/3
2025-09-16 21:27:06,964 WARNING: Lỗi HTTP 429 - product id: 204400886, thử lại 1/3
2025-09-16 21:27:07,693 WARNING: Lỗi HTTP 404: Không tim thấy product id - product id: 204411091
2025-09-16 21:27:07,911 WARNING: Lỗi HTTP 404: Không tim thấy product id - product id: 204411099
2025-09-16 21:27:07,963 WARNING: Lỗi HTTP 429 - product id: 204425706, thử lại 1/3
2025-09-16 21:27:07,969 WARNING: Lỗi HTTP 429 - product id: 204425799, thử lại 1/3
2025-09-16 21:27:08,033 WARNING: Lỗi HTTP 429 - product id: 204428317, thử lại 1/3
2025-09-16 21:27:08,089 WARNING: Lỗi HTTP 429 - product id: 204428547, thử lại 1/3
2025-09-16 21:27:08,116 WARNING: Lỗi HTTP 429 - product id: 204429183, thử lại 1/3
2025-09-16 21:27:08,178 WARNING: Lỗi HTTP 429 - product id: 204428569, thử lại 1/3
2025-09-16 21:27:08,229 WARNING: Lỗi HTTP 429 - product id: 204428857, thử lại 1/3
2025-09-16 21:27:08,257 WARNING: Lỗi HTTP 404: Không tim thấy product id - product id: 204411026
2025-09-16 21:27:08,292 WARNING: Lỗi HTTP 429 - product id: 204429472, thử lại 1/3
2025-09-16 21:27:08,336 WARNING: Lỗi HTTP 429 - product id: 204429520, thử lại 1/3
2025-09-16 21:27:08,341 WARNING: Lỗi HTTP 429 - product id: 204429488, thử lại 1/3
2025-09-16 21:27:08,536 WARNING: Lỗi HTTP 429 - product id: 204431192, thử lại 1/3
2025-09-16 21:27:08,572 WARNING: Lỗi HTTP 429 - product id: 204431208, thử lại 1/3
2025-09-16 21:27:08,619 WARNING: Lỗi HTTP 429 - product id: 204081418, thử lại 3/3
2025-09-16 21:27:08,619 WARNING: Crawl thất bại sau 3 lần thử lại - product id: 204081418 - Lỗi HTTP 429
2025-09-16 21:27:08,676 WARNING: Lỗi HTTP 429 - product id: 204431234, thử lại 1/3
2025-09-16 21:27:08,683 WARNING: Lỗi HTTP 429 - product id: 204431240, thử lại 1/3
2025-09-16 21:27:08,763 WARNING: Lỗi HTTP 404: Không tim thấy product id - product id: 204429541
2025-09-16 21:27:08,817 WARNING: Lỗi HTTP 404: Không tim thấy product id - product id: 204430928
2025-09-16 21:27:08,882 WARNING: Lỗi HTTP 429 - product id: 204431897, thử lại 1/3
2025-09-16 21:27:09,146 WARNING: Lỗi HTTP 429 - product id: 204432065, thử lại 1/3
2025-09-16 21:27:09,495 WARNING: Lỗi HTTP 404: Không tim thấy product id - product id: 204437406
2025-09-16 21:27:09,547 WARNING: Lỗi HTTP 404: Không tim thấy product id - product id: 204437685
2025-09-16 21:27:09,620 WARNING: Lỗi HTTP 404: Không tim thấy product id - product id: 204437759
2025-09-16 21:27:10,295 WARNING: Lỗi HTTP 404: Không tim thấy product id - product id: 204437733
2025-09-16 21:27:10,961 WARNING: Lỗi HTTP 429 - product id: 204461354, thử lại 1/3
2025-09-16 21:27:11,035 WARNING: Lỗi HTTP 404: Không tim thấy product id - product id: 204450798
2025-09-16 21:27:11,098 WARNING: Lỗi HTTP 429 - product id: 204535685, thử lại 1/3
2025-09-16 21:27:11,222 WARNING: Lỗi HTTP 429 - product id: 204537569, thử lại 1/3
2025-09-16 21:27:11,280 WARNING: Lỗi HTTP 429 - product id: 204537632, thử lại 1/3
2025-09-16 21:27:11,285 WARNING: Lỗi HTTP 429 - product id: 204538347, thử lại 1/3
2025-09-16 21:27:11,365 WARNING: Lỗi HTTP 429 - product id: 204557058, thử lại 1/3
2025-09-16 21:27:11,378 WARNING: Lỗi HTTP 429 - product id: 204560922, thử lại 1/3
2025-09-16 21:27:11,382 WARNING: Lỗi HTTP 429 - product id: 204607256, thử lại 1/3
2025-09-16 21:27:11,656 WARNING: Lỗi HTTP 429 - product id: 204609962, thử lại 1/3
2025-09-16 21:27:11,663 WARNING: Lỗi HTTP 429 - product id: 204610492, thử lại 1/3
2025-09-16 21:27:11,776 WARNING: Lỗi HTTP 429 - product id: 204611178, thử lại 1/3
2025-09-16 21:27:11,828 WARNING: Lỗi HTTP 429 - product id: 204611297, thử lại 1/3
2025-09-16 21:27:11,875 WARNING: Lỗi HTTP 429 - product id: 204611514, thử lại 1/3
2025-09-16 21:27:12,085 WARNING: Lỗi HTTP 429 - product id: 204622060, thử lại 1/3
2025-09-16 21:27:12,140 WARNING: Lỗi HTTP 429 - product id: 204624352, thử lại 1/3
2025-09-16 21:27:12,151 WARNING: Lỗi HTTP 429 - product id: 204624102, thử lại 1/3
2025-09-16 21:27:12,344 WARNING: Lỗi HTTP 429 - product id: 204634875, thử lại 1/3
2025-09-16 21:27:12,410 WARNING: Lỗi HTTP 429 - product id: 204635629, thử lại 1/3
2025-09-16 21:27:13,765 WARNING: Lỗi HTTP 429 - product id: 204646953, thử lại 1/3
2025-09-16 21:27:13,931 WARNING: Lỗi HTTP 429 - product id: 204660057, thử lại 1/3
2025-09-16 21:27:14,420 WARNING: Lỗi HTTP 404: Không tim thấy product id - product id: 204650196
2025-09-16 21:27:14,447 WARNING: Lỗi HTTP 404: Không tim thấy product id - product id: 204658871
2025-09-16 21:27:14,809 WARNING: Lỗi HTTP 404: Không tim thấy product id - product id: 204658727
2025-09-16 21:27:16,025 INFO: Đã commit batch 160 (1000 sản phẩm)
2025-09-16 21:27:16,055 INFO: Đã ghi 957 sản phẩm vào file crawled_files/products_batch_160_957_ids.csv
2025-09-16 21:27:16,079 INFO: Bắt đầu crawl batch 161 (1000 sản phẩm)
2025-09-16 21:27:19,431 WARNING: Lỗi HTTP 429 - product id: 204847847, thử lại 1/3
2025-09-16 21:27:23,780 WARNING: Lỗi HTTP 429 - product id: 204931560, thử lại 1/3
2025-09-16 21:27:29,152 WARNING: Lỗi HTTP 404: Không tim thấy product id - product id: 205081143
2025-09-16 21:27:29,553 WARNING: Lỗi HTTP 404: Không tim thấy product id - product id: 205113157
2025-09-16 21:27:29,754 WARNING: Lỗi HTTP 404: Không tim thấy product id - product id: 205115266
2025-09-16 21:27:30,209 WARNING: Lỗi HTTP 404: Không tim thấy product id - product id: 205116826
2025-09-16 21:27:32,031 WARNING: Lỗi HTTP 429 - product id: 205226392, thử lại 1/3
2025-09-16 21:27:32,095 WARNING: Lỗi HTTP 429 - product id: 205228491, thử lại 1/3
2025-09-16 21:27:32,132 WARNING: Lỗi HTTP 429 - product id: 205229061, thử lại 1/3
2025-09-16 21:27:34,352 INFO: Đã commit batch 161 (1000 sản phẩm)
2025-09-16 21:27:34,380 INFO: Đã ghi 996 sản phẩm vào file crawled_files/products_batch_161_996_ids.csv
2025-09-16 21:27:34,402 INFO: Bắt đầu crawl batch 162 (1000 sản phẩm)
2025-09-16 21:27:35,952 WARNING: Lỗi HTTP 429 - product id: 205276874, thử lại 1/3
2025-09-16 21:27:35,960 WARNING: Lỗi HTTP 429 - product id: 205276983, thử lại 1/3
2025-09-16 21:27:36,024 WARNING: Lỗi HTTP 429 - product id: 205277522, thử lại 1/3
2025-09-16 21:27:36,052 WARNING: Lỗi HTTP 429 - product id: 205277917, thử lại 1/3
2025-09-16 21:27:36,056 WARNING: Lỗi HTTP 429 - product id: 205277832, thử lại 1/3
2025-09-16 21:27:36,376 WARNING: Lỗi HTTP 404: Không tim thấy product id - product id: 205278683
2025-09-16 21:27:36,793 WARNING: Lỗi HTTP 404: Không tim thấy product id - product id: 205286057
2025-09-16 21:27:36,824 WARNING: Lỗi HTTP 404: Không tim thấy product id - product id: 205285722
2025-09-16 21:27:37,123 WARNING: Lỗi HTTP 404: Không tim thấy product id - product id: 205280846
2025-09-16 21:27:37,237 WARNING: Lỗi HTTP 404: Không tim thấy product id - product id: 205298840
2025-09-16 21:27:37,588 WARNING: Lỗi HTTP 429 - product id: 205319499, thử lại 1/3
2025-09-16 21:27:37,602 WARNING: Lỗi HTTP 429 - product id: 205322956, thử lại 1/3
2025-09-16 21:27:37,653 WARNING: Lỗi HTTP 429 - product id: 205326837, thử lại 1/3
2025-09-16 21:27:37,842 WARNING: Lỗi HTTP 404: Không tim thấy product id - product id: 205297523
2025-09-16 21:27:39,307 WARNING: Lỗi HTTP 404: Không tim thấy product id - product id: 205422991
2025-09-16 21:27:40,021 WARNING: Lỗi HTTP 429 - product id: 205479181, thử lại 1/3
2025-09-16 21:27:40,057 WARNING: Lỗi HTTP 429 - product id: 205479980, thử lại 1/3
2025-09-16 21:27:40,154 WARNING: Lỗi HTTP 429 - product id: 205487039, thử lại 1/3
2025-09-16 21:27:40,159 WARNING: Lỗi HTTP 429 - product id: 205487476, thử lại 1/3
2025-09-16 21:27:43,120 WARNING: Lỗi HTTP 404: Không tim thấy product id - product id: 205529304
2025-09-16 21:27:47,763 WARNING: Lỗi HTTP 429 - product id: 205632184, thử lại 1/3
2025-09-16 21:27:48,035 WARNING: Lỗi HTTP 429 - product id: 205644598, thử lại 1/3
2025-09-16 21:27:48,203 WARNING: Lỗi HTTP 429 - product id: 205644949, thử lại 1/3
2025-09-16 21:27:48,625 WARNING: Lỗi HTTP 404: Không tim thấy product id - product id: 205673512
2025-09-16 21:27:48,741 WARNING: Lỗi HTTP 404: Không tim thấy product id - product id: 205666051
2025-09-16 21:27:48,781 WARNING: Lỗi HTTP 404: Không tim thấy product id - product id: 205685450
2025-09-16 21:27:48,805 WARNING: Lỗi HTTP 404: Không tim thấy product id - product id: 205685551
2025-09-16 21:27:48,956 WARNING: Lỗi HTTP 404: Không tim thấy product id - product id: 205691354
2025-09-16 21:27:49,055 WARNING: Lỗi HTTP 404: Không tim thấy product id - product id: 205691936
2025-09-16 21:27:49,674 WARNING: Lỗi HTTP 404: Không tim thấy product id - product id: 205692600
2025-09-16 21:27:49,876 WARNING: Lỗi HTTP 404: Không tim thấy product id - product id: 205690661
2025-09-16 21:27:51,562 INFO: Đã commit batch 162 (1000 sản phẩm)
2025-09-16 21:27:51,590 INFO: Đã ghi 984 sản phẩm vào file crawled_files/products_batch_162_984_ids.csv
2025-09-16 21:27:51,611 INFO: Bắt đầu crawl batch 163 (1000 sản phẩm)
2025-09-16 21:27:52,303 WARNING: Lỗi HTTP 404: Không tim thấy product id - product id: 205793001
2025-09-16 21:27:52,713 WARNING: Lỗi HTTP 404: Không tim thấy product id - product id: 205810478
2025-09-16 21:27:52,876 WARNING: Lỗi HTTP 429 - product id: 205820808, thử lại 1/3
2025-09-16 21:27:53,375 WARNING: Lỗi HTTP 429 - product id: 205824269, thử lại 1/3
2025-09-16 21:27:53,595 WARNING: Lỗi HTTP 429 - product id: 205829197, thử lại 1/3
2025-09-16 21:27:53,613 WARNING: Lỗi HTTP 429 - product id: 205829280, thử lại 1/3
2025-09-16 21:27:53,650 WARNING: Lỗi HTTP 429 - product id: 205829321, thử lại 1/3
2025-09-16 21:27:53,660 WARNING: Lỗi HTTP 429 - product id: 205829661, thử lại 1/3
2025-09-16 21:27:53,784 WARNING: Lỗi HTTP 429 - product id: 205830192, thử lại 1/3
2025-09-16 21:27:53,821 WARNING: Lỗi HTTP 429 - product id: 205830535, thử lại 1/3
2025-09-16 21:27:53,914 WARNING: Lỗi HTTP 429 - product id: 205831433, thử lại 1/3
2025-09-16 21:27:53,976 WARNING: Lỗi HTTP 429 - product id: 205831537, thử lại 1/3
2025-09-16 21:27:54,131 WARNING: Lỗi HTTP 429 - product id: 205840914, thử lại 1/3
2025-09-16 21:27:54,138 WARNING: Lỗi HTTP 404: Không tim thấy product id - product id: 205829906
2025-09-16 21:27:54,140 WARNING: Lỗi HTTP 429 - product id: 205841072, thử lại 1/3
2025-09-16 21:27:54,202 WARNING: Lỗi HTTP 429 - product id: 205845865, thử lại 1/3
2025-09-16 21:27:54,211 WARNING: Lỗi HTTP 429 - product id: 205846312, thử lại 1/3
2025-09-16 21:27:54,235 WARNING: Lỗi HTTP 429 - product id: 205846731, thử lại 1/3
2025-09-16 21:27:54,685 WARNING: Lỗi HTTP 404: Không tim thấy product id - product id: 205829900
2025-09-16 21:27:54,752 WARNING: Lỗi HTTP 404: Không tim thấy product id - product id: 205829904
2025-09-16 21:27:55,015 WARNING: Lỗi HTTP 429 - product id: 205885990, thử lại 1/3
2025-09-16 21:27:55,283 WARNING: Lỗi HTTP 404: Không tim thấy product id - product id: 205886057
2025-09-16 21:27:55,509 WARNING: Lỗi HTTP 404: Không tim thấy product id - product id: 205889379
2025-09-16 21:27:56,059 WARNING: Lỗi HTTP 404: Không tim thấy product id - product id: 205892589
2025-09-16 21:27:56,181 WARNING: Lỗi HTTP 404: Không tim thấy product id - product id: 205829661
2025-09-16 21:27:57,843 WARNING: Lỗi HTTP 429 - product id: 205977463, thử lại 1/3
2025-09-16 21:27:58,014 WARNING: Lỗi HTTP 429 - product id: 205983851, thử lại 1/3
2025-09-16 21:27:58,077 WARNING: Lỗi HTTP 429 - product id: 205987034, thử lại 1/3
2025-09-16 21:27:58,083 WARNING: Lỗi HTTP 429 - product id: 205986824, thử lại 1/3
2025-09-16 21:27:58,518 WARNING: Lỗi HTTP 429 - product id: 206062359, thử lại 1/3
2025-09-16 21:27:58,664 WARNING: Lỗi HTTP 429 - product id: 206085734, thử lại 1/3
2025-09-16 21:27:58,727 WARNING: Lỗi HTTP 429 - product id: 206106326, thử lại 1/3
2025-09-16 21:27:58,743 WARNING: Lỗi HTTP 429 - product id: 206092258, thử lại 1/3
2025-09-16 21:27:58,788 WARNING: Lỗi HTTP 404: Không tim thấy product id - product id: 205977423
2025-09-16 21:27:59,176 WARNING: Lỗi HTTP 429 - product id: 206125931, thử lại 1/3
2025-09-16 21:27:59,311 WARNING: Lỗi HTTP 429 - product id: 206129294, thử lại 1/3
2025-09-16 21:28:00,048 WARNING: Lỗi HTTP 404: Không tim thấy product id - product id: 206134891
2025-09-16 21:28:00,632 WARNING: Lỗi HTTP 404: Không tim thấy product id - product id: 206147376
2025-09-16 21:28:00,762 WARNING: Lỗi HTTP 429 - product id: 206218656, thử lại 1/3
2025-09-16 21:28:00,767 WARNING: Lỗi HTTP 429 - product id: 206227715, thử lại 1/3
2025-09-16 21:28:00,787 WARNING: Lỗi HTTP 404: Không tim thấy product id - product id: 206147748
2025-09-16 21:28:00,832 WARNING: Lỗi HTTP 429 - product id: 206228696, thử lại 1/3
2025-09-16 21:28:00,855 WARNING: Lỗi HTTP 429 - product id: 206062359, thử lại 2/3
2025-09-16 21:28:00,956 WARNING: Lỗi HTTP 429 - product id: 206085734, thử lại 2/3
2025-09-16 21:28:01,033 WARNING: Lỗi HTTP 404: Không tim thấy product id - product id: 206147399
2025-09-16 21:28:01,049 WARNING: Lỗi HTTP 429 - product id: 206235437, thử lại 1/3
2025-09-16 21:28:01,114 WARNING: Lỗi HTTP 429 - product id: 206237015, thử lại 1/3
2025-09-16 21:28:01,475 WARNING: Lỗi HTTP 429 - product id: 206243898, thử lại 1/3
2025-09-16 21:28:01,494 WARNING: Lỗi HTTP 429 - product id: 206244059, thử lại 1/3
2025-09-16 21:28:02,486 WARNING: Lỗi HTTP 404: Không tim thấy product id - product id: 206246426
2025-09-16 21:28:02,558 WARNING: Lỗi HTTP 404: Không tim thấy product id - product id: 206244672
2025-09-16 21:28:03,810 WARNING: Lỗi HTTP 429 - product id: 206308239, thử lại 1/3
2025-09-16 21:28:03,874 WARNING: Lỗi HTTP 429 - product id: 206308313, thử lại 1/3
2025-09-16 21:28:04,613 WARNING: Lỗi HTTP 429 - product id: 206330905, thử lại 1/3
2025-09-16 21:28:04,616 WARNING: Lỗi HTTP 429 - product id: 206330734, thử lại 1/3
2025-09-16 21:28:04,665 WARNING: Lỗi HTTP 429 - product id: 206335584, thử lại 1/3
2025-09-16 21:28:04,985 WARNING: Lỗi HTTP 429 - product id: 206369003, thử lại 1/3
2025-09-16 21:28:05,013 WARNING: Lỗi HTTP 429 - product id: 206369875, thử lại 1/3
2025-09-16 21:28:05,158 WARNING: Lỗi HTTP 429 - product id: 206374251, thử lại 1/3
2025-09-16 21:28:05,380 WARNING: Lỗi HTTP 429 - product id: 206390224, thử lại 1/3
2025-09-16 21:28:05,512 WARNING: Lỗi HTTP 429 - product id: 206393767, thử lại 1/3
2025-09-16 21:28:05,661 WARNING: Lỗi HTTP 429 - product id: 206398892, thử lại 1/3
2025-09-16 21:28:08,759 INFO: Đã commit batch 163 (1000 sản phẩm)
2025-09-16 21:28:08,790 INFO: Đã ghi 984 sản phẩm vào file crawled_files/products_batch_163_984_ids.csv
2025-09-16 21:28:08,813 INFO: Bắt đầu crawl batch 164 (1000 sản phẩm)
2025-09-16 21:28:09,119 WARNING: Lỗi HTTP 429 - product id: 206457970, thử lại 1/3
2025-09-16 21:28:09,221 WARNING: Lỗi HTTP 429 - product id: 206459844, thử lại 1/3
2025-09-16 21:28:09,816 WARNING: Lỗi HTTP 429 - product id: 206474313, thử lại 1/3
2025-09-16 21:28:09,998 WARNING: Lỗi HTTP 404: Không tim thấy product id - product id: 206470218
2025-09-16 21:28:10,134 WARNING: Lỗi HTTP 429 - product id: 206481515, thử lại 1/3
2025-09-16 21:28:10,810 WARNING: Lỗi HTTP 404: Không tim thấy product id - product id: 206473684
2025-09-16 21:28:11,545 WARNING: Lỗi HTTP 404: Không tim thấy product id - product id: 206488185
2025-09-16 21:28:12,114 WARNING: Lỗi HTTP 429 - product id: 206503079, thử lại 1/3
2025-09-16 21:28:12,118 WARNING: Lỗi HTTP 429 - product id: 206502954, thử lại 1/3
2025-09-16 21:28:14,174 WARNING: Lỗi HTTP 404: Không tim thấy product id - product id: 206553261
2025-09-16 21:28:14,221 WARNING: Lỗi HTTP 404: Không tim thấy product id - product id: 206553302
2025-09-16 21:28:14,278 WARNING: Lỗi HTTP 404: Không tim thấy product id - product id: 206553308
2025-09-16 21:28:14,350 WARNING: Lỗi HTTP 404: Không tim thấy product id - product id: 206553412
2025-09-16 21:28:14,371 WARNING: Lỗi HTTP 404: Không tim thấy product id - product id: 206553432
2025-09-16 21:28:14,476 WARNING: Lỗi HTTP 404: Không tim thấy product id - product id: 206553941
2025-09-16 21:28:14,523 WARNING: Lỗi HTTP 404: Không tim thấy product id - product id: 206554056
2025-09-16 21:28:14,582 WARNING: Lỗi HTTP 404: Không tim thấy product id - product id: 206553965
2025-09-16 21:28:14,597 WARNING: Lỗi HTTP 404: Không tim thấy product id - product id: 206554060
2025-09-16 21:28:14,755 WARNING: Lỗi HTTP 429 - product id: 206564054, thử lại 1/3
2025-09-16 21:28:14,803 WARNING: Lỗi HTTP 404: Không tim thấy product id - product id: 206553272
2025-09-16 21:28:14,818 WARNING: Lỗi HTTP 429 - product id: 206564228, thử lại 1/3
2025-09-16 21:28:14,833 WARNING: Lỗi HTTP 404: Không tim thấy product id - product id: 206553450
2025-09-16 21:28:14,909 WARNING: Lỗi HTTP 404: Không tim thấy product id - product id: 206553948
2025-09-16 21:28:14,955 WARNING: Lỗi HTTP 404: Không tim thấy product id - product id: 206553980
2025-09-16 21:28:15,168 WARNING: Lỗi HTTP 429 - product id: 206618730, thử lại 1/3
2025-09-16 21:28:17,830 WARNING: Lỗi HTTP 404: Không tim thấy product id - product id: 206673684
2025-09-16 21:28:19,784 WARNING: Lỗi HTTP 404: Không tim thấy product id - product id: 206713368
2025-09-16 21:28:20,084 WARNING: Lỗi HTTP 404: Không tim thấy product id - product id: 206781402
2025-09-16 21:28:20,152 WARNING: Lỗi HTTP 404: Không tim thấy product id - product id: 206781406
2025-09-16 21:28:20,188 WARNING: Lỗi HTTP 404: Không tim thấy product id - product id: 206781415
2025-09-16 21:28:21,395 WARNING: Lỗi HTTP 429 - product id: 206841674, thử lại 1/3
2025-09-16 21:28:21,497 WARNING: Lỗi HTTP 404: Không tim thấy product id - product id: 206836167
2025-09-16 21:28:21,974 WARNING: Lỗi HTTP 429 - product id: 206861087, thử lại 1/3
2025-09-16 21:28:23,209 WARNING: Lỗi HTTP 404: Không tim thấy product id - product id: 206984985
2025-09-16 21:28:23,244 WARNING: Lỗi HTTP 404: Không tim thấy product id - product id: 206914169
2025-09-16 21:28:23,357 WARNING: Lỗi HTTP 404: Không tim thấy product id - product id: 206987457
2025-09-16 21:28:23,376 WARNING: Lỗi HTTP 404: Không tim thấy product id - product id: 206987459
2025-09-16 21:28:23,413 WARNING: Lỗi HTTP 404: Không tim thấy product id - product id: 206987830
2025-09-16 21:28:25,807 INFO: Đã commit batch 164 (1000 sản phẩm)
2025-09-16 21:28:25,833 INFO: Đã ghi 973 sản phẩm vào file crawled_files/products_batch_164_973_ids.csv
2025-09-16 21:28:25,856 INFO: Bắt đầu crawl batch 165 (1000 sản phẩm)
2025-09-16 21:28:26,404 WARNING: Lỗi HTTP 404: Không tim thấy product id - product id: 207067802
2025-09-16 21:28:27,226 WARNING: Lỗi HTTP 404: Không tim thấy product id - product id: 207194970
2025-09-16 21:28:27,375 WARNING: Lỗi HTTP 429 - product id: 207209089, thử lại 1/3
2025-09-16 21:28:27,468 WARNING: Lỗi HTTP 429 - product id: 207209336, thử lại 1/3
2025-09-16 21:28:27,609 WARNING: Lỗi HTTP 429 - product id: 207209646, thử lại 1/3
2025-09-16 21:28:27,610 WARNING: Lỗi HTTP 429 - product id: 207209707, thử lại 1/3
2025-09-16 21:28:27,720 WARNING: Lỗi HTTP 429 - product id: 207210792, thử lại 1/3
2025-09-16 21:28:28,153 WARNING: Lỗi HTTP 429 - product id: 207220253, thử lại 1/3
2025-09-16 21:28:28,160 WARNING: Lỗi HTTP 429 - product id: 207220366, thử lại 1/3
2025-09-16 21:28:28,205 WARNING: Lỗi HTTP 429 - product id: 207222553, thử lại 1/3
2025-09-16 21:28:28,208 WARNING: Lỗi HTTP 429 - product id: 207225619, thử lại 1/3
2025-09-16 21:28:28,425 WARNING: Lỗi HTTP 429 - product id: 207230451, thử lại 1/3
2025-09-16 21:28:28,502 WARNING: Lỗi HTTP 429 - product id: 207238438, thử lại 1/3
2025-09-16 21:28:28,507 WARNING: Lỗi HTTP 429 - product id: 207238502, thử lại 1/3
2025-09-16 21:28:28,665 WARNING: Lỗi HTTP 429 - product id: 207252347, thử lại 1/3
2025-09-16 21:28:29,031 WARNING: Lỗi HTTP 404: Không tim thấy product id - product id: 207255107
2025-09-16 21:28:29,658 WARNING: Lỗi HTTP 429 - product id: 207273648, thử lại 1/3
2025-09-16 21:28:29,678 WARNING: Lỗi HTTP 429 - product id: 207273687, thử lại 1/3
2025-09-16 21:28:29,833 WARNING: Lỗi HTTP 404: Không tim thấy product id - product id: 207256868
2025-09-16 21:28:29,890 WARNING: Lỗi HTTP 404: Không tim thấy product id - product id: 207268453
2025-09-16 21:28:30,207 WARNING: Lỗi HTTP 404: Không tim thấy product id - product id: 207271258
2025-09-16 21:28:30,208 WARNING: Lỗi HTTP 404: Không tim thấy product id - product id: 207285065
2025-09-16 21:28:30,430 WARNING: Lỗi HTTP 404: Không tim thấy product id - product id: 207289508
2025-09-16 21:28:30,731 WARNING: Lỗi HTTP 404: Không tim thấy product id - product id: 207281745
2025-09-16 21:28:30,872 WARNING: Lỗi HTTP 404: Không tim thấy product id - product id: 207299029
2025-09-16 21:28:30,911 WARNING: Lỗi HTTP 404: Không tim thấy product id - product id: 207299276
2025-09-16 21:28:31,405 WARNING: Lỗi HTTP 429 - product id: 207309071, thử lại 1/3
2025-09-16 21:28:31,547 WARNING: Lỗi HTTP 429 - product id: 207314165, thử lại 1/3
2025-09-16 21:28:31,559 WARNING: Lỗi HTTP 429 - product id: 207314195, thử lại 1/3
2025-09-16 21:28:33,054 WARNING: Lỗi HTTP 404: Không tim thấy product id - product id: 207341537
2025-09-16 21:28:33,715 WARNING: Lỗi HTTP 429 - product id: 207375736, thử lại 1/3
2025-09-16 21:28:33,757 WARNING: Lỗi HTTP 429 - product id: 207377657, thử lại 1/3
2025-09-16 21:28:33,766 WARNING: Lỗi HTTP 429 - product id: 207377986, thử lại 1/3
2025-09-16 21:28:34,551 WARNING: Lỗi HTTP 429 - product id: 207386557, thử lại 1/3
2025-09-16 21:28:34,713 WARNING: Lỗi HTTP 429 - product id: 207388837, thử lại 1/3
2025-09-16 21:28:34,804 WARNING: Lỗi HTTP 429 - product id: 207390291, thử lại 1/3
2025-09-16 21:28:34,814 WARNING: Lỗi HTTP 429 - product id: 207391811, thử lại 1/3
2025-09-16 21:28:34,861 WARNING: Lỗi HTTP 429 - product id: 207395214, thử lại 1/3
2025-09-16 21:28:34,958 WARNING: Lỗi HTTP 429 - product id: 207395830, thử lại 1/3
2025-09-16 21:28:35,077 WARNING: Lỗi HTTP 404: Không tim thấy product id - product id: 207397535
2025-09-16 21:28:35,656 WARNING: Lỗi HTTP 429 - product id: 207412148, thử lại 1/3
2025-09-16 21:28:36,754 WARNING: Lỗi HTTP 429 - product id: 207479983, thử lại 1/3
2025-09-16 21:28:38,299 WARNING: Lỗi HTTP 429 - product id: 207499119, thử lại 1/3
2025-09-16 21:28:38,364 WARNING: Lỗi HTTP 429 - product id: 207502358, thử lại 1/3
2025-09-16 21:28:38,417 WARNING: Lỗi HTTP 429 - product id: 207502623, thử lại 1/3
2025-09-16 21:28:38,715 WARNING: Lỗi HTTP 429 - product id: 207507953, thử lại 1/3
2025-09-16 21:28:38,778 WARNING: Lỗi HTTP 429 - product id: 207508036, thử lại 1/3
2025-09-16 21:28:38,850 WARNING: Lỗi HTTP 429 - product id: 207508292, thử lại 1/3
2025-09-16 21:28:38,850 WARNING: Lỗi HTTP 429 - product id: 207508160, thử lại 1/3
2025-09-16 21:28:38,860 WARNING: Lỗi HTTP 429 - product id: 207508440, thử lại 1/3
2025-09-16 21:28:38,940 WARNING: Lỗi HTTP 429 - product id: 207508522, thử lại 1/3
2025-09-16 21:28:39,038 WARNING: Lỗi HTTP 429 - product id: 207508858, thử lại 1/3
2025-09-16 21:28:39,061 WARNING: Lỗi HTTP 429 - product id: 207508907, thử lại 1/3
2025-09-16 21:28:39,137 WARNING: Lỗi HTTP 429 - product id: 207509067, thử lại 1/3
2025-09-16 21:28:39,154 WARNING: Lỗi HTTP 429 - product id: 207509137, thử lại 1/3
2025-09-16 21:28:39,169 WARNING: Lỗi HTTP 429 - product id: 207509244, thử lại 1/3
2025-09-16 21:28:41,256 WARNING: Lỗi HTTP 429 - product id: 207565264, thử lại 1/3
2025-09-16 21:28:41,309 WARNING: Lỗi HTTP 429 - product id: 207565387, thử lại 1/3
2025-09-16 21:28:41,320 WARNING: Lỗi HTTP 429 - product id: 207508858, thử lại 2/3
2025-09-16 21:28:41,424 WARNING: Lỗi HTTP 429 - product id: 207565745, thử lại 1/3
2025-09-16 21:28:45,423 INFO: Đã commit batch 165 (1000 sản phẩm)
2025-09-16 21:28:45,453 INFO: Đã ghi 987 sản phẩm vào file crawled_files/products_batch_165_987_ids.csv
2025-09-16 21:28:45,475 INFO: Bắt đầu crawl batch 166 (1000 sản phẩm)
2025-09-16 21:28:46,118 WARNING: Lỗi HTTP 404: Không tim thấy product id - product id: 207709582
2025-09-16 21:28:47,047 WARNING: Lỗi HTTP 404: Không tim thấy product id - product id: 207749486
2025-09-16 21:28:47,048 WARNING: Lỗi HTTP 404: Không tim thấy product id - product id: 207749479
2025-09-16 21:28:47,336 WARNING: Lỗi HTTP 429 - product id: 207771768, thử lại 1/3
2025-09-16 21:28:49,899 WARNING: Lỗi HTTP 404: Không tim thấy product id - product id: 207831478
2025-09-16 21:28:50,363 WARNING: Lỗi HTTP 429 - product id: 207885040, thử lại 1/3
2025-09-16 21:28:50,510 WARNING: Lỗi HTTP 429 - product id: 207891524, thử lại 1/3
2025-09-16 21:28:50,621 WARNING: Lỗi HTTP 429 - product id: 207896461, thử lại 1/3
2025-09-16 21:28:50,681 WARNING: Lỗi HTTP 429 - product id: 207896681, thử lại 1/3
2025-09-16 21:28:51,266 WARNING: Lỗi HTTP 404: Không tim thấy product id - product id: 207876075
2025-09-16 21:28:52,330 WARNING: Lỗi HTTP 429 - product id: 207916822, thử lại 1/3
2025-09-16 21:28:53,954 WARNING: Lỗi HTTP 429 - product id: 207956967, thử lại 1/3
2025-09-16 21:28:54,085 WARNING: Lỗi HTTP 429 - product id: 207957101, thử lại 1/3
2025-09-16 21:28:54,319 WARNING: Lỗi HTTP 429 - product id: 207974233, thử lại 1/3
2025-09-16 21:28:54,340 WARNING: Lỗi HTTP 429 - product id: 207988813, thử lại 1/3
2025-09-16 21:28:54,675 WARNING: Lỗi HTTP 429 - product id: 207916822, thử lại 2/3
2025-09-16 21:28:55,349 WARNING: Lỗi HTTP 404: Không tim thấy product id - product id: 207990670
2025-09-16 21:28:55,508 WARNING: Lỗi HTTP 404: Không tim thấy product id - product id: 207997494
2025-09-16 21:28:56,757 WARNING: Lỗi HTTP 404: Không tim thấy product id - product id: 208062183
2025-09-16 21:28:57,110 WARNING: Lỗi HTTP 404: Không tim thấy product id - product id: 208071217
2025-09-16 21:28:58,186 WARNING: Lỗi HTTP 404: Không tim thấy product id - product id: 208120165
2025-09-16 21:28:58,436 WARNING: Lỗi HTTP 404: Không tim thấy product id - product id: 208122526
2025-09-16 21:29:02,777 INFO: Đã commit batch 166 (1000 sản phẩm)
2025-09-16 21:29:02,808 INFO: Đã ghi 989 sản phẩm vào file crawled_files/products_batch_166_989_ids.csv
2025-09-16 21:29:02,831 INFO: Bắt đầu crawl batch 167 (1000 sản phẩm)
2025-09-16 21:29:04,697 WARNING: Lỗi HTTP 429 - product id: 208285044, thử lại 1/3
2025-09-16 21:29:08,206 WARNING: Lỗi HTTP 429 - product id: 208402540, thử lại 1/3
2025-09-16 21:29:08,735 WARNING: Lỗi HTTP 429 - product id: 208411889, thử lại 1/3
2025-09-16 21:29:08,810 WARNING: Lỗi HTTP 429 - product id: 208413351, thử lại 1/3
2025-09-16 21:29:08,845 WARNING: Lỗi HTTP 429 - product id: 208413497, thử lại 1/3
2025-09-16 21:29:08,960 WARNING: Lỗi HTTP 429 - product id: 208415519, thử lại 1/3
2025-09-16 21:29:09,045 WARNING: Lỗi HTTP 429 - product id: 208416458, thử lại 1/3
2025-09-16 21:29:10,051 WARNING: Lỗi HTTP 429 - product id: 208437255, thử lại 1/3
2025-09-16 21:29:10,135 WARNING: Lỗi HTTP 429 - product id: 208439404, thử lại 1/3
2025-09-16 21:29:10,225 WARNING: Lỗi HTTP 429 - product id: 208441904, thử lại 1/3
2025-09-16 21:29:10,326 WARNING: Lỗi HTTP 429 - product id: 208446910, thử lại 1/3
2025-09-16 21:29:10,372 WARNING: Lỗi HTTP 429 - product id: 208447162, thử lại 1/3
2025-09-16 21:29:11,416 WARNING: Lỗi HTTP 429 - product id: 208526819, thử lại 1/3
2025-09-16 21:29:11,487 WARNING: Lỗi HTTP 429 - product id: 208527050, thử lại 1/3
2025-09-16 21:29:11,806 WARNING: Lỗi HTTP 429 - product id: 208527645, thử lại 1/3
2025-09-16 21:29:11,954 WARNING: Lỗi HTTP 429 - product id: 208528755, thử lại 1/3
2025-09-16 21:29:12,031 WARNING: Lỗi HTTP 429 - product id: 208555827, thử lại 1/3
2025-09-16 21:29:12,050 WARNING: Lỗi HTTP 429 - product id: 208555266, thử lại 1/3
2025-09-16 21:29:12,129 WARNING: Lỗi HTTP 429 - product id: 208565603, thử lại 1/3
2025-09-16 21:29:12,133 WARNING: Lỗi HTTP 429 - product id: 208565179, thử lại 1/3
2025-09-16 21:29:12,193 WARNING: Lỗi HTTP 429 - product id: 208569284, thử lại 1/3
2025-09-16 21:29:12,963 WARNING: Lỗi HTTP 404: Không tim thấy product id - product id: 208613149
2025-09-16 21:29:16,442 WARNING: Lỗi HTTP 429 - product id: 208687115, thử lại 1/3
2025-09-16 21:29:17,039 WARNING: Lỗi HTTP 429 - product id: 208748014, thử lại 1/3
2025-09-16 21:29:18,058 WARNING: Lỗi HTTP 404: Không tim thấy product id - product id: 208748025
2025-09-16 21:29:18,556 WARNING: Lỗi HTTP 404: Không tim thấy product id - product id: 208760933
2025-09-16 21:29:19,803 WARNING: Lỗi HTTP 404: Không tim thấy product id - product id: 208748014
2025-09-16 21:29:19,806 INFO: Đã commit batch 167 (1000 sản phẩm)
2025-09-16 21:29:19,840 INFO: Đã ghi 996 sản phẩm vào file crawled_files/products_batch_167_996_ids.csv
2025-09-16 21:29:19,863 INFO: Bắt đầu crawl batch 168 (1000 sản phẩm)
2025-09-16 21:29:20,866 WARNING: Lỗi HTTP 429 - product id: 208912112, thử lại 1/3
2025-09-16 21:29:20,867 WARNING: Lỗi HTTP 429 - product id: 208912369, thử lại 1/3
2025-09-16 21:29:20,960 WARNING: Lỗi HTTP 429 - product id: 208912878, thử lại 1/3
2025-09-16 21:29:21,066 WARNING: Lỗi HTTP 429 - product id: 208913406, thử lại 1/3
2025-09-16 21:29:21,074 WARNING: Lỗi HTTP 429 - product id: 208914369, thử lại 1/3
2025-09-16 21:29:22,938 WARNING: Lỗi HTTP 404: Không tim thấy product id - product id: 209165158
2025-09-16 21:29:22,993 WARNING: Lỗi HTTP 404: Không tim thấy product id - product id: 209165308
2025-09-16 21:29:23,104 WARNING: Lỗi HTTP 404: Không tim thấy product id - product id: 209165145
2025-09-16 21:29:23,448 WARNING: Lỗi HTTP 429 - product id: 208913406, thử lại 2/3
2025-09-16 21:29:25,335 WARNING: Lỗi HTTP 429 - product id: 209375335, thử lại 1/3
2025-09-16 21:29:25,949 WARNING: Lỗi HTTP 404: Không tim thấy product id - product id: 209377538
2025-09-16 21:29:26,039 WARNING: Lỗi HTTP 404: Không tim thấy product id - product id: 209378834
2025-09-16 21:29:31,887 WARNING: Lỗi HTTP 404: Không tim thấy product id - product id: 209907945
2025-09-16 21:29:32,259 WARNING: Lỗi HTTP 404: Không tim thấy product id - product id: 209907468
2025-09-16 21:29:32,538 WARNING: Lỗi HTTP 404: Không tim thấy product id - product id: 209908200
2025-09-16 21:29:32,716 WARNING: Lỗi HTTP 404: Không tim thấy product id - product id: 209908633
2025-09-16 21:29:33,033 WARNING: Lỗi HTTP 404: Không tim thấy product id - product id: 209909083
2025-09-16 21:29:34,736 WARNING: Lỗi HTTP 404: Không tim thấy product id - product id: 210132074
2025-09-16 21:29:38,474 INFO: Đã commit batch 168 (1000 sản phẩm)
2025-09-16 21:29:38,504 INFO: Đã ghi 989 sản phẩm vào file crawled_files/products_batch_168_989_ids.csv
2025-09-16 21:29:38,525 INFO: Bắt đầu crawl batch 169 (1000 sản phẩm)
2025-09-16 21:29:39,783 WARNING: Lỗi HTTP 429 - product id: 210166001, thử lại 1/3
2025-09-16 21:29:40,401 WARNING: Lỗi HTTP 404: Không tim thấy product id - product id: 210276664
2025-09-16 21:29:40,516 WARNING: Lỗi HTTP 404: Không tim thấy product id - product id: 210278015
2025-09-16 21:29:40,570 WARNING: Lỗi HTTP 404: Không tim thấy product id - product id: 210278452
2025-09-16 21:29:40,574 WARNING: Lỗi HTTP 404: Không tim thấy product id - product id: 210279181
2025-09-16 21:29:40,609 WARNING: Lỗi HTTP 404: Không tim thấy product id - product id: 210279490
2025-09-16 21:29:40,620 WARNING: Lỗi HTTP 404: Không tim thấy product id - product id: 210278471
2025-09-16 21:29:40,727 WARNING: Lỗi HTTP 404: Không tim thấy product id - product id: 210278948
2025-09-16 21:29:40,755 WARNING: Lỗi HTTP 404: Không tim thấy product id - product id: 210279841
2025-09-16 21:29:40,816 WARNING: Lỗi HTTP 404: Không tim thấy product id - product id: 210280335
2025-09-16 21:29:40,871 WARNING: Lỗi HTTP 404: Không tim thấy product id - product id: 210276967
2025-09-16 21:29:40,974 WARNING: Lỗi HTTP 404: Không tim thấy product id - product id: 210279196
2025-09-16 21:29:41,022 WARNING: Lỗi HTTP 404: Không tim thấy product id - product id: 210279892
2025-09-16 21:29:41,070 WARNING: Lỗi HTTP 404: Không tim thấy product id - product id: 210280121
2025-09-16 21:29:41,327 WARNING: Lỗi HTTP 429 - product id: 210413608, thử lại 1/3
2025-09-16 21:29:41,362 WARNING: Lỗi HTTP 429 - product id: 210414149, thử lại 1/3
2025-09-16 21:29:41,474 WARNING: Lỗi HTTP 429 - product id: 210414345, thử lại 1/3
2025-09-16 21:29:42,467 WARNING: Lỗi HTTP 429 - product id: 210436627, thử lại 1/3
2025-09-16 21:29:42,505 WARNING: Lỗi HTTP 429 - product id: 210436661, thử lại 1/3
2025-09-16 21:29:42,555 WARNING: Lỗi HTTP 429 - product id: 210436693, thử lại 1/3
2025-09-16 21:29:42,725 WARNING: Lỗi HTTP 429 - product id: 210438335, thử lại 1/3
2025-09-16 21:29:44,173 WARNING: Lỗi HTTP 404: Không tim thấy product id - product id: 210758473
2025-09-16 21:29:44,272 WARNING: Lỗi HTTP 404: Không tim thấy product id - product id: 210757803
2025-09-16 21:29:44,322 WARNING: Lỗi HTTP 404: Không tim thấy product id - product id: 210761027
2025-09-16 21:29:46,420 WARNING: Lỗi HTTP 404: Không tim thấy product id - product id: 210959895
2025-09-16 21:29:51,065 WARNING: Lỗi HTTP 404: Không tim thấy product id - product id: 212211917
2025-09-16 21:29:51,125 WARNING: Lỗi HTTP 404: Không tim thấy product id - product id: 212211925
2025-09-16 21:29:52,818 WARNING: Lỗi HTTP 404: Không tim thấy product id - product id: 212251398
2025-09-16 21:29:53,205 WARNING: Lỗi HTTP 404: Không tim thấy product id - product id: 212251749
2025-09-16 21:29:53,221 WARNING: Lỗi HTTP 404: Không tim thấy product id - product id: 212251743
2025-09-16 21:29:53,400 WARNING: Lỗi HTTP 404: Không tim thấy product id - product id: 212251981
2025-09-16 21:29:53,423 WARNING: Lỗi HTTP 404: Không tim thấy product id - product id: 212251999
2025-09-16 21:29:53,520 WARNING: Lỗi HTTP 404: Không tim thấy product id - product id: 212252157
2025-09-16 21:29:54,226 WARNING: Lỗi HTTP 404: Không tim thấy product id - product id: 212260370
2025-09-16 21:29:55,596 INFO: Đã commit batch 169 (1000 sản phẩm)
2025-09-16 21:29:55,626 INFO: Đã ghi 974 sản phẩm vào file crawled_files/products_batch_169_974_ids.csv
2025-09-16 21:29:55,647 INFO: Bắt đầu crawl batch 170 (1000 sản phẩm)
2025-09-16 21:29:58,077 WARNING: Lỗi HTTP 404: Không tim thấy product id - product id: 212479704
2025-09-16 21:29:58,181 WARNING: Lỗi HTTP 404: Không tim thấy product id - product id: 212479746
2025-09-16 21:29:58,520 WARNING: Lỗi HTTP 404: Không tim thấy product id - product id: 212479743
2025-09-16 21:29:58,596 WARNING: Lỗi HTTP 404: Không tim thấy product id - product id: 212479761
2025-09-16 21:29:59,821 WARNING: Lỗi HTTP 429 - product id: 212604284, thử lại 1/3
2025-09-16 21:30:01,017 WARNING: Lỗi HTTP 429 - product id: 212943003, thử lại 1/3
2025-09-16 21:30:01,052 WARNING: Lỗi HTTP 429 - product id: 212943536, thử lại 1/3
2025-09-16 21:30:01,094 WARNING: Lỗi HTTP 429 - product id: 212944528, thử lại 1/3
2025-09-16 21:30:01,153 WARNING: Lỗi HTTP 429 - product id: 212949256, thử lại 1/3
2025-09-16 21:30:01,161 WARNING: Lỗi HTTP 429 - product id: 212949318, thử lại 1/3
2025-09-16 21:30:01,249 WARNING: Lỗi HTTP 429 - product id: 212956876, thử lại 1/3
2025-09-16 21:30:01,456 WARNING: Lỗi HTTP 429 - product id: 212957394, thử lại 1/3
2025-09-16 21:30:01,566 WARNING: Lỗi HTTP 429 - product id: 212969950, thử lại 1/3
2025-09-16 21:30:01,598 WARNING: Lỗi HTTP 429 - product id: 212971090, thử lại 1/3
2025-09-16 21:30:01,635 WARNING: Lỗi HTTP 429 - product id: 212971260, thử lại 1/3
2025-09-16 21:30:01,653 WARNING: Lỗi HTTP 429 - product id: 212974671, thử lại 1/3
2025-09-16 21:30:01,745 WARNING: Lỗi HTTP 429 - product id: 212977593, thử lại 1/3
2025-09-16 21:30:01,958 WARNING: Lỗi HTTP 429 - product id: 212983306, thử lại 1/3
2025-09-16 21:30:02,027 WARNING: Lỗi HTTP 429 - product id: 212989353, thử lại 1/3
2025-09-16 21:30:03,933 WARNING: Lỗi HTTP 429 - product id: 213491645, thử lại 1/3
2025-09-16 21:30:04,006 WARNING: Lỗi HTTP 429 - product id: 212971260, thử lại 2/3
2025-09-16 21:30:07,552 WARNING: Lỗi HTTP 429 - product id: 213585488, thử lại 1/3
2025-09-16 21:30:07,581 WARNING: Lỗi HTTP 429 - product id: 213586917, thử lại 1/3
2025-09-16 21:30:07,599 WARNING: Lỗi HTTP 429 - product id: 213587524, thử lại 1/3
2025-09-16 21:30:07,600 WARNING: Lỗi HTTP 429 - product id: 213587575, thử lại 1/3
2025-09-16 21:30:07,832 WARNING: Lỗi HTTP 429 - product id: 213653684, thử lại 1/3
2025-09-16 21:30:07,855 WARNING: Lỗi HTTP 429 - product id: 213672429, thử lại 1/3
2025-09-16 21:30:08,797 WARNING: Lỗi HTTP 429 - product id: 213678772, thử lại 1/3
2025-09-16 21:30:08,871 WARNING: Lỗi HTTP 429 - product id: 213680382, thử lại 1/3
2025-09-16 21:30:08,897 WARNING: Lỗi HTTP 429 - product id: 213681412, thử lại 1/3
2025-09-16 21:30:08,961 WARNING: Lỗi HTTP 429 - product id: 213688944, thử lại 1/3
2025-09-16 21:30:08,979 WARNING: Lỗi HTTP 429 - product id: 213688620, thử lại 1/3
2025-09-16 21:30:09,026 WARNING: Lỗi HTTP 429 - product id: 213692269, thử lại 1/3
2025-09-16 21:30:10,211 WARNING: Lỗi HTTP 429 - product id: 213715305, thử lại 1/3
2025-09-16 21:30:10,503 WARNING: Lỗi HTTP 429 - product id: 213721897, thử lại 1/3
2025-09-16 21:30:10,504 WARNING: Lỗi HTTP 429 - product id: 213723273, thử lại 1/3
2025-09-16 21:30:10,677 WARNING: Lỗi HTTP 429 - product id: 213741605, thử lại 1/3
2025-09-16 21:30:13,064 INFO: Đã commit batch 170 (1000 sản phẩm)
2025-09-16 21:30:13,097 INFO: Đã ghi 996 sản phẩm vào file crawled_files/products_batch_170_996_ids.csv
2025-09-16 21:30:13,119 INFO: Bắt đầu crawl batch 171 (1000 sản phẩm)
2025-09-16 21:30:14,952 WARNING: Lỗi HTTP 429 - product id: 213921558, thử lại 1/3
2025-09-16 21:30:15,056 WARNING: Lỗi HTTP 404: Không tim thấy product id - product id: 213921058
2025-09-16 21:30:17,094 WARNING: Lỗi HTTP 429 - product id: 213998888, thử lại 1/3
2025-09-16 21:30:17,141 WARNING: Lỗi HTTP 404: Không tim thấy product id - product id: 213969881
2025-09-16 21:30:17,315 WARNING: Lỗi HTTP 429 - product id: 213921558, thử lại 2/3
2025-09-16 21:30:17,422 WARNING: Lỗi HTTP 429 - product id: 214006604, thử lại 1/3
2025-09-16 21:30:17,595 WARNING: Lỗi HTTP 404: Không tim thấy product id - product id: 213969882
2025-09-16 21:30:19,832 WARNING: Lỗi HTTP 429 - product id: 214006604, thử lại 2/3
2025-09-16 21:30:19,902 WARNING: Lỗi HTTP 429 - product id: 214097403, thử lại 1/3
2025-09-16 21:30:20,034 WARNING: Lỗi HTTP 429 - product id: 214099695, thử lại 1/3
2025-09-16 21:30:20,090 WARNING: Lỗi HTTP 429 - product id: 214100151, thử lại 1/3
2025-09-16 21:30:22,527 WARNING: Lỗi HTTP 429 - product id: 214158572, thử lại 1/3
2025-09-16 21:30:22,605 WARNING: Lỗi HTTP 429 - product id: 214158750, thử lại 1/3
2025-09-16 21:30:22,712 WARNING: Lỗi HTTP 429 - product id: 214159231, thử lại 1/3
2025-09-16 21:30:22,724 WARNING: Lỗi HTTP 429 - product id: 214159270, thử lại 1/3
2025-09-16 21:30:22,793 WARNING: Lỗi HTTP 429 - product id: 214159521, thử lại 1/3
2025-09-16 21:30:23,561 WARNING: Lỗi HTTP 429 - product id: 214190880, thử lại 1/3
2025-09-16 21:30:23,656 WARNING: Lỗi HTTP 429 - product id: 214195951, thử lại 1/3
2025-09-16 21:30:23,761 WARNING: Lỗi HTTP 429 - product id: 214199712, thử lại 1/3
2025-09-16 21:30:24,054 WARNING: Lỗi HTTP 429 - product id: 214208586, thử lại 1/3
2025-09-16 21:30:24,574 WARNING: Lỗi HTTP 429 - product id: 214236907, thử lại 1/3
2025-09-16 21:30:24,623 WARNING: Lỗi HTTP 429 - product id: 214242641, thử lại 1/3
2025-09-16 21:30:24,627 WARNING: Lỗi HTTP 404: Không tim thấy product id - product id: 214234034
2025-09-16 21:30:24,707 WARNING: Lỗi HTTP 429 - product id: 214254865, thử lại 1/3
2025-09-16 21:30:25,583 WARNING: Lỗi HTTP 429 - product id: 214501189, thử lại 1/3
2025-09-16 21:30:25,588 WARNING: Lỗi HTTP 429 - product id: 214501202, thử lại 1/3
2025-09-16 21:30:25,680 WARNING: Lỗi HTTP 429 - product id: 214502554, thử lại 1/3
2025-09-16 21:30:27,995 WARNING: Lỗi HTTP 404: Không tim thấy product id - product id: 214595306
2025-09-16 21:30:28,773 WARNING: Lỗi HTTP 429 - product id: 214604906, thử lại 1/3
2025-09-16 21:30:30,869 INFO: Đã commit batch 171 (1000 sản phẩm)
2025-09-16 21:30:30,901 INFO: Đã ghi 995 sản phẩm vào file crawled_files/products_batch_171_995_ids.csv
2025-09-16 21:30:30,923 INFO: Bắt đầu crawl batch 172 (1000 sản phẩm)
2025-09-16 21:30:34,536 WARNING: Lỗi HTTP 404: Không tim thấy product id - product id: 214760217
2025-09-16 21:30:35,122 WARNING: Lỗi HTTP 404: Không tim thấy product id - product id: 214757478
2025-09-16 21:30:36,835 WARNING: Lỗi HTTP 404: Không tim thấy product id - product id: 214798971
2025-09-16 21:30:37,309 WARNING: Lỗi HTTP 429 - product id: 214823934, thử lại 1/3
2025-09-16 21:30:37,663 WARNING: Lỗi HTTP 429 - product id: 214832242, thử lại 1/3
2025-09-16 21:30:37,718 WARNING: Lỗi HTTP 429 - product id: 214833547, thử lại 1/3
2025-09-16 21:30:37,740 WARNING: Lỗi HTTP 429 - product id: 214833723, thử lại 1/3
2025-09-16 21:30:37,792 WARNING: Lỗi HTTP 429 - product id: 214835382, thử lại 1/3
2025-09-16 21:30:39,366 WARNING: Lỗi HTTP 404: Không tim thấy product id - product id: 214841295
2025-09-16 21:30:40,175 WARNING: Lỗi HTTP 429 - product id: 214890524, thử lại 1/3
2025-09-16 21:30:40,708 WARNING: Lỗi HTTP 429 - product id: 214892166, thử lại 1/3
2025-09-16 21:30:40,720 WARNING: Lỗi HTTP 429 - product id: 214892526, thử lại 1/3
2025-09-16 21:30:40,910 WARNING: Lỗi HTTP 429 - product id: 214908732, thử lại 1/3
2025-09-16 21:30:42,656 WARNING: Lỗi HTTP 429 - product id: 214921953, thử lại 1/3
2025-09-16 21:30:42,685 WARNING: Lỗi HTTP 429 - product id: 214921961, thử lại 1/3
2025-09-16 21:30:42,753 WARNING: Lỗi HTTP 429 - product id: 214927087, thử lại 1/3
2025-09-16 21:30:42,756 WARNING: Lỗi HTTP 429 - product id: 214927497, thử lại 1/3
2025-09-16 21:30:42,764 WARNING: Lỗi HTTP 429 - product id: 214927545, thử lại 1/3
2025-09-16 21:30:46,369 WARNING: Lỗi HTTP 429 - product id: 215100208, thử lại 1/3
2025-09-16 21:30:46,451 WARNING: Lỗi HTTP 429 - product id: 215101466, thử lại 1/3
2025-09-16 21:30:46,641 WARNING: Lỗi HTTP 429 - product id: 215101707, thử lại 1/3
2025-09-16 21:30:46,701 WARNING: Lỗi HTTP 429 - product id: 215101743, thử lại 1/3
2025-09-16 21:30:48,812 INFO: Đã commit batch 172 (1000 sản phẩm)
2025-09-16 21:30:48,839 INFO: Đã ghi 996 sản phẩm vào file crawled_files/products_batch_172_996_ids.csv
2025-09-16 21:30:48,861 INFO: Bắt đầu crawl batch 173 (1000 sản phẩm)
2025-09-16 21:30:49,662 WARNING: Lỗi HTTP 404: Không tim thấy product id - product id: 215129265
2025-09-16 21:30:49,746 WARNING: Lỗi HTTP 404: Không tim thấy product id - product id: 215129312
2025-09-16 21:30:49,784 WARNING: Lỗi HTTP 404: Không tim thấy product id - product id: 215129351
2025-09-16 21:30:49,852 WARNING: Lỗi HTTP 404: Không tim thấy product id - product id: 215129358
2025-09-16 21:30:49,903 WARNING: Lỗi HTTP 404: Không tim thấy product id - product id: 215129437
2025-09-16 21:30:49,987 WARNING: Lỗi HTTP 404: Không tim thấy product id - product id: 215129246
2025-09-16 21:30:49,991 WARNING: Lỗi HTTP 404: Không tim thấy product id - product id: 215129516
2025-09-16 21:30:50,060 WARNING: Lỗi HTTP 404: Không tim thấy product id - product id: 215129534
2025-09-16 21:30:50,087 WARNING: Lỗi HTTP 404: Không tim thấy product id - product id: 215129295
2025-09-16 21:30:50,137 WARNING: Lỗi HTTP 404: Không tim thấy product id - product id: 215129302
2025-09-16 21:30:50,158 WARNING: Lỗi HTTP 404: Không tim thấy product id - product id: 215129592
2025-09-16 21:30:50,183 WARNING: Lỗi HTTP 404: Không tim thấy product id - product id: 215129303
2025-09-16 21:30:50,195 WARNING: Lỗi HTTP 404: Không tim thấy product id - product id: 215129611
2025-09-16 21:30:50,253 WARNING: Lỗi HTTP 404: Không tim thấy product id - product id: 215129627
2025-09-16 21:30:50,262 WARNING: Lỗi HTTP 404: Không tim thấy product id - product id: 215129375
2025-09-16 21:30:50,284 WARNING: Lỗi HTTP 404: Không tim thấy product id - product id: 215129393
2025-09-16 21:30:50,303 WARNING: Lỗi HTTP 404: Không tim thấy product id - product id: 215129353
2025-09-16 21:30:50,356 WARNING: Lỗi HTTP 429 - product id: 215141224, thử lại 1/3
2025-09-16 21:30:50,358 WARNING: Lỗi HTTP 404: Không tim thấy product id - product id: 215129440
2025-09-16 21:30:50,396 WARNING: Lỗi HTTP 404: Không tim thấy product id - product id: 215129445
2025-09-16 21:30:50,455 WARNING: Lỗi HTTP 404: Không tim thấy product id - product id: 215129479
2025-09-16 21:30:50,476 WARNING: Lỗi HTTP 429 - product id: 215151246, thử lại 1/3
2025-09-16 21:30:50,532 WARNING: Lỗi HTTP 404: Không tim thấy product id - product id: 215129541
2025-09-16 21:30:50,554 WARNING: Lỗi HTTP 404: Không tim thấy product id - product id: 215129477
2025-09-16 21:30:50,587 WARNING: Lỗi HTTP 404: Không tim thấy product id - product id: 215129548
2025-09-16 21:30:50,652 WARNING: Lỗi HTTP 429 - product id: 215160902, thử lại 1/3
2025-09-16 21:30:50,707 WARNING: Lỗi HTTP 404: Không tim thấy product id - product id: 215129617
2025-09-16 21:30:50,709 WARNING: Lỗi HTTP 404: Không tim thấy product id - product id: 215129524
2025-09-16 21:30:50,734 WARNING: Lỗi HTTP 404: Không tim thấy product id - product id: 215129641
2025-09-16 21:30:50,799 WARNING: Lỗi HTTP 404: Không tim thấy product id - product id: 215129560
2025-09-16 21:30:50,802 WARNING: Lỗi HTTP 429 - product id: 215162021, thử lại 1/3
2025-09-16 21:30:50,834 WARNING: Lỗi HTTP 404: Không tim thấy product id - product id: 215129629
2025-09-16 21:30:50,908 WARNING: Lỗi HTTP 404: Không tim thấy product id - product id: 215129650
2025-09-16 21:30:50,968 WARNING: Lỗi HTTP 429 - product id: 215167893, thử lại 1/3
2025-09-16 21:30:51,076 WARNING: Lỗi HTTP 429 - product id: 215176087, thử lại 1/3
2025-09-16 21:30:51,099 WARNING: Lỗi HTTP 429 - product id: 215187305, thử lại 1/3
2025-09-16 21:30:51,217 WARNING: Lỗi HTTP 429 - product id: 215184025, thử lại 1/3
2025-09-16 21:30:51,457 WARNING: Lỗi HTTP 429 - product id: 215191517, thử lại 1/3
2025-09-16 21:30:51,661 WARNING: Lỗi HTTP 429 - product id: 215193286, thử lại 1/3
2025-09-16 21:30:51,955 WARNING: Lỗi HTTP 404: Không tim thấy product id - product id: 215162868
2025-09-16 21:30:54,190 WARNING: Lỗi HTTP 429 - product id: 215400635, thử lại 1/3
2025-09-16 21:30:54,436 WARNING: Lỗi HTTP 429 - product id: 215492468, thử lại 1/3
2025-09-16 21:30:54,771 WARNING: Lỗi HTTP 429 - product id: 215555534, thử lại 1/3
2025-09-16 21:30:54,850 WARNING: Lỗi HTTP 429 - product id: 215558705, thử lại 1/3
2025-09-16 21:30:54,863 WARNING: Lỗi HTTP 429 - product id: 215558975, thử lại 1/3
2025-09-16 21:30:54,874 WARNING: Lỗi HTTP 429 - product id: 215558995, thử lại 1/3
2025-09-16 21:30:56,261 WARNING: Lỗi HTTP 429 - product id: 215631995, thử lại 1/3
2025-09-16 21:30:56,311 WARNING: Lỗi HTTP 429 - product id: 215633790, thử lại 1/3
2025-09-16 21:30:56,325 WARNING: Lỗi HTTP 429 - product id: 215700676, thử lại 1/3
2025-09-16 21:30:57,200 WARNING: Lỗi HTTP 404: Không tim thấy product id - product id: 215723322
2025-09-16 21:30:58,060 WARNING: Lỗi HTTP 404: Không tim thấy product id - product id: 215738858
2025-09-16 21:30:59,018 WARNING: Lỗi HTTP 404: Không tim thấy product id - product id: 215881061
2025-09-16 21:30:59,086 WARNING: Lỗi HTTP 404: Không tim thấy product id - product id: 215887031
2025-09-16 21:30:59,160 WARNING: Lỗi HTTP 404: Không tim thấy product id - product id: 215886021
2025-09-16 21:30:59,299 WARNING: Lỗi HTTP 404: Không tim thấy product id - product id: 215878052
2025-09-16 21:31:02,718 WARNING: Lỗi HTTP 429 - product id: 216120095, thử lại 1/3
2025-09-16 21:31:02,719 WARNING: Lỗi HTTP 429 - product id: 216120720, thử lại 1/3
2025-09-16 21:31:06,033 INFO: Đã commit batch 173 (1000 sản phẩm)
2025-09-16 21:31:06,064 INFO: Đã ghi 964 sản phẩm vào file crawled_files/products_batch_173_964_ids.csv
2025-09-16 21:31:06,087 INFO: Bắt đầu crawl batch 174 (1000 sản phẩm)
2025-09-16 21:31:08,921 WARNING: Lỗi HTTP 429 - product id: 216351020, thử lại 1/3
2025-09-16 21:31:09,439 WARNING: Lỗi HTTP 429 - product id: 216369268, thử lại 1/3
2025-09-16 21:31:13,854 WARNING: Lỗi HTTP 429 - product id: 216476507, thử lại 1/3
2025-09-16 21:31:13,863 WARNING: Lỗi HTTP 429 - product id: 216476629, thử lại 1/3
2025-09-16 21:31:13,942 WARNING: Lỗi HTTP 429 - product id: 216541539, thử lại 1/3
2025-09-16 21:31:14,187 WARNING: Lỗi HTTP 429 - product id: 216866969, thử lại 1/3
2025-09-16 21:31:14,242 WARNING: Lỗi HTTP 429 - product id: 216867615, thử lại 1/3
2025-09-16 21:31:14,654 WARNING: Lỗi HTTP 429 - product id: 216901097, thử lại 1/3
2025-09-16 21:31:14,660 WARNING: Lỗi HTTP 429 - product id: 216901224, thử lại 1/3
2025-09-16 21:31:15,091 WARNING: Lỗi HTTP 429 - product id: 216903601, thử lại 1/3
2025-09-16 21:31:16,696 WARNING: Lỗi HTTP 404: Không tim thấy product id - product id: 216935800
2025-09-16 21:31:17,747 WARNING: Lỗi HTTP 429 - product id: 217132415, thử lại 1/3
2025-09-16 21:31:18,018 WARNING: Lỗi HTTP 429 - product id: 217141049, thử lại 1/3
2025-09-16 21:31:18,073 WARNING: Lỗi HTTP 429 - product id: 217141112, thử lại 1/3
2025-09-16 21:31:18,088 WARNING: Lỗi HTTP 429 - product id: 217141273, thử lại 1/3
2025-09-16 21:31:18,159 WARNING: Lỗi HTTP 429 - product id: 217143518, thử lại 1/3
2025-09-16 21:31:18,195 WARNING: Lỗi HTTP 429 - product id: 217145411, thử lại 1/3
2025-09-16 21:31:18,201 WARNING: Lỗi HTTP 429 - product id: 217145347, thử lại 1/3
2025-09-16 21:31:18,260 WARNING: Lỗi HTTP 429 - product id: 217146227, thử lại 1/3
2025-09-16 21:31:18,289 WARNING: Lỗi HTTP 429 - product id: 217146489, thử lại 1/3
2025-09-16 21:31:19,684 WARNING: Lỗi HTTP 429 - product id: 217168757, thử lại 1/3
2025-09-16 21:31:20,568 WARNING: Lỗi HTTP 429 - product id: 217145411, thử lại 2/3
2025-09-16 21:31:24,701 INFO: Đã commit batch 174 (1000 sản phẩm)
2025-09-16 21:31:24,732 INFO: Đã ghi 999 sản phẩm vào file crawled_files/products_batch_174_999_ids.csv
2025-09-16 21:31:24,754 INFO: Bắt đầu crawl batch 175 (1000 sản phẩm)
2025-09-16 21:31:26,053 WARNING: Lỗi HTTP 404: Không tim thấy product id - product id: 217332235
2025-09-16 21:31:30,559 WARNING: Lỗi HTTP 429 - product id: 217481926, thử lại 1/3
2025-09-16 21:31:30,625 WARNING: Lỗi HTTP 429 - product id: 217482669, thử lại 1/3
2025-09-16 21:31:30,702 WARNING: Lỗi HTTP 429 - product id: 217482988, thử lại 1/3
2025-09-16 21:31:30,724 WARNING: Lỗi HTTP 429 - product id: 217485363, thử lại 1/3
2025-09-16 21:31:30,792 WARNING: Lỗi HTTP 429 - product id: 217486595, thử lại 1/3
2025-09-16 21:31:30,813 WARNING: Lỗi HTTP 429 - product id: 217486767, thử lại 1/3
2025-09-16 21:31:30,822 WARNING: Lỗi HTTP 429 - product id: 217487674, thử lại 1/3
2025-09-16 21:31:31,029 WARNING: Lỗi HTTP 429 - product id: 217498217, thử lại 1/3
2025-09-16 21:31:31,056 WARNING: Lỗi HTTP 429 - product id: 217498292, thử lại 1/3
2025-09-16 21:31:31,076 WARNING: Lỗi HTTP 429 - product id: 217499538, thử lại 1/3
2025-09-16 21:31:32,426 WARNING: Lỗi HTTP 429 - product id: 217512001, thử lại 1/3
2025-09-16 21:31:32,707 WARNING: Lỗi HTTP 429 - product id: 217516167, thử lại 1/3
2025-09-16 21:31:32,781 WARNING: Lỗi HTTP 429 - product id: 217516914, thử lại 1/3
2025-09-16 21:31:32,847 WARNING: Lỗi HTTP 429 - product id: 217482669, thử lại 2/3
2025-09-16 21:31:32,856 WARNING: Lỗi HTTP 429 - product id: 217517936, thử lại 1/3
2025-09-16 21:31:32,860 WARNING: Lỗi HTTP 429 - product id: 217517947, thử lại 1/3
2025-09-16 21:31:33,508 WARNING: Lỗi HTTP 429 - product id: 217522598, thử lại 1/3
2025-09-16 21:31:34,200 WARNING: Lỗi HTTP 404: Không tim thấy product id - product id: 217524778
2025-09-16 21:31:34,508 WARNING: Lỗi HTTP 429 - product id: 217549717, thử lại 1/3
2025-09-16 21:31:34,533 WARNING: Lỗi HTTP 404: Không tim thấy product id - product id: 217528573
2025-09-16 21:31:34,587 WARNING: Lỗi HTTP 429 - product id: 217559565, thử lại 1/3
2025-09-16 21:31:34,667 WARNING: Lỗi HTTP 429 - product id: 217563111, thử lại 1/3
2025-09-16 21:31:34,669 WARNING: Lỗi HTTP 429 - product id: 217563453, thử lại 1/3
2025-09-16 21:31:36,699 WARNING: Lỗi HTTP 429 - product id: 217639730, thử lại 1/3
2025-09-16 21:31:36,703 WARNING: Lỗi HTTP 429 - product id: 217639808, thử lại 1/3
2025-09-16 21:31:36,788 WARNING: Lỗi HTTP 429 - product id: 217641420, thử lại 1/3
2025-09-16 21:31:36,957 WARNING: Lỗi HTTP 429 - product id: 217641828, thử lại 1/3
2025-09-16 21:31:37,927 WARNING: Lỗi HTTP 429 - product id: 217653940, thử lại 1/3
2025-09-16 21:31:38,049 WARNING: Lỗi HTTP 429 - product id: 217682698, thử lại 1/3
2025-09-16 21:31:38,105 WARNING: Lỗi HTTP 429 - product id: 217689079, thử lại 1/3
2025-09-16 21:31:38,211 WARNING: Lỗi HTTP 429 - product id: 217694527, thử lại 1/3
2025-09-16 21:31:38,212 WARNING: Lỗi HTTP 429 - product id: 217694522, thử lại 1/3
2025-09-16 21:31:38,666 WARNING: Lỗi HTTP 429 - product id: 217695114, thử lại 1/3
2025-09-16 21:31:38,861 WARNING: Lỗi HTTP 429 - product id: 217695736, thử lại 1/3
2025-09-16 21:31:38,921 WARNING: Lỗi HTTP 429 - product id: 217695780, thử lại 1/3
2025-09-16 21:31:39,005 WARNING: Lỗi HTTP 429 - product id: 217695913, thử lại 1/3
2025-09-16 21:31:40,021 WARNING: Lỗi HTTP 429 - product id: 217707088, thử lại 1/3
2025-09-16 21:31:42,171 INFO: Đã commit batch 175 (1000 sản phẩm)
2025-09-16 21:31:42,203 INFO: Đã ghi 997 sản phẩm vào file crawled_files/products_batch_175_997_ids.csv
2025-09-16 21:31:42,226 INFO: Bắt đầu crawl batch 176 (1000 sản phẩm)
2025-09-16 21:31:44,438 WARNING: Lỗi HTTP 429 - product id: 217726812, thử lại 1/3
2025-09-16 21:31:48,925 WARNING: Lỗi HTTP 404: Không tim thấy product id - product id: 217763386
2025-09-16 21:31:54,298 WARNING: Lỗi HTTP 404: Không tim thấy product id - product id: 218750573
2025-09-16 21:31:56,751 WARNING: Lỗi HTTP 404: Không tim thấy product id - product id: 219369225
2025-09-16 21:31:57,732 WARNING: Lỗi HTTP 429 - product id: 220666005, thử lại 1/3
2025-09-16 21:31:57,999 WARNING: Lỗi HTTP 429 - product id: 220667772, thử lại 1/3
2025-09-16 21:31:58,129 WARNING: Lỗi HTTP 429 - product id: 220669510, thử lại 1/3
2025-09-16 21:32:00,236 INFO: Đã commit batch 176 (1000 sản phẩm)
2025-09-16 21:32:00,266 INFO: Đã ghi 997 sản phẩm vào file crawled_files/products_batch_176_997_ids.csv
2025-09-16 21:32:00,288 INFO: Bắt đầu crawl batch 177 (1000 sản phẩm)
2025-09-16 21:32:02,199 WARNING: Lỗi HTTP 429 - product id: 221223108, thử lại 1/3
2025-09-16 21:32:02,386 WARNING: Lỗi HTTP 404: Không tim thấy product id - product id: 220741858
2025-09-16 21:32:03,038 WARNING: Lỗi HTTP 404: Không tim thấy product id - product id: 221225764
2025-09-16 21:32:03,537 WARNING: Lỗi HTTP 404: Không tim thấy product id - product id: 221239902
2025-09-16 21:32:04,508 WARNING: Lỗi HTTP 429 - product id: 221265124, thử lại 1/3
2025-09-16 21:32:04,588 WARNING: Lỗi HTTP 429 - product id: 221275566, thử lại 1/3
2025-09-16 21:32:05,050 WARNING: Lỗi HTTP 429 - product id: 221276946, thử lại 1/3
2025-09-16 21:32:05,144 WARNING: Lỗi HTTP 429 - product id: 221288229, thử lại 1/3
2025-09-16 21:32:05,248 WARNING: Lỗi HTTP 429 - product id: 221337679, thử lại 1/3
2025-09-16 21:32:05,262 WARNING: Lỗi HTTP 404: Không tim thấy product id - product id: 221255334
2025-09-16 21:32:05,269 WARNING: Lỗi HTTP 429 - product id: 221358424, thử lại 1/3
2025-09-16 21:32:05,336 WARNING: Lỗi HTTP 429 - product id: 221449243, thử lại 1/3
2025-09-16 21:32:05,350 WARNING: Lỗi HTTP 429 - product id: 221512351, thử lại 1/3
2025-09-16 21:32:05,790 WARNING: Lỗi HTTP 429 - product id: 221518962, thử lại 1/3
2025-09-16 21:32:05,802 WARNING: Lỗi HTTP 429 - product id: 221518967, thử lại 1/3
2025-09-16 21:32:06,483 WARNING: Lỗi HTTP 429 - product id: 221627683, thử lại 1/3
2025-09-16 21:32:06,555 WARNING: Lỗi HTTP 429 - product id: 221703581, thử lại 1/3
2025-09-16 21:32:06,584 WARNING: Lỗi HTTP 429 - product id: 221703613, thử lại 1/3
2025-09-16 21:32:06,592 WARNING: Lỗi HTTP 429 - product id: 221703622, thử lại 1/3
2025-09-16 21:32:06,614 WARNING: Lỗi HTTP 429 - product id: 221703648, thử lại 1/3
2025-09-16 21:32:06,661 WARNING: Lỗi HTTP 429 - product id: 221703765, thử lại 1/3
2025-09-16 21:32:06,686 WARNING: Lỗi HTTP 429 - product id: 221712318, thử lại 1/3
2025-09-16 21:32:06,748 WARNING: Lỗi HTTP 429 - product id: 221275566, thử lại 2/3
2025-09-16 21:32:06,755 WARNING: Lỗi HTTP 429 - product id: 221712600, thử lại 1/3
2025-09-16 21:32:06,823 WARNING: Lỗi HTTP 404: Không tim thấy product id - product id: 221692672
2025-09-16 21:32:06,847 WARNING: Lỗi HTTP 429 - product id: 221748367, thử lại 1/3
2025-09-16 21:32:06,861 WARNING: Lỗi HTTP 429 - product id: 221769225, thử lại 1/3
2025-09-16 21:32:09,046 WARNING: Lỗi HTTP 429 - product id: 222052542, thử lại 1/3
2025-09-16 21:32:09,248 WARNING: Lỗi HTTP 429 - product id: 221769225, thử lại 2/3
2025-09-16 21:32:09,300 WARNING: Lỗi HTTP 429 - product id: 222058944, thử lại 1/3
2025-09-16 21:32:09,337 WARNING: Lỗi HTTP 429 - product id: 222059775, thử lại 1/3
2025-09-16 21:32:09,376 WARNING: Lỗi HTTP 429 - product id: 222060923, thử lại 1/3
2025-09-16 21:32:09,399 WARNING: Lỗi HTTP 429 - product id: 222061323, thử lại 1/3
2025-09-16 21:32:09,442 WARNING: Lỗi HTTP 429 - product id: 222067822, thử lại 1/3
2025-09-16 21:32:09,513 WARNING: Lỗi HTTP 429 - product id: 222311012, thử lại 1/3
2025-09-16 21:32:09,540 WARNING: Lỗi HTTP 429 - product id: 222207609, thử lại 1/3
2025-09-16 21:32:09,687 WARNING: Lỗi HTTP 429 - product id: 222327509, thử lại 1/3
2025-09-16 21:32:10,519 WARNING: Lỗi HTTP 404: Không tim thấy product id - product id: 222399232
2025-09-16 21:32:10,835 WARNING: Lỗi HTTP 404: Không tim thấy product id - product id: 222399161
2025-09-16 21:32:11,398 WARNING: Lỗi HTTP 429 - product id: 222546142, thử lại 1/3
2025-09-16 21:32:11,775 WARNING: Lỗi HTTP 429 - product id: 222601096, thử lại 1/3
2025-09-16 21:32:11,809 WARNING: Lỗi HTTP 429 - product id: 222601255, thử lại 1/3
2025-09-16 21:32:13,135 WARNING: Lỗi HTTP 404: Không tim thấy product id - product id: 222655805
2025-09-16 21:32:14,642 WARNING: Lỗi HTTP 429 - product id: 222682781, thử lại 1/3
2025-09-16 21:32:14,689 WARNING: Lỗi HTTP 429 - product id: 222683107, thử lại 1/3
2025-09-16 21:32:14,723 WARNING: Lỗi HTTP 429 - product id: 222683143, thử lại 1/3
2025-09-16 21:32:14,747 WARNING: Lỗi HTTP 429 - product id: 222683535, thử lại 1/3
2025-09-16 21:32:14,752 WARNING: Lỗi HTTP 429 - product id: 222683710, thử lại 1/3
2025-09-16 21:32:14,797 WARNING: Lỗi HTTP 429 - product id: 222683886, thử lại 1/3
2025-09-16 21:32:14,811 WARNING: Lỗi HTTP 429 - product id: 222683865, thử lại 1/3
2025-09-16 21:32:14,815 WARNING: Lỗi HTTP 429 - product id: 222684722, thử lại 1/3
2025-09-16 21:32:14,850 WARNING: Lỗi HTTP 429 - product id: 222684840, thử lại 1/3
2025-09-16 21:32:15,614 WARNING: Lỗi HTTP 429 - product id: 222696312, thử lại 1/3
2025-09-16 21:32:15,730 WARNING: Lỗi HTTP 429 - product id: 222696528, thử lại 1/3
2025-09-16 21:32:15,842 WARNING: Lỗi HTTP 429 - product id: 222696822, thử lại 1/3
2025-09-16 21:32:15,942 WARNING: Lỗi HTTP 429 - product id: 222703338, thử lại 1/3
2025-09-16 21:32:16,095 WARNING: Lỗi HTTP 429 - product id: 222711440, thử lại 1/3
2025-09-16 21:32:18,188 INFO: Đã commit batch 177 (1000 sản phẩm)
2025-09-16 21:32:18,219 INFO: Đã ghi 992 sản phẩm vào file crawled_files/products_batch_177_992_ids.csv
2025-09-16 21:32:18,241 INFO: Bắt đầu crawl batch 178 (1000 sản phẩm)
2025-09-16 21:32:21,741 WARNING: Lỗi HTTP 404: Không tim thấy product id - product id: 225210603
2025-09-16 21:32:21,783 WARNING: Lỗi HTTP 404: Không tim thấy product id - product id: 225209672
2025-09-16 21:32:21,935 WARNING: Lỗi HTTP 404: Không tim thấy product id - product id: 225210590
2025-09-16 21:32:22,065 WARNING: Lỗi HTTP 429 - product id: 225267311, thử lại 1/3
2025-09-16 21:32:22,226 WARNING: Lỗi HTTP 404: Không tim thấy product id - product id: 225249714
2025-09-16 21:32:22,297 WARNING: Lỗi HTTP 429 - product id: 225272959, thử lại 1/3
2025-09-16 21:32:22,390 WARNING: Lỗi HTTP 429 - product id: 225289378, thử lại 1/3
2025-09-16 21:32:22,559 WARNING: Lỗi HTTP 429 - product id: 225304088, thử lại 1/3
2025-09-16 21:32:22,591 WARNING: Lỗi HTTP 429 - product id: 225380731, thử lại 1/3
2025-09-16 21:32:22,665 WARNING: Lỗi HTTP 429 - product id: 225383482, thử lại 1/3
2025-09-16 21:32:22,733 WARNING: Lỗi HTTP 404: Không tim thấy product id - product id: 225263759
2025-09-16 21:32:23,139 WARNING: Lỗi HTTP 404: Không tim thấy product id - product id: 225314670
2025-09-16 21:32:24,439 WARNING: Lỗi HTTP 404: Không tim thấy product id - product id: 225915740
2025-09-16 21:32:25,268 WARNING: Lỗi HTTP 429 - product id: 225937705, thử lại 1/3
2025-09-16 21:32:25,604 WARNING: Lỗi HTTP 429 - product id: 225941787, thử lại 1/3
2025-09-16 21:32:25,753 WARNING: Lỗi HTTP 429 - product id: 225949000, thử lại 1/3
2025-09-16 21:32:25,818 WARNING: Lỗi HTTP 429 - product id: 225949613, thử lại 1/3
2025-09-16 21:32:26,046 WARNING: Lỗi HTTP 429 - product id: 225951748, thử lại 1/3
2025-09-16 21:32:26,215 WARNING: Lỗi HTTP 429 - product id: 225952885, thử lại 1/3
2025-09-16 21:32:26,356 WARNING: Lỗi HTTP 429 - product id: 225953676, thử lại 1/3
2025-09-16 21:32:27,191 WARNING: Lỗi HTTP 429 - product id: 225993697, thử lại 1/3
2025-09-16 21:32:28,436 WARNING: Lỗi HTTP 404: Không tim thấy product id - product id: 226562217
2025-09-16 21:32:28,563 WARNING: Lỗi HTTP 429 - product id: 226923101, thử lại 1/3
2025-09-16 21:32:29,322 WARNING: Lỗi HTTP 404: Không tim thấy product id - product id: 227326580
2025-09-16 21:32:30,892 WARNING: Lỗi HTTP 404: Không tim thấy product id - product id: 228987720
2025-09-16 21:32:30,964 WARNING: Lỗi HTTP 404: Không tim thấy product id - product id: 228989781
2025-09-16 21:32:31,368 WARNING: Lỗi HTTP 429 - product id: 229701333, thử lại 1/3
2025-09-16 21:32:31,475 WARNING: Lỗi HTTP 404: Không tim thấy product id - product id: 228930728
2025-09-16 21:32:31,534 WARNING: Lỗi HTTP 404: Không tim thấy product id - product id: 228988486
2025-09-16 21:32:31,591 WARNING: Lỗi HTTP 429 - product id: 229703462, thử lại 1/3
2025-09-16 21:32:31,600 WARNING: Lỗi HTTP 429 - product id: 229703855, thử lại 1/3
2025-09-16 21:32:31,640 WARNING: Lỗi HTTP 429 - product id: 229704039, thử lại 1/3
2025-09-16 21:32:31,682 WARNING: Lỗi HTTP 429 - product id: 229704645, thử lại 1/3
2025-09-16 21:32:31,682 WARNING: Lỗi HTTP 429 - product id: 229704087, thử lại 1/3
2025-09-16 21:32:31,697 WARNING: Lỗi HTTP 429 - product id: 229704767, thử lại 1/3
2025-09-16 21:32:31,854 WARNING: Lỗi HTTP 429 - product id: 229715780, thử lại 1/3
2025-09-16 21:32:32,089 WARNING: Lỗi HTTP 429 - product id: 229726171, thử lại 1/3
2025-09-16 21:32:32,266 WARNING: Lỗi HTTP 429 - product id: 229726752, thử lại 1/3
2025-09-16 21:32:32,454 WARNING: Lỗi HTTP 429 - product id: 229732717, thử lại 1/3
2025-09-16 21:32:32,544 WARNING: Lỗi HTTP 429 - product id: 229733063, thử lại 1/3
2025-09-16 21:32:32,696 WARNING: Lỗi HTTP 429 - product id: 229735420, thử lại 1/3
2025-09-16 21:32:32,842 WARNING: Lỗi HTTP 429 - product id: 229743451, thử lại 1/3
2025-09-16 21:32:32,900 WARNING: Lỗi HTTP 429 - product id: 229750233, thử lại 1/3
2025-09-16 21:32:32,907 WARNING: Lỗi HTTP 429 - product id: 229750517, thử lại 1/3
2025-09-16 21:32:33,340 WARNING: Lỗi HTTP 404: Không tim thấy product id - product id: 229747995
2025-09-16 21:32:33,411 WARNING: Lỗi HTTP 429 - product id: 229790735, thử lại 1/3
2025-09-16 21:32:33,564 WARNING: Lỗi HTTP 404: Không tim thấy product id - product id: 229764828
2025-09-16 21:32:34,116 WARNING: Lỗi HTTP 429 - product id: 229715780, thử lại 2/3
2025-09-16 21:32:34,161 WARNING: Lỗi HTTP 429 - product id: 229806693, thử lại 1/3
2025-09-16 21:32:34,174 WARNING: Lỗi HTTP 404: Không tim thấy product id - product id: 229770132
2025-09-16 21:32:34,581 WARNING: Lỗi HTTP 404: Không tim thấy product id - product id: 229805444
2025-09-16 21:32:34,964 WARNING: Lỗi HTTP 404: Không tim thấy product id - product id: 229805345
2025-09-16 21:32:38,216 INFO: Đã commit batch 178 (1000 sản phẩm)
2025-09-16 21:32:38,248 INFO: Đã ghi 982 sản phẩm vào file crawled_files/products_batch_178_982_ids.csv
2025-09-16 21:32:38,270 INFO: Bắt đầu crawl batch 179 (1000 sản phẩm)
2025-09-16 21:32:39,048 WARNING: Lỗi HTTP 404: Không tim thấy product id - product id: 230005869
2025-09-16 21:32:39,217 WARNING: Lỗi HTTP 404: Không tim thấy product id - product id: 230004864
2025-09-16 21:32:41,135 WARNING: Lỗi HTTP 429 - product id: 230126281, thử lại 1/3
2025-09-16 21:32:41,151 WARNING: Lỗi HTTP 429 - product id: 230126318, thử lại 1/3
2025-09-16 21:32:42,347 WARNING: Lỗi HTTP 404: Không tim thấy product id - product id: 230201510
2025-09-16 21:32:43,328 WARNING: Lỗi HTTP 429 - product id: 230364048, thử lại 1/3
2025-09-16 21:32:43,799 WARNING: Lỗi HTTP 429 - product id: 230865767, thử lại 1/3
2025-09-16 21:32:43,807 WARNING: Lỗi HTTP 429 - product id: 231016541, thử lại 1/3
2025-09-16 21:32:43,870 WARNING: Lỗi HTTP 429 - product id: 232446272, thử lại 1/3
2025-09-16 21:32:43,894 WARNING: Lỗi HTTP 429 - product id: 232329395, thử lại 1/3
2025-09-16 21:32:43,913 WARNING: Lỗi HTTP 429 - product id: 232446607, thử lại 1/3
2025-09-16 21:32:43,930 WARNING: Lỗi HTTP 429 - product id: 232611926, thử lại 1/3
2025-09-16 21:32:43,984 WARNING: Lỗi HTTP 429 - product id: 233546880, thử lại 1/3
2025-09-16 21:32:43,996 WARNING: Lỗi HTTP 429 - product id: 233090978, thử lại 1/3
2025-09-16 21:32:44,748 WARNING: Lỗi HTTP 429 - product id: 235532991, thử lại 1/3
2025-09-16 21:32:45,335 WARNING: Lỗi HTTP 429 - product id: 235665153, thử lại 1/3
2025-09-16 21:32:45,485 WARNING: Lỗi HTTP 429 - product id: 235665264, thử lại 1/3
2025-09-16 21:32:46,065 WARNING: Lỗi HTTP 429 - product id: 235732186, thử lại 1/3
2025-09-16 21:32:46,103 WARNING: Lỗi HTTP 429 - product id: 235732349, thử lại 1/3
2025-09-16 21:32:46,266 WARNING: Lỗi HTTP 429 - product id: 235732873, thử lại 1/3
2025-09-16 21:32:46,272 WARNING: Lỗi HTTP 429 - product id: 235732989, thử lại 1/3
2025-09-16 21:32:46,294 WARNING: Lỗi HTTP 429 - product id: 235733083, thử lại 1/3
2025-09-16 21:32:50,372 WARNING: Lỗi HTTP 429 - product id: 236051495, thử lại 1/3
2025-09-16 21:32:50,393 WARNING: Lỗi HTTP 429 - product id: 236080379, thử lại 1/3
2025-09-16 21:32:50,459 WARNING: Lỗi HTTP 429 - product id: 236428271, thử lại 1/3
2025-09-16 21:32:50,502 WARNING: Lỗi HTTP 429 - product id: 236738971, thử lại 1/3
2025-09-16 21:32:51,515 WARNING: Lỗi HTTP 404: Không tim thấy product id - product id: 237819237
2025-09-16 21:32:51,546 WARNING: Lỗi HTTP 429 - product id: 239661142, thử lại 1/3
2025-09-16 21:32:51,708 WARNING: Lỗi HTTP 404: Không tim thấy product id - product id: 239178180
2025-09-16 21:32:51,804 WARNING: Lỗi HTTP 404: Không tim thấy product id - product id: 239142056
2025-09-16 21:32:51,888 WARNING: Lỗi HTTP 429 - product id: 240240392, thử lại 1/3
2025-09-16 21:32:51,957 WARNING: Lỗi HTTP 429 - product id: 240318803, thử lại 1/3
2025-09-16 21:32:52,051 WARNING: Lỗi HTTP 429 - product id: 240459832, thử lại 1/3
2025-09-16 21:32:52,094 WARNING: Lỗi HTTP 429 - product id: 240474468, thử lại 1/3
2025-09-16 21:32:52,586 WARNING: Lỗi HTTP 404: Không tim thấy product id - product id: 240474641
2025-09-16 21:32:54,575 WARNING: Lỗi HTTP 429 - product id: 241788480, thử lại 1/3
2025-09-16 21:32:54,840 WARNING: Lỗi HTTP 429 - product id: 241806758, thử lại 1/3
2025-09-16 21:32:56,933 INFO: Đã commit batch 179 (1000 sản phẩm)
2025-09-16 21:32:56,968 INFO: Đã ghi 993 sản phẩm vào file crawled_files/products_batch_179_993_ids.csv
2025-09-16 21:32:56,991 INFO: Bắt đầu crawl batch 180 (1000 sản phẩm)
2025-09-16 21:32:59,912 WARNING: Lỗi HTTP 404: Không tim thấy product id - product id: 242075879
2025-09-16 21:33:01,096 WARNING: Lỗi HTTP 429 - product id: 242153412, thử lại 1/3
2025-09-16 21:33:01,101 WARNING: Lỗi HTTP 429 - product id: 242153424, thử lại 1/3
2025-09-16 21:33:01,139 WARNING: Lỗi HTTP 429 - product id: 242153427, thử lại 1/3
2025-09-16 21:33:01,155 WARNING: Lỗi HTTP 429 - product id: 242179822, thử lại 1/3
2025-09-16 21:33:01,316 WARNING: Lỗi HTTP 429 - product id: 242155851, thử lại 1/3
2025-09-16 21:33:01,334 WARNING: Lỗi HTTP 404: Không tim thấy product id - product id: 242102470
2025-09-16 21:33:01,402 WARNING: Lỗi HTTP 429 - product id: 242172724, thử lại 1/3
2025-09-16 21:33:01,425 WARNING: Lỗi HTTP 429 - product id: 242177391, thử lại 1/3
2025-09-16 21:33:02,287 WARNING: Lỗi HTTP 404: Không tim thấy product id - product id: 242200678
2025-09-16 21:33:02,573 WARNING: Lỗi HTTP 404: Không tim thấy product id - product id: 242200601
2025-09-16 21:33:02,970 WARNING: Lỗi HTTP 404: Không tim thấy product id - product id: 242391973
2025-09-16 21:33:03,338 WARNING: Lỗi HTTP 404: Không tim thấy product id - product id: 242424871
2025-09-16 21:33:03,770 WARNING: Lỗi HTTP 429 - product id: 242449645, thử lại 1/3
2025-09-16 21:33:03,845 WARNING: Lỗi HTTP 429 - product id: 242450972, thử lại 1/3
2025-09-16 21:33:04,790 WARNING: Lỗi HTTP 429 - product id: 242482585, thử lại 1/3
2025-09-16 21:33:06,607 WARNING: Lỗi HTTP 429 - product id: 242502865, thử lại 1/3
2025-09-16 21:33:06,709 WARNING: Lỗi HTTP 429 - product id: 242525083, thử lại 1/3
2025-09-16 21:33:07,227 WARNING: Lỗi HTTP 404: Không tim thấy product id - product id: 242504261
2025-09-16 21:33:09,683 WARNING: Lỗi HTTP 404: Không tim thấy product id - product id: 242502865
2025-09-16 21:33:09,968 WARNING: Lỗi HTTP 429 - product id: 242678197, thử lại 1/3
2025-09-16 21:33:10,042 WARNING: Lỗi HTTP 429 - product id: 242692892, thử lại 1/3
2025-09-16 21:33:10,712 WARNING: Lỗi HTTP 404: Không tim thấy product id - product id: 242703693
2025-09-16 21:33:11,639 WARNING: Lỗi HTTP 404: Không tim thấy product id - product id: 242712795
2025-09-16 21:33:11,813 WARNING: Lỗi HTTP 404: Không tim thấy product id - product id: 242717078
2025-09-16 21:33:11,962 WARNING: Lỗi HTTP 404: Không tim thấy product id - product id: 242716498
2025-09-16 21:33:12,342 WARNING: Lỗi HTTP 404: Không tim thấy product id - product id: 242717741
2025-09-16 21:33:13,852 INFO: Đã commit batch 180 (1000 sản phẩm)
2025-09-16 21:33:13,882 INFO: Đã ghi 987 sản phẩm vào file crawled_files/products_batch_180_987_ids.csv
2025-09-16 21:33:13,905 INFO: Bắt đầu crawl batch 181 (1000 sản phẩm)
2025-09-16 21:33:15,228 WARNING: Lỗi HTTP 429 - product id: 242775714, thử lại 1/3
2025-09-16 21:33:15,329 WARNING: Lỗi HTTP 429 - product id: 242776649, thử lại 1/3
2025-09-16 21:33:16,478 WARNING: Lỗi HTTP 404: Không tim thấy product id - product id: 242859748
2025-09-16 21:33:16,623 WARNING: Lỗi HTTP 429 - product id: 242976485, thử lại 1/3
2025-09-16 21:33:16,742 WARNING: Lỗi HTTP 404: Không tim thấy product id - product id: 242881295
2025-09-16 21:33:16,749 WARNING: Lỗi HTTP 404: Không tim thấy product id - product id: 242866154
2025-09-16 21:33:16,808 WARNING: Lỗi HTTP 429 - product id: 242993669, thử lại 1/3
2025-09-16 21:33:16,811 WARNING: Lỗi HTTP 429 - product id: 242993492, thử lại 1/3
2025-09-16 21:33:16,840 WARNING: Lỗi HTTP 429 - product id: 242994066, thử lại 1/3
2025-09-16 21:33:16,973 WARNING: Lỗi HTTP 429 - product id: 243001190, thử lại 1/3
2025-09-16 21:33:17,001 WARNING: Lỗi HTTP 429 - product id: 243002013, thử lại 1/3
2025-09-16 21:33:17,039 WARNING: Lỗi HTTP 404: Không tim thấy product id - product id: 242882260
2025-09-16 21:33:17,134 WARNING: Lỗi HTTP 404: Không tim thấy product id - product id: 242841242
2025-09-16 21:33:17,198 WARNING: Lỗi HTTP 429 - product id: 243006828, thử lại 1/3
2025-09-16 21:33:17,205 WARNING: Lỗi HTTP 404: Không tim thấy product id - product id: 242999577
2025-09-16 21:33:17,297 WARNING: Lỗi HTTP 429 - product id: 243017139, thử lại 1/3
2025-09-16 21:33:20,025 WARNING: Lỗi HTTP 429 - product id: 243044430, thử lại 1/3
2025-09-16 21:33:20,700 WARNING: Lỗi HTTP 404: Không tim thấy product id - product id: 243017139
2025-09-16 21:33:21,517 WARNING: Lỗi HTTP 404: Không tim thấy product id - product id: 243082353
2025-09-16 21:33:21,585 WARNING: Lỗi HTTP 404: Không tim thấy product id - product id: 243084656
2025-09-16 21:33:22,527 WARNING: Lỗi HTTP 404: Không tim thấy product id - product id: 243084989
2025-09-16 21:33:23,228 WARNING: Lỗi HTTP 404: Không tim thấy product id - product id: 243223165
2025-09-16 21:33:23,308 WARNING: Lỗi HTTP 404: Không tim thấy product id - product id: 243300456
2025-09-16 21:33:23,425 WARNING: Lỗi HTTP 404: Không tim thấy product id - product id: 243245471
2025-09-16 21:33:25,184 WARNING: Lỗi HTTP 404: Không tim thấy product id - product id: 244167141
2025-09-16 21:33:26,206 WARNING: Lỗi HTTP 404: Không tim thấy product id - product id: 244306095
2025-09-16 21:33:26,511 WARNING: Lỗi HTTP 429 - product id: 244317765, thử lại 1/3
2025-09-16 21:33:26,557 WARNING: Lỗi HTTP 429 - product id: 244318069, thử lại 1/3
2025-09-16 21:33:26,563 WARNING: Lỗi HTTP 429 - product id: 244318212, thử lại 1/3
2025-09-16 21:33:27,634 WARNING: Lỗi HTTP 404: Không tim thấy product id - product id: 244690356
2025-09-16 21:33:28,037 WARNING: Lỗi HTTP 404: Không tim thấy product id - product id: 245218785
2025-09-16 21:33:28,160 WARNING: Lỗi HTTP 404: Không tim thấy product id - product id: 245773668
2025-09-16 21:33:28,269 WARNING: Lỗi HTTP 404: Không tim thấy product id - product id: 245787203
2025-09-16 21:33:28,346 WARNING: Lỗi HTTP 404: Không tim thấy product id - product id: 245769955
2025-09-16 21:33:28,478 WARNING: Lỗi HTTP 404: Không tim thấy product id - product id: 246136752
2025-09-16 21:33:28,685 WARNING: Lỗi HTTP 404: Không tim thấy product id - product id: 245889367
2025-09-16 21:33:28,783 WARNING: Lỗi HTTP 429 - product id: 246164491, thử lại 1/3
2025-09-16 21:33:28,813 WARNING: Lỗi HTTP 429 - product id: 246166050, thử lại 1/3
2025-09-16 21:33:28,814 WARNING: Lỗi HTTP 429 - product id: 246166300, thử lại 1/3
2025-09-16 21:33:28,926 WARNING: Lỗi HTTP 404: Không tim thấy product id - product id: 245784317
2025-09-16 21:33:29,104 WARNING: Lỗi HTTP 404: Không tim thấy product id - product id: 245900784
2025-09-16 21:33:29,197 WARNING: Lỗi HTTP 404: Không tim thấy product id - product id: 246162959
2025-09-16 21:33:29,564 WARNING: Lỗi HTTP 429 - product id: 246731116, thử lại 1/3
2025-09-16 21:33:30,141 WARNING: Lỗi HTTP 404: Không tim thấy product id - product id: 246432064
2025-09-16 21:33:30,396 WARNING: Lỗi HTTP 404: Không tim thấy product id - product id: 246209066
2025-09-16 21:33:30,428 WARNING: Lỗi HTTP 404: Không tim thấy product id - product id: 246755238
2025-09-16 21:33:30,584 WARNING: Lỗi HTTP 404: Không tim thấy product id - product id: 246856195
2025-09-16 21:33:30,624 WARNING: Lỗi HTTP 404: Không tim thấy product id - product id: 246770166
2025-09-16 21:33:30,748 WARNING: Lỗi HTTP 404: Không tim thấy product id - product id: 246850985
2025-09-16 21:33:30,804 WARNING: Lỗi HTTP 404: Không tim thấy product id - product id: 246851142
2025-09-16 21:33:30,928 WARNING: Lỗi HTTP 404: Không tim thấy product id - product id: 246852873
2025-09-16 21:33:30,998 WARNING: Lỗi HTTP 404: Không tim thấy product id - product id: 246853057
2025-09-16 21:33:31,228 WARNING: Lỗi HTTP 404: Không tim thấy product id - product id: 246856167
2025-09-16 21:33:31,667 INFO: Đã commit batch 181 (1000 sản phẩm)
2025-09-16 21:33:31,699 INFO: Đã ghi 965 sản phẩm vào file crawled_files/products_batch_181_965_ids.csv
2025-09-16 21:33:31,720 INFO: Bắt đầu crawl batch 182 (1000 sản phẩm)
2025-09-16 21:33:31,964 WARNING: Lỗi HTTP 404: Không tim thấy product id - product id: 246856721
2025-09-16 21:33:31,965 WARNING: Lỗi HTTP 404: Không tim thấy product id - product id: 246856779
2025-09-16 21:33:32,608 WARNING: Lỗi HTTP 404: Không tim thấy product id - product id: 246960313
2025-09-16 21:33:33,750 WARNING: Lỗi HTTP 404: Không tim thấy product id - product id: 247238807
2025-09-16 21:33:34,121 WARNING: Lỗi HTTP 404: Không tim thấy product id - product id: 247238593
2025-09-16 21:33:34,211 WARNING: Lỗi HTTP 404: Không tim thấy product id - product id: 247247956
2025-09-16 21:33:34,452 WARNING: Lỗi HTTP 404: Không tim thấy product id - product id: 247249283
2025-09-16 21:33:35,598 WARNING: Lỗi HTTP 404: Không tim thấy product id - product id: 247288733
2025-09-16 21:33:35,998 WARNING: Lỗi HTTP 404: Không tim thấy product id - product id: 247275270
2025-09-16 21:33:37,675 WARNING: Lỗi HTTP 429 - product id: 247399961, thử lại 1/3
2025-09-16 21:33:37,785 WARNING: Lỗi HTTP 429 - product id: 247401364, thử lại 1/3
2025-09-16 21:33:39,098 WARNING: Lỗi HTTP 404: Không tim thấy product id - product id: 247437307
2025-09-16 21:33:40,166 WARNING: Lỗi HTTP 404: Không tim thấy product id - product id: 247449409
2025-09-16 21:33:42,746 WARNING: Lỗi HTTP 404: Không tim thấy product id - product id: 247666472
2025-09-16 21:33:45,196 WARNING: Lỗi HTTP 404: Không tim thấy product id - product id: 247788420
2025-09-16 21:33:45,205 WARNING: Lỗi HTTP 404: Không tim thấy product id - product id: 247788323
2025-09-16 21:33:45,290 WARNING: Lỗi HTTP 404: Không tim thấy product id - product id: 247788699
2025-09-16 21:33:45,470 WARNING: Lỗi HTTP 404: Không tim thấy product id - product id: 247788646
2025-09-16 21:33:49,052 INFO: Đã commit batch 182 (1000 sản phẩm)
2025-09-16 21:33:49,080 INFO: Đã ghi 984 sản phẩm vào file crawled_files/products_batch_182_984_ids.csv
2025-09-16 21:33:49,101 INFO: Bắt đầu crawl batch 183 (1000 sản phẩm)
2025-09-16 21:33:51,592 WARNING: Lỗi HTTP 404: Không tim thấy product id - product id: 247922159
2025-09-16 21:33:51,929 WARNING: Lỗi HTTP 404: Không tim thấy product id - product id: 247950409
2025-09-16 21:33:53,625 WARNING: Lỗi HTTP 404: Không tim thấy product id - product id: 248113986
2025-09-16 21:33:53,781 WARNING: Lỗi HTTP 404: Không tim thấy product id - product id: 248154660
2025-09-16 21:33:55,243 WARNING: Lỗi HTTP 404: Không tim thấy product id - product id: 248215260
2025-09-16 21:33:57,002 WARNING: Lỗi HTTP 429 - product id: 248325951, thử lại 1/3
2025-09-16 21:33:57,038 WARNING: Lỗi HTTP 429 - product id: 248326470, thử lại 1/3
2025-09-16 21:33:57,041 WARNING: Lỗi HTTP 429 - product id: 248326963, thử lại 1/3
2025-09-16 21:33:57,060 WARNING: Lỗi HTTP 429 - product id: 248348362, thử lại 1/3
2025-09-16 21:33:57,120 WARNING: Lỗi HTTP 429 - product id: 248342565, thử lại 1/3
2025-09-16 21:33:57,979 WARNING: Lỗi HTTP 404: Không tim thấy product id - product id: 248353725
2025-09-16 21:34:00,448 WARNING: Lỗi HTTP 404: Không tim thấy product id - product id: 248491779
2025-09-16 21:34:00,832 WARNING: Lỗi HTTP 404: Không tim thấy product id - product id: 248492481
2025-09-16 21:34:00,953 WARNING: Lỗi HTTP 404: Không tim thấy product id - product id: 248494132
2025-09-16 21:34:01,053 WARNING: Lỗi HTTP 404: Không tim thấy product id - product id: 248494657
2025-09-16 21:34:01,142 WARNING: Lỗi HTTP 404: Không tim thấy product id - product id: 248496424
2025-09-16 21:34:01,488 WARNING: Lỗi HTTP 404: Không tim thấy product id - product id: 248493276
2025-09-16 21:34:01,537 WARNING: Lỗi HTTP 404: Không tim thấy product id - product id: 248494625
2025-09-16 21:34:01,598 WARNING: Lỗi HTTP 404: Không tim thấy product id - product id: 248495222
2025-09-16 21:34:01,849 WARNING: Lỗi HTTP 404: Không tim thấy product id - product id: 248495488
2025-09-16 21:34:01,890 WARNING: Lỗi HTTP 404: Không tim thấy product id - product id: 248496686
2025-09-16 21:34:02,504 WARNING: Lỗi HTTP 404: Không tim thấy product id - product id: 248540527
2025-09-16 21:34:05,290 WARNING: Lỗi HTTP 404: Không tim thấy product id - product id: 248619617
2025-09-16 21:34:05,725 WARNING: Lỗi HTTP 404: Không tim thấy product id - product id: 248638676
2025-09-16 21:34:06,253 INFO: Đã commit batch 183 (1000 sản phẩm)
2025-09-16 21:34:06,283 INFO: Đã ghi 981 sản phẩm vào file crawled_files/products_batch_183_981_ids.csv
2025-09-16 21:34:06,304 INFO: Bắt đầu crawl batch 184 (1000 sản phẩm)
2025-09-16 21:34:06,888 WARNING: Lỗi HTTP 404: Không tim thấy product id - product id: 248644380
2025-09-16 21:34:09,154 WARNING: Lỗi HTTP 404: Không tim thấy product id - product id: 248746103
2025-09-16 21:34:10,704 WARNING: Lỗi HTTP 404: Không tim thấy product id - product id: 248783003
2025-09-16 21:34:10,726 WARNING: Lỗi HTTP 429 - product id: 248786749, thử lại 1/3
2025-09-16 21:34:11,006 WARNING: Lỗi HTTP 429 - product id: 248788792, thử lại 1/3
2025-09-16 21:34:11,023 WARNING: Lỗi HTTP 404: Không tim thấy product id - product id: 248777924
2025-09-16 21:34:11,837 WARNING: Lỗi HTTP 429 - product id: 248808002, thử lại 1/3
2025-09-16 21:34:12,752 WARNING: Lỗi HTTP 404: Không tim thấy product id - product id: 248865886
2025-09-16 21:34:13,006 WARNING: Lỗi HTTP 429 - product id: 248889055, thử lại 1/3
2025-09-16 21:34:13,044 WARNING: Lỗi HTTP 404: Không tim thấy product id - product id: 248858613
2025-09-16 21:34:13,690 WARNING: Lỗi HTTP 404: Không tim thấy product id - product id: 248884068
2025-09-16 21:34:13,765 WARNING: Lỗi HTTP 429 - product id: 248923311, thử lại 1/3
2025-09-16 21:34:13,901 WARNING: Lỗi HTTP 429 - product id: 248931780, thử lại 1/3
2025-09-16 21:34:13,922 WARNING: Lỗi HTTP 429 - product id: 248931707, thử lại 1/3
2025-09-16 21:34:13,967 WARNING: Lỗi HTTP 429 - product id: 248935246, thử lại 1/3
2025-09-16 21:34:14,068 WARNING: Lỗi HTTP 429 - product id: 248936894, thử lại 1/3
2025-09-16 21:34:14,125 WARNING: Lỗi HTTP 429 - product id: 248939146, thử lại 1/3
2025-09-16 21:34:14,282 WARNING: Lỗi HTTP 429 - product id: 248941863, thử lại 1/3
2025-09-16 21:34:14,696 WARNING: Lỗi HTTP 404: Không tim thấy product id - product id: 248916220
2025-09-16 21:34:17,837 WARNING: Lỗi HTTP 404: Không tim thấy product id - product id: 249017750
2025-09-16 21:34:19,892 WARNING: Lỗi HTTP 404: Không tim thấy product id - product id: 249093147
2025-09-16 21:34:23,443 INFO: Đã commit batch 184 (1000 sản phẩm)
2025-09-16 21:34:23,475 INFO: Đã ghi 990 sản phẩm vào file crawled_files/products_batch_184_990_ids.csv
2025-09-16 21:34:23,496 INFO: Bắt đầu crawl batch 185 (1000 sản phẩm)
2025-09-16 21:34:24,579 WARNING: Lỗi HTTP 429 - product id: 249200352, thử lại 1/3
2025-09-16 21:34:24,953 WARNING: Lỗi HTTP 429 - product id: 249203332, thử lại 1/3
2025-09-16 21:34:27,607 WARNING: Lỗi HTTP 429 - product id: 249234539, thử lại 1/3
2025-09-16 21:34:27,648 WARNING: Lỗi HTTP 429 - product id: 249234838, thử lại 1/3
2025-09-16 21:34:29,900 WARNING: Lỗi HTTP 429 - product id: 249256150, thử lại 1/3
2025-09-16 21:34:29,900 WARNING: Lỗi HTTP 429 - product id: 249256312, thử lại 1/3
2025-09-16 21:34:29,923 WARNING: Lỗi HTTP 429 - product id: 249256438, thử lại 1/3
2025-09-16 21:34:33,772 WARNING: Lỗi HTTP 429 - product id: 249484656, thử lại 1/3
2025-09-16 21:34:33,854 WARNING: Lỗi HTTP 429 - product id: 249485280, thử lại 1/3
2025-09-16 21:34:33,997 WARNING: Lỗi HTTP 429 - product id: 249492949, thử lại 1/3
2025-09-16 21:34:34,065 WARNING: Lỗi HTTP 429 - product id: 249494316, thử lại 1/3
2025-09-16 21:34:34,144 WARNING: Lỗi HTTP 429 - product id: 249516429, thử lại 1/3
2025-09-16 21:34:34,209 WARNING: Lỗi HTTP 429 - product id: 249528409, thử lại 1/3
2025-09-16 21:34:34,272 WARNING: Lỗi HTTP 429 - product id: 249531780, thử lại 1/3
2025-09-16 21:34:34,309 WARNING: Lỗi HTTP 429 - product id: 249531859, thử lại 1/3
2025-09-16 21:34:34,360 WARNING: Lỗi HTTP 429 - product id: 249532433, thử lại 1/3
2025-09-16 21:34:34,363 WARNING: Lỗi HTTP 429 - product id: 249532888, thử lại 1/3
2025-09-16 21:34:34,366 WARNING: Lỗi HTTP 429 - product id: 249532917, thử lại 1/3
2025-09-16 21:34:34,419 WARNING: Lỗi HTTP 429 - product id: 249535175, thử lại 1/3
2025-09-16 21:34:34,432 WARNING: Lỗi HTTP 429 - product id: 249551415, thử lại 1/3
2025-09-16 21:34:34,458 WARNING: Lỗi HTTP 429 - product id: 249564299, thử lại 1/3
2025-09-16 21:34:34,507 WARNING: Lỗi HTTP 429 - product id: 249568491, thử lại 1/3
2025-09-16 21:34:34,573 WARNING: Lỗi HTTP 429 - product id: 249570081, thử lại 1/3
2025-09-16 21:34:34,825 WARNING: Lỗi HTTP 429 - product id: 249570682, thử lại 1/3
2025-09-16 21:34:36,400 WARNING: Lỗi HTTP 404: Không tim thấy product id - product id: 249591076
2025-09-16 21:34:36,659 WARNING: Lỗi HTTP 404: Không tim thấy product id - product id: 249600827
2025-09-16 21:34:36,693 WARNING: Lỗi HTTP 404: Không tim thấy product id - product id: 249601462
2025-09-16 21:34:36,753 WARNING: Lỗi HTTP 404: Không tim thấy product id - product id: 249601697
2025-09-16 21:34:37,101 WARNING: Lỗi HTTP 404: Không tim thấy product id - product id: 249601277
2025-09-16 21:34:37,103 WARNING: Lỗi HTTP 404: Không tim thấy product id - product id: 249602001
2025-09-16 21:34:37,440 WARNING: Lỗi HTTP 404: Không tim thấy product id - product id: 249610710
2025-09-16 21:34:38,370 WARNING: Lỗi HTTP 404: Không tim thấy product id - product id: 249657975
2025-09-16 21:34:38,414 WARNING: Lỗi HTTP 404: Không tim thấy product id - product id: 249657398
2025-09-16 21:34:38,629 WARNING: Lỗi HTTP 404: Không tim thấy product id - product id: 249662613
2025-09-16 21:34:38,944 WARNING: Lỗi HTTP 404: Không tim thấy product id - product id: 249602668
2025-09-16 21:34:42,800 INFO: Đã commit batch 185 (1000 sản phẩm)
2025-09-16 21:34:42,833 INFO: Đã ghi 989 sản phẩm vào file crawled_files/products_batch_185_989_ids.csv
2025-09-16 21:34:42,853 INFO: Bắt đầu crawl batch 186 (1000 sản phẩm)
2025-09-16 21:34:44,740 WARNING: Lỗi HTTP 429 - product id: 249778211, thử lại 1/3
2025-09-16 21:34:44,809 WARNING: Lỗi HTTP 429 - product id: 249779829, thử lại 1/3
2025-09-16 21:34:44,821 WARNING: Lỗi HTTP 429 - product id: 249780020, thử lại 1/3
2025-09-16 21:34:44,918 WARNING: Lỗi HTTP 429 - product id: 249783715, thử lại 1/3
2025-09-16 21:34:51,048 WARNING: Lỗi HTTP 404: Không tim thấy product id - product id: 249947528
2025-09-16 21:34:53,107 WARNING: Lỗi HTTP 429 - product id: 250004035, thử lại 1/3
2025-09-16 21:34:53,162 WARNING: Lỗi HTTP 429 - product id: 250004112, thử lại 1/3
2025-09-16 21:34:53,265 WARNING: Lỗi HTTP 429 - product id: 250004558, thử lại 1/3
2025-09-16 21:34:53,903 WARNING: Lỗi HTTP 404: Không tim thấy product id - product id: 250010817
2025-09-16 21:34:54,584 WARNING: Lỗi HTTP 429 - product id: 250082110, thử lại 1/3
2025-09-16 21:34:54,636 WARNING: Lỗi HTTP 429 - product id: 250087452, thử lại 1/3
2025-09-16 21:34:54,949 WARNING: Lỗi HTTP 429 - product id: 250095089, thử lại 1/3
2025-09-16 21:34:55,140 WARNING: Lỗi HTTP 429 - product id: 250099568, thử lại 1/3
2025-09-16 21:34:55,459 WARNING: Lỗi HTTP 429 - product id: 250103393, thử lại 1/3
2025-09-16 21:34:55,543 WARNING: Lỗi HTTP 404: Không tim thấy product id - product id: 250100139
2025-09-16 21:34:55,582 WARNING: Lỗi HTTP 404: Không tim thấy product id - product id: 250086235
2025-09-16 21:34:55,619 WARNING: Lỗi HTTP 429 - product id: 250004558, thử lại 2/3
2025-09-16 21:34:56,200 WARNING: Lỗi HTTP 404: Không tim thấy product id - product id: 250099921
2025-09-16 21:34:56,393 WARNING: Lỗi HTTP 404: Không tim thấy product id - product id: 250099753
2025-09-16 21:34:56,648 WARNING: Lỗi HTTP 404: Không tim thấy product id - product id: 250118468
2025-09-16 21:34:56,651 WARNING: Lỗi HTTP 404: Không tim thấy product id - product id: 250117849
2025-09-16 21:34:59,957 INFO: Đã commit batch 186 (1000 sản phẩm)
2025-09-16 21:34:59,990 INFO: Đã ghi 992 sản phẩm vào file crawled_files/products_batch_186_992_ids.csv
2025-09-16 21:35:00,011 INFO: Bắt đầu crawl batch 187 (1000 sản phẩm)
2025-09-16 21:35:00,385 WARNING: Lỗi HTTP 404: Không tim thấy product id - product id: 251102827
2025-09-16 21:35:00,857 WARNING: Lỗi HTTP 404: Không tim thấy product id - product id: 251265281
2025-09-16 21:35:00,939 WARNING: Lỗi HTTP 404: Không tim thấy product id - product id: 251262713
2025-09-16 21:35:00,991 WARNING: Lỗi HTTP 404: Không tim thấy product id - product id: 251262923
2025-09-16 21:35:01,159 WARNING: Lỗi HTTP 404: Không tim thấy product id - product id: 251265271
2025-09-16 21:35:01,192 WARNING: Lỗi HTTP 404: Không tim thấy product id - product id: 251265307
2025-09-16 21:35:01,192 WARNING: Lỗi HTTP 404: Không tim thấy product id - product id: 251265358
2025-09-16 21:35:01,195 WARNING: Lỗi HTTP 404: Không tim thấy product id - product id: 251265261
2025-09-16 21:35:01,258 WARNING: Lỗi HTTP 404: Không tim thấy product id - product id: 251265337
2025-09-16 21:35:01,260 WARNING: Lỗi HTTP 404: Không tim thấy product id - product id: 251265309
2025-09-16 21:35:01,284 WARNING: Lỗi HTTP 404: Không tim thấy product id - product id: 251265341
2025-09-16 21:35:01,311 WARNING: Lỗi HTTP 404: Không tim thấy product id - product id: 251265401
2025-09-16 21:35:01,331 WARNING: Lỗi HTTP 404: Không tim thấy product id - product id: 251265414
2025-09-16 21:35:01,357 WARNING: Lỗi HTTP 404: Không tim thấy product id - product id: 251265412
2025-09-16 21:35:01,359 WARNING: Lỗi HTTP 404: Không tim thấy product id - product id: 251265476
2025-09-16 21:35:01,383 WARNING: Lỗi HTTP 404: Không tim thấy product id - product id: 251265500
2025-09-16 21:35:01,433 WARNING: Lỗi HTTP 404: Không tim thấy product id - product id: 251267032
2025-09-16 21:35:01,445 WARNING: Lỗi HTTP 404: Không tim thấy product id - product id: 251265495
2025-09-16 21:35:01,484 WARNING: Lỗi HTTP 404: Không tim thấy product id - product id: 251265507
2025-09-16 21:35:01,610 WARNING: Lỗi HTTP 404: Không tim thấy product id - product id: 251267028
2025-09-16 21:35:01,647 WARNING: Lỗi HTTP 404: Không tim thấy product id - product id: 251267048
2025-09-16 21:35:04,703 WARNING: Lỗi HTTP 404: Không tim thấy product id - product id: 251536700
2025-09-16 21:35:04,755 WARNING: Lỗi HTTP 404: Không tim thấy product id - product id: 251536707
2025-09-16 21:35:04,793 WARNING: Lỗi HTTP 404: Không tim thấy product id - product id: 251536737
2025-09-16 21:35:04,841 WARNING: Lỗi HTTP 404: Không tim thấy product id - product id: 251536952
2025-09-16 21:35:04,917 WARNING: Lỗi HTTP 404: Không tim thấy product id - product id: 251536998
2025-09-16 21:35:05,230 WARNING: Lỗi HTTP 404: Không tim thấy product id - product id: 251537022
2025-09-16 21:35:05,342 WARNING: Lỗi HTTP 404: Không tim thấy product id - product id: 251536679
2025-09-16 21:35:05,379 WARNING: Lỗi HTTP 404: Không tim thấy product id - product id: 251536923
2025-09-16 21:35:05,399 WARNING: Lỗi HTTP 404: Không tim thấy product id - product id: 251573204
2025-09-16 21:35:05,433 WARNING: Lỗi HTTP 404: Không tim thấy product id - product id: 251536925
2025-09-16 21:35:05,482 WARNING: Lỗi HTTP 404: Không tim thấy product id - product id: 251536661
2025-09-16 21:35:05,905 WARNING: Lỗi HTTP 404: Không tim thấy product id - product id: 251550541
2025-09-16 21:35:06,470 WARNING: Lỗi HTTP 404: Không tim thấy product id - product id: 251770063
2025-09-16 21:35:06,547 WARNING: Lỗi HTTP 404: Không tim thấy product id - product id: 251590836
2025-09-16 21:35:06,559 WARNING: Lỗi HTTP 404: Không tim thấy product id - product id: 251772917
2025-09-16 21:35:06,661 WARNING: Lỗi HTTP 404: Không tim thấy product id - product id: 251590785
2025-09-16 21:35:06,665 WARNING: Lỗi HTTP 404: Không tim thấy product id - product id: 251773322
2025-09-16 21:35:07,108 WARNING: Lỗi HTTP 404: Không tim thấy product id - product id: 251751008
2025-09-16 21:35:07,485 WARNING: Lỗi HTTP 404: Không tim thấy product id - product id: 251772966
2025-09-16 21:35:07,568 WARNING: Lỗi HTTP 429 - product id: 251971974, thử lại 1/3
2025-09-16 21:35:07,907 WARNING: Lỗi HTTP 404: Không tim thấy product id - product id: 251921456
2025-09-16 21:35:09,217 WARNING: Lỗi HTTP 429 - product id: 252022565, thử lại 1/3
2025-09-16 21:35:10,311 WARNING: Lỗi HTTP 429 - product id: 252054599, thử lại 1/3
2025-09-16 21:35:11,917 WARNING: Lỗi HTTP 429 - product id: 252073831, thử lại 1/3
2025-09-16 21:35:12,071 WARNING: Lỗi HTTP 429 - product id: 252084170, thử lại 1/3
2025-09-16 21:35:12,076 WARNING: Lỗi HTTP 429 - product id: 252084213, thử lại 1/3
2025-09-16 21:35:15,208 WARNING: Lỗi HTTP 429 - product id: 252213563, thử lại 1/3
2025-09-16 21:35:15,223 WARNING: Lỗi HTTP 429 - product id: 252220932, thử lại 1/3
2025-09-16 21:35:15,739 WARNING: Lỗi HTTP 404: Không tim thấy product id - product id: 252177965
2025-09-16 21:35:16,136 WARNING: Lỗi HTTP 404: Không tim thấy product id - product id: 252211869
2025-09-16 21:35:16,186 WARNING: Lỗi HTTP 429 - product id: 252265734, thử lại 1/3
2025-09-16 21:35:17,099 WARNING: Lỗi HTTP 404: Không tim thấy product id - product id: 252279274
2025-09-16 21:35:18,299 INFO: Đã commit batch 187 (1000 sản phẩm)
2025-09-16 21:35:18,330 INFO: Đã ghi 956 sản phẩm vào file crawled_files/products_batch_187_956_ids.csv
2025-09-16 21:35:18,350 INFO: Bắt đầu crawl batch 188 (1000 sản phẩm)
2025-09-16 21:35:19,245 WARNING: Lỗi HTTP 404: Không tim thấy product id - product id: 252357193
2025-09-16 21:35:19,481 WARNING: Lỗi HTTP 404: Không tim thấy product id - product id: 252356056
2025-09-16 21:35:20,433 WARNING: Lỗi HTTP 429 - product id: 252400358, thử lại 1/3
2025-09-16 21:35:20,475 WARNING: Lỗi HTTP 429 - product id: 252400707, thử lại 1/3
2025-09-16 21:35:20,497 WARNING: Lỗi HTTP 429 - product id: 252402081, thử lại 1/3
2025-09-16 21:35:20,500 WARNING: Lỗi HTTP 429 - product id: 252404015, thử lại 1/3
2025-09-16 21:35:20,501 WARNING: Lỗi HTTP 429 - product id: 252401609, thử lại 1/3
2025-09-16 21:35:20,517 WARNING: Lỗi HTTP 429 - product id: 252401950, thử lại 1/3
2025-09-16 21:35:20,642 WARNING: Lỗi HTTP 429 - product id: 252413892, thử lại 1/3
2025-09-16 21:35:20,727 WARNING: Lỗi HTTP 429 - product id: 252427893, thử lại 1/3
2025-09-16 21:35:21,548 WARNING: Lỗi HTTP 429 - product id: 252529733, thử lại 1/3
2025-09-16 21:35:21,564 WARNING: Lỗi HTTP 429 - product id: 252529672, thử lại 1/3
2025-09-16 21:35:22,808 WARNING: Lỗi HTTP 429 - product id: 252402081, thử lại 2/3
2025-09-16 21:35:29,860 WARNING: Lỗi HTTP 429 - product id: 252661777, thử lại 1/3
2025-09-16 21:35:29,996 WARNING: Lỗi HTTP 429 - product id: 252663431, thử lại 1/3
2025-09-16 21:35:30,139 WARNING: Lỗi HTTP 429 - product id: 252672664, thử lại 1/3
2025-09-16 21:35:30,151 WARNING: Lỗi HTTP 429 - product id: 252672694, thử lại 1/3
2025-09-16 21:35:30,214 WARNING: Lỗi HTTP 429 - product id: 252672812, thử lại 1/3
2025-09-16 21:35:30,240 WARNING: Lỗi HTTP 429 - product id: 252673084, thử lại 1/3
2025-09-16 21:35:30,299 WARNING: Lỗi HTTP 429 - product id: 252673327, thử lại 1/3
2025-09-16 21:35:30,305 WARNING: Lỗi HTTP 429 - product id: 252673926, thử lại 1/3
2025-09-16 21:35:30,801 WARNING: Lỗi HTTP 429 - product id: 252682597, thử lại 1/3
2025-09-16 21:35:30,814 WARNING: Lỗi HTTP 429 - product id: 252683477, thử lại 1/3
2025-09-16 21:35:30,888 WARNING: Lỗi HTTP 429 - product id: 252698986, thử lại 1/3
2025-09-16 21:35:30,902 WARNING: Lỗi HTTP 429 - product id: 252699835, thử lại 1/3
2025-09-16 21:35:30,952 WARNING: Lỗi HTTP 429 - product id: 252700835, thử lại 1/3
2025-09-16 21:35:31,161 WARNING: Lỗi HTTP 429 - product id: 252699230, thử lại 1/3
2025-09-16 21:35:31,656 WARNING: Lỗi HTTP 429 - product id: 252714894, thử lại 1/3
2025-09-16 21:35:31,680 WARNING: Lỗi HTTP 429 - product id: 252714944, thử lại 1/3
2025-09-16 21:35:31,905 WARNING: Lỗi HTTP 429 - product id: 252716063, thử lại 1/3
2025-09-16 21:35:31,924 WARNING: Lỗi HTTP 429 - product id: 252716187, thử lại 1/3
2025-09-16 21:35:32,200 WARNING: Lỗi HTTP 429 - product id: 252719176, thử lại 1/3
2025-09-16 21:35:32,881 WARNING: Lỗi HTTP 404: Không tim thấy product id - product id: 252720992
2025-09-16 21:35:34,992 WARNING: Lỗi HTTP 404: Không tim thấy product id - product id: 252757905
2025-09-16 21:35:35,437 INFO: Đã commit batch 188 (1000 sản phẩm)
2025-09-16 21:35:35,471 INFO: Đã ghi 996 sản phẩm vào file crawled_files/products_batch_188_996_ids.csv
2025-09-16 21:35:35,491 INFO: Bắt đầu crawl batch 189 (1000 sản phẩm)
2025-09-16 21:35:38,688 WARNING: Lỗi HTTP 404: Không tim thấy product id - product id: 252882714
2025-09-16 21:35:38,993 WARNING: Lỗi HTTP 404: Không tim thấy product id - product id: 252887336
2025-09-16 21:35:41,238 WARNING: Lỗi HTTP 429 - product id: 253047948, thử lại 1/3
2025-09-16 21:35:41,264 WARNING: Lỗi HTTP 404: Không tim thấy product id - product id: 253041020
2025-09-16 21:35:41,323 WARNING: Lỗi HTTP 429 - product id: 253049693, thử lại 1/3
2025-09-16 21:35:41,347 WARNING: Lỗi HTTP 429 - product id: 253051951, thử lại 1/3
2025-09-16 21:35:41,386 WARNING: Lỗi HTTP 429 - product id: 253052081, thử lại 1/3
2025-09-16 21:35:43,018 WARNING: Lỗi HTTP 404: Không tim thấy product id - product id: 253073394
2025-09-16 21:35:46,779 WARNING: Lỗi HTTP 404: Không tim thấy product id - product id: 253111307
2025-09-16 21:35:47,220 WARNING: Lỗi HTTP 404: Không tim thấy product id - product id: 253116073
2025-09-16 21:35:48,893 WARNING: Lỗi HTTP 404: Không tim thấy product id - product id: 253146662
2025-09-16 21:35:51,676 WARNING: Lỗi HTTP 404: Không tim thấy product id - product id: 253184152
2025-09-16 21:35:51,868 WARNING: Lỗi HTTP 404: Không tim thấy product id - product id: 253186947
2025-09-16 21:35:52,363 WARNING: Lỗi HTTP 404: Không tim thấy product id - product id: 253193479
2025-09-16 21:35:52,532 INFO: Đã commit batch 189 (1000 sản phẩm)
2025-09-16 21:35:52,565 INFO: Đã ghi 990 sản phẩm vào file crawled_files/products_batch_189_990_ids.csv
2025-09-16 21:35:52,586 INFO: Bắt đầu crawl batch 190 (1000 sản phẩm)
2025-09-16 21:35:54,899 WARNING: Lỗi HTTP 429 - product id: 253244938, thử lại 1/3
2025-09-16 21:35:55,369 WARNING: Lỗi HTTP 429 - product id: 253249187, thử lại 1/3
2025-09-16 21:35:55,412 WARNING: Lỗi HTTP 429 - product id: 253253483, thử lại 1/3
2025-09-16 21:36:07,741 WARNING: Lỗi HTTP 429 - product id: 253296012, thử lại 1/3
2025-09-16 21:36:07,870 WARNING: Lỗi HTTP 429 - product id: 253296322, thử lại 1/3
2025-09-16 21:36:07,914 WARNING: Lỗi HTTP 429 - product id: 253296554, thử lại 1/3
2025-09-16 21:36:07,939 WARNING: Lỗi HTTP 429 - product id: 253296814, thử lại 1/3
2025-09-16 21:36:07,941 WARNING: Lỗi HTTP 429 - product id: 253304411, thử lại 1/3
2025-09-16 21:36:08,006 WARNING: Lỗi HTTP 429 - product id: 253297009, thử lại 1/3
2025-09-16 21:36:08,030 WARNING: Lỗi HTTP 429 - product id: 253298126, thử lại 1/3
2025-09-16 21:36:08,090 WARNING: Lỗi HTTP 429 - product id: 253299702, thử lại 1/3
2025-09-16 21:36:08,544 WARNING: Lỗi HTTP 429 - product id: 253306756, thử lại 1/3
2025-09-16 21:36:10,669 INFO: Đã commit batch 190 (1000 sản phẩm)
2025-09-16 21:36:10,693 INFO: Đã ghi 1000 sản phẩm vào file crawled_files/products_batch_190_1000_ids.csv
2025-09-16 21:36:10,713 INFO: Bắt đầu crawl batch 191 (1000 sản phẩm)
2025-09-16 21:36:13,378 WARNING: Lỗi HTTP 429 - product id: 253344305, thử lại 1/3
2025-09-16 21:36:13,393 WARNING: Lỗi HTTP 429 - product id: 253347446, thử lại 1/3
2025-09-16 21:36:13,411 WARNING: Lỗi HTTP 429 - product id: 253347580, thử lại 1/3
2025-09-16 21:36:13,509 WARNING: Lỗi HTTP 429 - product id: 253348107, thử lại 1/3
2025-09-16 21:36:13,518 WARNING: Lỗi HTTP 429 - product id: 253348076, thử lại 1/3
2025-09-16 21:36:14,438 WARNING: Lỗi HTTP 404: Không tim thấy product id - product id: 253350227
2025-09-16 21:36:24,408 WARNING: Lỗi HTTP 404: Không tim thấy product id - product id: 253614654
2025-09-16 21:36:24,459 WARNING: Lỗi HTTP 404: Không tim thấy product id - product id: 253614911
2025-09-16 21:36:25,390 WARNING: Lỗi HTTP 429 - product id: 253656536, thử lại 1/3
2025-09-16 21:36:25,493 WARNING: Lỗi HTTP 429 - product id: 253662605, thử lại 1/3
2025-09-16 21:36:25,545 WARNING: Lỗi HTTP 429 - product id: 253662957, thử lại 1/3
2025-09-16 21:36:25,613 WARNING: Lỗi HTTP 404: Không tim thấy product id - product id: 253620976
2025-09-16 21:36:25,714 WARNING: Lỗi HTTP 429 - product id: 253663612, thử lại 1/3
2025-09-16 21:36:26,134 WARNING: Lỗi HTTP 404: Không tim thấy product id - product id: 253664020
2025-09-16 21:36:27,805 INFO: Đã commit batch 191 (1000 sản phẩm)
2025-09-16 21:36:27,837 INFO: Đã ghi 995 sản phẩm vào file crawled_files/products_batch_191_995_ids.csv
2025-09-16 21:36:27,857 INFO: Bắt đầu crawl batch 192 (1000 sản phẩm)
2025-09-16 21:36:28,267 WARNING: Lỗi HTTP 429 - product id: 254019851, thử lại 1/3
2025-09-16 21:36:28,360 WARNING: Lỗi HTTP 429 - product id: 254022839, thử lại 1/3
2025-09-16 21:36:28,460 WARNING: Lỗi HTTP 429 - product id: 254037328, thử lại 1/3
2025-09-16 21:36:28,496 WARNING: Lỗi HTTP 429 - product id: 254037337, thử lại 1/3
2025-09-16 21:36:28,527 WARNING: Lỗi HTTP 404: Không tim thấy product id - product id: 253766925
2025-09-16 21:36:29,370 WARNING: Lỗi HTTP 429 - product id: 254089389, thử lại 1/3
2025-09-16 21:36:29,440 WARNING: Lỗi HTTP 429 - product id: 254090497, thử lại 1/3
2025-09-16 21:36:29,465 WARNING: Lỗi HTTP 429 - product id: 254093864, thử lại 1/3
2025-09-16 21:36:29,803 WARNING: Lỗi HTTP 429 - product id: 254125128, thử lại 1/3
2025-09-16 21:36:30,509 WARNING: Lỗi HTTP 429 - product id: 254148799, thử lại 1/3
2025-09-16 21:36:30,528 WARNING: Lỗi HTTP 429 - product id: 254181532, thử lại 1/3
2025-09-16 21:36:30,577 WARNING: Lỗi HTTP 404: Không tim thấy product id - product id: 254181075
2025-09-16 21:36:30,703 WARNING: Lỗi HTTP 404: Không tim thấy product id - product id: 254124238
2025-09-16 21:36:30,936 WARNING: Lỗi HTTP 429 - product id: 254294938, thử lại 1/3
2025-09-16 21:36:31,228 WARNING: Lỗi HTTP 404: Không tim thấy product id - product id: 254871792
2025-09-16 21:36:31,329 WARNING: Lỗi HTTP 404: Không tim thấy product id - product id: 254896526
2025-09-16 21:36:31,397 WARNING: Lỗi HTTP 404: Không tim thấy product id - product id: 254896847
2025-09-16 21:36:31,447 WARNING: Lỗi HTTP 404: Không tim thấy product id - product id: 254896890
2025-09-16 21:36:31,547 WARNING: Lỗi HTTP 404: Không tim thấy product id - product id: 254896904
2025-09-16 21:36:31,672 WARNING: Lỗi HTTP 429 - product id: 254900615, thử lại 1/3
2025-09-16 21:36:31,765 WARNING: Lỗi HTTP 429 - product id: 254903173, thử lại 1/3
2025-09-16 21:36:31,883 WARNING: Lỗi HTTP 404: Không tim thấy product id - product id: 254871760
2025-09-16 21:36:31,923 WARNING: Lỗi HTTP 429 - product id: 254903278, thử lại 1/3
2025-09-16 21:36:31,950 WARNING: Lỗi HTTP 404: Không tim thấy product id - product id: 254871744
2025-09-16 21:36:31,954 WARNING: Lỗi HTTP 429 - product id: 254903282, thử lại 1/3
2025-09-16 21:36:31,987 WARNING: Lỗi HTTP 429 - product id: 254903325, thử lại 1/3
2025-09-16 21:36:32,041 WARNING: Lỗi HTTP 429 - product id: 254903377, thử lại 1/3
2025-09-16 21:36:32,105 WARNING: Lỗi HTTP 404: Không tim thấy product id - product id: 254896486
2025-09-16 21:36:32,150 WARNING: Lỗi HTTP 404: Không tim thấy product id - product id: 254896992
2025-09-16 21:36:32,158 WARNING: Lỗi HTTP 404: Không tim thấy product id - product id: 254896768
2025-09-16 21:36:32,184 WARNING: Lỗi HTTP 404: Không tim thấy product id - product id: 254896507
2025-09-16 21:36:32,207 WARNING: Lỗi HTTP 404: Không tim thấy product id - product id: 254896794
2025-09-16 21:36:32,232 WARNING: Lỗi HTTP 404: Không tim thấy product id - product id: 254896809
2025-09-16 21:36:32,285 WARNING: Lỗi HTTP 404: Không tim thấy product id - product id: 254896832
2025-09-16 21:36:32,349 WARNING: Lỗi HTTP 404: Không tim thấy product id - product id: 254897050
2025-09-16 21:36:32,428 WARNING: Lỗi HTTP 429 - product id: 254908253, thử lại 1/3
2025-09-16 21:36:32,433 WARNING: Lỗi HTTP 429 - product id: 255010523, thử lại 1/3
2025-09-16 21:36:32,470 WARNING: Lỗi HTTP 429 - product id: 255076331, thử lại 1/3
2025-09-16 21:36:32,507 WARNING: Lỗi HTTP 429 - product id: 255076880, thử lại 1/3
2025-09-16 21:36:32,787 WARNING: Lỗi HTTP 429 - product id: 255175667, thử lại 1/3
2025-09-16 21:36:33,390 WARNING: Lỗi HTTP 429 - product id: 255293668, thử lại 1/3
2025-09-16 21:36:34,072 WARNING: Lỗi HTTP 429 - product id: 255349653, thử lại 1/3
2025-09-16 21:36:34,161 WARNING: Lỗi HTTP 429 - product id: 254903282, thử lại 2/3
2025-09-16 21:36:34,729 WARNING: Lỗi HTTP 404: Không tim thấy product id - product id: 255349730
2025-09-16 21:36:34,921 WARNING: Lỗi HTTP 429 - product id: 255623215, thử lại 1/3
2025-09-16 21:36:35,322 WARNING: Lỗi HTTP 429 - product id: 255763155, thử lại 1/3
2025-09-16 21:36:35,390 WARNING: Lỗi HTTP 429 - product id: 255765277, thử lại 1/3
2025-09-16 21:36:35,393 WARNING: Lỗi HTTP 429 - product id: 255764334, thử lại 1/3
2025-09-16 21:36:39,391 WARNING: Lỗi HTTP 404: Không tim thấy product id - product id: 257787201
2025-09-16 21:36:41,347 WARNING: Lỗi HTTP 404: Không tim thấy product id - product id: 257925319
2025-09-16 21:36:41,903 WARNING: Lỗi HTTP 404: Không tim thấy product id - product id: 258610145
2025-09-16 21:36:42,400 WARNING: Lỗi HTTP 404: Không tim thấy product id - product id: 258668703
2025-09-16 21:36:44,890 WARNING: Lỗi HTTP 404: Không tim thấy product id - product id: 259485900
2025-09-16 21:36:45,213 INFO: Đã commit batch 192 (1000 sản phẩm)
2025-09-16 21:36:45,243 INFO: Đã ghi 976 sản phẩm vào file crawled_files/products_batch_192_976_ids.csv
2025-09-16 21:36:45,262 INFO: Bắt đầu crawl batch 193 (1000 sản phẩm)
2025-09-16 21:36:46,389 WARNING: Lỗi HTTP 404: Không tim thấy product id - product id: 259514222
2025-09-16 21:36:46,609 WARNING: Lỗi HTTP 429 - product id: 259540758, thử lại 1/3
2025-09-16 21:36:51,109 WARNING: Lỗi HTTP 404: Không tim thấy product id - product id: 260640691
2025-09-16 21:36:51,220 WARNING: Lỗi HTTP 429 - product id: 260797731, thử lại 1/3
2025-09-16 21:36:52,310 WARNING: Lỗi HTTP 404: Không tim thấy product id - product id: 260797947
2025-09-16 21:36:52,324 WARNING: Lỗi HTTP 404: Không tim thấy product id - product id: 260807322
2025-09-16 21:36:52,989 WARNING: Lỗi HTTP 404: Không tim thấy product id - product id: 260805654
2025-09-16 21:36:53,192 WARNING: Lỗi HTTP 404: Không tim thấy product id - product id: 260807619
2025-09-16 21:36:53,359 WARNING: Lỗi HTTP 404: Không tim thấy product id - product id: 260810317
2025-09-16 21:36:55,617 WARNING: Lỗi HTTP 429 - product id: 260938918, thử lại 1/3
2025-09-16 21:36:57,567 WARNING: Lỗi HTTP 429 - product id: 261799770, thử lại 1/3
2025-09-16 21:36:57,583 WARNING: Lỗi HTTP 404: Không tim thấy product id - product id: 261072979
2025-09-16 21:36:57,669 WARNING: Lỗi HTTP 429 - product id: 261799919, thử lại 1/3
2025-09-16 21:36:57,748 WARNING: Lỗi HTTP 404: Không tim thấy product id - product id: 261798479
2025-09-16 21:36:57,776 WARNING: Lỗi HTTP 429 - product id: 261802774, thử lại 1/3
2025-09-16 21:36:57,872 WARNING: Lỗi HTTP 429 - product id: 261803300, thử lại 1/3
2025-09-16 21:36:57,966 WARNING: Lỗi HTTP 429 - product id: 261808687, thử lại 1/3
2025-09-16 21:36:58,055 WARNING: Lỗi HTTP 429 - product id: 261809286, thử lại 1/3
2025-09-16 21:36:58,073 WARNING: Lỗi HTTP 429 - product id: 261809287, thử lại 1/3
2025-09-16 21:36:58,513 WARNING: Lỗi HTTP 429 - product id: 261809384, thử lại 1/3
2025-09-16 21:36:59,238 WARNING: Lỗi HTTP 429 - product id: 261812848, thử lại 1/3
2025-09-16 21:36:59,835 WARNING: Lỗi HTTP 429 - product id: 261820077, thử lại 1/3
2025-09-16 21:36:59,895 WARNING: Lỗi HTTP 429 - product id: 261821474, thử lại 1/3
2025-09-16 21:36:59,916 WARNING: Lỗi HTTP 429 - product id: 261821759, thử lại 1/3
2025-09-16 21:36:59,992 WARNING: Lỗi HTTP 429 - product id: 261822256, thử lại 1/3
2025-09-16 21:37:00,266 WARNING: Lỗi HTTP 429 - product id: 261824271, thử lại 1/3
2025-09-16 21:37:00,401 WARNING: Lỗi HTTP 404: Không tim thấy product id - product id: 261815158
2025-09-16 21:37:00,526 WARNING: Lỗi HTTP 429 - product id: 261829971, thử lại 1/3
2025-09-16 21:37:00,530 WARNING: Lỗi HTTP 429 - product id: 261828397, thử lại 1/3
2025-09-16 21:37:01,547 WARNING: Lỗi HTTP 404: Không tim thấy product id - product id: 261839476
2025-09-16 21:37:02,648 INFO: Đã commit batch 193 (1000 sản phẩm)
2025-09-16 21:37:02,678 INFO: Đã ghi 989 sản phẩm vào file crawled_files/products_batch_193_989_ids.csv
2025-09-16 21:37:02,699 INFO: Bắt đầu crawl batch 194 (1000 sản phẩm)
2025-09-16 21:37:03,250 WARNING: Lỗi HTTP 404: Không tim thấy product id - product id: 261900461
2025-09-16 21:37:03,326 WARNING: Lỗi HTTP 404: Không tim thấy product id - product id: 261900631
2025-09-16 21:37:03,676 WARNING: Lỗi HTTP 404: Không tim thấy product id - product id: 261900853
2025-09-16 21:37:05,445 WARNING: Lỗi HTTP 429 - product id: 261973179, thử lại 1/3
2025-09-16 21:37:05,450 WARNING: Lỗi HTTP 429 - product id: 261973211, thử lại 1/3
2025-09-16 21:37:05,509 WARNING: Lỗi HTTP 429 - product id: 261974951, thử lại 1/3
2025-09-16 21:37:05,591 WARNING: Lỗi HTTP 404: Không tim thấy product id - product id: 261961817
2025-09-16 21:37:05,929 WARNING: Lỗi HTTP 404: Không tim thấy product id - product id: 261978845
2025-09-16 21:37:06,009 WARNING: Lỗi HTTP 429 - product id: 261982949, thử lại 1/3
2025-09-16 21:37:06,030 WARNING: Lỗi HTTP 404: Không tim thấy product id - product id: 261978932
2025-09-16 21:37:06,097 WARNING: Lỗi HTTP 404: Không tim thấy product id - product id: 261978851
2025-09-16 21:37:06,148 WARNING: Lỗi HTTP 404: Không tim thấy product id - product id: 261979052
2025-09-16 21:37:06,148 WARNING: Lỗi HTTP 404: Không tim thấy product id - product id: 261978931
2025-09-16 21:37:06,172 WARNING: Lỗi HTTP 404: Không tim thấy product id - product id: 261979001
2025-09-16 21:37:06,177 WARNING: Lỗi HTTP 404: Không tim thấy product id - product id: 261979084
2025-09-16 21:37:06,207 WARNING: Lỗi HTTP 429 - product id: 261984777, thử lại 1/3
2025-09-16 21:37:06,240 WARNING: Lỗi HTTP 404: Không tim thấy product id - product id: 261979037
2025-09-16 21:37:06,242 WARNING: Lỗi HTTP 429 - product id: 261984820, thử lại 1/3
2025-09-16 21:37:06,244 WARNING: Lỗi HTTP 404: Không tim thấy product id - product id: 261979142
2025-09-16 21:37:06,277 WARNING: Lỗi HTTP 404: Không tim thấy product id - product id: 261979067
2025-09-16 21:37:06,328 WARNING: Lỗi HTTP 429 - product id: 261988647, thử lại 1/3
2025-09-16 21:37:06,520 WARNING: Lỗi HTTP 404: Không tim thấy product id - product id: 261978801
2025-09-16 21:37:06,570 WARNING: Lỗi HTTP 404: Không tim thấy product id - product id: 261978823
2025-09-16 21:37:06,620 WARNING: Lỗi HTTP 404: Không tim thấy product id - product id: 261978937
2025-09-16 21:37:06,672 WARNING: Lỗi HTTP 404: Không tim thấy product id - product id: 261979157
2025-09-16 21:37:07,092 WARNING: Lỗi HTTP 404: Không tim thấy product id - product id: 261995759
2025-09-16 21:37:07,218 WARNING: Lỗi HTTP 404: Không tim thấy product id - product id: 261988228
2025-09-16 21:37:08,020 WARNING: Lỗi HTTP 429 - product id: 262043971, thử lại 1/3
2025-09-16 21:37:08,210 WARNING: Lỗi HTTP 429 - product id: 262048868, thử lại 1/3
2025-09-16 21:37:09,301 WARNING: Lỗi HTTP 429 - product id: 262053971, thử lại 1/3
2025-09-16 21:37:09,302 WARNING: Lỗi HTTP 429 - product id: 262053987, thử lại 1/3
2025-09-16 21:37:10,164 WARNING: Lỗi HTTP 429 - product id: 262068303, thử lại 1/3
2025-09-16 21:37:11,058 WARNING: Lỗi HTTP 429 - product id: 262083560, thử lại 1/3
2025-09-16 21:37:11,874 WARNING: Lỗi HTTP 404: Không tim thấy product id - product id: 262082309
2025-09-16 21:37:14,158 WARNING: Lỗi HTTP 429 - product id: 262096696, thử lại 1/3
2025-09-16 21:37:14,248 WARNING: Lỗi HTTP 429 - product id: 262096869, thử lại 1/3
2025-09-16 21:37:14,406 WARNING: Lỗi HTTP 429 - product id: 262097396, thử lại 1/3
2025-09-16 21:37:14,491 WARNING: Lỗi HTTP 429 - product id: 262097629, thử lại 1/3
2025-09-16 21:37:14,648 WARNING: Lỗi HTTP 429 - product id: 262098251, thử lại 1/3
2025-09-16 21:37:14,651 WARNING: Lỗi HTTP 429 - product id: 262098414, thử lại 1/3
2025-09-16 21:37:14,713 WARNING: Lỗi HTTP 429 - product id: 262098479, thử lại 1/3
2025-09-16 21:37:14,735 WARNING: Lỗi HTTP 429 - product id: 262098893, thử lại 1/3
2025-09-16 21:37:14,802 WARNING: Lỗi HTTP 429 - product id: 262099252, thử lại 1/3
2025-09-16 21:37:15,662 WARNING: Lỗi HTTP 429 - product id: 262101757, thử lại 1/3
2025-09-16 21:37:17,094 WARNING: Lỗi HTTP 429 - product id: 262098414, thử lại 2/3
2025-09-16 21:37:17,097 WARNING: Lỗi HTTP 429 - product id: 262106098, thử lại 1/3
2025-09-16 21:37:17,196 WARNING: Lỗi HTTP 429 - product id: 262106321, thử lại 1/3
2025-09-16 21:37:21,197 INFO: Đã commit batch 194 (1000 sản phẩm)
2025-09-16 21:37:21,227 INFO: Đã ghi 979 sản phẩm vào file crawled_files/products_batch_194_979_ids.csv
2025-09-16 21:37:21,246 INFO: Bắt đầu crawl batch 195 (1000 sản phẩm)
2025-09-16 21:37:23,586 WARNING: Lỗi HTTP 404: Không tim thấy product id - product id: 262198965
2025-09-16 21:37:24,268 WARNING: Lỗi HTTP 404: Không tim thấy product id - product id: 262213883
2025-09-16 21:37:24,318 WARNING: Lỗi HTTP 404: Không tim thấy product id - product id: 262227178
2025-09-16 21:37:24,388 WARNING: Lỗi HTTP 429 - product id: 262230106, thử lại 1/3
2025-09-16 21:37:24,452 WARNING: Lỗi HTTP 429 - product id: 262230558, thử lại 1/3
2025-09-16 21:37:24,629 WARNING: Lỗi HTTP 429 - product id: 262231496, thử lại 1/3
2025-09-16 21:37:24,811 WARNING: Lỗi HTTP 429 - product id: 262232470, thử lại 1/3
2025-09-16 21:37:24,865 WARNING: Lỗi HTTP 429 - product id: 262232945, thử lại 1/3
2025-09-16 21:37:24,950 WARNING: Lỗi HTTP 429 - product id: 262233671, thử lại 1/3
2025-09-16 21:37:25,101 WARNING: Lỗi HTTP 429 - product id: 262234703, thử lại 1/3
2025-09-16 21:37:25,205 WARNING: Lỗi HTTP 429 - product id: 262234844, thử lại 1/3
2025-09-16 21:37:25,918 WARNING: Lỗi HTTP 404: Không tim thấy product id - product id: 262235674
2025-09-16 21:37:30,058 WARNING: Lỗi HTTP 429 - product id: 262255745, thử lại 1/3
2025-09-16 21:37:30,254 WARNING: Lỗi HTTP 429 - product id: 262256582, thử lại 1/3
2025-09-16 21:37:30,607 WARNING: Lỗi HTTP 429 - product id: 262257918, thử lại 1/3
2025-09-16 21:37:30,864 WARNING: Lỗi HTTP 429 - product id: 262258711, thử lại 1/3
2025-09-16 21:37:31,219 WARNING: Lỗi HTTP 429 - product id: 262259649, thử lại 1/3
2025-09-16 21:37:32,251 WARNING: Lỗi HTTP 429 - product id: 262261920, thử lại 1/3
2025-09-16 21:37:33,744 WARNING: Lỗi HTTP 429 - product id: 262265032, thử lại 1/3
2025-09-16 21:37:33,899 WARNING: Lỗi HTTP 429 - product id: 262265222, thử lại 1/3
2025-09-16 21:37:36,550 WARNING: Lỗi HTTP 429 - product id: 262268512, thử lại 1/3
2025-09-16 21:37:36,673 WARNING: Lỗi HTTP 429 - product id: 262268790, thử lại 1/3
2025-09-16 21:37:38,757 INFO: Đã commit batch 195 (1000 sản phẩm)
2025-09-16 21:37:38,783 INFO: Đã ghi 996 sản phẩm vào file crawled_files/products_batch_195_996_ids.csv
2025-09-16 21:37:38,803 INFO: Bắt đầu crawl batch 196 (1000 sản phẩm)
2025-09-16 21:37:40,301 WARNING: Lỗi HTTP 429 - product id: 262272983, thử lại 1/3
2025-09-16 21:37:40,306 WARNING: Lỗi HTTP 429 - product id: 262272996, thử lại 1/3
2025-09-16 21:37:46,153 WARNING: Lỗi HTTP 429 - product id: 262293044, thử lại 1/3
2025-09-16 21:37:46,153 WARNING: Lỗi HTTP 429 - product id: 262293070, thử lại 1/3
2025-09-16 21:37:46,314 WARNING: Lỗi HTTP 429 - product id: 262295308, thử lại 1/3
2025-09-16 21:37:47,227 WARNING: Lỗi HTTP 404: Không tim thấy product id - product id: 262301764
2025-09-16 21:37:47,738 WARNING: Lỗi HTTP 404: Không tim thấy product id - product id: 262346337
2025-09-16 21:37:49,935 WARNING: Lỗi HTTP 429 - product id: 262461400, thử lại 1/3
2025-09-16 21:37:49,951 WARNING: Lỗi HTTP 429 - product id: 262461917, thử lại 1/3
2025-09-16 21:37:50,011 WARNING: Lỗi HTTP 429 - product id: 262462331, thử lại 1/3
2025-09-16 21:37:50,017 WARNING: Lỗi HTTP 429 - product id: 262463431, thử lại 1/3
2025-09-16 21:37:50,056 WARNING: Lỗi HTTP 429 - product id: 262464652, thử lại 1/3
2025-09-16 21:37:50,094 WARNING: Lỗi HTTP 429 - product id: 262465521, thử lại 1/3
2025-09-16 21:37:50,155 WARNING: Lỗi HTTP 429 - product id: 262468357, thử lại 1/3
2025-09-16 21:37:50,164 WARNING: Lỗi HTTP 429 - product id: 262469432, thử lại 1/3
2025-09-16 21:37:50,228 WARNING: Lỗi HTTP 429 - product id: 262473144, thử lại 1/3
2025-09-16 21:37:50,262 WARNING: Lỗi HTTP 429 - product id: 262475750, thử lại 1/3
2025-09-16 21:37:50,576 WARNING: Lỗi HTTP 429 - product id: 262482871, thử lại 1/3
2025-09-16 21:37:50,625 WARNING: Lỗi HTTP 429 - product id: 262482994, thử lại 1/3
2025-09-16 21:37:50,654 WARNING: Lỗi HTTP 429 - product id: 262484382, thử lại 1/3
2025-09-16 21:37:51,130 WARNING: Lỗi HTTP 404: Không tim thấy product id - product id: 262482056
2025-09-16 21:37:51,281 WARNING: Lỗi HTTP 404: Không tim thấy product id - product id: 262483955
2025-09-16 21:37:54,276 WARNING: Lỗi HTTP 404: Không tim thấy product id - product id: 262524753
2025-09-16 21:37:55,029 WARNING: Lỗi HTTP 404: Không tim thấy product id - product id: 262533668
2025-09-16 21:37:55,898 INFO: Đã commit batch 196 (1000 sản phẩm)
2025-09-16 21:37:55,927 INFO: Đã ghi 994 sản phẩm vào file crawled_files/products_batch_196_994_ids.csv
2025-09-16 21:37:55,947 INFO: Bắt đầu crawl batch 197 (1000 sản phẩm)
2025-09-16 21:37:58,172 WARNING: Lỗi HTTP 404: Không tim thấy product id - product id: 262646337
2025-09-16 21:37:58,593 WARNING: Lỗi HTTP 404: Không tim thấy product id - product id: 262673016
2025-09-16 21:37:59,020 WARNING: Lỗi HTTP 404: Không tim thấy product id - product id: 262673273
2025-09-16 21:38:00,054 WARNING: Lỗi HTTP 429 - product id: 262696579, thử lại 1/3
2025-09-16 21:38:00,818 WARNING: Lỗi HTTP 404: Không tim thấy product id - product id: 262693032
2025-09-16 21:38:01,472 WARNING: Lỗi HTTP 404: Không tim thấy product id - product id: 262706662
2025-09-16 21:38:04,623 WARNING: Lỗi HTTP 404: Không tim thấy product id - product id: 262749764
2025-09-16 21:38:05,153 WARNING: Lỗi HTTP 429 - product id: 262781075, thử lại 1/3
2025-09-16 21:38:05,212 WARNING: Lỗi HTTP 429 - product id: 262782299, thử lại 1/3
2025-09-16 21:38:05,246 WARNING: Lỗi HTTP 429 - product id: 262782973, thử lại 1/3
2025-09-16 21:38:05,247 WARNING: Lỗi HTTP 429 - product id: 262782977, thử lại 1/3
2025-09-16 21:38:05,247 WARNING: Lỗi HTTP 429 - product id: 262782969, thử lại 1/3
2025-09-16 21:38:05,293 WARNING: Lỗi HTTP 404: Không tim thấy product id - product id: 262779574
2025-09-16 21:38:05,315 WARNING: Lỗi HTTP 429 - product id: 262783535, thử lại 1/3
2025-09-16 21:38:05,520 WARNING: Lỗi HTTP 404: Không tim thấy product id - product id: 262780647
2025-09-16 21:38:05,968 WARNING: Lỗi HTTP 404: Không tim thấy product id - product id: 262787489
2025-09-16 21:38:06,198 WARNING: Lỗi HTTP 404: Không tim thấy product id - product id: 262787502
2025-09-16 21:38:07,334 WARNING: Lỗi HTTP 429 - product id: 262816757, thử lại 1/3
2025-09-16 21:38:07,374 WARNING: Lỗi HTTP 404: Không tim thấy product id - product id: 262811657
2025-09-16 21:38:07,422 WARNING: Lỗi HTTP 429 - product id: 262781075, thử lại 2/3
2025-09-16 21:38:07,876 WARNING: Lỗi HTTP 404: Không tim thấy product id - product id: 262818198
2025-09-16 21:38:07,904 WARNING: Lỗi HTTP 429 - product id: 262820960, thử lại 1/3
2025-09-16 21:38:08,158 WARNING: Lỗi HTTP 429 - product id: 262823136, thử lại 1/3
2025-09-16 21:38:08,191 WARNING: Lỗi HTTP 429 - product id: 262823916, thử lại 1/3
2025-09-16 21:38:08,227 WARNING: Lỗi HTTP 429 - product id: 262825395, thử lại 1/3
2025-09-16 21:38:08,245 WARNING: Lỗi HTTP 429 - product id: 262825611, thử lại 1/3
2025-09-16 21:38:08,255 WARNING: Lỗi HTTP 429 - product id: 262825815, thử lại 1/3
2025-09-16 21:38:08,819 WARNING: Lỗi HTTP 404: Không tim thấy product id - product id: 262830165
2025-09-16 21:38:08,824 WARNING: Lỗi HTTP 404: Không tim thấy product id - product id: 262839195
2025-09-16 21:38:08,921 WARNING: Lỗi HTTP 404: Không tim thấy product id - product id: 262839280
2025-09-16 21:38:09,046 WARNING: Lỗi HTTP 404: Không tim thấy product id - product id: 262835627
2025-09-16 21:38:09,274 WARNING: Lỗi HTTP 404: Không tim thấy product id - product id: 262845891
2025-09-16 21:38:09,319 WARNING: Lỗi HTTP 404: Không tim thấy product id - product id: 262845989
2025-09-16 21:38:09,474 WARNING: Lỗi HTTP 404: Không tim thấy product id - product id: 262838603
2025-09-16 21:38:09,477 WARNING: Lỗi HTTP 404: Không tim thấy product id - product id: 262846190
2025-09-16 21:38:09,945 WARNING: Lỗi HTTP 404: Không tim thấy product id - product id: 262846146
2025-09-16 21:38:11,918 WARNING: Lỗi HTTP 429 - product id: 262891575, thử lại 1/3
2025-09-16 21:38:11,947 WARNING: Lỗi HTTP 429 - product id: 262891798, thử lại 1/3
2025-09-16 21:38:14,046 INFO: Đã commit batch 197 (1000 sản phẩm)
2025-09-16 21:38:14,079 INFO: Đã ghi 979 sản phẩm vào file crawled_files/products_batch_197_979_ids.csv
2025-09-16 21:38:14,099 INFO: Bắt đầu crawl batch 198 (1000 sản phẩm)
2025-09-16 21:38:18,056 WARNING: Lỗi HTTP 429 - product id: 263026858, thử lại 1/3
2025-09-16 21:38:18,150 WARNING: Lỗi HTTP 429 - product id: 263026947, thử lại 1/3
2025-09-16 21:38:21,296 WARNING: Lỗi HTTP 404: Không tim thấy product id - product id: 263047165
2025-09-16 21:38:24,178 WARNING: Lỗi HTTP 404: Không tim thấy product id - product id: 263087695
2025-09-16 21:38:24,384 WARNING: Lỗi HTTP 429 - product id: 263098024, thử lại 1/3
2025-09-16 21:38:24,453 WARNING: Lỗi HTTP 429 - product id: 263098077, thử lại 1/3
2025-09-16 21:38:24,578 WARNING: Lỗi HTTP 429 - product id: 263099547, thử lại 1/3
2025-09-16 21:38:24,870 WARNING: Lỗi HTTP 429 - product id: 263100437, thử lại 1/3
2025-09-16 21:38:24,943 WARNING: Lỗi HTTP 404: Không tim thấy product id - product id: 263099604
2025-09-16 21:38:25,841 WARNING: Lỗi HTTP 404: Không tim thấy product id - product id: 263100423
2025-09-16 21:38:25,847 WARNING: Lỗi HTTP 429 - product id: 263115238, thử lại 1/3
2025-09-16 21:38:25,851 WARNING: Lỗi HTTP 429 - product id: 263117266, thử lại 1/3
2025-09-16 21:38:25,888 WARNING: Lỗi HTTP 429 - product id: 263117368, thử lại 1/3
2025-09-16 21:38:26,530 WARNING: Lỗi HTTP 404: Không tim thấy product id - product id: 263110063
2025-09-16 21:38:27,778 WARNING: Lỗi HTTP 404: Không tim thấy product id - product id: 263099547
2025-09-16 21:38:29,944 WARNING: Lỗi HTTP 404: Không tim thấy product id - product id: 263294035
2025-09-16 21:38:31,012 INFO: Đã commit batch 198 (1000 sản phẩm)
2025-09-16 21:38:31,046 INFO: Đã ghi 993 sản phẩm vào file crawled_files/products_batch_198_993_ids.csv
2025-09-16 21:38:31,066 INFO: Bắt đầu crawl batch 199 (1000 sản phẩm)
2025-09-16 21:38:36,304 WARNING: Lỗi HTTP 429 - product id: 263383584, thử lại 1/3
2025-09-16 21:38:36,345 WARNING: Lỗi HTTP 429 - product id: 263383628, thử lại 1/3
2025-09-16 21:38:36,395 WARNING: Lỗi HTTP 429 - product id: 263385826, thử lại 1/3
2025-09-16 21:38:36,908 WARNING: Lỗi HTTP 429 - product id: 263393176, thử lại 1/3
2025-09-16 21:38:37,517 WARNING: Lỗi HTTP 404: Không tim thấy product id - product id: 263401984
2025-09-16 21:38:37,659 WARNING: Lỗi HTTP 404: Không tim thấy product id - product id: 263403811
2025-09-16 21:38:38,334 WARNING: Lỗi HTTP 404: Không tim thấy product id - product id: 263403786
2025-09-16 21:38:43,659 WARNING: Lỗi HTTP 404: Không tim thấy product id - product id: 263573581
2025-09-16 21:38:43,909 WARNING: Lỗi HTTP 404: Không tim thấy product id - product id: 263573693
2025-09-16 21:38:44,082 WARNING: Lỗi HTTP 404: Không tim thấy product id - product id: 263573578
2025-09-16 21:38:44,106 WARNING: Lỗi HTTP 404: Không tim thấy product id - product id: 263573593
2025-09-16 21:38:44,156 WARNING: Lỗi HTTP 404: Không tim thấy product id - product id: 263573701
2025-09-16 21:38:44,210 WARNING: Lỗi HTTP 404: Không tim thấy product id - product id: 263573515
2025-09-16 21:38:44,262 WARNING: Lỗi HTTP 404: Không tim thấy product id - product id: 263573516
2025-09-16 21:38:44,312 WARNING: Lỗi HTTP 404: Không tim thấy product id - product id: 263573576
2025-09-16 21:38:44,379 WARNING: Lỗi HTTP 404: Không tim thấy product id - product id: 263573803
2025-09-16 21:38:44,420 WARNING: Lỗi HTTP 404: Không tim thấy product id - product id: 263573936
2025-09-16 21:38:46,110 WARNING: Lỗi HTTP 404: Không tim thấy product id - product id: 263625495
2025-09-16 21:38:46,959 WARNING: Lỗi HTTP 429 - product id: 263653018, thử lại 1/3
2025-09-16 21:38:46,998 WARNING: Lỗi HTTP 429 - product id: 263653594, thử lại 1/3
2025-09-16 21:38:47,423 WARNING: Lỗi HTTP 404: Không tim thấy product id - product id: 263655215
2025-09-16 21:38:49,121 INFO: Đã commit batch 199 (1000 sản phẩm)
2025-09-16 21:38:49,152 INFO: Đã ghi 985 sản phẩm vào file crawled_files/products_batch_199_985_ids.csv
2025-09-16 21:38:49,162 INFO: Đã crawl hết sản phẩm
2025-09-16 21:38:49,162 INFO: Hoàn thành crawl toàn bộ sản phẩm
2025-09-16 21:39:08,785 INFO: Đã insert thành công 200000 product_id vào bảng products trong crawl.db
2025-09-16 21:39:08,799 INFO: Đã crawl hết sản phẩm
2025-09-16 21:39:08,800 INFO: Hoàn thành crawl toàn bộ sản phẩm
2025-09-16 21:39:08,859 INFO: Đã tổng hợp kết quả crawl vào file crawl_summary.txt
